stage,label,wall_seconds,cpu_seconds,cpu_user_seconds,cpu_system_seconds,cpu_utilisation,peak_rss_bytes,repeats,cpu_seconds_each,meta.catalogue,meta.repeat,meta.meter,dataset,family,reranker,repeat
train,popularity,0.3035771000013483,0.3125,0.3125,0.0,1.0293925332266896,339300352,3887,8.039619243632621e-05,gift_cards,0,,gift_cards,popularity,none,0
retrieve_score,popularity,0.3176206999996793,0.3125,0.3125,0.0,0.9838779399463432,339300352,32,0.009765625,gift_cards,0,,gift_cards,popularity,none,0
retrieve_select,popularity,0.3091399000004458,0.3125,0.265625,0.046875,1.010869188996792,339300352,100,0.003125,gift_cards,0,,gift_cards,popularity,none,0
train,popularity,0.307162099999914,0.3125,0.28125,0.03125,1.0173781205431511,339300352,3955,7.901390644753477e-05,gift_cards,0,,gift_cards,popularity,quota_mmr,0
rerank_setup,popularity,0.3128596999995352,0.3125,0.3125,0.0,0.998850283371314,339300352,653,0.0004785604900459,gift_cards,0,,gift_cards,popularity,quota_mmr,0
retrieve_score,popularity,0.314955199999531,0.3125,0.3125,0.0,0.992204605608878,339300352,31,0.0100806451612903,gift_cards,0,,gift_cards,popularity,quota_mmr,0
retrieve_select,popularity,0.3107362999999168,0.3125,0.25,0.0625,1.0056758737234228,339300352,108,0.0028935185185185,gift_cards,0,,gift_cards,popularity,quota_mmr,0
rerank,popularity,0.3618893999991996,0.359375,0.359375,0.0,0.9930520208682396,339300352,1,0.359375,gift_cards,0,,gift_cards,popularity,quota_mmr,0
train,itemknn,0.3001512999999249,0.3125,0.3125,0.0,1.0411415842612646,339300352,157,0.0019904458598726,gift_cards,0,,gift_cards,itemknn,none,0
retrieve_score,itemknn,0.3162886000009166,0.3125,0.3125,0.0,0.988021699166819,339300352,31,0.0100806451612903,gift_cards,0,,gift_cards,itemknn,none,0
retrieve_select,itemknn,0.3099412999999913,0.3125,0.3125,0.0,1.0082554341741767,339300352,129,0.002422480620155,gift_cards,0,,gift_cards,itemknn,none,0
train,itemknn,0.3062456999996357,0.3125,0.3125,0.0,1.020422490831289,339300352,161,0.0019409937888198,gift_cards,0,,gift_cards,itemknn,quota_mmr,0
rerank_setup,itemknn,0.3118814999997994,0.3125,0.3125,0.0,1.0019831250016464,339300352,653,0.0004785604900459,gift_cards,0,,gift_cards,itemknn,quota_mmr,0
retrieve_score,itemknn,0.3123388000003615,0.3125,0.3125,0.0,1.0005161062270786,339300352,31,0.0100806451612903,gift_cards,0,,gift_cards,itemknn,quota_mmr,0
retrieve_select,itemknn,0.3130180000007385,0.3125,0.3125,0.0,0.9983451430884572,339300352,129,0.002422480620155,gift_cards,0,,gift_cards,itemknn,quota_mmr,0
rerank,itemknn,0.3732798000000912,0.359375,0.34375,0.015625,0.9627496585668772,339300352,1,0.359375,gift_cards,0,,gift_cards,itemknn,quota_mmr,0
train,als,0.6062885999999708,0.609375,0.609375,0.0,1.0050906449503247,339300352,1,0.609375,gift_cards,0,,gift_cards,als,none,0
retrieve_score,als,0.309046299998954,0.3125,0.3125,0.0,1.0111753481632286,339300352,30,0.0104166666666666,gift_cards,0,,gift_cards,als,none,0
retrieve_select,als,0.307953900000939,0.3125,0.3125,0.0,1.014762274480197,339300352,127,0.0024606299212598,gift_cards,0,,gift_cards,als,none,0
train,als,0.6079977000008512,0.609375,0.609375,0.0,1.0022653046206371,339300352,1,0.609375,gift_cards,0,,gift_cards,als,quota_mmr,0
rerank_setup,als,0.303304000000935,0.3125,0.3125,0.0,1.0303194155007405,339300352,631,0.0004952456418383,gift_cards,0,,gift_cards,als,quota_mmr,0
retrieve_score,als,0.3215160999989166,0.3125,0.3125,0.0,0.9719575473858167,339300352,32,0.009765625,gift_cards,0,,gift_cards,als,quota_mmr,0
retrieve_select,als,0.3053247999996529,0.3125,0.3125,0.0,1.0235002200946508,339300352,125,0.0025,gift_cards,0,,gift_cards,als,quota_mmr,0
rerank,als,0.4273355999994237,0.421875,0.421875,0.0,0.9872217526472612,339300352,1,0.421875,gift_cards,0,,gift_cards,als,quota_mmr,0
train,popularity,0.3030318000000989,0.3125,0.3125,0.0,1.0312449056498296,339300352,3031,0.000103101286704,software,0,,software,popularity,none,0
retrieve_score,popularity,0.3158599999987928,0.3125,0.3125,0.0,0.989362375739867,339300352,30,0.0104166666666666,software,0,,software,popularity,none,0
retrieve_select,popularity,0.3118506999999226,0.3125,0.234375,0.078125,1.002082086075412,339300352,47,0.0066489361702127,software,0,,software,popularity,none,0
train,popularity,0.3093900999992911,0.3125,0.3125,0.0,1.0100517114177732,339300352,3245,9.63020030816641e-05,software,0,,software,popularity,quota_mmr,0
rerank_setup,popularity,0.3141125999991345,0.3125,0.21875,0.09375,0.9948661721970434,339300352,35,0.0089285714285714,software,0,,software,popularity,quota_mmr,0
retrieve_score,popularity,0.3109905999990587,0.3125,0.296875,0.015625,1.004853522906949,339300352,29,0.0107758620689655,software,0,,software,popularity,quota_mmr,0
retrieve_select,popularity,0.3150243000000046,0.3125,0.234375,0.078125,0.9919869673545674,339300352,47,0.0066489361702127,software,0,,software,popularity,quota_mmr,0
rerank,popularity,0.4764484000006632,0.46875,0.453125,0.015625,0.9838421117572176,339300352,1,0.46875,software,0,,software,popularity,quota_mmr,0
train,itemknn,0.3259797999999136,0.328125,0.25,0.078125,1.0065807758642926,339300352,15,0.021875,software,0,,software,itemknn,none,0
retrieve_score,itemknn,0.320640199999616,0.3125,0.296875,0.015625,0.9746126655371792,339300352,28,0.0111607142857142,software,0,,software,itemknn,none,0
retrieve_select,itemknn,0.3070330999998987,0.3125,0.28125,0.03125,1.0178055721031485,339300352,44,0.0071022727272727,software,0,,software,itemknn,none,0
train,itemknn,0.3284146000005421,0.328125,0.28125,0.046875,0.9991181878012072,339300352,15,0.021875,software,0,,software,itemknn,quota_mmr,0
rerank_setup,itemknn,0.3133520000010321,0.3125,0.21875,0.09375,0.9972810130427464,339300352,35,0.0089285714285714,software,0,,software,itemknn,quota_mmr,0
retrieve_score,itemknn,0.3094158000003517,0.3125,0.296875,0.015625,1.00996781676839,339300352,27,0.011574074074074,software,0,,software,itemknn,quota_mmr,0
retrieve_select,itemknn,0.3139658000000054,0.3125,0.28125,0.03125,0.9953313386362292,339300352,46,0.0067934782608695,software,0,,software,itemknn,quota_mmr,0
rerank,itemknn,0.6472034999987955,0.640625,0.625,0.015625,0.9898354999643734,339300352,1,0.640625,software,0,,software,itemknn,quota_mmr,0
train,als,2.591357100000096,2.59375,2.59375,0.0,1.0009234157653937,339300352,1,2.59375,software,0,,software,als,none,0
retrieve_score,als,0.3146507000001293,0.3125,0.265625,0.046875,0.9931648014762772,339300352,27,0.011574074074074,software,0,,software,als,none,0
retrieve_select,als,0.305998300000283,0.3125,0.25,0.0625,1.0212475036616573,339300352,44,0.0071022727272727,software,0,,software,als,none,0
train,als,2.5489259000005404,2.546875,2.546875,0.0,0.999195386574188,339300352,1,2.546875,software,0,,software,als,quota_mmr,0
rerank_setup,als,0.3046248999999079,0.3125,0.234375,0.078125,1.0258517934682767,339300352,34,0.0091911764705882,software,0,,software,als,quota_mmr,0
retrieve_score,als,0.3132003999999142,0.3125,0.3125,0.0,0.9977637321027866,339300352,28,0.0111607142857142,software,0,,software,als,quota_mmr,0
retrieve_select,als,0.318513799998982,0.3125,0.265625,0.046875,0.9811191854199056,339300352,46,0.0067934782608695,software,0,,software,als,quota_mmr,0
rerank,als,0.6604589999988093,0.65625,0.65625,0.0,0.9936271592955552,339300352,1,0.65625,software,0,,software,als,quota_mmr,0
train,popularity,0.3052360999990924,0.3125,0.3125,0.0,1.0237976438597178,339300352,2002,0.0001560939060939,ml100k,0,,ml100k,popularity,none,0
retrieve_score,popularity,0.3145653000010497,0.3125,0.3125,0.0,0.993434431575756,339300352,28,0.0111607142857142,ml100k,0,,ml100k,popularity,none,0
retrieve_select,popularity,0.3177178000005369,0.3125,0.234375,0.078125,0.9835772499981804,339300352,31,0.0100806451612903,ml100k,0,,ml100k,popularity,none,0
train,popularity,0.2978696000009222,0.3125,0.296875,0.015625,1.0491167947284064,339300352,1964,0.0001591140529531,ml100k,0,,ml100k,popularity,quota_mmr,0
rerank_setup,popularity,0.3560684000003675,0.34375,0.25,0.09375,0.9654043998278004,339300352,4,0.0859375,ml100k,0,,ml100k,popularity,quota_mmr,0
retrieve_score,popularity,0.3003227999997762,0.3125,0.28125,0.03125,1.0405470380544963,339300352,27,0.011574074074074,ml100k,0,,ml100k,popularity,quota_mmr,0
retrieve_select,popularity,0.3146209999995335,0.3125,0.21875,0.09375,0.9932585555333666,339300352,30,0.0104166666666666,ml100k,0,,ml100k,popularity,quota_mmr,0
rerank,popularity,0.4874763000007078,0.484375,0.46875,0.015625,0.9936380496842548,339300352,1,0.484375,ml100k,0,,ml100k,popularity,quota_mmr,0
train,itemknn,0.3956641999993735,0.390625,0.328125,0.0625,0.9872639475611352,339300352,2,0.1953125,ml100k,0,,ml100k,itemknn,none,0
retrieve_score,itemknn,0.3173525999991398,0.328125,0.328125,0.0,1.0339445777374738,339300352,12,0.02734375,ml100k,0,,ml100k,itemknn,none,0
retrieve_select,itemknn,0.3141283000004478,0.3125,0.203125,0.109375,0.9948164492010256,339300352,31,0.0100806451612903,ml100k,0,,ml100k,itemknn,none,0
train,itemknn,0.3844320000007428,0.375,0.34375,0.03125,0.9754651017586344,339300352,2,0.1875,ml100k,0,,ml100k,itemknn,quota_mmr,0
rerank_setup,itemknn,0.3605781000005663,0.359375,0.3125,0.046875,0.9966634135557194,339300352,4,0.08984375,ml100k,0,,ml100k,itemknn,quota_mmr,0
retrieve_score,itemknn,0.3112380999991728,0.3125,0.296875,0.015625,1.0040544522050177,339300352,12,0.0260416666666666,ml100k,0,,ml100k,itemknn,quota_mmr,0
retrieve_select,itemknn,0.3076057999987824,0.3125,0.203125,0.109375,1.015910623275754,339300352,30,0.0104166666666666,ml100k,0,,ml100k,itemknn,quota_mmr,0
rerank,itemknn,0.5247617000004539,0.515625,0.515625,0.0,0.9825888589040588,339300352,1,0.515625,ml100k,0,,ml100k,itemknn,quota_mmr,0
train,als,3.380904300000111,3.375,3.375,0.0,0.9982536329111384,339300352,1,3.375,ml100k,0,,ml100k,als,none,0
retrieve_score,als,0.3128164999998262,0.3125,0.296875,0.015625,0.9989882247265526,339300352,25,0.0125,ml100k,0,,ml100k,als,none,0
retrieve_select,als,0.3103608999990683,0.3125,0.21875,0.09375,1.0068922986140911,339300352,30,0.0104166666666666,ml100k,0,,ml100k,als,none,0
train,als,3.370417799998904,3.359375,3.359375,0.0,0.996723610942564,339300352,1,3.359375,ml100k,0,,ml100k,als,quota_mmr,0
rerank_setup,als,0.3606498999997711,0.359375,0.296875,0.0625,0.99646499278172,339300352,4,0.08984375,ml100k,0,,ml100k,als,quota_mmr,0
retrieve_score,als,0.3044962000003579,0.3125,0.28125,0.03125,1.0262853854978573,339300352,24,0.0130208333333333,ml100k,0,,ml100k,als,quota_mmr,0
retrieve_select,als,0.3145478999995248,0.3125,0.265625,0.046875,0.9934893858788189,339300352,31,0.0100806451612903,ml100k,0,,ml100k,als,quota_mmr,0
rerank,als,0.6167957999987266,0.609375,0.59375,0.015625,0.9879687896727866,339300352,1,0.609375,ml100k,0,,ml100k,als,quota_mmr,0
train,multvae,2.6888842999997,2.484375,2.078125,0.40625,0.9239426925138718,374468608,1,2.484375,ml100k,0,,ml100k,multvae,none,0
retrieve_score,multvae,0.3199167000002489,0.3125,0.296875,0.015625,0.9768167776166634,381620224,18,0.0173611111111111,ml100k,0,,ml100k,multvae,none,0
retrieve_select,multvae,0.3110753000000841,0.3125,0.25,0.0625,1.0045799200383814,386891776,32,0.009765625,ml100k,0,,ml100k,multvae,none,0
train,multvae,1.173247300001094,1.1875,1.1875,0.0,1.0121480782430887,386891776,1,1.1875,ml100k,0,,ml100k,multvae,quota_mmr,0
rerank_setup,multvae,0.3621462999999494,0.359375,0.28125,0.078125,0.9923475678201054,437002240,4,0.08984375,ml100k,0,,ml100k,multvae,quota_mmr,0
retrieve_score,multvae,0.3265847000002395,0.328125,0.265625,0.0625,1.0047163875091496,437002240,18,0.0182291666666666,ml100k,0,,ml100k,multvae,quota_mmr,0
retrieve_select,multvae,0.3162140000004001,0.3125,0.265625,0.046875,0.9882547894767612,437002240,32,0.009765625,ml100k,0,,ml100k,multvae,quota_mmr,0
rerank,multvae,0.5510546999994403,0.546875,0.546875,0.0,0.9924150905537245,459087872,1,0.546875,ml100k,0,,ml100k,multvae,quota_mmr,0
train,gru4rec,80.32078410000031,80.125,80.078125,0.046875,0.9975624727498108,459087872,1,80.125,ml100k,0,,ml100k,gru4rec,none,0
retrieve_score,gru4rec,0.3000569000014366,0.3125,0.3125,0.0,1.041469134682468,459087872,9,0.0347222222222222,ml100k,0,,ml100k,gru4rec,none,0
retrieve_select,gru4rec,0.3173846999998204,0.3125,0.265625,0.046875,0.9846095290673332,459087872,33,0.0094696969696969,ml100k,0,,ml100k,gru4rec,none,0
train,gru4rec,81.06538489999912,80.890625,80.875,0.015625,0.9978442105688552,459087872,1,80.890625,ml100k,0,,ml100k,gru4rec,quota_mmr,0
rerank_setup,gru4rec,0.3579462000016065,0.34375,0.296875,0.046875,0.9603398499507948,459087872,4,0.0859375,ml100k,0,,ml100k,gru4rec,quota_mmr,0
retrieve_score,gru4rec,0.3024607999996078,0.3125,0.28125,0.03125,1.0331917392283734,459087872,9,0.0347222222222222,ml100k,0,,ml100k,gru4rec,quota_mmr,0
retrieve_select,gru4rec,0.3090584000001399,0.3125,0.234375,0.078125,1.011135759454713,459087872,32,0.009765625,ml100k,0,,ml100k,gru4rec,quota_mmr,0
rerank,gru4rec,0.608570200000031,0.59375,0.59375,0.0,0.9756475095230916,459087872,1,0.59375,ml100k,0,,ml100k,gru4rec,quota_mmr,0
train,popularity,0.3047626999996282,0.3125,0.3125,0.0,1.0253879493795703,459087872,2471,0.0001264670174018,luxury_beauty,0,,luxury_beauty,popularity,none,0
retrieve_score,popularity,0.3148270000001503,0.3125,0.3125,0.0,0.9926086390298507,459087872,28,0.0111607142857142,luxury_beauty,0,,luxury_beauty,popularity,none,0
retrieve_select,popularity,0.3148357999998552,0.3125,0.265625,0.046875,0.9925808945492974,459087872,36,0.0086805555555555,luxury_beauty,0,,luxury_beauty,popularity,none,0
train,popularity,0.3042794000011781,0.3125,0.3125,0.0,1.0270166169605632,459087872,2490,0.0001255020080321,luxury_beauty,0,,luxury_beauty,popularity,quota_mmr,0
rerank_setup,popularity,0.341528400000243,0.328125,0.25,0.078125,0.9607546546634674,459087872,10,0.0328125,luxury_beauty,0,,luxury_beauty,popularity,quota_mmr,0
retrieve_score,popularity,0.2995050999998057,0.3125,0.265625,0.046875,1.043387908921093,459087872,28,0.0111607142857142,luxury_beauty,0,,luxury_beauty,popularity,quota_mmr,0
retrieve_select,popularity,0.3180319000002782,0.3125,0.234375,0.078125,0.9826058329360248,459087872,35,0.0089285714285714,luxury_beauty,0,,luxury_beauty,popularity,quota_mmr,0
rerank,popularity,0.8543262000002869,0.84375,0.828125,0.015625,0.9876204194600572,459087872,1,0.84375,luxury_beauty,0,,luxury_beauty,popularity,quota_mmr,0
train,itemknn,0.357719999999972,0.359375,0.234375,0.125,1.0046265235380412,459087872,5,0.071875,luxury_beauty,0,,luxury_beauty,itemknn,none,0
retrieve_score,itemknn,0.3108926999993855,0.3125,0.265625,0.046875,1.0051699509207443,459087872,25,0.0125,luxury_beauty,0,,luxury_beauty,itemknn,none,0
retrieve_select,itemknn,0.31452150000041,0.3125,0.15625,0.15625,0.993572776422574,459087872,30,0.0104166666666666,luxury_beauty,0,,luxury_beauty,itemknn,none,0
train,itemknn,0.3588197999997646,0.359375,0.234375,0.125,1.001547294770901,459087872,5,0.071875,luxury_beauty,0,,luxury_beauty,itemknn,quota_mmr,0
rerank_setup,itemknn,0.3211845999994693,0.3125,0.15625,0.15625,0.9729607210324416,459087872,10,0.03125,luxury_beauty,0,,luxury_beauty,itemknn,quota_mmr,0
retrieve_score,itemknn,0.3044583999999304,0.3125,0.28125,0.03125,1.02641280385127,459087872,24,0.0130208333333333,luxury_beauty,0,,luxury_beauty,itemknn,quota_mmr,0
retrieve_select,itemknn,0.3166109999983746,0.3125,0.28125,0.03125,0.9870156122232148,459087872,29,0.0107758620689655,luxury_beauty,0,,luxury_beauty,itemknn,quota_mmr,0
rerank,itemknn,0.6344854999988456,0.625,0.625,0.0,0.9850500917690588,459087872,1,0.625,luxury_beauty,0,,luxury_beauty,itemknn,quota_mmr,0
train,als,5.086355399998865,5.09375,5.078125,0.015625,1.0014538111122036,459087872,1,5.09375,luxury_beauty,0,,luxury_beauty,als,none,0
retrieve_score,als,0.3231658000004245,0.3125,0.296875,0.015625,0.9669958887963688,459087872,27,0.011574074074074,luxury_beauty,0,,luxury_beauty,als,none,0
retrieve_select,als,0.3056065000000671,0.3125,0.25,0.0625,1.022556784623139,459087872,32,0.009765625,luxury_beauty,0,,luxury_beauty,als,none,0
train,als,5.109439400001065,5.109375,5.109375,0.0,0.999987395877312,459087872,1,5.109375,luxury_beauty,0,,luxury_beauty,als,quota_mmr,0
rerank_setup,als,0.3390371999994386,0.328125,0.234375,0.09375,0.9678141513690632,459087872,10,0.0328125,luxury_beauty,0,,luxury_beauty,als,quota_mmr,0
retrieve_score,als,0.3022345000008499,0.3125,0.28125,0.03125,1.0339653480960025,459087872,25,0.0125,luxury_beauty,0,,luxury_beauty,als,quota_mmr,0
retrieve_select,als,0.3175180999987788,0.3125,0.28125,0.03125,0.984195861594038,459087872,33,0.0094696969696969,luxury_beauty,0,,luxury_beauty,als,quota_mmr,0
rerank,als,0.6554493000003276,0.65625,0.65625,0.0,1.0012216047826612,459087872,1,0.65625,luxury_beauty,0,,luxury_beauty,als,quota_mmr,0
train,popularity,0.2999340999995183,0.3125,0.3125,0.0,1.0418955363878326,459087872,860,0.0003633720930232,digital_music,0,,digital_music,popularity,none,0
retrieve_score,popularity,0.3177489000008791,0.3125,0.25,0.0625,0.983480981363383,459087872,21,0.0148809523809523,digital_music,0,,digital_music,popularity,none,0
retrieve_select,popularity,0.3159090999997715,0.3125,0.21875,0.09375,0.9892086046278058,459087872,6,0.0520833333333333,digital_music,0,,digital_music,popularity,none,0
train,popularity,0.3074538999990182,0.3125,0.3125,0.0,1.016412541850983,459087872,983,0.0003179043743641,digital_music,0,,digital_music,popularity,quota_mmr,0
rerank_setup,popularity,0.4161862000000838,0.40625,0.3125,0.09375,0.9761255899400756,492044288,3,0.1354166666666666,digital_music,0,,digital_music,popularity,quota_mmr,0
retrieve_score,popularity,0.3110677000004216,0.3125,0.265625,0.046875,1.0046044639143712,492044288,21,0.0148809523809523,digital_music,0,,digital_music,popularity,quota_mmr,0
retrieve_select,popularity,0.3658637000007729,0.359375,0.234375,0.125,0.982264706772606,492044288,6,0.0598958333333333,digital_music,0,,digital_music,popularity,quota_mmr,0
rerank,popularity,1.1479869000013423,1.125,1.046875,0.078125,0.9799763394501144,492044288,1,1.125,digital_music,0,,digital_music,popularity,quota_mmr,0
train,itemknn,0.3778290000009292,0.375,0.328125,0.046875,0.9925124858046304,492044288,1,0.375,digital_music,0,,digital_music,itemknn,none,0
retrieve_score,itemknn,0.3082531000000017,0.3125,0.203125,0.109375,1.0137773148104536,492044288,12,0.0260416666666666,digital_music,0,,digital_music,itemknn,none,0
retrieve_select,itemknn,0.3386116999990918,0.3125,0.15625,0.15625,0.9228860077807064,492044288,6,0.0520833333333333,digital_music,0,,digital_music,itemknn,none,0
train,itemknn,0.3625155000008817,0.359375,0.3125,0.046875,0.9913369221429869,492044288,1,0.359375,digital_music,0,,digital_music,itemknn,quota_mmr,0
rerank_setup,itemknn,0.4173758000015368,0.421875,0.40625,0.015625,1.010779733751805,511545344,3,0.140625,digital_music,0,,digital_music,itemknn,quota_mmr,0
retrieve_score,itemknn,0.3252802999995765,0.328125,0.1875,0.140625,1.0087453805238964,511545344,13,0.0252403846153846,digital_music,0,,digital_music,itemknn,quota_mmr,0
retrieve_select,itemknn,0.3245255000001634,0.3125,0.171875,0.140625,0.9629443603040212,511545344,6,0.0520833333333333,digital_music,0,,digital_music,itemknn,quota_mmr,0
rerank,itemknn,0.7007926000005682,0.703125,0.703125,0.0,1.0033282314902154,511545344,1,0.703125,digital_music,0,,digital_music,itemknn,quota_mmr,0
train,als,29.51747400000022,29.328125,29.328125,0.0,0.993585189572786,511545344,1,29.328125,digital_music,0,,digital_music,als,none,0
retrieve_score,als,0.314756199999465,0.3125,0.25,0.0625,0.9928319124469388,511545344,12,0.0260416666666666,digital_music,0,,digital_music,als,none,0
retrieve_select,als,0.3137829999996029,0.3125,0.234375,0.078125,0.9959111870317878,511545344,6,0.0520833333333333,digital_music,0,,digital_music,als,none,0
train,als,29.27755530000104,29.140625,29.140625,0.0,0.9953230282174196,511545344,1,29.140625,digital_music,0,,digital_music,als,quota_mmr,0
rerank_setup,als,0.4173989999999321,0.421875,0.3125,0.109375,1.0107235522846691,517054464,3,0.140625,digital_music,0,,digital_music,als,quota_mmr,0
retrieve_score,als,0.3142665000013949,0.3125,0.21875,0.09375,0.9943789745283476,517054464,12,0.0260416666666666,digital_music,0,,digital_music,als,quota_mmr,0
retrieve_select,als,0.3296577999990404,0.328125,0.203125,0.125,0.9953503299511042,517054464,6,0.0546875,digital_music,0,,digital_music,als,quota_mmr,0
rerank,als,0.5333096999984264,0.53125,0.5,0.03125,0.99613789136325,517054464,1,0.53125,digital_music,0,,digital_music,als,quota_mmr,0
train,popularity,0.3093165000009321,0.3125,0.296875,0.015625,1.010292047139607,517054464,3215,9.720062208398134e-05,gift_cards,1,,gift_cards,popularity,none,1
retrieve_score,popularity,0.3119134000007761,0.3125,0.3125,0.0,1.001880650203622,517054464,29,0.0107758620689655,gift_cards,1,,gift_cards,popularity,none,1
retrieve_select,popularity,0.3147862000005261,0.3125,0.3125,0.0,0.9927372928021548,517054464,138,0.0022644927536231,gift_cards,1,,gift_cards,popularity,none,1
train,popularity,0.3069682000004832,0.3125,0.296875,0.015625,1.0180207591519517,517054464,3870,8.074935400516796e-05,gift_cards,1,,gift_cards,popularity,quota_mmr,1
rerank_setup,popularity,0.3125417999999627,0.3125,0.3125,0.0,0.999866257889464,517054464,628,0.0004976114649681,gift_cards,1,,gift_cards,popularity,quota_mmr,1
retrieve_score,popularity,0.3125947999997152,0.3125,0.3125,0.0,0.9996967320002916,517054464,31,0.0100806451612903,gift_cards,1,,gift_cards,popularity,quota_mmr,1
retrieve_select,popularity,0.3120785999999498,0.3125,0.3125,0.0,1.0013503008538562,517054464,145,0.0021551724137931,gift_cards,1,,gift_cards,popularity,quota_mmr,1
rerank,popularity,0.6223367000002327,0.609375,0.609375,0.0,0.9791725283110768,517054464,2,0.3046875,gift_cards,1,,gift_cards,popularity,quota_mmr,1
train,itemknn,0.2983525999989069,0.3125,0.3125,0.0,1.0474183901904823,517054464,164,0.001905487804878,gift_cards,1,,gift_cards,itemknn,none,1
retrieve_score,itemknn,0.3354170999991765,0.3125,0.3125,0.0,0.9316758149801164,517054464,32,0.009765625,gift_cards,1,,gift_cards,itemknn,none,1
retrieve_select,itemknn,0.3069317000008595,0.3125,0.3125,0.0,1.0181418211254325,517054464,131,0.0023854961832061,gift_cards,1,,gift_cards,itemknn,none,1
train,itemknn,0.3042619999996532,0.3125,0.3125,0.0,1.0270753495354537,517054464,164,0.001905487804878,gift_cards,1,,gift_cards,itemknn,quota_mmr,1
rerank_setup,itemknn,0.3105770999991364,0.3125,0.3125,0.0,1.006191377280775,517054464,638,0.0004898119122257,gift_cards,1,,gift_cards,itemknn,quota_mmr,1
retrieve_score,itemknn,0.3208535999983724,0.3125,0.3125,0.0,0.973964449835019,517054464,31,0.0100806451612903,gift_cards,1,,gift_cards,itemknn,quota_mmr,1
retrieve_select,itemknn,0.3062518000006093,0.3125,0.3125,0.0,1.0204021657974849,517054464,132,0.0023674242424242,gift_cards,1,,gift_cards,itemknn,quota_mmr,1
rerank,itemknn,0.3360133000005589,0.328125,0.328125,0.0,0.9765238459294742,517054464,1,0.328125,gift_cards,1,,gift_cards,itemknn,quota_mmr,1
train,als,0.6188810999992711,0.609375,0.609375,0.0,0.9846398605494944,517054464,1,0.609375,gift_cards,1,,gift_cards,als,none,1
retrieve_score,als,0.3017037999998138,0.3125,0.3125,0.0,1.035784103482266,517054464,30,0.0104166666666666,gift_cards,1,,gift_cards,als,none,1
retrieve_select,als,0.3086810999993759,0.3125,0.3125,0.0,1.0123716677199603,517054464,129,0.002422480620155,gift_cards,1,,gift_cards,als,none,1
train,als,0.628206000001228,0.625,0.625,0.0,0.994896578508926,517054464,1,0.625,gift_cards,1,,gift_cards,als,quota_mmr,1
rerank_setup,als,0.3035007000016776,0.3125,0.296875,0.015625,1.029651661423755,517054464,622,0.0005024115755627,gift_cards,1,,gift_cards,als,quota_mmr,1
retrieve_score,als,0.3134583000010025,0.3125,0.3125,0.0,0.9969428150379192,517054464,31,0.0100806451612903,gift_cards,1,,gift_cards,als,quota_mmr,1
retrieve_select,als,0.3116608000000269,0.3125,0.3125,0.0,1.0026926710063409,517054464,131,0.0023854961832061,gift_cards,1,,gift_cards,als,quota_mmr,1
rerank,als,0.4063097999987803,0.40625,0.40625,0.0,0.9998528216676522,517054464,1,0.40625,gift_cards,1,,gift_cards,als,quota_mmr,1
train,popularity,0.3129435999999259,0.3125,0.3125,0.0,0.998582492180936,517054464,3272,9.55073349633252e-05,software,1,,software,popularity,none,1
retrieve_score,popularity,0.3139742000003025,0.3125,0.3125,0.0,0.9953047097490778,517054464,30,0.0104166666666666,software,1,,software,popularity,none,1
retrieve_select,popularity,0.3133422000009886,0.3125,0.25,0.0625,0.9973122037153438,517054464,51,0.0061274509803921,software,1,,software,popularity,none,1
train,popularity,0.2972671999996237,0.3125,0.3125,0.0,1.0512427876348134,517054464,3133,9.97446536865624e-05,software,1,,software,popularity,quota_mmr,1
rerank_setup,popularity,0.3170485999999073,0.3125,0.171875,0.140625,0.9856533036262938,517054464,35,0.0089285714285714,software,1,,software,popularity,quota_mmr,1
retrieve_score,popularity,0.3143827000003512,0.3125,0.3125,0.0,0.994011438923487,517054464,29,0.0107758620689655,software,1,,software,popularity,quota_mmr,1
retrieve_select,popularity,0.3107490000002144,0.3125,0.1875,0.125,1.0056347727580277,517054464,52,0.0060096153846153,software,1,,software,popularity,quota_mmr,1
rerank,popularity,0.4787522999995417,0.46875,0.453125,0.015625,0.9791075677348154,517054464,1,0.46875,software,1,,software,popularity,quota_mmr,1
train,itemknn,0.3035350999998627,0.3125,0.25,0.0625,1.0295349697617882,517054464,14,0.0223214285714285,software,1,,software,itemknn,none,1
retrieve_score,itemknn,0.3211391999993793,0.3125,0.28125,0.03125,0.9730982701601174,517054464,27,0.011574074074074,software,1,,software,itemknn,none,1
retrieve_select,itemknn,0.3204652000003989,0.3125,0.265625,0.046875,0.9751448831249416,517054464,45,0.0069444444444444,software,1,,software,itemknn,none,1
train,itemknn,0.3242449999997916,0.3125,0.21875,0.09375,0.963777390554059,517054464,15,0.0208333333333333,software,1,,software,itemknn,quota_mmr,1
rerank_setup,itemknn,0.3064938999996229,0.3125,0.203125,0.109375,1.019596148570606,517054464,34,0.0091911764705882,software,1,,software,itemknn,quota_mmr,1
retrieve_score,itemknn,0.3102300999998988,0.3125,0.296875,0.015625,1.00731682709093,517054464,27,0.011574074074074,software,1,,software,itemknn,quota_mmr,1
retrieve_select,itemknn,0.3078918000010162,0.3125,0.265625,0.046875,1.0149669461770938,517054464,44,0.0071022727272727,software,1,,software,itemknn,quota_mmr,1
rerank,itemknn,0.6865586000003532,0.671875,0.640625,0.03125,0.9786127506081118,517054464,1,0.671875,software,1,,software,itemknn,quota_mmr,1
train,als,2.611350799999854,2.609375,2.609375,0.0,0.9992433800928412,517054464,1,2.609375,software,1,,software,als,none,1
retrieve_score,als,0.305680299999949,0.3125,0.296875,0.015625,1.022309910059798,517054464,27,0.011574074074074,software,1,,software,als,none,1
retrieve_select,als,0.3130266000007395,0.3125,0.265625,0.046875,0.9983177148499892,517054464,47,0.0066489361702127,software,1,,software,als,none,1
train,als,2.607116300001508,2.609375,2.609375,0.0,1.000866359509352,517054464,1,2.609375,software,1,,software,als,quota_mmr,1
rerank_setup,als,0.3186624000009033,0.3125,0.234375,0.078125,0.980661665760109,517054464,35,0.0089285714285714,software,1,,software,als,quota_mmr,1
retrieve_score,als,0.3079488000003039,0.3125,0.3125,0.0,1.0147790801577783,517054464,26,0.0120192307692307,software,1,,software,als,quota_mmr,1
retrieve_select,als,0.3159735999997792,0.3125,0.28125,0.03125,0.989006676507842,517054464,44,0.0071022727272727,software,1,,software,als,quota_mmr,1
rerank,als,0.6924430999988544,0.6875,0.6875,0.0,0.9928613629064068,517054464,1,0.6875,software,1,,software,als,quota_mmr,1
train,popularity,0.3008496000002196,0.3125,0.3125,0.0,1.0387249974730624,517054464,1978,0.0001579878665318,ml100k,1,,ml100k,popularity,none,1
retrieve_score,popularity,0.3191538000010041,0.3125,0.3125,0.0,0.9791517443910016,517054464,28,0.0111607142857142,ml100k,1,,ml100k,popularity,none,1
retrieve_select,popularity,0.3134907000003295,0.3125,0.3125,0.0,0.9968397786590528,517054464,32,0.009765625,ml100k,1,,ml100k,popularity,none,1
train,popularity,0.3019500999998854,0.3125,0.3125,0.0,1.0349392167782645,517054464,1998,0.0001564064064064,ml100k,1,,ml100k,popularity,quota_mmr,1
rerank_setup,popularity,0.3541721000001416,0.34375,0.28125,0.0625,0.9705733455567576,517054464,4,0.0859375,ml100k,1,,ml100k,popularity,quota_mmr,1
retrieve_score,popularity,0.3045461000001523,0.3125,0.3125,0.0,1.0261172282286448,517054464,27,0.011574074074074,ml100k,1,,ml100k,popularity,quota_mmr,1
retrieve_select,popularity,0.3174247000006289,0.3125,0.234375,0.078125,0.9844854543435996,517054464,33,0.0094696969696969,ml100k,1,,ml100k,popularity,quota_mmr,1
rerank,popularity,0.488598699999784,0.484375,0.484375,0.0,0.991355482526282,517054464,1,0.484375,ml100k,1,,ml100k,popularity,quota_mmr,1
train,itemknn,0.3830270999987988,0.390625,0.34375,0.046875,1.0198364554393802,517054464,2,0.1953125,ml100k,1,,ml100k,itemknn,none,1
retrieve_score,itemknn,0.3149780000003375,0.3125,0.296875,0.015625,0.9921327838759062,517054464,12,0.0260416666666666,ml100k,1,,ml100k,itemknn,none,1
retrieve_select,itemknn,0.311107899999115,0.3125,0.25,0.0625,1.004474653330529,517054464,33,0.0094696969696969,ml100k,1,,ml100k,itemknn,none,1
train,itemknn,0.3843481999992946,0.375,0.328125,0.046875,0.9756777838446706,517054464,2,0.1875,ml100k,1,,ml100k,itemknn,quota_mmr,1
rerank_setup,itemknn,0.3556810000009136,0.359375,0.265625,0.09375,1.010385710788816,517054464,4,0.08984375,ml100k,1,,ml100k,itemknn,quota_mmr,1
retrieve_score,itemknn,0.3078406000004179,0.3125,0.3125,0.0,1.015135755321344,517054464,11,0.0284090909090909,ml100k,1,,ml100k,itemknn,quota_mmr,1
retrieve_select,itemknn,0.3166359000006196,0.3125,0.265625,0.046875,0.9869379940789674,517054464,34,0.0091911764705882,ml100k,1,,ml100k,itemknn,quota_mmr,1
rerank,itemknn,0.532989199999065,0.53125,0.515625,0.015625,0.9967368944829124,517054464,1,0.53125,ml100k,1,,ml100k,itemknn,quota_mmr,1
train,als,3.401205000000118,3.40625,3.40625,0.0,1.001483297831175,517054464,1,3.40625,ml100k,1,,ml100k,als,none,1
retrieve_score,als,0.3155481000012514,0.3125,0.28125,0.03125,0.990340299937666,517054464,25,0.0125,ml100k,1,,ml100k,als,none,1
retrieve_select,als,0.3062680000002729,0.3125,0.234375,0.078125,1.0203481917788393,517054464,32,0.009765625,ml100k,1,,ml100k,als,none,1
train,als,3.4053686000006564,3.40625,3.40625,0.0,1.0002588266067125,517054464,1,3.40625,ml100k,1,,ml100k,als,quota_mmr,1
rerank_setup,als,0.3577523999992991,0.34375,0.296875,0.046875,0.9608600808846384,517054464,4,0.0859375,ml100k,1,,ml100k,als,quota_mmr,1
retrieve_score,als,0.3017240999997739,0.3125,0.28125,0.03125,1.0357144159191598,517054464,24,0.0130208333333333,ml100k,1,,ml100k,als,quota_mmr,1
retrieve_select,als,0.3129891999997198,0.3125,0.265625,0.046875,0.9984370067730124,517054464,32,0.009765625,ml100k,1,,ml100k,als,quota_mmr,1
rerank,als,0.6231079999997746,0.625,0.609375,0.015625,1.0030363917655143,517054464,1,0.625,ml100k,1,,ml100k,als,quota_mmr,1
train,multvae,1.1429509999998118,1.140625,1.125,0.015625,0.9979649171313448,517054464,1,1.140625,ml100k,1,,ml100k,multvae,none,1
retrieve_score,multvae,0.3066503999998531,0.3125,0.28125,0.03125,1.0190757944556723,517054464,17,0.0183823529411764,ml100k,1,,ml100k,multvae,none,1
retrieve_select,multvae,0.3206679000013537,0.3125,0.265625,0.046875,0.9745284763416632,517054464,33,0.0094696969696969,ml100k,1,,ml100k,multvae,none,1
train,multvae,1.1451864999999088,1.140625,1.125,0.015625,0.9960168059963078,517054464,1,1.140625,ml100k,1,,ml100k,multvae,quota_mmr,1
rerank_setup,multvae,0.3609298999999737,0.359375,0.328125,0.03125,0.9956919612368668,517054464,4,0.08984375,ml100k,1,,ml100k,multvae,quota_mmr,1
retrieve_score,multvae,0.3040194000004703,0.3125,0.296875,0.015625,1.0278949303877205,517054464,17,0.0183823529411764,ml100k,1,,ml100k,multvae,quota_mmr,1
retrieve_select,multvae,0.3086584000011498,0.3125,0.28125,0.03125,1.0124461216634175,517054464,32,0.009765625,ml100k,1,,ml100k,multvae,quota_mmr,1
rerank,multvae,0.5608792000002722,0.53125,0.515625,0.015625,0.94717365165216,517054464,1,0.53125,ml100k,1,,ml100k,multvae,quota_mmr,1
train,gru4rec,79.5206816000009,79.375,79.359375,0.015625,0.9981680036303802,517054464,1,79.375,ml100k,1,,ml100k,gru4rec,none,1
retrieve_score,gru4rec,0.3215077000004385,0.328125,0.3125,0.015625,1.0205820887013048,517054464,10,0.0328125,ml100k,1,,ml100k,gru4rec,none,1
retrieve_select,gru4rec,0.3181563999987702,0.3125,0.28125,0.03125,0.982221322598596,517054464,33,0.0094696969696969,ml100k,1,,ml100k,gru4rec,none,1
train,gru4rec,79.50870639999994,79.140625,79.09375,0.046875,0.9953705522745124,517054464,1,79.140625,ml100k,1,,ml100k,gru4rec,quota_mmr,1
rerank_setup,gru4rec,0.3576749000003474,0.359375,0.28125,0.078125,1.004753199063314,517054464,4,0.08984375,ml100k,1,,ml100k,gru4rec,quota_mmr,1
retrieve_score,gru4rec,0.3083077000010235,0.3125,0.3125,0.0,1.013597779098487,517054464,9,0.0347222222222222,ml100k,1,,ml100k,gru4rec,quota_mmr,1
retrieve_select,gru4rec,0.3108342999985325,0.3125,0.296875,0.015625,1.005358803714633,517054464,31,0.0100806451612903,ml100k,1,,ml100k,gru4rec,quota_mmr,1
rerank,gru4rec,0.582506699998703,0.578125,0.546875,0.03125,0.9924778547633656,517054464,1,0.578125,ml100k,1,,ml100k,gru4rec,quota_mmr,1
train,popularity,0.3049126000005344,0.3125,0.3125,0.0,1.0248838519610284,517054464,2489,0.000125552430695,luxury_beauty,1,,luxury_beauty,popularity,none,1
retrieve_score,popularity,0.3205702999985078,0.3125,0.3125,0.0,0.9748251787562808,517054464,30,0.0104166666666666,luxury_beauty,1,,luxury_beauty,popularity,none,1
retrieve_select,popularity,0.3281268999999156,0.3125,0.21875,0.09375,0.9523754376739012,517054464,34,0.0091911764705882,luxury_beauty,1,,luxury_beauty,popularity,none,1
train,popularity,0.3082361000015226,0.3125,0.3125,0.0,1.0138332271867454,517054464,2526,0.0001237133808392,luxury_beauty,1,,luxury_beauty,popularity,quota_mmr,1
rerank_setup,popularity,0.3251526999993075,0.3125,0.171875,0.140625,0.96108689855771,517054464,10,0.03125,luxury_beauty,1,,luxury_beauty,popularity,quota_mmr,1
retrieve_score,popularity,0.3061440000001312,0.3125,0.3125,0.0,1.0207614717252864,517054464,28,0.0111607142857142,luxury_beauty,1,,luxury_beauty,popularity,quota_mmr,1
retrieve_select,popularity,0.3085111000000324,0.3125,0.265625,0.046875,1.0129295185812346,517054464,34,0.0091911764705882,luxury_beauty,1,,luxury_beauty,popularity,quota_mmr,1
rerank,popularity,0.8374392000005173,0.828125,0.828125,0.0,0.9888777597221248,517054464,1,0.828125,luxury_beauty,1,,luxury_beauty,popularity,quota_mmr,1
train,itemknn,0.3589577999991888,0.359375,0.25,0.109375,1.001162253615361,517054464,5,0.071875,luxury_beauty,1,,luxury_beauty,itemknn,none,1
retrieve_score,itemknn,0.3185446999996202,0.3125,0.265625,0.046875,0.9810240132715208,517054464,25,0.0125,luxury_beauty,1,,luxury_beauty,itemknn,none,1
retrieve_select,itemknn,0.3063637999985076,0.3125,0.21875,0.09375,1.0200291287727934,517054464,29,0.0107758620689655,luxury_beauty,1,,luxury_beauty,itemknn,none,1
train,itemknn,0.3547995999997511,0.359375,0.28125,0.078125,1.0128957304355817,517054464,5,0.071875,luxury_beauty,1,,luxury_beauty,itemknn,quota_mmr,1
rerank_setup,itemknn,0.3117786000002525,0.3125,0.1875,0.125,1.002313821409638,517054464,9,0.0347222222222222,luxury_beauty,1,,luxury_beauty,itemknn,quota_mmr,1
retrieve_score,itemknn,0.3191288999987591,0.3125,0.28125,0.03125,0.9792281426132672,517054464,25,0.0125,luxury_beauty,1,,luxury_beauty,itemknn,quota_mmr,1
retrieve_select,itemknn,0.3134585999996488,0.3125,0.28125,0.03125,0.99694186090396,517054464,28,0.0111607142857142,luxury_beauty,1,,luxury_beauty,itemknn,quota_mmr,1
rerank,itemknn,0.6013187000007747,0.609375,0.59375,0.015625,1.013397720708195,517054464,1,0.609375,luxury_beauty,1,,luxury_beauty,itemknn,quota_mmr,1
train,als,5.168393100000685,5.125,5.125,0.0,0.9916041409465004,517054464,1,5.125,luxury_beauty,1,,luxury_beauty,als,none,1
retrieve_score,als,0.3071548999996594,0.3125,0.296875,0.015625,1.0174019688448614,517054464,25,0.0125,luxury_beauty,1,,luxury_beauty,als,none,1
retrieve_select,als,0.3054999000014504,0.3125,0.28125,0.03125,1.0229135917835532,517054464,32,0.009765625,luxury_beauty,1,,luxury_beauty,als,none,1
train,als,5.17988030000015,5.171875,5.171875,0.0,0.99845453957688,517054464,1,5.171875,luxury_beauty,1,,luxury_beauty,als,quota_mmr,1
rerank_setup,als,0.3494229000007181,0.34375,0.140625,0.203125,0.98376494499729,517054464,10,0.034375,luxury_beauty,1,,luxury_beauty,als,quota_mmr,1
retrieve_score,als,0.3140112999990379,0.3125,0.296875,0.015625,0.9951871158807264,517054464,26,0.0120192307692307,luxury_beauty,1,,luxury_beauty,als,quota_mmr,1
retrieve_select,als,0.3048392999990028,0.3125,0.265625,0.046875,1.025130289962686,517054464,32,0.009765625,luxury_beauty,1,,luxury_beauty,als,quota_mmr,1
rerank,als,0.6514008000012836,0.609375,0.609375,0.0,0.9354839601038242,517054464,1,0.609375,luxury_beauty,1,,luxury_beauty,als,quota_mmr,1
train,popularity,0.2975373999997828,0.3125,0.296875,0.015625,1.0502881318457045,517054464,958,0.0003262004175365,digital_music,1,,digital_music,popularity,none,1
retrieve_score,popularity,0.3120983000007982,0.3125,0.265625,0.046875,1.001287094480171,517054464,21,0.0148809523809523,digital_music,1,,digital_music,popularity,none,1
retrieve_select,popularity,0.3186495000009017,0.3125,0.25,0.0625,0.980701366231912,517054464,6,0.0520833333333333,digital_music,1,,digital_music,popularity,none,1
train,popularity,0.3136024000014004,0.3125,0.296875,0.015625,0.9964847207757483,517054464,997,0.0003134403209628,digital_music,1,,digital_music,popularity,quota_mmr,1
rerank_setup,popularity,0.4222821999992447,0.421875,0.328125,0.09375,0.9990357159282454,517054464,3,0.140625,digital_music,1,,digital_music,popularity,quota_mmr,1
retrieve_score,popularity,0.3239487999999255,0.3125,0.234375,0.078125,0.9646586127192688,517054464,22,0.0142045454545454,digital_music,1,,digital_music,popularity,quota_mmr,1
retrieve_select,popularity,0.331536399999095,0.328125,0.21875,0.109375,0.989710330452088,517054464,6,0.0546875,digital_music,1,,digital_music,popularity,quota_mmr,1
rerank,popularity,1.1303021000003357,1.125,1.015625,0.109375,0.995309130187112,517054464,1,1.125,digital_music,1,,digital_music,popularity,quota_mmr,1
train,itemknn,0.3295210000014776,0.328125,0.28125,0.046875,0.9957635476905224,517054464,1,0.328125,digital_music,1,,digital_music,itemknn,none,1
retrieve_score,itemknn,0.2995300000002316,0.3125,0.21875,0.09375,1.043301171835069,517054464,12,0.0260416666666666,digital_music,1,,digital_music,itemknn,none,1
retrieve_select,itemknn,0.3556544999992184,0.34375,0.21875,0.125,0.9665279084076132,517054464,7,0.0491071428571428,digital_music,1,,digital_music,itemknn,none,1
train,itemknn,0.3288438999989012,0.328125,0.28125,0.046875,0.9978138563649696,517054464,1,0.328125,digital_music,1,,digital_music,itemknn,quota_mmr,1
rerank_setup,itemknn,0.4242305999996461,0.421875,0.375,0.046875,0.9944473595265216,518840320,3,0.140625,digital_music,1,,digital_music,itemknn,quota_mmr,1
retrieve_score,itemknn,0.3214410000000498,0.3125,0.1875,0.125,0.972184631083003,518840320,13,0.0240384615384615,digital_music,1,,digital_music,itemknn,quota_mmr,1
retrieve_select,itemknn,0.323650300000736,0.3125,0.25,0.0625,0.965548309392234,518840320,6,0.0520833333333333,digital_music,1,,digital_music,itemknn,quota_mmr,1
rerank,itemknn,0.669310499999483,0.671875,0.609375,0.0625,1.0038315550114916,518840320,1,0.671875,digital_music,1,,digital_music,itemknn,quota_mmr,1
train,als,28.92228299999988,28.84375,28.84375,0.0,0.9972846887640274,518840320,1,28.84375,digital_music,1,,digital_music,als,none,1
retrieve_score,als,0.3354648999993515,0.328125,0.28125,0.046875,0.9781202146651836,518840320,13,0.0252403846153846,digital_music,1,,digital_music,als,none,1
retrieve_select,als,0.3146335999990697,0.3125,0.203125,0.109375,0.9932187789254676,518840320,6,0.0520833333333333,digital_music,1,,digital_music,als,none,1
train,als,28.94312600000012,28.796875,28.796875,0.0,0.9949469521709536,518840320,1,28.796875,digital_music,1,,digital_music,als,quota_mmr,1
rerank_setup,als,0.4165878000003431,0.421875,0.3125,0.109375,1.012691682280788,524419072,3,0.140625,digital_music,1,,digital_music,als,quota_mmr,1
retrieve_score,als,0.3108877999984543,0.3125,0.234375,0.078125,1.0051857937222166,524419072,12,0.0260416666666666,digital_music,1,,digital_music,als,quota_mmr,1
retrieve_select,als,0.33443939999961,0.328125,0.25,0.078125,0.9811194494440028,524419072,6,0.0546875,digital_music,1,,digital_music,als,quota_mmr,1
rerank,als,0.5432442999990599,0.546875,0.515625,0.03125,1.006683365110221,524419072,1,0.546875,digital_music,1,,digital_music,als,quota_mmr,1
train,popularity,0.3129957000001013,0.3125,0.3125,0.0,0.998416272172106,524419072,3887,8.039619243632621e-05,gift_cards,2,,gift_cards,popularity,none,2
retrieve_score,popularity,0.3139090999993641,0.3125,0.3125,0.0,0.9955111208965686,524419072,30,0.0104166666666666,gift_cards,2,,gift_cards,popularity,none,2
retrieve_select,popularity,0.3117721999988134,0.3125,0.3125,0.0,1.0023343967203917,524419072,144,0.0021701388888888,gift_cards,2,,gift_cards,popularity,none,2
train,popularity,0.2970639999984996,0.3125,0.296875,0.015625,1.0519618668084263,524419072,3716,8.409580193756728e-05,gift_cards,2,,gift_cards,popularity,quota_mmr,2
rerank_setup,popularity,0.3121948000007251,0.3125,0.3125,0.0,1.0009775947558197,524419072,642,0.0004867601246105,gift_cards,2,,gift_cards,popularity,quota_mmr,2
retrieve_score,popularity,0.3139367000003403,0.3125,0.3125,0.0,0.995423599724598,524419072,31,0.0100806451612903,gift_cards,2,,gift_cards,popularity,quota_mmr,2
retrieve_select,popularity,0.3123395000002347,0.3125,0.3125,0.0,1.0005138639197575,524419072,143,0.0021853146853146,gift_cards,2,,gift_cards,popularity,quota_mmr,2
rerank,popularity,0.3333496000013838,0.328125,0.328125,0.0,0.9843269648400296,524419072,1,0.328125,gift_cards,2,,gift_cards,popularity,quota_mmr,2
train,itemknn,0.3136030000005121,0.3125,0.3125,0.0,0.9964828142571648,524419072,170,0.0018382352941176,gift_cards,2,,gift_cards,itemknn,none,2
retrieve_score,itemknn,0.3170028000004095,0.3125,0.3125,0.0,0.9857957090587096,524419072,31,0.0100806451612903,gift_cards,2,,gift_cards,itemknn,none,2
retrieve_select,itemknn,0.3080355000001873,0.3125,0.3125,0.0,1.014493459357152,524419072,132,0.0023674242424242,gift_cards,2,,gift_cards,itemknn,none,2
train,itemknn,0.3098097000001871,0.3125,0.3125,0.0,1.0086837177784014,524419072,169,0.0018491124260355,gift_cards,2,,gift_cards,itemknn,quota_mmr,2
rerank_setup,itemknn,0.3116838000005373,0.3125,0.3125,0.0,1.0026186795703251,524419072,642,0.0004867601246105,gift_cards,2,,gift_cards,itemknn,quota_mmr,2
retrieve_score,itemknn,0.3145232000006217,0.3125,0.3125,0.0,0.9935674061544022,524419072,31,0.0100806451612903,gift_cards,2,,gift_cards,itemknn,quota_mmr,2
retrieve_select,itemknn,0.3112157000014122,0.3125,0.3125,0.0,1.0041267198235242,524419072,130,0.0024038461538461,gift_cards,2,,gift_cards,itemknn,quota_mmr,2
rerank,itemknn,0.3544246000001294,0.328125,0.3125,0.015625,0.9257963470929506,524419072,1,0.328125,gift_cards,2,,gift_cards,itemknn,quota_mmr,2
train,als,0.6159985999984201,0.609375,0.609375,0.0,0.9892473781621628,524419072,1,0.609375,gift_cards,2,,gift_cards,als,none,2
retrieve_score,als,0.3047580999991623,0.3125,0.3125,0.0,1.0254034265237213,524419072,30,0.0104166666666666,gift_cards,2,,gift_cards,als,none,2
retrieve_select,als,0.307083200001216,0.3125,0.3125,0.0,1.017639519188163,524419072,130,0.0024038461538461,gift_cards,2,,gift_cards,als,none,2
train,als,0.6117530999999872,0.625,0.625,0.0,1.0216539973397978,524419072,1,0.625,gift_cards,2,,gift_cards,als,quota_mmr,2
rerank_setup,als,0.3119338999986212,0.3125,0.3125,0.0,1.0018148075646196,524419072,644,0.0004852484472049,gift_cards,2,,gift_cards,als,quota_mmr,2
retrieve_score,als,0.314891300000454,0.3125,0.3125,0.0,0.9924059508774912,524419072,31,0.0100806451612903,gift_cards,2,,gift_cards,als,quota_mmr,2
retrieve_select,als,0.3118593999988661,0.3125,0.3125,0.0,1.0020541308074606,524419072,132,0.0023674242424242,gift_cards,2,,gift_cards,als,quota_mmr,2
rerank,als,0.3992870999991282,0.390625,0.390625,0.0,0.9783060860239484,524419072,1,0.390625,gift_cards,2,,gift_cards,als,quota_mmr,2
train,popularity,0.3027204999998503,0.3125,0.3125,0.0,1.032305377403098,524419072,3149,9.92378532867577e-05,software,2,,software,popularity,none,2
retrieve_score,popularity,0.3172618999997212,0.3125,0.28125,0.03125,0.9849906339219258,524419072,30,0.0104166666666666,software,2,,software,popularity,none,2
retrieve_select,popularity,0.3115440000001399,0.3125,0.25,0.0625,1.0030685874221927,524419072,52,0.0060096153846153,software,2,,software,popularity,none,2
train,popularity,0.2987415999996301,0.3125,0.296875,0.015625,1.0460545166805926,524419072,3105,0.0001006441223832,software,2,,software,popularity,quota_mmr,2
rerank_setup,popularity,0.3195362999995268,0.3125,0.21875,0.09375,0.9779796536433036,524419072,35,0.0089285714285714,software,2,,software,popularity,quota_mmr,2
retrieve_score,popularity,0.3075520000002143,0.3125,0.3125,0.0,1.0160883362806363,524419072,29,0.0107758620689655,software,2,,software,popularity,quota_mmr,2
retrieve_select,popularity,0.3140828999985388,0.3125,0.234375,0.078125,0.994960247760874,524419072,53,0.0058962264150943,software,2,,software,popularity,quota_mmr,2
rerank,popularity,0.4719081000002916,0.46875,0.453125,0.015625,0.9933078071762496,524419072,1,0.46875,software,2,,software,popularity,quota_mmr,2
train,itemknn,0.3029862999992474,0.3125,0.234375,0.078125,1.0313997695630996,524419072,14,0.0223214285714285,software,2,,software,itemknn,none,2
retrieve_score,itemknn,0.314364600000772,0.3125,0.296875,0.015625,0.9940686705794244,524419072,28,0.0111607142857142,software,2,,software,itemknn,none,2
retrieve_select,itemknn,0.3247510000001057,0.3125,0.25,0.0625,0.9622757127765528,524419072,46,0.0067934782608695,software,2,,software,itemknn,none,2
train,itemknn,0.3010677000002033,0.3125,0.234375,0.078125,1.0379725224585332,524419072,14,0.0223214285714285,software,2,,software,itemknn,quota_mmr,2
rerank_setup,itemknn,0.3167163999987679,0.3125,0.140625,0.171875,0.9866871434545724,524419072,35,0.0089285714285714,software,2,,software,itemknn,quota_mmr,2
retrieve_score,itemknn,0.3093032999986462,0.3125,0.296875,0.015625,1.0103351629334951,524419072,25,0.0125,software,2,,software,itemknn,quota_mmr,2
retrieve_select,itemknn,0.3097509999988688,0.3125,0.265625,0.046875,1.008874870464151,524419072,44,0.0071022727272727,software,2,,software,itemknn,quota_mmr,2
rerank,itemknn,0.6259941999996954,0.625,0.609375,0.015625,0.9984118063718548,524419072,1,0.625,software,2,,software,itemknn,quota_mmr,2
train,als,2.5852240000003803,2.59375,2.59375,0.0,1.0032979734056384,524419072,1,2.59375,software,2,,software,als,none,2
retrieve_score,als,0.3147289000007731,0.3125,0.28125,0.03125,0.992918031992716,524419072,28,0.0111607142857142,software,2,,software,als,none,2
retrieve_select,als,0.312453500000629,0.3125,0.25,0.0625,1.0001488221427215,524419072,46,0.0067934782608695,software,2,,software,als,none,2
train,als,2.6024211999992986,2.578125,2.578125,0.0,0.9906640016614892,524419072,1,2.578125,software,2,,software,als,quota_mmr,2
rerank_setup,als,0.3022436999999627,0.3125,0.125,0.1875,1.0339338752140692,524419072,33,0.0094696969696969,software,2,,software,als,quota_mmr,2
retrieve_score,als,0.3197091000001819,0.3125,0.28125,0.03125,0.9774510641074096,524419072,28,0.0111607142857142,software,2,,software,als,quota_mmr,2
retrieve_select,als,0.3094762000000628,0.3125,0.28125,0.03125,1.009770702884217,524419072,46,0.0067934782608695,software,2,,software,als,quota_mmr,2
rerank,als,0.6723701000009896,0.671875,0.65625,0.015625,0.9992636495867544,524419072,1,0.671875,software,2,,software,als,quota_mmr,2
train,popularity,0.3116124999996827,0.3125,0.3125,0.0,1.002848088572564,524419072,2034,0.0001536381514257,ml100k,2,,ml100k,popularity,none,2
retrieve_score,popularity,0.3206554999997024,0.3125,0.3125,0.0,0.9745661621281718,524419072,29,0.0107758620689655,ml100k,2,,ml100k,popularity,none,2
retrieve_select,popularity,0.3065783999991254,0.3125,0.234375,0.078125,1.019315124617036,524419072,32,0.009765625,ml100k,2,,ml100k,popularity,none,2
train,popularity,0.3099536999998236,0.3125,0.3125,0.0,1.0082150979329425,524419072,2042,0.0001530362389813,ml100k,2,,ml100k,popularity,quota_mmr,2
rerank_setup,popularity,0.3766143000011652,0.375,0.25,0.125,0.9957136518683432,524419072,4,0.09375,ml100k,2,,ml100k,popularity,quota_mmr,2
retrieve_score,popularity,0.3206537000005482,0.3125,0.28125,0.03125,0.9745716328845284,524419072,28,0.0111607142857142,ml100k,2,,ml100k,popularity,quota_mmr,2
retrieve_select,popularity,0.3059582000005321,0.3125,0.234375,0.078125,1.021381352091418,524419072,32,0.009765625,ml100k,2,,ml100k,popularity,quota_mmr,2
rerank,popularity,0.5099288000001252,0.5,0.5,0.0,0.9805290464078068,524419072,1,0.5,ml100k,2,,ml100k,popularity,quota_mmr,2
train,itemknn,0.3856102999998256,0.375,0.328125,0.046875,0.9724843968124544,524419072,2,0.1875,ml100k,2,,ml100k,itemknn,none,2
retrieve_score,itemknn,0.3142300999988947,0.3125,0.3125,0.0,0.994494162084088,524419072,12,0.0260416666666666,ml100k,2,,ml100k,itemknn,none,2
retrieve_select,itemknn,0.3006079000006139,0.3125,0.265625,0.046875,1.039560171237555,524419072,32,0.009765625,ml100k,2,,ml100k,itemknn,none,2
train,itemknn,0.3906888999990769,0.390625,0.359375,0.03125,0.9998364427577106,524419072,2,0.1953125,ml100k,2,,ml100k,itemknn,quota_mmr,2
rerank_setup,itemknn,0.3709608999997726,0.375,0.34375,0.03125,1.0108882095127272,524419072,4,0.09375,ml100k,2,,ml100k,itemknn,quota_mmr,2
retrieve_score,itemknn,0.3387261999996553,0.328125,0.3125,0.015625,0.9687027457584736,524419072,13,0.0252403846153846,ml100k,2,,ml100k,itemknn,quota_mmr,2
retrieve_select,itemknn,0.31924699999945,0.3125,0.234375,0.078125,0.9788658938080492,524419072,33,0.0094696969696969,ml100k,2,,ml100k,itemknn,quota_mmr,2
rerank,itemknn,0.5258785000005446,0.53125,0.515625,0.015625,1.0102143365805023,524419072,1,0.53125,ml100k,2,,ml100k,itemknn,quota_mmr,2
train,als,3.455521699999736,3.40625,3.40625,0.0,0.985741168981882,524419072,1,3.40625,ml100k,2,,ml100k,als,none,2
retrieve_score,als,0.309603399999105,0.3125,0.296875,0.015625,1.009355840410355,524419072,24,0.0130208333333333,ml100k,2,,ml100k,als,none,2
retrieve_select,als,0.3100052000008872,0.3125,0.28125,0.03125,1.0080476069404822,524419072,32,0.009765625,ml100k,2,,ml100k,als,none,2
train,als,3.426332700000785,3.40625,3.40625,0.0,0.9941387186361732,524419072,1,3.40625,ml100k,2,,ml100k,als,quota_mmr,2
rerank_setup,als,0.3701718000011169,0.375,0.265625,0.109375,1.013043132942241,524419072,4,0.09375,ml100k,2,,ml100k,als,quota_mmr,2
retrieve_score,als,0.314770299999509,0.3125,0.265625,0.046875,0.992787438968948,524419072,24,0.0130208333333333,ml100k,2,,ml100k,als,quota_mmr,2
retrieve_select,als,0.3136885000003531,0.3125,0.25,0.0625,0.996211209526802,524419072,32,0.009765625,ml100k,2,,ml100k,als,quota_mmr,2
rerank,als,0.6196220999991056,0.609375,0.609375,0.0,0.9834623393853764,524419072,1,0.609375,ml100k,2,,ml100k,als,quota_mmr,2
train,multvae,1.171250699999291,1.171875,1.171875,0.0,1.0005330199595264,524419072,1,1.171875,ml100k,2,,ml100k,multvae,none,2
retrieve_score,multvae,0.3234431000000768,0.3125,0.265625,0.046875,0.9661668466568796,524419072,18,0.0173611111111111,ml100k,2,,ml100k,multvae,none,2
retrieve_select,multvae,0.3032286999987263,0.3125,0.21875,0.09375,1.030575272067956,524419072,30,0.0104166666666666,ml100k,2,,ml100k,multvae,none,2
train,multvae,1.1804649000005156,1.15625,1.125,0.03125,0.9794869800868242,524419072,1,1.15625,ml100k,2,,ml100k,multvae,quota_mmr,2
rerank_setup,multvae,0.3673868999994738,0.359375,0.265625,0.09375,0.9781922001043444,524419072,4,0.08984375,ml100k,2,,ml100k,multvae,quota_mmr,2
retrieve_score,multvae,0.3299188000000868,0.3125,0.265625,0.046875,0.9472027662561752,524419072,18,0.0173611111111111,ml100k,2,,ml100k,multvae,quota_mmr,2
retrieve_select,multvae,0.3105992000000697,0.3125,0.21875,0.09375,1.006119783952856,524419072,32,0.009765625,ml100k,2,,ml100k,multvae,quota_mmr,2
rerank,multvae,0.5695247000003292,0.546875,0.546875,0.0,0.9602305220470402,524419072,1,0.546875,ml100k,2,,ml100k,multvae,quota_mmr,2
train,gru4rec,79.60080830000152,79.453125,79.453125,0.0,0.9981447010004606,524419072,1,79.453125,ml100k,2,,ml100k,gru4rec,none,2
retrieve_score,gru4rec,0.321374499999365,0.3125,0.3125,0.0,0.972385799124129,524419072,10,0.03125,ml100k,2,,ml100k,gru4rec,none,2
retrieve_select,gru4rec,0.3036701000000903,0.3125,0.265625,0.046875,1.029077278269764,524419072,31,0.0100806451612903,ml100k,2,,ml100k,gru4rec,none,2
train,gru4rec,78.9837048999998,78.8125,78.796875,0.015625,0.9978324022630168,524419072,1,78.8125,ml100k,2,,ml100k,gru4rec,quota_mmr,2
rerank_setup,gru4rec,0.3608027000009315,0.359375,0.28125,0.078125,0.9960429896978936,524419072,4,0.08984375,ml100k,2,,ml100k,gru4rec,quota_mmr,2
retrieve_score,gru4rec,0.3222865999996429,0.3125,0.296875,0.015625,0.9696338600498632,524419072,10,0.03125,ml100k,2,,ml100k,gru4rec,quota_mmr,2
retrieve_select,gru4rec,0.3007338999996136,0.3125,0.265625,0.046875,1.039124621469018,524419072,31,0.0100806451612903,ml100k,2,,ml100k,gru4rec,quota_mmr,2
rerank,gru4rec,0.5778456000007282,0.578125,0.5625,0.015625,1.0004835201639877,524419072,1,0.578125,ml100k,2,,ml100k,gru4rec,quota_mmr,2
train,popularity,0.3009719999990921,0.3125,0.3125,0.0,1.038302566354819,524419072,2458,0.0001271358828315,luxury_beauty,2,,luxury_beauty,popularity,none,2
retrieve_score,popularity,0.3198385999985476,0.3125,0.3125,0.0,0.9770553022725184,524419072,30,0.0104166666666666,luxury_beauty,2,,luxury_beauty,popularity,none,2
retrieve_select,popularity,0.3124853999997867,0.3125,0.203125,0.109375,1.0000467221835427,524419072,35,0.0089285714285714,luxury_beauty,2,,luxury_beauty,popularity,none,2
train,popularity,0.3094192000007751,0.3125,0.3125,0.0,1.009956718908255,524419072,2464,0.0001268262987012,luxury_beauty,2,,luxury_beauty,popularity,quota_mmr,2
rerank_setup,popularity,0.3264548999995895,0.3125,0.21875,0.09375,0.9572532071057684,524419072,10,0.03125,luxury_beauty,2,,luxury_beauty,popularity,quota_mmr,2
retrieve_score,popularity,0.3016477000001032,0.3125,0.3125,0.0,1.0359767371005748,524419072,28,0.0111607142857142,luxury_beauty,2,,luxury_beauty,popularity,quota_mmr,2
retrieve_select,popularity,0.3278427999994164,0.3125,0.203125,0.109375,0.9532007413326028,524419072,37,0.0084459459459459,luxury_beauty,2,,luxury_beauty,popularity,quota_mmr,2
rerank,popularity,0.820749500000602,0.8125,0.796875,0.015625,0.9899488211682176,524419072,1,0.8125,luxury_beauty,2,,luxury_beauty,popularity,quota_mmr,2
train,itemknn,0.352864700000282,0.34375,0.265625,0.078125,0.9741694196096272,524419072,5,0.06875,luxury_beauty,2,,luxury_beauty,itemknn,none,2
retrieve_score,itemknn,0.3109230999998544,0.3125,0.28125,0.03125,1.0050716720634338,524419072,25,0.0125,luxury_beauty,2,,luxury_beauty,itemknn,none,2
retrieve_select,itemknn,0.3100589000005129,0.3125,0.28125,0.03125,1.0078730202535164,524419072,29,0.0107758620689655,luxury_beauty,2,,luxury_beauty,itemknn,none,2
train,itemknn,0.3468089999987569,0.359375,0.28125,0.078125,1.0362332004108548,524419072,5,0.071875,luxury_beauty,2,,luxury_beauty,itemknn,quota_mmr,2
rerank_setup,itemknn,0.3237010000011651,0.3125,0.203125,0.109375,0.9653970794000488,524419072,10,0.03125,luxury_beauty,2,,luxury_beauty,itemknn,quota_mmr,2
retrieve_score,itemknn,0.3045872999991843,0.3125,0.265625,0.046875,1.0259784304888513,524419072,24,0.0130208333333333,luxury_beauty,2,,luxury_beauty,itemknn,quota_mmr,2
retrieve_select,itemknn,0.3062300000001414,0.3125,0.28125,0.03125,1.020474806517505,524419072,29,0.0107758620689655,luxury_beauty,2,,luxury_beauty,itemknn,quota_mmr,2
rerank,itemknn,0.6046870999998646,0.578125,0.5625,0.015625,0.9560729838624464,524419072,1,0.578125,luxury_beauty,2,,luxury_beauty,itemknn,quota_mmr,2
train,als,5.15888669999913,5.15625,5.15625,0.0,0.9994889013555716,524419072,1,5.15625,luxury_beauty,2,,luxury_beauty,als,none,2
retrieve_score,als,0.3190217999999731,0.3125,0.28125,0.03125,0.9795568829466396,524419072,26,0.0120192307692307,luxury_beauty,2,,luxury_beauty,als,none,2
retrieve_select,als,0.3198075000000244,0.3125,0.265625,0.046875,0.977150316987488,524419072,33,0.0094696969696969,luxury_beauty,2,,luxury_beauty,als,none,2
train,als,5.156197700000121,5.15625,5.15625,0.0,1.0000101431331618,524419072,1,5.15625,luxury_beauty,2,,luxury_beauty,als,quota_mmr,2
rerank_setup,als,0.3194075999999768,0.3125,0.203125,0.109375,0.9783737143387404,524419072,10,0.03125,luxury_beauty,2,,luxury_beauty,als,quota_mmr,2
retrieve_score,als,0.3054776000008132,0.3125,0.28125,0.03125,1.0229882649306137,524419072,25,0.0125,luxury_beauty,2,,luxury_beauty,als,quota_mmr,2
retrieve_select,als,0.3123051000002306,0.3125,0.25,0.0625,1.000624069218752,524419072,33,0.0094696969696969,luxury_beauty,2,,luxury_beauty,als,quota_mmr,2
rerank,als,0.6522668999987218,0.65625,0.65625,0.0,1.0061065493301684,524419072,1,0.65625,luxury_beauty,2,,luxury_beauty,als,quota_mmr,2
train,popularity,0.3064085000005434,0.3125,0.296875,0.015625,1.01988032316155,524419072,991,0.0003153380423814,digital_music,2,,digital_music,popularity,none,2
retrieve_score,popularity,0.3238770999996632,0.3125,0.234375,0.078125,0.964872169104654,524419072,22,0.0142045454545454,digital_music,2,,digital_music,popularity,none,2
retrieve_select,popularity,0.3141735999997763,0.3125,0.234375,0.078125,0.9946730088085772,524419072,6,0.0520833333333333,digital_music,2,,digital_music,popularity,none,2
train,popularity,0.3068896000004315,0.3125,0.3125,0.0,1.018281492756876,524419072,995,0.0003140703517587,digital_music,2,,digital_music,popularity,quota_mmr,2
rerank_setup,popularity,0.4184904000012466,0.40625,0.28125,0.125,0.9707510614312536,524419072,3,0.1354166666666666,digital_music,2,,digital_music,popularity,quota_mmr,2
retrieve_score,popularity,0.3065965000005235,0.3125,0.234375,0.078125,1.0192549490925904,524419072,21,0.0148809523809523,digital_music,2,,digital_music,popularity,quota_mmr,2
retrieve_select,popularity,0.311967800000275,0.3125,0.25,0.0625,1.0017059452921888,524419072,6,0.0520833333333333,digital_music,2,,digital_music,popularity,quota_mmr,2
rerank,popularity,1.1377627999991091,1.125,0.96875,0.15625,0.9887825476460304,524419072,1,1.125,digital_music,2,,digital_music,popularity,quota_mmr,2
train,itemknn,0.33083120000083,0.34375,0.328125,0.015625,1.0390495213242814,524419072,1,0.34375,digital_music,2,,digital_music,itemknn,none,2
retrieve_score,itemknn,0.3249968000000081,0.3125,0.234375,0.078125,0.961547929087278,524419072,13,0.0240384615384615,digital_music,2,,digital_music,itemknn,none,2
retrieve_select,itemknn,0.317280600000231,0.328125,0.234375,0.09375,1.0341792091913626,524419072,6,0.0546875,digital_music,2,,digital_music,itemknn,none,2
train,itemknn,0.3286798000008275,0.328125,0.296875,0.03125,0.9983120349932484,524419072,1,0.328125,digital_music,2,,digital_music,itemknn,quota_mmr,2
rerank_setup,itemknn,0.4103063000002294,0.421875,0.28125,0.140625,1.0281952775274572,524419072,3,0.140625,digital_music,2,,digital_music,itemknn,quota_mmr,2
retrieve_score,itemknn,0.3196005999998306,0.3125,0.234375,0.078125,0.9777828952766848,524419072,13,0.0240384615384615,digital_music,2,,digital_music,itemknn,quota_mmr,2
retrieve_select,itemknn,0.3400142999998934,0.34375,0.265625,0.078125,1.0109868908457902,524419072,6,0.0572916666666666,digital_music,2,,digital_music,itemknn,quota_mmr,2
rerank,itemknn,0.6602802999987034,0.65625,0.609375,0.046875,0.9938960771679676,524419072,1,0.65625,digital_music,2,,digital_music,itemknn,quota_mmr,2
train,als,28.783393100000467,28.78125,28.765625,0.015625,0.999925543872016,524419072,1,28.78125,digital_music,2,,digital_music,als,none,2
retrieve_score,als,0.3099094000008335,0.3125,0.21875,0.09375,1.0083592172394884,524419072,12,0.0260416666666666,digital_music,2,,digital_music,als,none,2
retrieve_select,als,0.3167344000012235,0.3125,0.1875,0.125,0.9866310700662536,524419072,6,0.0520833333333333,digital_music,2,,digital_music,als,none,2
train,als,28.933995700001105,28.921875,28.921875,0.0,0.999581091387212,524419072,1,28.921875,digital_music,2,,digital_music,als,quota_mmr,2
rerank_setup,als,0.4173972999997204,0.421875,0.296875,0.125,1.010727668818851,526536704,3,0.140625,digital_music,2,,digital_music,als,quota_mmr,2
retrieve_score,als,0.309003099999245,0.3125,0.25,0.0625,1.011316714948049,526536704,12,0.0260416666666666,digital_music,2,,digital_music,als,quota_mmr,2
retrieve_select,als,0.3339205000011134,0.328125,0.15625,0.171875,0.982644072463074,526536704,6,0.0546875,digital_music,2,,digital_music,als,quota_mmr,2
rerank,als,0.5289290999990044,0.53125,0.515625,0.015625,1.0043879226932304,526536704,1,0.53125,digital_music,2,,digital_music,als,quota_mmr,2
train,popularity,0.3096353999990242,0.3125,0.3125,0.0,1.0092515261529682,526536704,3755,8.322237017310254e-05,gift_cards,3,,gift_cards,popularity,none,3
retrieve_score,popularity,0.3219675000000279,0.3125,0.296875,0.015625,0.9705948581765952,526536704,32,0.009765625,gift_cards,3,,gift_cards,popularity,none,3
retrieve_select,popularity,0.3035014999986742,0.3125,0.3125,0.0,1.0296489473737858,526536704,142,0.0022007042253521,gift_cards,3,,gift_cards,popularity,none,3
train,popularity,0.3101186000003508,0.3125,0.3125,0.0,1.0076789976468563,526536704,3897,8.018988965871183e-05,gift_cards,3,,gift_cards,popularity,quota_mmr,3
rerank_setup,popularity,0.3121993000004295,0.3125,0.3125,0.0,1.0009631667962422,526536704,637,0.0004905808477237,gift_cards,3,,gift_cards,popularity,quota_mmr,3
retrieve_score,popularity,0.3141618000008748,0.3125,0.3125,0.0,0.9947103689854396,526536704,31,0.0100806451612903,gift_cards,3,,gift_cards,popularity,quota_mmr,3
retrieve_select,popularity,0.3117599999986851,0.3125,0.3125,0.0,1.0023736207381255,526536704,139,0.0022482014388489,gift_cards,3,,gift_cards,popularity,quota_mmr,3
rerank,popularity,0.3118567000001349,0.3125,0.3125,0.0,1.0020628064103316,526536704,1,0.3125,gift_cards,3,,gift_cards,popularity,quota_mmr,3
train,itemknn,0.3015300000006391,0.3125,0.3125,0.0,1.0363811229374775,526536704,165,0.0018939393939393,gift_cards,3,,gift_cards,itemknn,none,3
retrieve_score,itemknn,0.3138660000004165,0.3125,0.3125,0.0,0.9956478242294012,526536704,31,0.0100806451612903,gift_cards,3,,gift_cards,itemknn,none,3
retrieve_select,itemknn,0.3107713999997941,0.3125,0.3125,0.0,1.0055622879074686,526536704,134,0.0023320895522388,gift_cards,3,,gift_cards,itemknn,none,3
train,itemknn,0.3046508000006724,0.3125,0.296875,0.015625,1.0257645802975413,526536704,168,0.001860119047619,gift_cards,3,,gift_cards,itemknn,quota_mmr,3
rerank_setup,itemknn,0.3121289999999135,0.3125,0.3125,0.0,1.0011886111193982,526536704,652,0.0004792944785276,gift_cards,3,,gift_cards,itemknn,quota_mmr,3
retrieve_score,itemknn,0.3170133000003261,0.3125,0.3125,0.0,0.9857630578896168,526536704,31,0.0100806451612903,gift_cards,3,,gift_cards,itemknn,quota_mmr,3
retrieve_select,itemknn,0.3093411000008927,0.3125,0.3125,0.0,1.0102117048109616,526536704,133,0.0023496240601503,gift_cards,3,,gift_cards,itemknn,quota_mmr,3
rerank,itemknn,0.3339926000007835,0.328125,0.328125,0.0,0.9824319460947044,526536704,1,0.328125,gift_cards,3,,gift_cards,itemknn,quota_mmr,3
train,als,0.6183118999997532,0.609375,0.609375,0.0,0.985546291443272,526536704,1,0.609375,gift_cards,3,,gift_cards,als,none,3
retrieve_score,als,0.3081820999996125,0.3125,0.3125,0.0,1.0140108721447252,526536704,30,0.0104166666666666,gift_cards,3,,gift_cards,als,none,3
retrieve_select,als,0.321754200000214,0.3125,0.3125,0.0,0.9712382930814644,526536704,136,0.002297794117647,gift_cards,3,,gift_cards,als,none,3
train,als,0.6180418000003556,0.625,0.625,0.0,1.0112584618057232,526536704,1,0.625,gift_cards,3,,gift_cards,als,quota_mmr,3
rerank_setup,als,0.3130206000005273,0.3125,0.3125,0.0,0.9983368506720438,526536704,648,0.0004822530864197,gift_cards,3,,gift_cards,als,quota_mmr,3
retrieve_score,als,0.3183442999998078,0.3125,0.3125,0.0,0.9816415748615214,526536704,31,0.0100806451612903,gift_cards,3,,gift_cards,als,quota_mmr,3
retrieve_select,als,0.3056118999993487,0.3125,0.3125,0.0,1.0225387165901132,526536704,131,0.0023854961832061,gift_cards,3,,gift_cards,als,quota_mmr,3
rerank,als,0.4166126000000076,0.40625,0.359375,0.046875,0.9751265324188289,526536704,1,0.40625,gift_cards,3,,gift_cards,als,quota_mmr,3
train,popularity,0.2979762000013579,0.3125,0.296875,0.015625,1.0487414766634915,526536704,3095,0.0001009693053311,software,3,,software,popularity,none,3
retrieve_score,popularity,0.3182003000001714,0.3125,0.28125,0.03125,0.982085811986449,526536704,30,0.0104166666666666,software,3,,software,popularity,none,3
retrieve_select,popularity,0.3085295000000769,0.3125,0.3125,0.0,1.0128691097607263,526536704,51,0.0061274509803921,software,3,,software,popularity,none,3
train,popularity,0.3053949999994074,0.3125,0.3125,0.0,1.0232649519494632,526536704,3163,9.879860891558646e-05,software,3,,software,popularity,quota_mmr,3
rerank_setup,popularity,0.321881800000483,0.3125,0.109375,0.203125,0.9708532759526356,526536704,35,0.0089285714285714,software,3,,software,popularity,quota_mmr,3
retrieve_score,popularity,0.3081742999984271,0.3125,0.3125,0.0,1.0140365371206974,526536704,29,0.0107758620689655,software,3,,software,popularity,quota_mmr,3
retrieve_select,popularity,0.309964599999148,0.3125,0.28125,0.03125,1.0081796437427335,526536704,53,0.0058962264150943,software,3,,software,popularity,quota_mmr,3
rerank,popularity,0.4534121999986382,0.453125,0.4375,0.015625,0.9993665807875504,526536704,1,0.453125,software,3,,software,popularity,quota_mmr,3
train,itemknn,0.3213675999995757,0.328125,0.296875,0.03125,1.0210270108138877,526536704,15,0.021875,software,3,,software,itemknn,none,3
retrieve_score,itemknn,0.3086309999998775,0.3125,0.3125,0.0,1.0125360057807673,526536704,27,0.011574074074074,software,3,,software,itemknn,none,3
retrieve_select,itemknn,0.3122593999996752,0.3125,0.25,0.0625,1.0007705132345897,526536704,45,0.0069444444444444,software,3,,software,itemknn,none,3
train,itemknn,0.3224725000000035,0.3125,0.21875,0.09375,0.9690748823542988,526536704,15,0.0208333333333333,software,3,,software,itemknn,quota_mmr,3
rerank_setup,itemknn,0.3099540999992314,0.3125,0.140625,0.171875,1.0082137968195126,526536704,33,0.0094696969696969,software,3,,software,itemknn,quota_mmr,3
retrieve_score,itemknn,0.307905199999368,0.3125,0.28125,0.03125,1.0149227749341077,526536704,27,0.011574074074074,software,3,,software,itemknn,quota_mmr,3
retrieve_select,itemknn,0.3082278999991104,0.3125,0.234375,0.078125,1.013860198901209,526536704,44,0.0071022727272727,software,3,,software,itemknn,quota_mmr,3
rerank,itemknn,0.6155197999996744,0.609375,0.609375,0.0,0.9900168930395452,526536704,1,0.609375,software,3,,software,itemknn,quota_mmr,3
train,als,2.665441600000122,2.671875,2.671875,0.0,1.0024136338233325,526536704,1,2.671875,software,3,,software,als,none,3
retrieve_score,als,0.3144341999995959,0.3125,0.296875,0.015625,0.9938486335150618,526536704,28,0.0111607142857142,software,3,,software,als,none,3
retrieve_select,als,0.3058612000004359,0.3125,0.234375,0.078125,1.0217052702322316,526536704,46,0.0067934782608695,software,3,,software,als,none,3
train,als,2.563902200001394,2.5625,2.5625,0.0,0.9994530992635394,526536704,1,2.5625,software,3,,software,als,quota_mmr,3
rerank_setup,als,0.3044423999999708,0.3125,0.140625,0.171875,1.0264667470760642,526536704,33,0.0094696969696969,software,3,,software,als,quota_mmr,3
retrieve_score,als,0.3192839999992429,0.3125,0.296875,0.015625,0.9787524586284968,526536704,28,0.0111607142857142,software,3,,software,als,quota_mmr,3
retrieve_select,als,0.3071445000005042,0.3125,0.21875,0.09375,1.0174364183616735,526536704,46,0.0067934782608695,software,3,,software,als,quota_mmr,3
rerank,als,0.6849104000011721,0.671875,0.65625,0.015625,0.9809677294998737,526536704,1,0.671875,software,3,,software,als,quota_mmr,3
train,popularity,0.2981346999986272,0.3125,0.3125,0.0,1.0481839249219864,526536704,1941,0.0001609994848016,ml100k,3,,ml100k,popularity,none,3
retrieve_score,popularity,0.3182053999989875,0.3125,0.28125,0.03125,0.9820700717240948,526536704,29,0.0107758620689655,ml100k,3,,ml100k,popularity,none,3
retrieve_select,popularity,0.3131223999989743,0.3125,0.265625,0.046875,0.998012278907621,526536704,33,0.0094696969696969,ml100k,3,,ml100k,popularity,none,3
train,popularity,0.3133895000009943,0.3125,0.3125,0.0,0.9971616789937396,526536704,2022,0.000154549950544,ml100k,3,,ml100k,popularity,quota_mmr,3
rerank_setup,popularity,0.3548513999994611,0.34375,0.296875,0.046875,0.9687153552177672,526536704,4,0.0859375,ml100k,3,,ml100k,popularity,quota_mmr,3
retrieve_score,popularity,0.3104294000004302,0.3125,0.3125,0.0,1.0066701156513105,526536704,28,0.0111607142857142,ml100k,3,,ml100k,popularity,quota_mmr,3
retrieve_select,popularity,0.3043030999997427,0.3125,0.203125,0.109375,1.0269366299596168,526536704,31,0.0100806451612903,ml100k,3,,ml100k,popularity,quota_mmr,3
rerank,popularity,0.4965888000006089,0.484375,0.484375,0.0,0.9754046003442004,526536704,1,0.484375,ml100k,3,,ml100k,popularity,quota_mmr,3
train,itemknn,0.3864044999991165,0.390625,0.359375,0.03125,1.0109224918469977,526536704,2,0.1953125,ml100k,3,,ml100k,itemknn,none,3
retrieve_score,itemknn,0.3188368999999511,0.3125,0.3125,0.0,0.980124947896708,526536704,12,0.0260416666666666,ml100k,3,,ml100k,itemknn,none,3
retrieve_select,itemknn,0.3060129000004963,0.3125,0.265625,0.046875,1.0211987795269193,526536704,33,0.0094696969696969,ml100k,3,,ml100k,itemknn,none,3
train,itemknn,0.3825419000004331,0.390625,0.328125,0.0625,1.0211299729508263,526536704,2,0.1953125,ml100k,3,,ml100k,itemknn,quota_mmr,3
rerank_setup,itemknn,0.3608731999993324,0.359375,0.28125,0.078125,0.9958484032637082,526536704,4,0.08984375,ml100k,3,,ml100k,itemknn,quota_mmr,3
retrieve_score,itemknn,0.306696000001466,0.3125,0.265625,0.046875,1.0189242768034348,526536704,11,0.0284090909090909,ml100k,3,,ml100k,itemknn,quota_mmr,3
retrieve_select,itemknn,0.316002200001094,0.3125,0.234375,0.078125,0.9889171657631436,526536704,34,0.0091911764705882,ml100k,3,,ml100k,itemknn,quota_mmr,3
rerank,itemknn,0.5321828000014648,0.53125,0.53125,0.0,0.9982472188100364,526536704,1,0.53125,ml100k,3,,ml100k,itemknn,quota_mmr,3
train,als,3.388397000000623,3.359375,3.359375,0.0,0.9914348879424052,526536704,1,3.359375,ml100k,3,,ml100k,als,none,3
retrieve_score,als,0.3149278000000777,0.3125,0.3125,0.0,0.9922909314449944,526536704,25,0.0125,ml100k,3,,ml100k,als,none,3
retrieve_select,als,0.313645299998825,0.3125,0.28125,0.03125,0.9963484228877992,526536704,33,0.0094696969696969,ml100k,3,,ml100k,als,none,3
train,als,3.382563200000732,3.390625,3.390625,0.0,1.0023833405386977,526536704,1,3.390625,ml100k,3,,ml100k,als,quota_mmr,3
rerank_setup,als,0.3544411000002583,0.359375,0.265625,0.09375,1.0139202253907296,526536704,4,0.08984375,ml100k,3,,ml100k,als,quota_mmr,3
retrieve_score,als,0.321202600000106,0.3125,0.265625,0.046875,0.9729061968984586,526536704,26,0.0120192307692307,ml100k,3,,ml100k,als,quota_mmr,3
retrieve_select,als,0.30980129999989,0.3125,0.21875,0.09375,1.0087110673845168,526536704,32,0.009765625,ml100k,3,,ml100k,als,quota_mmr,3
rerank,als,0.6055317999998806,0.609375,0.59375,0.015625,1.0063468177891235,526536704,1,0.609375,ml100k,3,,ml100k,als,quota_mmr,3
train,multvae,1.143764899999951,1.140625,1.125,0.015625,0.9972547680035022,526536704,1,1.140625,ml100k,3,,ml100k,multvae,none,3
retrieve_score,multvae,0.3084793999987596,0.3125,0.296875,0.015625,1.0130336093796102,526536704,17,0.0183823529411764,ml100k,3,,ml100k,multvae,none,3
retrieve_select,multvae,0.3081621999990602,0.3125,0.265625,0.046875,1.0140763533001549,526536704,32,0.009765625,ml100k,3,,ml100k,multvae,none,3
train,multvae,1.145129900000029,1.140625,1.125,0.015625,0.996066035827002,526536704,1,1.140625,ml100k,3,,ml100k,multvae,quota_mmr,3
rerank_setup,multvae,0.3528031000005285,0.359375,0.3125,0.046875,1.0186276707870812,526536704,4,0.08984375,ml100k,3,,ml100k,multvae,quota_mmr,3
retrieve_score,multvae,0.3061142999995354,0.3125,0.28125,0.03125,1.0208605086416227,526536704,17,0.0183823529411764,ml100k,3,,ml100k,multvae,quota_mmr,3
retrieve_select,multvae,0.319567200000165,0.3125,0.25,0.0625,0.9778850895831568,526536704,33,0.0094696969696969,ml100k,3,,ml100k,multvae,quota_mmr,3
rerank,multvae,0.5423000999999203,0.546875,0.546875,0.0,1.0084361039212058,526536704,1,0.546875,ml100k,3,,ml100k,multvae,quota_mmr,3
train,gru4rec,79.5338783999996,79.359375,79.359375,0.0,0.997805923670389,526536704,1,79.359375,ml100k,3,,ml100k,gru4rec,none,3
retrieve_score,gru4rec,0.3197450999996363,0.328125,0.296875,0.03125,1.0262080638620366,526536704,10,0.0328125,ml100k,3,,ml100k,gru4rec,none,3
retrieve_select,gru4rec,0.3125292999993689,0.3125,0.265625,0.046875,0.9999062487921324,526536704,32,0.009765625,ml100k,3,,ml100k,gru4rec,none,3
train,gru4rec,79.57833949999986,79.421875,79.421875,0.0,0.9980338305500852,526536704,1,79.421875,ml100k,3,,ml100k,gru4rec,quota_mmr,3
rerank_setup,gru4rec,0.3540767000013147,0.34375,0.25,0.09375,0.9708348501856338,526536704,4,0.0859375,ml100k,3,,ml100k,gru4rec,quota_mmr,3
retrieve_score,gru4rec,0.3208653999990929,0.328125,0.328125,0.0,1.0226250633472092,526536704,10,0.0328125,ml100k,3,,ml100k,gru4rec,quota_mmr,3
retrieve_select,gru4rec,0.3085981000003812,0.3125,0.25,0.0625,1.0126439534125904,526536704,32,0.009765625,ml100k,3,,ml100k,gru4rec,quota_mmr,3
rerank,gru4rec,0.5790993999999046,0.578125,0.5625,0.015625,0.9983173873088028,526536704,1,0.578125,ml100k,3,,ml100k,gru4rec,quota_mmr,3
train,popularity,0.2982205000007525,0.3125,0.3125,0.0,1.047882355502762,526536704,2386,0.000130972338642,luxury_beauty,3,,luxury_beauty,popularity,none,3
retrieve_score,popularity,0.3175460000002204,0.3125,0.3125,0.0,0.9841093888752594,526536704,30,0.0104166666666666,luxury_beauty,3,,luxury_beauty,popularity,none,3
retrieve_select,popularity,0.3077576999985467,0.3125,0.25,0.0625,1.015409200164531,526536704,35,0.0089285714285714,luxury_beauty,3,,luxury_beauty,popularity,none,3
train,popularity,0.3268482999992557,0.3125,0.3125,0.0,0.956101041372134,526536704,2633,0.0001186859096088,luxury_beauty,3,,luxury_beauty,popularity,quota_mmr,3
rerank_setup,popularity,0.3251880000007077,0.3125,0.171875,0.140625,0.9609825700804456,526536704,10,0.03125,luxury_beauty,3,,luxury_beauty,popularity,quota_mmr,3
retrieve_score,popularity,0.3099511000000348,0.3125,0.296875,0.015625,1.008223555263927,526536704,29,0.0107758620689655,luxury_beauty,3,,luxury_beauty,popularity,quota_mmr,3
retrieve_select,popularity,0.3063813999997364,0.3125,0.234375,0.078125,1.019970533460154,526536704,33,0.0094696969696969,luxury_beauty,3,,luxury_beauty,popularity,quota_mmr,3
rerank,popularity,0.821684999998979,0.8125,0.78125,0.03125,0.988821750428704,526536704,1,0.8125,luxury_beauty,3,,luxury_beauty,popularity,quota_mmr,3
train,itemknn,0.353108000001157,0.34375,0.234375,0.109375,0.9734981931841636,526536704,5,0.06875,luxury_beauty,3,,luxury_beauty,itemknn,none,3
retrieve_score,itemknn,0.3111177999999199,0.3125,0.265625,0.046875,1.004442690196705,526536704,25,0.0125,luxury_beauty,3,,luxury_beauty,itemknn,none,3
retrieve_select,itemknn,0.3011045000002923,0.3125,0.296875,0.015625,1.0378456648761365,526536704,28,0.0111607142857142,luxury_beauty,3,,luxury_beauty,itemknn,none,3
train,itemknn,0.3534980000003997,0.34375,0.296875,0.046875,0.9724241721300014,526536704,5,0.06875,luxury_beauty,3,,luxury_beauty,itemknn,quota_mmr,3
rerank_setup,itemknn,0.2984969999997702,0.3125,0.171875,0.140625,1.0469116942556895,526536704,9,0.0347222222222222,luxury_beauty,3,,luxury_beauty,itemknn,quota_mmr,3
retrieve_score,itemknn,0.3141446999998152,0.3125,0.265625,0.046875,0.9947645145698268,526536704,25,0.0125,luxury_beauty,3,,luxury_beauty,itemknn,quota_mmr,3
retrieve_select,itemknn,0.3158955000017158,0.3125,0.21875,0.09375,0.9892511922401636,526536704,30,0.0104166666666666,luxury_beauty,3,,luxury_beauty,itemknn,quota_mmr,3
rerank,itemknn,0.6121672999997827,0.609375,0.59375,0.015625,0.9954386652149116,526536704,1,0.609375,luxury_beauty,3,,luxury_beauty,itemknn,quota_mmr,3
train,als,5.152874900000825,5.15625,5.15625,0.0,1.000654993584101,526536704,1,5.15625,luxury_beauty,3,,luxury_beauty,als,none,3
retrieve_score,als,0.3054017000013118,0.3125,0.265625,0.046875,1.0232425032298695,526536704,25,0.0125,luxury_beauty,3,,luxury_beauty,als,none,3
retrieve_select,als,0.3165035000001808,0.3125,0.265625,0.046875,0.9873508507799172,526536704,33,0.0094696969696969,luxury_beauty,3,,luxury_beauty,als,none,3
train,als,5.09737320000022,5.078125,5.078125,0.0,0.996223898222673,526536704,1,5.078125,luxury_beauty,3,,luxury_beauty,als,quota_mmr,3
rerank_setup,als,0.3303869999999733,0.328125,0.171875,0.15625,0.993153483641991,526536704,10,0.0328125,luxury_beauty,3,,luxury_beauty,als,quota_mmr,3
retrieve_score,als,0.3024922000004153,0.3125,0.3125,0.0,1.03308448944988,526536704,25,0.0125,luxury_beauty,3,,luxury_beauty,als,quota_mmr,3
retrieve_select,als,0.3154362999994191,0.3125,0.25,0.0625,0.990691305980242,526536704,33,0.0094696969696969,luxury_beauty,3,,luxury_beauty,als,quota_mmr,3
rerank,als,0.6426414999987173,0.640625,0.609375,0.03125,0.9968621696564548,526536704,1,0.640625,luxury_beauty,3,,luxury_beauty,als,quota_mmr,3
train,popularity,0.2994806000006065,0.3125,0.3125,0.0,1.0434732667136606,526536704,976,0.0003201844262295,digital_music,3,,digital_music,popularity,none,3
retrieve_score,popularity,0.3218965000014577,0.3125,0.265625,0.046875,0.9708089401363008,526536704,22,0.0142045454545454,digital_music,3,,digital_music,popularity,none,3
retrieve_select,popularity,0.3088286999991396,0.3125,0.1875,0.125,1.011887820014366,526536704,6,0.0520833333333333,digital_music,3,,digital_music,popularity,none,3
train,popularity,0.31266770000002,0.3125,0.3125,0.0,0.9994636478279656,526536704,1020,0.0003063725490196,digital_music,3,,digital_music,popularity,quota_mmr,3
rerank_setup,popularity,0.4249540999990131,0.421875,0.3125,0.109375,0.9927542762876738,526536704,3,0.140625,digital_music,3,,digital_music,popularity,quota_mmr,3
retrieve_score,popularity,0.324020300000484,0.3125,0.234375,0.078125,0.9644457461447112,526536704,22,0.0142045454545454,digital_music,3,,digital_music,popularity,quota_mmr,3
retrieve_select,popularity,0.3222482000001037,0.328125,0.28125,0.046875,1.0182368745578545,526536704,6,0.0546875,digital_music,3,,digital_music,popularity,quota_mmr,3
rerank,popularity,1.158093199999712,1.15625,0.96875,0.1875,0.9984084182519054,526536704,1,1.15625,digital_music,3,,digital_music,popularity,quota_mmr,3
train,itemknn,0.3237680999991426,0.328125,0.28125,0.046875,1.013456853843442,526536704,1,0.328125,digital_music,3,,digital_music,itemknn,none,3
retrieve_score,itemknn,0.3237077000012505,0.328125,0.25,0.078125,1.0136459528109232,526536704,13,0.0252403846153846,digital_music,3,,digital_music,itemknn,none,3
retrieve_select,itemknn,0.3112233000010747,0.3125,0.203125,0.109375,1.0041021992855963,526536704,6,0.0520833333333333,digital_music,3,,digital_music,itemknn,none,3
train,itemknn,0.3269160999989253,0.328125,0.265625,0.0625,1.0036978906853429,526536704,1,0.328125,digital_music,3,,digital_music,itemknn,quota_mmr,3
rerank_setup,itemknn,0.4166636000009021,0.421875,0.265625,0.15625,1.0125074520526551,526536704,3,0.140625,digital_music,3,,digital_music,itemknn,quota_mmr,3
retrieve_score,itemknn,0.3269220000001951,0.328125,0.234375,0.09375,1.003679776826901,526536704,13,0.0252403846153846,digital_music,3,,digital_music,itemknn,quota_mmr,3
retrieve_select,itemknn,0.3591329999999288,0.359375,0.21875,0.140625,1.0006738450659538,526536704,7,0.0513392857142857,digital_music,3,,digital_music,itemknn,quota_mmr,3
rerank,itemknn,0.658448899999712,0.65625,0.625,0.03125,0.9966604849674546,526536704,1,0.65625,digital_music,3,,digital_music,itemknn,quota_mmr,3
train,als,28.815495400000145,28.734375,28.734375,0.0,0.9971848341014417,526536704,1,28.734375,digital_music,3,,digital_music,als,none,3
retrieve_score,als,0.3082534000004671,0.3125,0.234375,0.078125,1.0137763281752172,526536704,12,0.0260416666666666,digital_music,3,,digital_music,als,none,3
retrieve_select,als,0.3248776000000362,0.328125,0.25,0.078125,1.0099957645586013,526536704,6,0.0546875,digital_music,3,,digital_music,als,none,3
train,als,28.53524449999896,28.5,28.5,0.0,0.9987648782894096,526536704,1,28.5,digital_music,3,,digital_music,als,quota_mmr,3
rerank_setup,als,0.4072298999999475,0.40625,0.25,0.15625,0.9975937425028278,526536704,3,0.1354166666666666,digital_music,3,,digital_music,als,quota_mmr,3
retrieve_score,als,0.3049926999992749,0.3125,0.21875,0.09375,1.0246146875015136,526536704,12,0.0260416666666666,digital_music,3,,digital_music,als,quota_mmr,3
retrieve_select,als,0.3229330000012851,0.3125,0.171875,0.140625,0.967692988944321,526536704,6,0.0520833333333333,digital_music,3,,digital_music,als,quota_mmr,3
rerank,als,0.5147983999995631,0.515625,0.453125,0.0625,1.0016056770969717,526536704,1,0.515625,digital_music,3,,digital_music,als,quota_mmr,3
train,popularity,0.2986698000004253,0.3125,0.3125,0.0,1.0463059874133742,526536704,3801,8.221520652459879e-05,gift_cards,4,,gift_cards,popularity,none,4
retrieve_score,popularity,0.3040473000000929,0.3125,0.3125,0.0,1.0278006086549838,526536704,30,0.0104166666666666,gift_cards,4,,gift_cards,popularity,none,4
retrieve_select,popularity,0.3051742000006925,0.3125,0.3125,0.0,1.024005305819728,526536704,144,0.0021701388888888,gift_cards,4,,gift_cards,popularity,none,4
train,popularity,0.312707600000067,0.3125,0.3125,0.0,0.9993361210278644,526536704,4016,7.781374501992032e-05,gift_cards,4,,gift_cards,popularity,quota_mmr,4
rerank_setup,popularity,0.3122260999989521,0.3125,0.3125,0.0,1.0008772488944673,526536704,643,0.0004860031104199,gift_cards,4,,gift_cards,popularity,quota_mmr,4
retrieve_score,popularity,0.3196098000007623,0.3125,0.3125,0.0,0.9777547496955808,526536704,32,0.009765625,gift_cards,4,,gift_cards,popularity,quota_mmr,4
retrieve_select,popularity,0.3070477000001119,0.3125,0.3125,0.0,1.017757175839083,526536704,145,0.0021551724137931,gift_cards,4,,gift_cards,popularity,quota_mmr,4
rerank,popularity,0.5994916999989073,0.59375,0.59375,0.0,0.990422386166618,526536704,2,0.296875,gift_cards,4,,gift_cards,popularity,quota_mmr,4
train,itemknn,0.3088219000001118,0.3125,0.3125,0.0,1.011910100934833,526536704,168,0.001860119047619,gift_cards,4,,gift_cards,itemknn,none,4
retrieve_score,itemknn,0.3122700999992958,0.3125,0.3125,0.0,1.000736221625781,526536704,31,0.0100806451612903,gift_cards,4,,gift_cards,itemknn,none,4
retrieve_select,itemknn,0.3127752000000328,0.3125,0.3125,0.0,0.9991201348443458,526536704,136,0.002297794117647,gift_cards,4,,gift_cards,itemknn,none,4
train,itemknn,0.3094830000009096,0.3125,0.3125,0.0,1.0097485160706128,526536704,171,0.0018274853801169,gift_cards,4,,gift_cards,itemknn,quota_mmr,4
rerank_setup,itemknn,0.3118133999996644,0.3125,0.3125,0.0,1.0022019579669648,526536704,648,0.0004822530864197,gift_cards,4,,gift_cards,itemknn,quota_mmr,4
retrieve_score,itemknn,0.3119228999985353,0.3125,0.3125,0.0,1.0018501366891224,526536704,31,0.0100806451612903,gift_cards,4,,gift_cards,itemknn,quota_mmr,4
retrieve_select,itemknn,0.3151280999991286,0.3125,0.3125,0.0,0.991660216911358,526536704,137,0.0022810218978102,gift_cards,4,,gift_cards,itemknn,quota_mmr,4
rerank,itemknn,0.3274534000011044,0.328125,0.328125,0.0,1.002050978853459,526536704,1,0.328125,gift_cards,4,,gift_cards,itemknn,quota_mmr,4
train,als,0.611746000000494,0.59375,0.59375,0.0,0.9705825620429404,526536704,1,0.59375,gift_cards,4,,gift_cards,als,none,4
retrieve_score,als,0.3145750999992742,0.3125,0.3125,0.0,0.9934034829861644,526536704,31,0.0100806451612903,gift_cards,4,,gift_cards,als,none,4
retrieve_select,als,0.3114002000002074,0.3125,0.3125,0.0,1.003531789638516,526536704,133,0.0023496240601503,gift_cards,4,,gift_cards,als,none,4
train,als,0.6085124000001088,0.609375,0.609375,0.0,1.001417555336409,526536704,1,0.609375,gift_cards,4,,gift_cards,als,quota_mmr,4
rerank_setup,als,0.305474900000263,0.3125,0.3125,0.0,1.0229973068154894,526536704,636,0.0004913522012578,gift_cards,4,,gift_cards,als,quota_mmr,4
retrieve_score,als,0.3203224999997474,0.3125,0.3125,0.0,0.9755792989885084,526536704,32,0.009765625,gift_cards,4,,gift_cards,als,quota_mmr,4
retrieve_select,als,0.3063333000009152,0.3125,0.3125,0.0,1.020130687715199,526536704,131,0.0023854961832061,gift_cards,4,,gift_cards,als,quota_mmr,4
rerank,als,0.3932570000015403,0.390625,0.390625,0.0,0.9933071757107184,526536704,1,0.390625,gift_cards,4,,gift_cards,als,quota_mmr,4
train,popularity,0.3077729000015097,0.3125,0.3125,0.0,1.0153590520753033,526536704,3263,9.57707631014404e-05,software,4,,software,popularity,none,4
retrieve_score,popularity,0.3140923000009934,0.3125,0.28125,0.03125,0.994930471071757,526536704,30,0.0104166666666666,software,4,,software,popularity,none,4
retrieve_select,popularity,0.3109817999993538,0.3125,0.234375,0.078125,1.0048819577243726,526536704,52,0.0060096153846153,software,4,,software,popularity,none,4
train,popularity,0.3019361999995453,0.3125,0.296875,0.015625,1.0349868614643445,526536704,3136,9.964923469387755e-05,software,4,,software,popularity,quota_mmr,4
rerank_setup,popularity,0.3180763000000297,0.3125,0.171875,0.140625,0.982468671824876,526536704,35,0.0089285714285714,software,4,,software,popularity,quota_mmr,4
retrieve_score,popularity,0.3145216000011714,0.3125,0.3125,0.0,0.9935724605204732,526536704,30,0.0104166666666666,software,4,,software,popularity,quota_mmr,4
retrieve_select,popularity,0.306252599999425,0.3125,0.234375,0.078125,1.0203995002837094,526536704,52,0.0060096153846153,software,4,,software,popularity,quota_mmr,4
rerank,popularity,0.4463195000007545,0.4375,0.4375,0.0,0.980239492111056,526536704,1,0.4375,software,4,,software,popularity,quota_mmr,4
train,itemknn,0.3236984000013763,0.3125,0.234375,0.078125,0.9654048336311558,526536704,15,0.0208333333333333,software,4,,software,itemknn,none,4
retrieve_score,itemknn,0.3105089000000589,0.3125,0.3125,0.0,1.006412376585472,526536704,27,0.011574074074074,software,4,,software,itemknn,none,4
retrieve_select,itemknn,0.3085468999997829,0.3125,0.25,0.0625,1.0128119906575626,526536704,44,0.0071022727272727,software,4,,software,itemknn,none,4
train,itemknn,0.3230858999995689,0.3125,0.25,0.0625,0.96723502944702,526536704,15,0.0208333333333333,software,4,,software,itemknn,quota_mmr,4
rerank_setup,itemknn,0.3000676000010571,0.3125,0.140625,0.171875,1.041431997319601,526536704,33,0.0094696969696969,software,4,,software,itemknn,quota_mmr,4
retrieve_score,itemknn,0.3202679000005446,0.3125,0.3125,0.0,0.9757456179638004,526536704,28,0.0111607142857142,software,4,,software,itemknn,quota_mmr,4
retrieve_select,itemknn,0.3065744999985327,0.3125,0.28125,0.03125,1.019328091545434,526536704,43,0.0072674418604651,software,4,,software,itemknn,quota_mmr,4
rerank,itemknn,0.6222610999993776,0.625,0.625,0.0,1.0044015285554972,526536704,1,0.625,software,4,,software,itemknn,quota_mmr,4
train,als,2.570143000000826,2.5625,2.5625,0.0,0.9970262355048636,526536704,1,2.5625,software,4,,software,als,none,4
retrieve_score,als,0.3131441999994422,0.3125,0.3125,0.0,0.9979428007945116,526536704,28,0.0111607142857142,software,4,,software,als,none,4
retrieve_select,als,0.304598700000497,0.3125,0.3125,0.0,1.0259400319157306,526536704,46,0.0067934782608695,software,4,,software,als,none,4
train,als,2.511432799999966,2.515625,2.515625,0.0,1.001669246336209,526536704,1,2.515625,software,4,,software,als,quota_mmr,4
rerank_setup,als,0.3116290999987541,0.3125,0.1875,0.125,1.002794668409495,526536704,34,0.0091911764705882,software,4,,software,als,quota_mmr,4
retrieve_score,als,0.3156773999999132,0.3125,0.296875,0.015625,0.989934661144846,526536704,28,0.0111607142857142,software,4,,software,als,quota_mmr,4
retrieve_select,als,0.3113985999989381,0.3125,0.203125,0.109375,1.0035369458984902,526536704,47,0.0066489361702127,software,4,,software,als,quota_mmr,4
rerank,als,0.668913600000451,0.671875,0.625,0.046875,1.0044271786364445,526536704,1,0.671875,software,4,,software,als,quota_mmr,4
train,popularity,0.300929899998664,0.3125,0.3125,0.0,1.0384478245644162,526536704,1941,0.0001609994848016,ml100k,4,,ml100k,popularity,none,4
retrieve_score,popularity,0.3192902999999205,0.3125,0.3125,0.0,0.9787331466069524,526536704,29,0.0107758620689655,ml100k,4,,ml100k,popularity,none,4
retrieve_select,popularity,0.3135822000003827,0.3125,0.234375,0.078125,0.9965489112571396,526536704,33,0.0094696969696969,ml100k,4,,ml100k,popularity,none,4
train,popularity,0.3187077999991743,0.3125,0.3125,0.0,0.9805219702837822,526536704,2073,0.0001507477086348,ml100k,4,,ml100k,popularity,quota_mmr,4
rerank_setup,popularity,0.3511677999995299,0.34375,0.296875,0.046875,0.9788767648983197,526536704,4,0.0859375,ml100k,4,,ml100k,popularity,quota_mmr,4
retrieve_score,popularity,0.3088435000008758,0.3125,0.3125,0.0,1.0118393296252433,526536704,28,0.0111607142857142,ml100k,4,,ml100k,popularity,quota_mmr,4
retrieve_select,popularity,0.3185413999999582,0.3125,0.296875,0.015625,0.9810341764054562,526536704,33,0.0094696969696969,ml100k,4,,ml100k,popularity,quota_mmr,4
rerank,popularity,0.4910804000010103,0.5,0.5,0.0,1.018163217263347,526536704,1,0.5,ml100k,4,,ml100k,popularity,quota_mmr,4
train,itemknn,0.382852400000047,0.375,0.34375,0.03125,0.9794897459176276,526536704,2,0.1875,ml100k,4,,ml100k,itemknn,none,4
retrieve_score,itemknn,0.3256583999991562,0.328125,0.296875,0.03125,1.0075741943117391,526536704,13,0.0252403846153846,ml100k,4,,ml100k,itemknn,none,4
retrieve_select,itemknn,0.3147060999999667,0.3125,0.21875,0.09375,0.9929899674649876,526536704,34,0.0091911764705882,ml100k,4,,ml100k,itemknn,none,4
train,itemknn,0.381413999999495,0.375,0.3125,0.0625,0.983183627240994,526536704,2,0.1875,ml100k,4,,ml100k,itemknn,quota_mmr,4
rerank_setup,itemknn,0.3534601999999722,0.359375,0.25,0.109375,1.0167339915499063,526536704,4,0.08984375,ml100k,4,,ml100k,itemknn,quota_mmr,4
retrieve_score,itemknn,0.3316508000007161,0.328125,0.328125,0.0,0.9893689386526174,526536704,13,0.0252403846153846,ml100k,4,,ml100k,itemknn,quota_mmr,4
retrieve_select,itemknn,0.3076014999987819,0.3125,0.234375,0.078125,1.0159248248179462,526536704,31,0.0100806451612903,ml100k,4,,ml100k,itemknn,quota_mmr,4
rerank,itemknn,0.5165600999989692,0.515625,0.5,0.015625,0.9981897556567548,526536704,1,0.515625,ml100k,4,,ml100k,itemknn,quota_mmr,4
train,als,3.385136900000361,3.375,3.375,0.0,0.9970054682277812,526536704,1,3.375,ml100k,4,,ml100k,als,none,4
retrieve_score,als,0.315158600000359,0.3125,0.28125,0.03125,0.9915642473333872,526536704,25,0.0125,ml100k,4,,ml100k,als,none,4
retrieve_select,als,0.3152939999999944,0.3125,0.265625,0.046875,0.9911384295292824,526536704,33,0.0094696969696969,ml100k,4,,ml100k,als,none,4
train,als,3.3837211999998544,3.375,3.375,0.0,0.9974226008928117,526536704,1,3.375,ml100k,4,,ml100k,als,quota_mmr,4
rerank_setup,als,0.370205100000021,0.375,0.265625,0.109375,1.0129520095751752,526536704,4,0.09375,ml100k,4,,ml100k,als,quota_mmr,4
retrieve_score,als,0.3084885999996913,0.3125,0.28125,0.03125,1.0130033978575308,526536704,25,0.0125,ml100k,4,,ml100k,als,quota_mmr,4
retrieve_select,als,0.3119549999992159,0.3125,0.25,0.0625,1.0017470468522236,526536704,32,0.009765625,ml100k,4,,ml100k,als,quota_mmr,4
rerank,als,0.5921648999992613,0.59375,0.578125,0.015625,1.002676788172924,526536704,1,0.59375,ml100k,4,,ml100k,als,quota_mmr,4
train,multvae,1.1423670000003767,1.140625,1.125,0.015625,0.9984750960064708,526536704,1,1.140625,ml100k,4,,ml100k,multvae,none,4
retrieve_score,multvae,0.3084616999985883,0.3125,0.296875,0.015625,1.013091738784524,526536704,17,0.0183823529411764,ml100k,4,,ml100k,multvae,none,4
retrieve_select,multvae,0.3083817000006092,0.3125,0.28125,0.03125,1.0133545537863713,526536704,32,0.009765625,ml100k,4,,ml100k,multvae,none,4
train,multvae,1.1316095999991376,1.140625,1.140625,0.0,1.0079668818653265,526536704,1,1.140625,ml100k,4,,ml100k,multvae,quota_mmr,4
rerank_setup,multvae,0.3542522000007011,0.328125,0.28125,0.046875,0.9262468941600096,526536704,4,0.08203125,ml100k,4,,ml100k,multvae,quota_mmr,4
retrieve_score,multvae,0.3061255000011442,0.3125,0.28125,0.03125,1.020823159125365,526536704,17,0.0183823529411764,ml100k,4,,ml100k,multvae,quota_mmr,4
retrieve_select,multvae,0.3108735999994678,0.3125,0.21875,0.09375,1.0052317083230449,526536704,32,0.009765625,ml100k,4,,ml100k,multvae,quota_mmr,4
rerank,multvae,0.5519134000005579,0.546875,0.53125,0.015625,0.9908710315775032,526536704,1,0.546875,ml100k,4,,ml100k,multvae,quota_mmr,4
train,gru4rec,79.00099099999898,78.796875,78.78125,0.015625,0.9974162855754686,526536704,1,78.796875,ml100k,4,,ml100k,gru4rec,none,4
retrieve_score,gru4rec,0.3195199999991018,0.3125,0.3125,0.0,0.9780295443192238,526536704,10,0.03125,ml100k,4,,ml100k,gru4rec,none,4
retrieve_select,gru4rec,0.3093764999994164,0.3125,0.296875,0.015625,1.0100961126672177,526536704,32,0.009765625,ml100k,4,,ml100k,gru4rec,none,4
train,gru4rec,78.97464929999842,78.71875,78.71875,0.0,0.9967597285677542,526536704,1,78.71875,ml100k,4,,ml100k,gru4rec,quota_mmr,4
rerank_setup,gru4rec,0.3523320999993302,0.34375,0.3125,0.03125,0.9756420150212072,526536704,4,0.0859375,ml100k,4,,ml100k,gru4rec,quota_mmr,4
retrieve_score,gru4rec,0.3206681000010576,0.328125,0.3125,0.015625,1.0232542619578242,526536704,10,0.0328125,ml100k,4,,ml100k,gru4rec,quota_mmr,4
retrieve_select,gru4rec,0.3174555999994481,0.3125,0.265625,0.046875,0.9843896280315836,526536704,33,0.0094696969696969,ml100k,4,,ml100k,gru4rec,quota_mmr,4
rerank,gru4rec,0.5802051999999094,0.578125,0.578125,0.0,0.9964147167245144,526536704,1,0.578125,ml100k,4,,ml100k,gru4rec,quota_mmr,4
train,popularity,0.3076538000004802,0.3125,0.296875,0.015625,1.015752121376405,526536704,2547,0.0001226933647428,luxury_beauty,4,,luxury_beauty,popularity,none,4
retrieve_score,popularity,0.3176048000004812,0.3125,0.3125,0.0,0.983927195053496,526536704,29,0.0107758620689655,luxury_beauty,4,,luxury_beauty,popularity,none,4
retrieve_select,popularity,0.3095486999991408,0.3125,0.25,0.0625,1.0095342025370075,526536704,35,0.0089285714285714,luxury_beauty,4,,luxury_beauty,popularity,none,4
train,popularity,0.3102343000009568,0.3125,0.3125,0.0,1.0073031898762843,526536704,2559,0.0001221180148495,luxury_beauty,4,,luxury_beauty,popularity,quota_mmr,4
rerank_setup,popularity,0.3271560000011959,0.3125,0.1875,0.125,0.9552017997495312,526536704,10,0.03125,luxury_beauty,4,,luxury_beauty,popularity,quota_mmr,4
retrieve_score,popularity,0.3022266999996645,0.3125,0.296875,0.015625,1.033992033133892,526536704,28,0.0111607142857142,luxury_beauty,4,,luxury_beauty,popularity,quota_mmr,4
retrieve_select,popularity,0.3076959000009083,0.3125,0.21875,0.09375,1.0156131427135608,526536704,35,0.0089285714285714,luxury_beauty,4,,luxury_beauty,popularity,quota_mmr,4
rerank,popularity,0.8157214000002568,0.8125,0.796875,0.015625,0.9960508575596329,526536704,1,0.8125,luxury_beauty,4,,luxury_beauty,popularity,quota_mmr,4
train,itemknn,0.3564764999991894,0.359375,0.28125,0.078125,1.0081309707675463,526536704,5,0.071875,luxury_beauty,4,,luxury_beauty,itemknn,none,4
retrieve_score,itemknn,0.3133940999996412,0.3125,0.3125,0.0,0.9971470426544654,526536704,24,0.0130208333333333,luxury_beauty,4,,luxury_beauty,itemknn,none,4
retrieve_select,itemknn,0.315241899999819,0.3125,0.3125,0.0,0.9913022348874924,526536704,30,0.0104166666666666,luxury_beauty,4,,luxury_beauty,itemknn,none,4
train,itemknn,0.3712492000013299,0.375,0.265625,0.109375,1.0101031867507235,526536704,5,0.075,luxury_beauty,4,,luxury_beauty,itemknn,quota_mmr,4
rerank_setup,itemknn,0.324208500000168,0.328125,0.125,0.203125,1.0120801891370212,526536704,10,0.0328125,luxury_beauty,4,,luxury_beauty,itemknn,quota_mmr,4
retrieve_score,itemknn,0.3239319999993313,0.3125,0.296875,0.015625,0.9647086425566016,526536704,25,0.0125,luxury_beauty,4,,luxury_beauty,itemknn,quota_mmr,4
retrieve_select,itemknn,0.3174525000013091,0.3125,0.28125,0.03125,0.984399240827246,526536704,29,0.0107758620689655,luxury_beauty,4,,luxury_beauty,itemknn,quota_mmr,4
rerank,itemknn,0.5954007000000274,0.578125,0.5625,0.015625,0.9709847502698156,526536704,1,0.578125,luxury_beauty,4,,luxury_beauty,itemknn,quota_mmr,4
train,als,5.130065600000307,5.109375,5.109375,0.0,0.9959667962140084,526536704,1,5.109375,luxury_beauty,4,,luxury_beauty,als,none,4
retrieve_score,als,0.3017640999987634,0.3125,0.3125,0.0,1.0355771279661186,526536704,25,0.0125,luxury_beauty,4,,luxury_beauty,als,none,4
retrieve_select,als,0.3153597000000445,0.3125,0.28125,0.03125,0.990931942159876,526536704,33,0.0094696969696969,luxury_beauty,4,,luxury_beauty,als,none,4
train,als,5.123595500001102,5.125,5.125,0.0,1.0002741239035942,526536704,1,5.125,luxury_beauty,4,,luxury_beauty,als,quota_mmr,4
rerank_setup,als,0.3162840999993932,0.3125,0.15625,0.15625,0.9880357564626218,526536704,10,0.03125,luxury_beauty,4,,luxury_beauty,als,quota_mmr,4
retrieve_score,als,0.3030223999994632,0.3125,0.265625,0.046875,1.0312768957032667,526536704,25,0.0125,luxury_beauty,4,,luxury_beauty,als,quota_mmr,4
retrieve_select,als,0.3129009000003862,0.3125,0.21875,0.09375,0.9987187636712272,526536704,32,0.009765625,luxury_beauty,4,,luxury_beauty,als,quota_mmr,4
rerank,als,0.6400825999990047,0.640625,0.609375,0.03125,1.0008473906352024,526536704,1,0.640625,luxury_beauty,4,,luxury_beauty,als,quota_mmr,4
train,popularity,0.3004703000005975,0.3125,0.3125,0.0,1.0400362365244704,526536704,992,0.0003150201612903,digital_music,4,,digital_music,popularity,none,4
retrieve_score,popularity,0.3227230000011332,0.3125,0.234375,0.078125,0.9683226791982682,526536704,22,0.0142045454545454,digital_music,4,,digital_music,popularity,none,4
retrieve_select,popularity,0.3197464999993826,0.328125,0.21875,0.109375,1.0262035706430983,526536704,6,0.0546875,digital_music,4,,digital_music,popularity,none,4
train,popularity,0.3004898999988654,0.3125,0.3125,0.0,1.039968398276215,526536704,986,0.0003169371196754,digital_music,4,,digital_music,popularity,quota_mmr,4
rerank_setup,popularity,0.4167448000007425,0.40625,0.28125,0.125,0.974817202276492,526536704,3,0.1354166666666666,digital_music,4,,digital_music,popularity,quota_mmr,4
retrieve_score,popularity,0.3048008000005211,0.3125,0.265625,0.046875,1.025259776219307,526536704,21,0.0148809523809523,digital_music,4,,digital_music,popularity,quota_mmr,4
retrieve_select,popularity,0.3580268999994587,0.359375,0.234375,0.125,1.0037653595317653,526536704,7,0.0513392857142857,digital_music,4,,digital_music,popularity,quota_mmr,4
rerank,popularity,1.1566609000001336,1.15625,1.046875,0.109375,0.9996447532719974,526536704,1,1.15625,digital_music,4,,digital_music,popularity,quota_mmr,4
train,itemknn,0.325680400001147,0.328125,0.21875,0.109375,1.0075061317747225,526536704,1,0.328125,digital_music,4,,digital_music,itemknn,none,4
retrieve_score,itemknn,0.3251419000007445,0.3125,0.1875,0.125,0.9611188222720124,526536704,13,0.0240384615384615,digital_music,4,,digital_music,itemknn,none,4
retrieve_select,itemknn,0.313769800000955,0.3125,0.171875,0.140625,0.9959530840732564,526536704,6,0.0520833333333333,digital_music,4,,digital_music,itemknn,none,4
train,itemknn,0.3427769000008993,0.328125,0.296875,0.03125,0.9572552876204292,526536704,1,0.328125,digital_music,4,,digital_music,itemknn,quota_mmr,4
rerank_setup,itemknn,0.4083033999995678,0.40625,0.265625,0.140625,0.9949708966431092,526536704,3,0.1354166666666666,digital_music,4,,digital_music,itemknn,quota_mmr,4
retrieve_score,itemknn,0.2985366000011709,0.3125,0.1875,0.125,1.0467728245004946,526536704,12,0.0260416666666666,digital_music,4,,digital_music,itemknn,quota_mmr,4
retrieve_select,itemknn,0.3298364000002038,0.328125,0.1875,0.140625,0.9948113670892514,526536704,6,0.0546875,digital_music,4,,digital_music,itemknn,quota_mmr,4
rerank,itemknn,0.6867994000003819,0.6875,0.640625,0.046875,1.0010200940764038,526536704,1,0.6875,digital_music,4,,digital_music,itemknn,quota_mmr,4
train,als,28.8969290999994,28.703125,28.703125,0.0,0.993293263123956,526536704,1,28.703125,digital_music,4,,digital_music,als,none,4
retrieve_score,als,0.3077291000008699,0.3125,0.25,0.0625,1.0155035711576077,526536704,12,0.0260416666666666,digital_music,4,,digital_music,als,none,4
retrieve_select,als,0.3154620000004797,0.3125,0.203125,0.109375,0.99061059652042,526536704,6,0.0520833333333333,digital_music,4,,digital_music,als,none,4
train,als,28.752505500000552,28.625,28.625,0.0,0.9955654125515931,526536704,1,28.625,digital_music,4,null,digital_music,als,quota_mmr,4
rerank_setup,als,0.4118925999991916,0.390625,0.296875,0.09375,0.9483661517608393,528949248,3,0.13020833333333334,digital_music,4,null,digital_music,als,quota_mmr,4
retrieve_score,als,0.3060414000010496,0.3125,0.25,0.0625,1.021103680740345,528949248,12,0.026041666666666668,digital_music,4,null,digital_music,als,quota_mmr,4
retrieve_select,als,0.33527499999945576,0.328125,0.15625,0.171875,0.9786742226546347,528949248,6,0.0546875,digital_music,4,null,digital_music,als,quota_mmr,4
rerank,als,0.5504664999989473,0.546875,0.484375,0.0625,0.9934755339353909,528949248,1,0.546875,digital_music,4,null,digital_music,als,quota_mmr,4
