stage,label,wall_seconds,cpu_seconds,cpu_user_seconds,cpu_system_seconds,cpu_utilisation,peak_rss_bytes,repeats,cpu_seconds_each,meta.catalogue,meta.repeat,meta.meter,dataset,family,reranker,repeat
train,popularity,0.3077531999997518,0.3125,0.3125,0.0,1.0154240475818026,338268160,3894,8.025166923472008e-05,gift_cards,0,,gift_cards,popularity,none,0
retrieve_score,popularity,0.3183430999997654,0.3125,0.3125,0.0,0.9816452751770977,338268160,31,0.0100806451612903,gift_cards,0,,gift_cards,popularity,none,0
retrieve_select,popularity,0.3069562999999107,0.3125,0.234375,0.078125,1.018060225511224,338268160,101,0.0030940594059405,gift_cards,0,,gift_cards,popularity,none,0
train,popularity,0.3070231000001513,0.3125,0.3125,0.0,1.0178387228838677,338268160,3857,8.10215193155302e-05,gift_cards,0,,gift_cards,popularity,quota_mmr,0
rerank_setup,popularity,0.3121587999994517,0.3125,0.3125,0.0,1.001093033419365,338268160,637,0.0004905808477237,gift_cards,0,,gift_cards,popularity,quota_mmr,0
retrieve_score,popularity,0.3152442000000519,0.3125,0.3125,0.0,0.9912950024138384,338268160,31,0.0100806451612903,gift_cards,0,,gift_cards,popularity,quota_mmr,0
retrieve_select,popularity,0.3120049999997718,0.3125,0.3125,0.0,1.0015865130373824,338268160,106,0.0029481132075471,gift_cards,0,,gift_cards,popularity,quota_mmr,0
rerank,popularity,0.3541105999993306,0.359375,0.328125,0.03125,1.0148665416982134,338268160,1,0.359375,gift_cards,0,,gift_cards,popularity,quota_mmr,0
train,itemknn,0.2996850000008635,0.3125,0.3125,0.0,1.042761566308289,338268160,153,0.0020424836601307,gift_cards,0,,gift_cards,itemknn,none,0
retrieve_score,itemknn,0.3198166000001947,0.3125,0.3125,0.0,0.9771225133398632,338268160,30,0.0104166666666666,gift_cards,0,,gift_cards,itemknn,none,0
retrieve_select,itemknn,0.3051783999999315,0.3125,0.3125,0.0,1.0239912130087518,338268160,118,0.0026483050847457,gift_cards,0,,gift_cards,itemknn,none,0
train,itemknn,0.308840799999416,0.3125,0.3125,0.0,1.0118481755020414,338268160,154,0.0020292207792207,gift_cards,0,,gift_cards,itemknn,quota_mmr,0
rerank_setup,itemknn,0.3117905999997674,0.3125,0.296875,0.015625,1.0022752449888903,338268160,642,0.0004867601246105,gift_cards,0,,gift_cards,itemknn,quota_mmr,0
retrieve_score,itemknn,0.314120300000468,0.3125,0.3125,0.0,0.99484178513625,338268160,30,0.0104166666666666,gift_cards,0,,gift_cards,itemknn,quota_mmr,0
retrieve_select,itemknn,0.3111906000003728,0.3125,0.3125,0.0,1.0042077106430132,338268160,121,0.0025826446280991,gift_cards,0,,gift_cards,itemknn,quota_mmr,0
rerank,itemknn,0.3799565999997867,0.375,0.359375,0.015625,0.9869548258938272,338268160,1,0.375,gift_cards,0,,gift_cards,itemknn,quota_mmr,0
train,als,0.6253197999994882,0.640625,0.640625,0.0,1.0244757962254265,338268160,1,0.640625,gift_cards,0,,gift_cards,als,none,0
retrieve_score,als,0.3210030000000188,0.3125,0.3125,0.0,0.9735111509860708,338268160,30,0.0104166666666666,gift_cards,0,,gift_cards,als,none,0
retrieve_select,als,0.305959499999517,0.3125,0.3125,0.0,1.021377012318602,338268160,127,0.0024606299212598,gift_cards,0,,gift_cards,als,none,0
train,als,0.6199349999997139,0.71875,0.6875,0.03125,1.1593957431026345,338268160,1,0.71875,gift_cards,0,,gift_cards,als,quota_mmr,0
rerank_setup,als,0.3082315999999991,0.3125,0.296875,0.015625,1.013848028560345,338268160,634,0.0004929022082018,gift_cards,0,,gift_cards,als,quota_mmr,0
retrieve_score,als,0.3124465999999302,0.3125,0.3125,0.0,1.0001709092051885,338268160,29,0.0107758620689655,gift_cards,0,,gift_cards,als,quota_mmr,0
retrieve_select,als,0.3141058000001067,0.3125,0.3125,0.0,0.9948877098095414,338268160,130,0.0024038461538461,gift_cards,0,,gift_cards,als,quota_mmr,0
rerank,als,0.4286172000001897,0.421875,0.40625,0.015625,0.9842698799763828,338268160,1,0.421875,gift_cards,0,,gift_cards,als,quota_mmr,0
train,popularity,0.3036216000000422,0.3125,0.3125,0.0,1.0292416613309348,338268160,3112,0.0001004177377892,software,0,,software,popularity,none,0
retrieve_score,popularity,0.3129151000002821,0.3125,0.3125,0.0,0.998673442092498,338268160,29,0.0107758620689655,software,0,,software,popularity,none,0
retrieve_select,popularity,0.3147606999991694,0.3125,0.25,0.0625,0.9928177183518292,338268160,51,0.0061274509803921,software,0,,software,popularity,none,0
train,popularity,0.2972554999996646,0.3125,0.3125,0.0,1.0512841646339683,338268160,3054,0.0001023248199083,software,0,,software,popularity,quota_mmr,0
rerank_setup,popularity,0.3150703000001158,0.3125,0.171875,0.140625,0.9918421380875478,338268160,35,0.0089285714285714,software,0,,software,popularity,quota_mmr,0
retrieve_score,popularity,0.3126156999996965,0.3125,0.3125,0.0,0.9996298970278952,338268160,29,0.0107758620689655,software,0,,software,popularity,quota_mmr,0
retrieve_select,popularity,0.3154655000007551,0.3125,0.265625,0.046875,0.9905996059767296,338268160,51,0.0061274509803921,software,0,,software,popularity,quota_mmr,0
rerank,popularity,0.465977699999712,0.46875,0.4375,0.03125,1.0059494263358304,338268160,1,0.46875,software,0,,software,popularity,quota_mmr,0
train,itemknn,0.3124465999999302,0.3125,0.28125,0.03125,1.0001709092051885,338268160,14,0.0223214285714285,software,0,,software,itemknn,none,0
retrieve_score,itemknn,0.3062827999992805,0.3125,0.3125,0.0,1.020298887174644,338268160,26,0.0120192307692307,software,0,,software,itemknn,none,0
retrieve_select,itemknn,0.3119154999994862,0.3125,0.265625,0.046875,1.0018739049534722,338268160,45,0.0069444444444444,software,0,,software,itemknn,none,0
train,itemknn,0.3075904999996055,0.3125,0.25,0.0625,1.0159611561488433,338268160,14,0.0223214285714285,software,0,,software,itemknn,quota_mmr,0
rerank_setup,itemknn,0.3162141000002521,0.3125,0.1875,0.125,0.9882544769501136,338268160,35,0.0089285714285714,software,0,,software,itemknn,quota_mmr,0
retrieve_score,itemknn,0.3092913999998927,0.3125,0.296875,0.015625,1.0103740356185409,338268160,26,0.0120192307692307,software,0,,software,itemknn,quota_mmr,0
retrieve_select,itemknn,0.3110735999998724,0.3125,0.25,0.0625,1.004585410012705,338268160,44,0.0071022727272727,software,0,,software,itemknn,quota_mmr,0
rerank,itemknn,0.6150748000000021,0.609375,0.59375,0.015625,0.9907331596092018,338268160,1,0.609375,software,0,,software,itemknn,quota_mmr,0
train,als,2.5729603000008865,2.578125,2.5625,0.015625,1.0020072987519908,338268160,1,2.578125,software,0,,software,als,none,0
retrieve_score,als,0.307184799999959,0.3125,0.296875,0.015625,1.0173029394684947,338268160,27,0.011574074074074,software,0,,software,als,none,0
retrieve_select,als,0.3327936000005138,0.3125,0.296875,0.015625,0.9390204619305104,338268160,48,0.0065104166666666,software,0,,software,als,none,0
train,als,2.579945899999984,2.578125,2.578125,0.0,0.9992942100065028,338268160,1,2.578125,software,0,,software,als,quota_mmr,0
rerank_setup,als,0.3057104999998046,0.3125,0.15625,0.15625,1.0222089198774649,338268160,34,0.0091911764705882,software,0,,software,als,quota_mmr,0
retrieve_score,als,0.2635151999993468,0.3125,0.28125,0.03125,1.1858898462053598,338268160,23,0.0135869565217391,software,0,,software,als,quota_mmr,0
retrieve_select,als,0.3163840999995955,0.3125,0.28125,0.03125,0.9877234665092196,338268160,47,0.0066489361702127,software,0,,software,als,quota_mmr,0
rerank,als,0.6685292000001937,0.671875,0.640625,0.03125,1.005004717819065,338268160,1,0.671875,software,0,,software,als,quota_mmr,0
train,popularity,0.306760899999972,0.3125,0.3125,0.0,1.0187087076613366,338268160,1994,0.0001567201604814,ml100k,0,,ml100k,popularity,none,0
retrieve_score,popularity,0.3245557999998709,0.3125,0.28125,0.03125,0.9628544613903812,338268160,28,0.0111607142857142,ml100k,0,,ml100k,popularity,none,0
retrieve_select,popularity,0.3038688999995429,0.3125,0.1875,0.125,1.0284040255533555,338268160,30,0.0104166666666666,ml100k,0,,ml100k,popularity,none,0
train,popularity,0.3038161000004038,0.3125,0.3125,0.0,1.028582751208987,338268160,1993,0.0001567987957852,ml100k,0,,ml100k,popularity,quota_mmr,0
rerank_setup,popularity,0.3729628999999477,0.359375,0.25,0.109375,0.9635676899768058,338268160,4,0.08984375,ml100k,0,,ml100k,popularity,quota_mmr,0
retrieve_score,popularity,0.3024593000000095,0.3125,0.296875,0.015625,1.0331968631812285,338268160,26,0.0120192307692307,ml100k,0,,ml100k,popularity,quota_mmr,0
retrieve_select,popularity,0.3147136999996291,0.3125,0.203125,0.109375,0.9929659878180334,338268160,31,0.0100806451612903,ml100k,0,,ml100k,popularity,quota_mmr,0
rerank,popularity,0.4975321000001713,0.5,0.453125,0.046875,1.004960282964311,338268160,1,0.5,ml100k,0,,ml100k,popularity,quota_mmr,0
train,itemknn,0.3876546000001326,0.390625,0.375,0.015625,1.0076624912999004,338268160,2,0.1953125,ml100k,0,,ml100k,itemknn,none,0
retrieve_score,itemknn,0.3138471000002027,0.3125,0.3125,0.0,0.995707782546973,338268160,12,0.0260416666666666,ml100k,0,,ml100k,itemknn,none,0
retrieve_select,itemknn,0.3088286000001972,0.3125,0.21875,0.09375,1.011888147664434,338268160,32,0.009765625,ml100k,0,,ml100k,itemknn,none,0
train,itemknn,0.3847509999995964,0.375,0.34375,0.03125,0.9746563361768869,338268160,2,0.1875,ml100k,0,,ml100k,itemknn,quota_mmr,0
rerank_setup,itemknn,0.3650607999998101,0.375,0.296875,0.078125,1.0272261497268265,338268160,4,0.09375,ml100k,0,,ml100k,itemknn,quota_mmr,0
retrieve_score,itemknn,0.3113682000002882,0.3125,0.3125,0.0,1.0036349248244063,338268160,12,0.0260416666666666,ml100k,0,,ml100k,itemknn,quota_mmr,0
retrieve_select,itemknn,0.3160047000001214,0.3125,0.25,0.0625,0.9889093421707968,338268160,33,0.0094696969696969,ml100k,0,,ml100k,itemknn,quota_mmr,0
rerank,itemknn,0.5340266000002885,0.53125,0.515625,0.015625,0.9948006335259574,338268160,1,0.53125,ml100k,0,,ml100k,itemknn,quota_mmr,0
train,als,4.650027399999999,5.28125,4.84375,0.4375,1.1357459958192937,338268160,1,5.28125,ml100k,0,,ml100k,als,none,0
retrieve_score,als,0.201431199999206,0.3125,0.28125,0.03125,1.55139819452613,338268160,16,0.01953125,ml100k,0,,ml100k,als,none,0
retrieve_select,als,0.3131907000006322,0.3125,0.25,0.0625,0.9977946343852776,338268160,32,0.009765625,ml100k,0,,ml100k,als,none,0
train,als,4.6469936000003145,5.5,5.015625,0.484375,1.183560915599201,338268160,1,5.5,ml100k,0,,ml100k,als,quota_mmr,0
rerank_setup,als,0.3577967000001081,0.359375,0.296875,0.0625,1.0044111642166946,338268160,4,0.08984375,ml100k,0,,ml100k,als,quota_mmr,0
retrieve_score,als,0.1632227999998576,0.3125,0.296875,0.015625,1.9145609559465493,338268160,13,0.0240384615384615,ml100k,0,,ml100k,als,quota_mmr,0
retrieve_select,als,0.3112499000008029,0.3125,0.21875,0.09375,1.0040163868299845,338268160,31,0.0100806451612903,ml100k,0,,ml100k,als,quota_mmr,0
rerank,als,0.619306300000062,0.609375,0.609375,0.0,0.9839638317904064,338268160,1,0.609375,ml100k,0,,ml100k,als,quota_mmr,0
train,multvae,2.4364371000001483,5.140625,4.46875,0.671875,2.109894402773495,379269120,1,5.140625,ml100k,0,,ml100k,multvae,none,0
retrieve_score,multvae,0.0828854000001229,0.3125,0.296875,0.015625,3.7702659334398656,387448832,5,0.0625,ml100k,0,,ml100k,multvae,none,0
retrieve_select,multvae,0.0688629000005676,0.3125,0.265625,0.046875,4.538002320515462,392740864,7,0.0446428571428571,ml100k,0,,ml100k,multvae,none,0
train,multvae,0.94407289999981,3.78125,3.5,0.28125,4.00525213677965,392740864,1,3.78125,ml100k,0,,ml100k,multvae,quota_mmr,0
rerank_setup,multvae,0.097349600000598,0.375,0.328125,0.046875,3.852095951063964,428392448,1,0.375,ml100k,0,,ml100k,multvae,quota_mmr,0
retrieve_score,multvae,0.0942998000000443,0.359375,0.25,0.109375,3.8109836924344593,428392448,4,0.08984375,ml100k,0,,ml100k,multvae,quota_mmr,0
retrieve_select,multvae,0.0800798000000213,0.3125,0.265625,0.046875,3.902357398493961,428392448,7,0.0446428571428571,ml100k,0,,ml100k,multvae,quota_mmr,0
rerank,multvae,0.5839915999995355,0.921875,0.796875,0.125,1.5785757877351887,465096704,1,0.921875,ml100k,0,,ml100k,multvae,quota_mmr,0
train,gru4rec,114.39147850000064,451.484375,389.484375,62.0,3.946835733922239,465170432,1,451.484375,ml100k,0,,ml100k,gru4rec,none,0
retrieve_score,gru4rec,0.0798180000001593,0.3125,0.28125,0.03125,3.9151569821265375,465170432,2,0.15625,ml100k,0,,ml100k,gru4rec,none,0
retrieve_select,gru4rec,0.0683696000005511,0.3125,0.25,0.0625,4.570744892429982,465170432,6,0.0520833333333333,ml100k,0,,ml100k,gru4rec,none,0
train,gru4rec,114.64677029999984,455.015625,394.40625,60.609375,3.9688481743475736,465170432,1,455.015625,ml100k,0,,ml100k,gru4rec,quota_mmr,0
rerank_setup,gru4rec,0.1658700000007229,0.671875,0.578125,0.09375,4.050611924983853,465170432,1,0.671875,ml100k,0,,ml100k,gru4rec,quota_mmr,0
retrieve_score,gru4rec,0.1205943000004481,0.5,0.4375,0.0625,4.146132943249739,465170432,2,0.25,ml100k,0,,ml100k,gru4rec,quota_mmr,0
retrieve_select,gru4rec,0.0755881000004592,0.3125,0.25,0.0625,4.134248644933547,465170432,4,0.078125,ml100k,0,,ml100k,gru4rec,quota_mmr,0
rerank,gru4rec,0.8440984999997454,1.078125,0.984375,0.09375,1.2772502261292078,465170432,1,1.078125,ml100k,0,,ml100k,gru4rec,quota_mmr,0
train,popularity,0.3147289000007731,0.3125,0.3125,0.0,0.992918031992716,465170432,2135,0.0001463700234192,luxury_beauty,0,,luxury_beauty,popularity,none,0
retrieve_score,popularity,0.3281870000000708,0.3125,0.296875,0.015625,0.9522010317286564,465170432,24,0.0130208333333333,luxury_beauty,0,,luxury_beauty,popularity,none,0
retrieve_select,popularity,0.3177142000004096,0.3125,0.21875,0.09375,0.983588394851716,465170432,30,0.0104166666666666,luxury_beauty,0,,luxury_beauty,popularity,none,0
train,popularity,0.3126107999996748,0.3125,0.3125,0.0,0.9996455656692766,465170432,2037,0.000153411880216,luxury_beauty,0,,luxury_beauty,popularity,quota_mmr,0
rerank_setup,popularity,0.330843000000641,0.328125,0.171875,0.15625,0.9917846229158972,465170432,8,0.041015625,luxury_beauty,0,,luxury_beauty,popularity,quota_mmr,0
retrieve_score,popularity,0.3153816000003644,0.3125,0.3125,0.0,0.9908631321536796,465170432,22,0.0142045454545454,luxury_beauty,0,,luxury_beauty,popularity,quota_mmr,0
retrieve_select,popularity,0.3115521999998236,0.3125,0.265625,0.046875,1.003042186831539,465170432,28,0.0111607142857142,luxury_beauty,0,,luxury_beauty,popularity,quota_mmr,0
rerank,popularity,1.7004902999997284,1.703125,1.703125,0.0,1.001549376671112,465170432,1,1.703125,luxury_beauty,0,,luxury_beauty,popularity,quota_mmr,0
train,itemknn,0.3562757999998212,0.359375,0.28125,0.078125,1.0086988787904774,465170432,4,0.08984375,luxury_beauty,0,,luxury_beauty,itemknn,none,0
retrieve_score,itemknn,0.3719782999996823,0.328125,0.328125,0.0,0.8821079079082844,465170432,17,0.0193014705882352,luxury_beauty,0,,luxury_beauty,itemknn,none,0
retrieve_select,itemknn,0.3489523000007466,0.3125,0.234375,0.078125,0.8955378715065967,465170432,17,0.0183823529411764,luxury_beauty,0,,luxury_beauty,itemknn,none,0
train,itemknn,0.4189955000001646,0.375,0.3125,0.0625,0.8949976789723343,465170432,3,0.125,luxury_beauty,0,,luxury_beauty,itemknn,quota_mmr,0
rerank_setup,itemknn,0.3793987999997625,0.34375,0.234375,0.109375,0.9060387117729816,465170432,6,0.0572916666666666,luxury_beauty,0,,luxury_beauty,itemknn,quota_mmr,0
retrieve_score,itemknn,0.3929586000003837,0.328125,0.296875,0.03125,0.835011627178231,465170432,12,0.02734375,luxury_beauty,0,,luxury_beauty,itemknn,quota_mmr,0
retrieve_select,itemknn,0.3253759999997783,0.3125,0.25,0.0625,0.9604273210077354,465170432,17,0.0183823529411764,luxury_beauty,0,,luxury_beauty,itemknn,quota_mmr,0
rerank,itemknn,0.815395399999943,0.78125,0.78125,0.0,0.9581241199055752,465170432,1,0.78125,luxury_beauty,0,,luxury_beauty,itemknn,quota_mmr,0
train,als,7.178047600000355,7.1875,7.15625,0.03125,1.001316848330686,465170432,1,7.1875,luxury_beauty,0,,luxury_beauty,als,none,0
retrieve_score,als,0.1411932000000888,0.3125,0.171875,0.140625,2.213279393057197,465170432,9,0.0347222222222222,luxury_beauty,0,,luxury_beauty,als,none,0
retrieve_select,als,0.3098737000000255,0.3125,0.296875,0.015625,1.008475388521111,465170432,23,0.0135869565217391,luxury_beauty,0,,luxury_beauty,als,none,0
train,als,6.578116800000316,6.625,6.59375,0.03125,1.0071271461764986,465170432,1,6.625,luxury_beauty,0,,luxury_beauty,als,quota_mmr,0
rerank_setup,als,0.3377088000006552,0.328125,0.203125,0.125,0.9716211126253252,465170432,8,0.041015625,luxury_beauty,0,,luxury_beauty,als,quota_mmr,0
retrieve_score,als,0.2155977999991591,0.3125,0.203125,0.109375,1.449458204124619,465170432,13,0.0240384615384615,luxury_beauty,0,,luxury_beauty,als,quota_mmr,0
retrieve_select,als,0.3102718000000095,0.3125,0.28125,0.03125,1.007181445429428,465170432,27,0.011574074074074,luxury_beauty,0,,luxury_beauty,als,quota_mmr,0
rerank,als,0.7668234000002485,0.765625,0.75,0.015625,0.998437189057809,465170432,1,0.765625,luxury_beauty,0,,luxury_beauty,als,quota_mmr,0
train,popularity,0.3021029999999882,0.3125,0.3125,0.0,1.034415414610289,465170432,868,0.0003600230414746,digital_music,0,,digital_music,popularity,none,0
retrieve_score,popularity,0.32482919999984,0.3125,0.21875,0.09375,0.962044052690318,465170432,19,0.0164473684210526,digital_music,0,,digital_music,popularity,none,0
retrieve_select,popularity,0.3006570999996256,0.3125,0.1875,0.125,1.039390055982011,465170432,5,0.0625,digital_music,0,,digital_music,popularity,none,0
train,popularity,0.3103528000001461,0.3125,0.3125,0.0,1.006918577824505,465170432,903,0.0003460686600221,digital_music,0,,digital_music,popularity,quota_mmr,0
rerank_setup,popularity,0.3648313000003327,0.34375,0.265625,0.078125,0.942216306549593,495759360,2,0.171875,digital_music,0,,digital_music,popularity,quota_mmr,0
retrieve_score,popularity,0.3074059999999008,0.3125,0.234375,0.078125,1.016570919240681,495759360,15,0.0208333333333333,digital_music,0,,digital_music,popularity,quota_mmr,0
retrieve_select,popularity,0.3578078999998979,0.328125,0.171875,0.15625,0.9170423570862846,495759360,5,0.065625,digital_music,0,,digital_music,popularity,quota_mmr,0
rerank,popularity,1.388052099999186,1.390625,1.265625,0.125,1.0018536047752211,495759360,1,1.390625,digital_music,0,,digital_music,popularity,quota_mmr,0
train,itemknn,0.3819973999998183,0.390625,0.375,0.015625,1.0225854940378805,495759360,1,0.390625,digital_music,0,,digital_music,itemknn,none,0
retrieve_score,itemknn,0.3189057999998113,0.3125,0.15625,0.15625,0.9799131906669146,495759360,11,0.0284090909090909,digital_music,0,,digital_music,itemknn,none,0
retrieve_select,itemknn,0.3043507000002137,0.3125,0.1875,0.125,1.0267760185857322,495759360,5,0.0625,digital_music,0,,digital_music,itemknn,none,0
train,itemknn,0.3914611999998669,0.390625,0.296875,0.09375,0.9978639006883256,495759360,1,0.390625,digital_music,0,,digital_music,itemknn,quota_mmr,0
rerank_setup,itemknn,0.3120226999999431,0.3125,0.21875,0.09375,1.0015296963972715,507670528,2,0.15625,digital_music,0,,digital_music,itemknn,quota_mmr,0
retrieve_score,itemknn,0.3205474999995203,0.3125,0.1875,0.125,0.9748945164147828,507670528,11,0.0284090909090909,digital_music,0,,digital_music,itemknn,quota_mmr,0
retrieve_select,itemknn,0.3339860999994926,0.34375,0.234375,0.109375,1.0292344501777837,507670528,5,0.06875,digital_music,0,,digital_music,itemknn,quota_mmr,0
rerank,itemknn,0.7320374000000811,0.734375,0.65625,0.078125,1.003193279468943,507670528,1,0.734375,digital_music,0,,digital_music,itemknn,quota_mmr,0
train,als,35.16160479999962,35.203125,35.09375,0.109375,1.0011808391635293,507670528,1,35.203125,digital_music,0,,digital_music,als,none,0
retrieve_score,als,0.1112198000000717,0.328125,0.21875,0.109375,2.950239076133822,507670528,5,0.065625,digital_music,0,,digital_music,als,none,0
retrieve_select,als,0.3411888999999064,0.34375,0.25,0.09375,1.0075063989481905,507670528,6,0.0572916666666666,digital_music,0,,digital_music,als,none,0
train,als,30.45529160000024,30.578125,30.515625,0.046875,1.004033236706877,507670528,1,30.578125,digital_music,0,,digital_music,als,quota_mmr,0
rerank_setup,als,0.4178412999999636,0.40625,0.328125,0.078125,0.9722590849684684,521764864,3,0.1354166666666666,digital_music,0,,digital_music,als,quota_mmr,0
retrieve_score,als,0.1920657999999093,0.40625,0.21875,0.1875,2.115160533526488,521764864,8,0.05078125,digital_music,0,,digital_music,als,quota_mmr,0
retrieve_select,als,0.3517940000001545,0.34375,0.203125,0.140625,0.9771343456677744,521764864,6,0.0572916666666666,digital_music,0,,digital_music,als,quota_mmr,0
rerank,als,0.5276254000000336,0.53125,0.515625,0.015625,1.006869646533253,521764864,1,0.53125,digital_music,0,,digital_music,als,quota_mmr,0
train,popularity,0.3072745999998005,0.3125,0.3125,0.0,1.0170056360018134,521764864,3731,8.375770570892522e-05,gift_cards,1,,gift_cards,popularity,none,1
retrieve_score,popularity,0.3170770000006087,0.3125,0.3125,0.0,0.9855650204820916,521764864,30,0.0104166666666666,gift_cards,1,,gift_cards,popularity,none,1
retrieve_select,popularity,0.3094620000001669,0.3125,0.3125,0.0,1.0098170373093676,521764864,141,0.0022163120567375,gift_cards,1,,gift_cards,popularity,none,1
train,popularity,0.3082409999997253,0.3125,0.3125,0.0,1.013817110638359,521764864,3818,8.18491356731273e-05,gift_cards,1,,gift_cards,popularity,quota_mmr,1
rerank_setup,popularity,0.3131648999997196,0.3125,0.3125,0.0,0.9978768374114716,521764864,635,0.0004921259842519,gift_cards,1,,gift_cards,popularity,quota_mmr,1
retrieve_score,popularity,0.3214821999999913,0.3125,0.3125,0.0,0.9720600394050074,521764864,31,0.0100806451612903,gift_cards,1,,gift_cards,popularity,quota_mmr,1
retrieve_select,popularity,0.3045973000007507,0.3125,0.3125,0.0,1.0259447473737615,521764864,141,0.0022163120567375,gift_cards,1,,gift_cards,popularity,quota_mmr,1
rerank,popularity,0.338232600000083,0.328125,0.328125,0.0,0.9701164228401384,521764864,1,0.328125,gift_cards,1,,gift_cards,popularity,quota_mmr,1
train,itemknn,0.3048963999999614,0.3125,0.3125,0.0,1.02493830691356,521764864,163,0.0019171779141104,gift_cards,1,,gift_cards,itemknn,none,1
retrieve_score,itemknn,0.3174694999997882,0.3125,0.3125,0.0,0.9843465277773408,521764864,30,0.0104166666666666,gift_cards,1,,gift_cards,itemknn,none,1
retrieve_select,itemknn,0.3067456000007951,0.3125,0.3125,0.0,1.0187595192863077,521764864,131,0.0023854961832061,gift_cards,1,,gift_cards,itemknn,none,1
train,itemknn,0.3037018000004536,0.3125,0.3125,0.0,1.028969864516882,521764864,159,0.0019654088050314,gift_cards,1,,gift_cards,itemknn,quota_mmr,1
rerank_setup,itemknn,0.3123970999995435,0.3125,0.3125,0.0,1.000329388462494,521764864,636,0.0004913522012578,gift_cards,1,,gift_cards,itemknn,quota_mmr,1
retrieve_score,itemknn,0.323927299999923,0.3125,0.3125,0.0,0.9647226399259164,521764864,30,0.0104166666666666,gift_cards,1,,gift_cards,itemknn,quota_mmr,1
retrieve_select,itemknn,0.3184080999999423,0.3125,0.3125,0.0,0.9814448815845344,521764864,136,0.002297794117647,gift_cards,1,,gift_cards,itemknn,quota_mmr,1
rerank,itemknn,0.3550654000000577,0.34375,0.3125,0.03125,0.9681315047874114,521764864,1,0.34375,gift_cards,1,,gift_cards,itemknn,quota_mmr,1
train,als,0.6351543000000675,0.71875,0.71875,0.0,1.131614790295718,521764864,1,0.71875,gift_cards,1,,gift_cards,als,none,1
retrieve_score,als,0.3105587000000014,0.3125,0.3125,0.0,1.0062509921634737,521764864,28,0.0111607142857142,gift_cards,1,,gift_cards,als,none,1
retrieve_select,als,0.3086720000001151,0.3125,0.3125,0.0,1.0124015135803814,521764864,125,0.0025,gift_cards,1,,gift_cards,als,none,1
train,als,0.6415201999998317,0.640625,0.640625,0.0,0.998604564595422,521764864,1,0.640625,gift_cards,1,,gift_cards,als,quota_mmr,1
rerank_setup,als,0.2981538999993063,0.3125,0.296875,0.015625,1.048116425781206,521764864,588,0.000531462585034,gift_cards,1,,gift_cards,als,quota_mmr,1
retrieve_score,als,0.3182150000002366,0.3125,0.3125,0.0,0.98204044435293,521764864,27,0.011574074074074,gift_cards,1,,gift_cards,als,quota_mmr,1
retrieve_select,als,0.3072910999999294,0.3125,0.3125,0.0,1.0169510278692475,521764864,124,0.0025201612903225,gift_cards,1,,gift_cards,als,quota_mmr,1
rerank,als,0.4275206000002072,0.421875,0.421875,0.0,0.986794554460757,521764864,1,0.421875,gift_cards,1,,gift_cards,als,quota_mmr,1
train,popularity,0.3072714999998425,0.3125,0.3125,0.0,1.0170158963657878,521764864,3120,0.0001001602564102,software,1,,software,popularity,none,1
retrieve_score,popularity,0.3128749000006792,0.3125,0.3125,0.0,0.9988017575053852,521764864,29,0.0107758620689655,software,1,,software,popularity,none,1
retrieve_select,popularity,0.3468591999999262,0.3125,0.25,0.0625,0.900941938400557,521764864,46,0.0067934782608695,software,1,,software,popularity,none,1
train,popularity,0.2997004999997443,0.3125,0.3125,0.0,1.0427076364579524,521764864,2899,0.0001077957916522,software,1,,software,popularity,quota_mmr,1
rerank_setup,popularity,0.3164867999994385,0.3125,0.203125,0.109375,0.9874029501405884,521764864,33,0.0094696969696969,software,1,,software,popularity,quota_mmr,1
retrieve_score,popularity,0.3151366000001872,0.3125,0.3125,0.0,0.9916334694218774,521764864,27,0.011574074074074,software,1,,software,popularity,quota_mmr,1
retrieve_select,popularity,0.3088936000003741,0.3125,0.234375,0.078125,1.0116752176141606,521764864,49,0.0063775510204081,software,1,,software,popularity,quota_mmr,1
rerank,popularity,0.5132674000005863,0.515625,0.5,0.015625,1.004593317244405,521764864,1,0.515625,software,1,,software,popularity,quota_mmr,1
train,itemknn,0.3266810000004625,0.3125,0.234375,0.078125,0.9565906802034938,521764864,10,0.03125,software,1,,software,itemknn,none,1
retrieve_score,itemknn,0.3218660999991698,0.3125,0.296875,0.015625,0.9709006322840648,521764864,20,0.015625,software,1,,software,itemknn,none,1
retrieve_select,itemknn,0.3032497000003786,0.3125,0.296875,0.015625,1.03050390486655,521764864,39,0.0080128205128205,software,1,,software,itemknn,none,1
train,itemknn,0.3136408999998821,0.3125,0.1875,0.125,0.996362400439858,521764864,13,0.0240384615384615,software,1,,software,itemknn,quota_mmr,1
rerank_setup,itemknn,0.306931799999802,0.3125,0.140625,0.171875,1.0181414894129626,521764864,30,0.0104166666666666,software,1,,software,itemknn,quota_mmr,1
retrieve_score,itemknn,0.3110067999996317,0.3125,0.296875,0.015625,1.004801181197228,521764864,25,0.0125,software,1,,software,itemknn,quota_mmr,1
retrieve_select,itemknn,0.3158344000003126,0.3125,0.265625,0.046875,0.989442568636256,521764864,43,0.0072674418604651,software,1,,software,itemknn,quota_mmr,1
rerank,itemknn,0.8900789999997869,0.828125,0.8125,0.015625,0.9303949424716214,521764864,1,0.828125,software,1,,software,itemknn,quota_mmr,1
train,als,3.260739999999714,3.234375,3.1875,0.046875,0.9919144120660596,521764864,1,3.234375,software,1,,software,als,none,1
retrieve_score,als,0.3287927999999738,0.3125,0.296875,0.015625,0.9504466034536794,521764864,27,0.011574074074074,software,1,,software,als,none,1
retrieve_select,als,0.3058662000003096,0.3125,0.234375,0.078125,1.0216885683991357,521764864,44,0.0071022727272727,software,1,,software,als,none,1
train,als,2.753106500000285,2.828125,2.8125,0.015625,1.027248673452955,521764864,1,2.828125,software,1,,software,als,quota_mmr,1
rerank_setup,als,0.302875700000186,0.3125,0.1875,0.125,1.0317764020019038,521764864,27,0.011574074074074,software,1,,software,als,quota_mmr,1
retrieve_score,als,0.316964800000278,0.3125,0.3125,0.0,0.9859138932768744,521764864,21,0.0148809523809523,software,1,,software,als,quota_mmr,1
retrieve_select,als,0.3292498999999225,0.3125,0.265625,0.046875,0.9491270916105776,521764864,45,0.0069444444444444,software,1,,software,als,quota_mmr,1
rerank,als,0.7324067999998078,0.734375,0.734375,0.0,1.0026873043781033,521764864,1,0.734375,software,1,,software,als,quota_mmr,1
train,popularity,0.3090773000003537,0.3125,0.3125,0.0,1.0110739287538826,521764864,1873,0.0001668446342765,ml100k,1,,ml100k,popularity,none,1
retrieve_score,popularity,0.322815300000002,0.3125,0.28125,0.03125,0.9680458144332008,521764864,26,0.0120192307692307,ml100k,1,,ml100k,popularity,none,1
retrieve_select,popularity,0.3060310999999274,0.3125,0.234375,0.078125,1.0211380477346066,521764864,29,0.0107758620689655,ml100k,1,,ml100k,popularity,none,1
train,popularity,0.3024850000001606,0.3125,0.3125,0.0,1.0331090797885318,521764864,1726,0.0001810544611819,ml100k,1,,ml100k,popularity,quota_mmr,1
rerank_setup,popularity,0.3948356000000785,0.390625,0.328125,0.0625,0.9893358147034418,521764864,4,0.09765625,ml100k,1,,ml100k,popularity,quota_mmr,1
retrieve_score,popularity,0.3156015000004117,0.3125,0.296875,0.015625,0.9901727336517484,521764864,27,0.011574074074074,ml100k,1,,ml100k,popularity,quota_mmr,1
retrieve_select,popularity,0.3076546000002054,0.3125,0.25,0.0625,1.015749480098108,521764864,30,0.0104166666666666,ml100k,1,,ml100k,popularity,quota_mmr,1
rerank,popularity,0.5524781000003713,0.53125,0.515625,0.015625,0.9615765765188572,521764864,1,0.53125,ml100k,1,,ml100k,popularity,quota_mmr,1
train,itemknn,0.3981363000002602,0.40625,0.34375,0.0625,1.0203792017953008,521764864,2,0.203125,ml100k,1,,ml100k,itemknn,none,1
retrieve_score,itemknn,0.3101514999998471,0.3125,0.3125,0.0,1.0075721058906826,521764864,11,0.0284090909090909,ml100k,1,,ml100k,itemknn,none,1
retrieve_select,itemknn,0.343522799999846,0.3125,0.203125,0.109375,0.9096921659934656,521764864,32,0.009765625,ml100k,1,,ml100k,itemknn,none,1
train,itemknn,0.430631700000049,0.4375,0.390625,0.046875,1.0159493599750091,521764864,2,0.21875,ml100k,1,,ml100k,itemknn,quota_mmr,1
rerank_setup,itemknn,0.4289152999999714,0.40625,0.265625,0.140625,0.9471566997027782,521764864,4,0.1015625,ml100k,1,,ml100k,itemknn,quota_mmr,1
retrieve_score,itemknn,0.3193640999998024,0.3125,0.28125,0.03125,0.9785069768336307,521764864,11,0.0284090909090909,ml100k,1,,ml100k,itemknn,quota_mmr,1
retrieve_select,itemknn,0.3013423000002149,0.3125,0.203125,0.109375,1.037026663696989,521764864,29,0.0107758620689655,ml100k,1,,ml100k,itemknn,quota_mmr,1
rerank,itemknn,0.5545705000004091,0.546875,0.546875,0.0,0.9861234955692676,521764864,1,0.546875,ml100k,1,,ml100k,itemknn,quota_mmr,1
train,als,4.746383900000183,5.71875,5.109375,0.609375,1.204864612826573,521764864,1,5.71875,ml100k,1,,ml100k,als,none,1
retrieve_score,als,0.3121295999999347,0.3125,0.25,0.0625,1.0011866865560504,521764864,23,0.0135869565217391,ml100k,1,,ml100k,als,none,1
retrieve_select,als,0.307005300000128,0.3125,0.265625,0.046875,1.0178977366184547,521764864,31,0.0100806451612903,ml100k,1,,ml100k,als,none,1
train,als,4.801777399999992,5.890625,5.40625,0.484375,1.226759282927195,521764864,1,5.890625,ml100k,1,,ml100k,als,quota_mmr,1
rerank_setup,als,0.3782728999995015,0.375,0.3125,0.0625,0.9913477809287796,521764864,4,0.09375,ml100k,1,,ml100k,als,quota_mmr,1
retrieve_score,als,0.1800069999999323,0.3125,0.21875,0.09375,1.7360435983051632,521764864,14,0.0223214285714285,ml100k,1,,ml100k,als,quota_mmr,1
retrieve_select,als,0.313861700000416,0.3125,0.234375,0.078125,0.9956614649050388,521764864,30,0.0104166666666666,ml100k,1,,ml100k,als,quota_mmr,1
rerank,als,0.6251692000005278,0.625,0.609375,0.015625,0.9997293532686388,521764864,1,0.625,ml100k,1,,ml100k,als,quota_mmr,1
train,multvae,1.0909725999999864,4.375,3.984375,0.390625,4.010183207167673,521764864,1,4.375,ml100k,1,,ml100k,multvae,none,1
retrieve_score,multvae,0.0965106999992713,0.359375,0.34375,0.015625,3.723680379509354,521764864,3,0.1197916666666666,ml100k,1,,ml100k,multvae,none,1
retrieve_select,multvae,0.0722943999999188,0.3125,0.234375,0.078125,4.322603133857545,521764864,5,0.0625,ml100k,1,,ml100k,multvae,none,1
train,multvae,1.2850994000000355,4.765625,4.34375,0.421875,3.708370729921645,521764864,1,4.765625,ml100k,1,,ml100k,multvae,quota_mmr,1
rerank_setup,multvae,0.1245873999996547,0.5,0.421875,0.078125,4.013246925462652,521764864,1,0.5,ml100k,1,,ml100k,multvae,quota_mmr,1
retrieve_score,multvae,0.0842011000004276,0.375,0.359375,0.015625,4.453623527460986,521764864,4,0.09375,ml100k,1,,ml100k,multvae,quota_mmr,1
retrieve_select,multvae,0.0837096000004748,0.3125,0.296875,0.015625,3.7331441077036223,521764864,6,0.0520833333333333,ml100k,1,,ml100k,multvae,quota_mmr,1
rerank,multvae,0.6168516999996427,0.890625,0.828125,0.0625,1.443823531653582,521764864,1,0.890625,ml100k,1,,ml100k,multvae,quota_mmr,1
train,gru4rec,127.14670400000068,498.90625,428.1875,70.71875,3.923863020468052,521764864,1,498.90625,ml100k,1,,ml100k,gru4rec,none,1
retrieve_score,gru4rec,0.0928690000000642,0.375,0.34375,0.03125,4.037945923825394,521764864,2,0.1875,ml100k,1,,ml100k,gru4rec,none,1
retrieve_select,gru4rec,0.0843683000002784,0.3125,0.296875,0.015625,3.7039978285560906,521764864,6,0.0520833333333333,ml100k,1,,ml100k,gru4rec,none,1
train,gru4rec,132.30965709999964,513.6875,442.8125,70.875,3.8824641470558334,521764864,1,513.6875,ml100k,1,,ml100k,gru4rec,quota_mmr,1
rerank_setup,gru4rec,0.156568999999763,0.625,0.5,0.125,3.991850238559012,521764864,1,0.625,ml100k,1,,ml100k,gru4rec,quota_mmr,1
retrieve_score,gru4rec,0.1136334999991959,0.4375,0.40625,0.03125,3.850097022472209,521764864,2,0.21875,ml100k,1,,ml100k,gru4rec,quota_mmr,1
retrieve_select,gru4rec,0.0759963999998944,0.3125,0.265625,0.046875,4.112036885963465,521764864,5,0.0625,ml100k,1,,ml100k,gru4rec,quota_mmr,1
rerank,gru4rec,0.8085179999998218,1.078125,1.03125,0.046875,1.3334582532488302,521764864,1,1.078125,ml100k,1,,ml100k,gru4rec,quota_mmr,1
train,popularity,0.3095381000002817,0.3125,0.3125,0.0,1.00956877360078,521764864,2067,0.0001511852926947,luxury_beauty,1,,luxury_beauty,popularity,none,1
retrieve_score,popularity,0.3178551999999399,0.328125,0.328125,0.0,1.0323096806346477,521764864,24,0.013671875,luxury_beauty,1,,luxury_beauty,popularity,none,1
retrieve_select,popularity,0.3316601999995328,0.3125,0.265625,0.046875,0.9422294263841132,521764864,30,0.0104166666666666,luxury_beauty,1,,luxury_beauty,popularity,none,1
train,popularity,0.312192800000048,0.3125,0.3125,0.0,1.0009840073184004,521764864,2150,0.0001453488372093,luxury_beauty,1,,luxury_beauty,popularity,quota_mmr,1
rerank_setup,popularity,0.3376883000000816,0.328125,0.140625,0.1875,0.9716800967043296,521764864,8,0.041015625,luxury_beauty,1,,luxury_beauty,popularity,quota_mmr,1
retrieve_score,popularity,0.316228300000148,0.3125,0.296875,0.015625,0.9882101001075924,521764864,20,0.015625,luxury_beauty,1,,luxury_beauty,popularity,quota_mmr,1
retrieve_select,popularity,0.3235501999997723,0.3125,0.296875,0.015625,0.9658470308478248,521764864,30,0.0104166666666666,luxury_beauty,1,,luxury_beauty,popularity,quota_mmr,1
rerank,popularity,1.0832681000001685,1.078125,1.046875,0.03125,0.9952522371884044,521764864,1,1.078125,luxury_beauty,1,,luxury_beauty,popularity,quota_mmr,1
train,itemknn,0.3342683999999281,0.328125,0.28125,0.046875,0.9816213557729974,521764864,4,0.08203125,luxury_beauty,1,,luxury_beauty,itemknn,none,1
retrieve_score,itemknn,0.3231879999993907,0.328125,0.28125,0.046875,1.0152759384649757,521764864,20,0.01640625,luxury_beauty,1,,luxury_beauty,itemknn,none,1
retrieve_select,itemknn,0.3118526000007477,0.3125,0.28125,0.03125,1.0020759807654342,521764864,25,0.0125,luxury_beauty,1,,luxury_beauty,itemknn,none,1
train,itemknn,0.3591982999996617,0.359375,0.265625,0.09375,1.000491928832454,521764864,4,0.08984375,luxury_beauty,1,,luxury_beauty,itemknn,quota_mmr,1
rerank_setup,itemknn,0.3144291000007797,0.3125,0.171875,0.140625,0.9938647536097168,521764864,8,0.0390625,luxury_beauty,1,,luxury_beauty,itemknn,quota_mmr,1
retrieve_score,itemknn,0.3269044000007852,0.328125,0.3125,0.015625,1.003733813308147,521764864,20,0.01640625,luxury_beauty,1,,luxury_beauty,itemknn,quota_mmr,1
retrieve_select,itemknn,0.3161387000000104,0.3125,0.265625,0.046875,0.988490178519712,521764864,24,0.0130208333333333,luxury_beauty,1,,luxury_beauty,itemknn,quota_mmr,1
rerank,itemknn,0.7790936999999758,0.765625,0.75,0.015625,0.9827123489767968,521764864,1,0.765625,luxury_beauty,1,,luxury_beauty,itemknn,quota_mmr,1
train,als,7.269925300000068,7.453125,7.375,0.078125,1.0251996674573711,521764864,1,7.453125,luxury_beauty,1,,luxury_beauty,als,none,1
retrieve_score,als,0.2256443999995099,0.3125,0.15625,0.15625,1.3849224709351473,521764864,14,0.0223214285714285,luxury_beauty,1,,luxury_beauty,als,none,1
retrieve_select,als,0.3031721000006655,0.3125,0.21875,0.09375,1.0307676728805653,521764864,26,0.0120192307692307,luxury_beauty,1,,luxury_beauty,als,none,1
train,als,7.227587800000037,7.21875,7.15625,0.0625,0.9987772130557808,521764864,1,7.21875,luxury_beauty,1,,luxury_beauty,als,quota_mmr,1
rerank_setup,als,0.3250938999999562,0.328125,0.140625,0.1875,1.0093237676869489,521764864,8,0.041015625,luxury_beauty,1,,luxury_beauty,als,quota_mmr,1
retrieve_score,als,0.1965087999997194,0.359375,0.328125,0.03125,1.8287985067361512,521764864,13,0.0276442307692307,luxury_beauty,1,,luxury_beauty,als,quota_mmr,1
retrieve_select,als,0.3245676000005915,0.3125,0.265625,0.046875,0.9628194557911218,521764864,28,0.0111607142857142,luxury_beauty,1,,luxury_beauty,als,quota_mmr,1
rerank,als,0.8216997999998057,0.828125,0.8125,0.015625,1.007819400710814,521764864,1,0.828125,luxury_beauty,1,,luxury_beauty,als,quota_mmr,1
train,popularity,0.3046407000001636,0.3125,0.3125,0.0,1.0257985883036382,521764864,804,0.0003886815920398,digital_music,1,,digital_music,popularity,none,1
retrieve_score,popularity,0.3252928000001702,0.3125,0.265625,0.046875,0.9606729690907284,521764864,17,0.0183823529411764,digital_music,1,,digital_music,popularity,none,1
retrieve_select,popularity,0.3163552999994863,0.328125,0.234375,0.09375,1.0372040550625603,521764864,5,0.065625,digital_music,1,,digital_music,popularity,none,1
train,popularity,0.3032087000001411,0.3125,0.3125,0.0,1.0306432500118057,521764864,791,0.0003950695322376,digital_music,1,,digital_music,popularity,quota_mmr,1
rerank_setup,popularity,0.3256146999992779,0.3125,0.1875,0.125,0.9597232557396608,521764864,2,0.15625,digital_music,1,,digital_music,popularity,quota_mmr,1
retrieve_score,popularity,0.3125553999998374,0.3125,0.25,0.0625,0.999822751423148,521764864,17,0.0183823529411764,digital_music,1,,digital_music,popularity,quota_mmr,1
retrieve_select,popularity,0.3287533999991865,0.328125,0.1875,0.140625,0.99808853688148,521764864,5,0.065625,digital_music,1,,digital_music,popularity,quota_mmr,1
rerank,popularity,1.358293700000104,1.34375,1.3125,0.03125,0.9892926691774372,521764864,1,1.34375,digital_music,1,,digital_music,popularity,quota_mmr,1
train,itemknn,0.4108367999997426,0.40625,0.328125,0.078125,0.9888354694619724,521764864,1,0.40625,digital_music,1,,digital_music,itemknn,none,1
retrieve_score,itemknn,0.3327421000003596,0.328125,0.203125,0.125,0.9861240882943436,521764864,11,0.0298295454545454,digital_music,1,,digital_music,itemknn,none,1
retrieve_select,itemknn,0.3234982999993008,0.328125,0.234375,0.09375,1.014302084433548,521764864,5,0.065625,digital_music,1,,digital_music,itemknn,none,1
train,itemknn,0.517525299999761,0.46875,0.390625,0.078125,0.905752820200706,521764864,1,0.46875,digital_music,1,,digital_music,itemknn,quota_mmr,1
rerank_setup,itemknn,0.411230699999578,0.390625,0.3125,0.078125,0.9498926028635528,521764864,2,0.1953125,digital_music,1,,digital_music,itemknn,quota_mmr,1
retrieve_score,itemknn,0.3441303999998126,0.328125,0.21875,0.109375,0.9534903048384528,521764864,9,0.0364583333333333,digital_music,1,,digital_music,itemknn,quota_mmr,1
retrieve_select,itemknn,0.3639324999994642,0.375,0.171875,0.203125,1.0304108591580914,521764864,4,0.09375,digital_music,1,,digital_music,itemknn,quota_mmr,1
rerank,itemknn,0.8805663000002824,0.859375,0.8125,0.046875,0.9759344639917794,521764864,1,0.859375,digital_music,1,,digital_music,itemknn,quota_mmr,1
train,als,36.8904466999993,37.078125,37.0,0.078125,1.0050874499169646,521764864,1,37.078125,digital_music,1,,digital_music,als,none,1
retrieve_score,als,0.1416063999995458,0.40625,0.328125,0.078125,2.8688675088223623,521764864,5,0.08125,digital_music,1,,digital_music,als,none,1
retrieve_select,als,0.3252485999992132,0.328125,0.25,0.078125,1.0088436967931416,521764864,5,0.065625,digital_music,1,,digital_music,als,none,1
train,als,39.22463189999962,39.15625,38.984375,0.171875,0.9982566592294874,521764864,1,39.15625,digital_music,1,,digital_music,als,quota_mmr,1
rerank_setup,als,0.4134358999999676,0.421875,0.296875,0.125,1.0204121122525476,527785984,2,0.2109375,digital_music,1,,digital_music,als,quota_mmr,1
retrieve_score,als,0.1343737999995937,0.453125,0.234375,0.21875,3.372123137109837,527785984,4,0.11328125,digital_music,1,,digital_music,als,quota_mmr,1
retrieve_select,als,0.3500390999997762,0.34375,0.203125,0.140625,0.9820331500115838,527785984,5,0.06875,digital_music,1,,digital_music,als,quota_mmr,1
rerank,als,0.6509302999993452,0.65625,0.640625,0.015625,1.0081724571750004,527785984,1,0.65625,digital_music,1,,digital_music,als,quota_mmr,1
train,popularity,0.3050872000003437,0.3125,0.296875,0.015625,1.0242973156515511,527785984,2539,0.0001230799527372,gift_cards,2,,gift_cards,popularity,none,2
retrieve_score,popularity,0.3202135000001362,0.3125,0.3125,0.0,0.9759113841229898,527785984,26,0.0120192307692307,gift_cards,2,,gift_cards,popularity,none,2
retrieve_select,popularity,0.3048718999998527,0.3125,0.3125,0.0,1.0250206726174205,527785984,122,0.002561475409836,gift_cards,2,,gift_cards,popularity,none,2
train,popularity,0.3026571000000331,0.3125,0.3125,0.0,1.0325216226547,527785984,3275,9.541984732824427e-05,gift_cards,2,,gift_cards,popularity,quota_mmr,2
rerank_setup,popularity,0.3130354000004445,0.3125,0.3125,0.0,0.998289650306503,527785984,560,0.0005580357142857,gift_cards,2,,gift_cards,popularity,quota_mmr,2
retrieve_score,popularity,0.331728899999689,0.3125,0.3125,0.0,0.9420342936665842,527785984,25,0.0125,gift_cards,2,,gift_cards,popularity,quota_mmr,2
retrieve_select,popularity,0.3084238999999797,0.3125,0.3125,0.0,1.0132159018805629,527785984,112,0.0027901785714285,gift_cards,2,,gift_cards,popularity,quota_mmr,2
rerank,popularity,0.3716445999998541,0.359375,0.359375,0.0,0.966985663185046,527785984,1,0.359375,gift_cards,2,,gift_cards,popularity,quota_mmr,2
train,itemknn,0.3091542000001936,0.3125,0.3125,0.0,1.0108224310062883,527785984,129,0.002422480620155,gift_cards,2,,gift_cards,itemknn,none,2
retrieve_score,itemknn,0.3140518999998676,0.3125,0.3125,0.0,0.9950584600829728,527785984,26,0.0120192307692307,gift_cards,2,,gift_cards,itemknn,none,2
retrieve_select,itemknn,0.3118610999999873,0.3125,0.3125,0.0,1.0020486684617371,527785984,116,0.0026939655172413,gift_cards,2,,gift_cards,itemknn,none,2
train,itemknn,0.3051758999999947,0.3125,0.3125,0.0,1.0239996015412929,527785984,142,0.0022007042253521,gift_cards,2,,gift_cards,itemknn,quota_mmr,2
rerank_setup,itemknn,0.3119204000004174,0.3125,0.3125,0.0,1.0018581663770043,527785984,566,0.0005521201413427,gift_cards,2,,gift_cards,itemknn,quota_mmr,2
retrieve_score,itemknn,0.3358984000005875,0.3125,0.3125,0.0,0.9303408411574848,527785984,28,0.0111607142857142,gift_cards,2,,gift_cards,itemknn,quota_mmr,2
retrieve_select,itemknn,0.3053071999993335,0.3125,0.3125,0.0,1.0235592216648746,527785984,116,0.0026939655172413,gift_cards,2,,gift_cards,itemknn,quota_mmr,2
rerank,itemknn,0.4650775999998586,0.453125,0.453125,0.0,0.9742997727693996,527785984,1,0.453125,gift_cards,2,,gift_cards,itemknn,quota_mmr,2
train,als,0.7567779000000883,0.75,0.75,0.0,0.9910437395171192,527785984,1,0.75,gift_cards,2,,gift_cards,als,none,2
retrieve_score,als,0.3041024000003745,0.3125,0.3125,0.0,1.027614382522516,527785984,23,0.0135869565217391,gift_cards,2,,gift_cards,als,none,2
retrieve_select,als,0.3134620999999242,0.3125,0.3125,0.0,0.9969307294249464,527785984,109,0.0028669724770642,gift_cards,2,,gift_cards,als,none,2
train,als,0.8374039000000266,0.90625,0.890625,0.015625,1.0822137322264336,527785984,1,0.90625,gift_cards,2,,gift_cards,als,quota_mmr,2
rerank_setup,als,0.3101432000003115,0.3125,0.3125,0.0,1.0075990703639033,527785984,513,0.0006091617933723,gift_cards,2,,gift_cards,als,quota_mmr,2
retrieve_score,als,0.3254188000000795,0.3125,0.3125,0.0,0.9603010028920383,527785984,23,0.0135869565217391,gift_cards,2,,gift_cards,als,quota_mmr,2
retrieve_select,als,0.2999325000000681,0.3125,0.3125,0.0,1.041901094412673,527785984,102,0.003063725490196,gift_cards,2,,gift_cards,als,quota_mmr,2
rerank,als,0.5209982999995191,0.515625,0.515625,0.0,0.9896865306479424,527785984,1,0.515625,gift_cards,2,,gift_cards,als,quota_mmr,2
train,popularity,0.3066311000002315,0.3125,0.3125,0.0,1.0191399372071654,527785984,2409,0.0001297218762972,software,2,,software,popularity,none,2
retrieve_score,popularity,0.3169526000001497,0.3125,0.28125,0.03125,0.9859518426409892,527785984,23,0.0135869565217391,software,2,,software,popularity,none,2
retrieve_select,popularity,0.309403199999906,0.3125,0.21875,0.09375,1.010008946255549,527785984,40,0.0078125,software,2,,software,popularity,none,2
train,popularity,0.2979953000003661,0.3125,0.3125,0.0,1.0486742576128418,527785984,2562,0.000121975019516,software,2,,software,popularity,quota_mmr,2
rerank_setup,popularity,0.3188067999999475,0.3125,0.21875,0.09375,0.9802174859509,527785984,31,0.0100806451612903,software,2,,software,popularity,quota_mmr,2
retrieve_score,popularity,0.3064352999999755,0.3125,0.3125,0.0,1.0197911271972415,527785984,24,0.0130208333333333,software,2,,software,popularity,quota_mmr,2
retrieve_select,popularity,0.3147838000004412,0.3125,0.25,0.0625,0.9927448617100434,527785984,47,0.0066489361702127,software,2,,software,popularity,quota_mmr,2
rerank,popularity,0.5574188999999024,0.546875,0.515625,0.03125,0.981084423222994,527785984,1,0.546875,software,2,,software,popularity,quota_mmr,2
train,itemknn,0.301123500000358,0.3125,0.21875,0.09375,1.0377801798917337,527785984,12,0.0260416666666666,software,2,,software,itemknn,none,2
retrieve_score,itemknn,0.3308860999995886,0.328125,0.328125,0.0,0.9916554367209984,527785984,23,0.014266304347826,software,2,,software,itemknn,none,2
retrieve_select,itemknn,0.3095318999994561,0.3125,0.234375,0.078125,1.0095889955140298,527785984,38,0.0082236842105263,software,2,,software,itemknn,none,2
train,itemknn,0.3230861000001823,0.3125,0.203125,0.109375,0.9672344306976488,527785984,12,0.0260416666666666,software,2,,software,itemknn,quota_mmr,2
rerank_setup,itemknn,0.3160555000004024,0.3125,0.21875,0.09375,0.9887503935213978,527785984,28,0.0111607142857142,software,2,,software,itemknn,quota_mmr,2
retrieve_score,itemknn,0.3052527999998347,0.3125,0.296875,0.015625,1.023741633164935,527785984,22,0.0142045454545454,software,2,,software,itemknn,quota_mmr,2
retrieve_select,itemknn,0.3165023000001383,0.3125,0.28125,0.03125,0.9873545942631804,527785984,39,0.0080128205128205,software,2,,software,itemknn,quota_mmr,2
rerank,itemknn,0.7759901999997965,0.78125,0.734375,0.046875,1.0067781783844756,527785984,1,0.78125,software,2,,software,itemknn,quota_mmr,2
train,als,3.1884197999997923,3.265625,3.234375,0.03125,1.0242142518372934,527785984,1,3.265625,software,2,,software,als,none,2
retrieve_score,als,0.2407901000005949,0.3125,0.3125,0.0,1.297810831920531,527785984,17,0.0183823529411764,software,2,,software,als,none,2
retrieve_select,als,0.3127010999996855,0.3125,0.296875,0.015625,0.9993568938526736,527785984,40,0.0078125,software,2,,software,als,none,2
train,als,3.0819674999993367,3.21875,3.203125,0.015625,1.0443815517200272,527785984,1,3.21875,software,2,,software,als,quota_mmr,2
rerank_setup,als,0.3188682999998491,0.3125,0.140625,0.171875,0.9800284318013044,527785984,30,0.0104166666666666,software,2,,software,als,quota_mmr,2
retrieve_score,als,0.2399925999998231,0.375,0.3125,0.0625,1.5625481785699906,527785984,18,0.0208333333333333,software,2,,software,als,quota_mmr,2
retrieve_select,als,0.3008740999994188,0.3125,0.28125,0.03125,1.0386404147136747,527785984,38,0.0082236842105263,software,2,,software,als,quota_mmr,2
rerank,als,0.829689999999573,0.828125,0.78125,0.046875,0.9981137533300704,527785984,1,0.828125,software,2,,software,als,quota_mmr,2
train,popularity,0.302468000000772,0.3125,0.3125,0.0,1.03316714495154,527785984,1580,0.0001977848101265,ml100k,2,,ml100k,popularity,none,2
retrieve_score,popularity,0.3124016000001575,0.3125,0.296875,0.015625,1.0003149791801402,527785984,23,0.0135869565217391,ml100k,2,,ml100k,popularity,none,2
retrieve_select,popularity,0.3181706000004851,0.3125,0.21875,0.09375,0.9821774859132916,527785984,29,0.0107758620689655,ml100k,2,,ml100k,popularity,none,2
train,popularity,0.3113693000004787,0.3125,0.3125,0.0,1.003631379199939,527785984,1612,0.000193858560794,ml100k,2,,ml100k,popularity,quota_mmr,2
rerank_setup,popularity,0.40535219999947,0.390625,0.3125,0.078125,0.9636681384744198,527785984,4,0.09765625,ml100k,2,,ml100k,popularity,quota_mmr,2
retrieve_score,popularity,0.3067500000006475,0.3125,0.296875,0.015625,1.018744906273318,527785984,23,0.0135869565217391,ml100k,2,,ml100k,popularity,quota_mmr,2
retrieve_select,popularity,0.3132000000005064,0.3125,0.234375,0.078125,0.9977650063840828,527785984,27,0.011574074074074,ml100k,2,,ml100k,popularity,quota_mmr,2
rerank,popularity,0.6151105999997526,0.625,0.59375,0.03125,1.0160774338797791,527785984,1,0.625,ml100k,2,,ml100k,popularity,quota_mmr,2
train,itemknn,0.4444956999996066,0.4375,0.390625,0.046875,0.984261490044532,527785984,2,0.21875,ml100k,2,,ml100k,itemknn,none,2
retrieve_score,itemknn,0.3237404000001334,0.328125,0.3125,0.015625,1.013543567623518,527785984,9,0.0364583333333333,ml100k,2,,ml100k,itemknn,none,2
retrieve_select,itemknn,0.3167400999991514,0.3125,0.21875,0.09375,0.9866133148307942,527785984,25,0.0125,ml100k,2,,ml100k,itemknn,none,2
train,itemknn,0.4805399999995643,0.46875,0.4375,0.03125,0.9754651017614038,527785984,2,0.234375,ml100k,2,,ml100k,itemknn,quota_mmr,2
rerank_setup,itemknn,0.3569982999997592,0.359375,0.3125,0.046875,1.006657454672032,527785984,3,0.1197916666666666,ml100k,2,,ml100k,itemknn,quota_mmr,2
retrieve_score,itemknn,0.3299917000003916,0.328125,0.328125,0.0,0.9943431910548376,527785984,10,0.0328125,ml100k,2,,ml100k,itemknn,quota_mmr,2
retrieve_select,itemknn,0.3098846000002595,0.3125,0.265625,0.046875,1.0084399160195063,527785984,25,0.0125,ml100k,2,,ml100k,itemknn,quota_mmr,2
rerank,itemknn,0.6554738000004363,0.65625,0.625,0.03125,1.0011841815791314,527785984,1,0.65625,ml100k,2,,ml100k,itemknn,quota_mmr,2
train,als,5.664384299999256,6.734375,6.21875,0.515625,1.188897970782259,527785984,1,6.734375,ml100k,2,,ml100k,als,none,2
retrieve_score,als,0.3031455000000278,0.3125,0.3125,0.0,1.0308581192858588,527785984,20,0.015625,ml100k,2,,ml100k,als,none,2
retrieve_select,als,0.3131064999997761,0.3125,0.25,0.0625,0.9980629594090938,527785984,27,0.011574074074074,ml100k,2,,ml100k,als,none,2
train,als,5.548270499999489,6.71875,6.25,0.46875,1.2109629478232211,527785984,1,6.71875,ml100k,2,,ml100k,als,quota_mmr,2
rerank_setup,als,0.3073083999997834,0.3125,0.203125,0.109375,1.0168937783679854,527785984,3,0.1041666666666666,ml100k,2,,ml100k,als,quota_mmr,2
retrieve_score,als,0.3117475999997623,0.3125,0.296875,0.015625,1.0024134909145677,527785984,21,0.0148809523809523,ml100k,2,,ml100k,als,quota_mmr,2
retrieve_select,als,0.3125585999996474,0.3125,0.25,0.0625,0.9998125151582856,527785984,27,0.011574074074074,ml100k,2,,ml100k,als,quota_mmr,2
rerank,als,0.715374399999746,0.703125,0.6875,0.015625,0.9828769382860916,527785984,1,0.703125,ml100k,2,,ml100k,als,quota_mmr,2
train,multvae,1.372815400000036,5.484375,5.015625,0.46875,3.994983593569723,527785984,1,5.484375,ml100k,2,,ml100k,multvae,none,2
retrieve_score,multvae,0.0913188000004083,0.375,0.3125,0.0625,4.106492857969258,527785984,4,0.09375,ml100k,2,,ml100k,multvae,none,2
retrieve_select,multvae,0.0910406000002694,0.375,0.296875,0.078125,4.119041394706208,527785984,6,0.0625,ml100k,2,,ml100k,multvae,none,2
train,multvae,1.2977319999999963,5.171875,4.71875,0.453125,3.985318232115733,527785984,1,5.171875,ml100k,2,,ml100k,multvae,quota_mmr,2
rerank_setup,multvae,0.1392243000000235,0.5625,0.4375,0.125,4.040242974824833,527785984,1,0.5625,ml100k,2,,ml100k,multvae,quota_mmr,2
retrieve_score,multvae,0.0754984999994121,0.3125,0.265625,0.046875,4.139155082583537,527785984,3,0.1041666666666666,ml100k,2,,ml100k,multvae,quota_mmr,2
retrieve_select,multvae,0.0743213000005198,0.3125,0.25,0.0625,4.204716548254864,527785984,4,0.078125,ml100k,2,,ml100k,multvae,quota_mmr,2
rerank,multvae,0.7232878000004348,1.046875,0.953125,0.09375,1.4473837385330857,527785984,1,1.046875,ml100k,2,,ml100k,multvae,quota_mmr,2
train,gru4rec,137.1650599000004,534.296875,458.03125,76.265625,3.895284086118774,527785984,1,534.296875,ml100k,2,,ml100k,gru4rec,none,2
retrieve_score,gru4rec,0.0782457000004797,0.3125,0.28125,0.03125,3.993829692853207,527785984,2,0.15625,ml100k,2,,ml100k,gru4rec,none,2
retrieve_select,gru4rec,0.0850738999997702,0.3125,0.21875,0.09375,3.673276998008132,527785984,7,0.0446428571428571,ml100k,2,,ml100k,gru4rec,none,2
train,gru4rec,168.63666850000027,645.140625,550.0625,95.078125,3.825624822515982,527785984,1,645.140625,ml100k,2,,ml100k,gru4rec,quota_mmr,2
rerank_setup,gru4rec,0.1844716999994489,0.6875,0.546875,0.140625,3.726858916582077,527785984,1,0.6875,ml100k,2,,ml100k,gru4rec,quota_mmr,2
retrieve_score,gru4rec,0.1115995000000111,0.421875,0.34375,0.078125,3.7802588721271846,527785984,2,0.2109375,ml100k,2,,ml100k,gru4rec,quota_mmr,2
retrieve_select,gru4rec,0.087820599999759,0.3125,0.25,0.0625,3.558390628176733,527785984,5,0.0625,ml100k,2,,ml100k,gru4rec,quota_mmr,2
rerank,gru4rec,1.001493599999776,1.296875,1.25,0.046875,1.2949408763074373,527785984,1,1.296875,ml100k,2,,ml100k,gru4rec,quota_mmr,2
train,popularity,0.3003127000001768,0.3125,0.3125,0.0,1.0405820333266491,527785984,1899,0.000164560294892,luxury_beauty,2,,luxury_beauty,popularity,none,2
retrieve_score,popularity,0.3143733999995675,0.3125,0.3125,0.0,0.9940408444239556,527785984,23,0.0135869565217391,luxury_beauty,2,,luxury_beauty,popularity,none,2
retrieve_select,popularity,0.3134791000002224,0.3125,0.28125,0.03125,0.9968766657802012,527785984,29,0.0107758620689655,luxury_beauty,2,,luxury_beauty,popularity,none,2
train,popularity,0.3184967000006509,0.3125,0.3125,0.0,0.9811718614332938,527785984,1820,0.0001717032967032,luxury_beauty,2,,luxury_beauty,popularity,quota_mmr,2
rerank_setup,popularity,0.3260252000000037,0.3125,0.203125,0.109375,0.9585148632682272,527785984,8,0.0390625,luxury_beauty,2,,luxury_beauty,popularity,quota_mmr,2
retrieve_score,popularity,0.3093396000003849,0.3125,0.3125,0.0,1.010216603369278,527785984,25,0.0125,luxury_beauty,2,,luxury_beauty,popularity,quota_mmr,2
retrieve_select,popularity,0.3261765999995987,0.3125,0.21875,0.09375,0.9580699535171576,527785984,32,0.009765625,luxury_beauty,2,,luxury_beauty,popularity,quota_mmr,2
rerank,popularity,0.9645282999999836,0.953125,0.953125,0.0,0.988177329789096,527785984,1,0.953125,luxury_beauty,2,,luxury_beauty,popularity,quota_mmr,2
train,itemknn,0.3216086999991603,0.3125,0.234375,0.078125,0.9716776940450178,527785984,4,0.078125,luxury_beauty,2,,luxury_beauty,itemknn,none,2
retrieve_score,itemknn,0.3033929000002899,0.3125,0.296875,0.015625,1.0300175119447468,527785984,21,0.0148809523809523,luxury_beauty,2,,luxury_beauty,itemknn,none,2
retrieve_select,itemknn,0.3067549999996117,0.3125,0.28125,0.03125,1.0187283010884762,527785984,24,0.0130208333333333,luxury_beauty,2,,luxury_beauty,itemknn,none,2
train,itemknn,0.3252930999997261,0.328125,0.25,0.078125,1.008705687271806,527785984,4,0.08203125,luxury_beauty,2,,luxury_beauty,itemknn,quota_mmr,2
rerank_setup,itemknn,0.3512557000003653,0.328125,0.1875,0.140625,0.934148541930163,527785984,9,0.0364583333333333,luxury_beauty,2,,luxury_beauty,itemknn,quota_mmr,2
retrieve_score,itemknn,0.3018004000005021,0.3125,0.296875,0.015625,1.03545257063768,527785984,21,0.0148809523809523,luxury_beauty,2,,luxury_beauty,itemknn,quota_mmr,2
retrieve_select,itemknn,0.3189601999993101,0.3125,0.265625,0.046875,0.9797460623635046,527785984,27,0.011574074074074,luxury_beauty,2,,luxury_beauty,itemknn,quota_mmr,2
rerank,itemknn,0.707905700000083,0.6875,0.671875,0.015625,0.9711745505085202,527785984,1,0.6875,luxury_beauty,2,,luxury_beauty,itemknn,quota_mmr,2
train,als,6.642035800000485,6.6875,6.65625,0.03125,1.0068449194446545,527785984,1,6.6875,luxury_beauty,2,,luxury_beauty,als,none,2
retrieve_score,als,0.239647800000057,0.3125,0.234375,0.078125,1.3039969488554688,527785984,17,0.0183823529411764,luxury_beauty,2,,luxury_beauty,als,none,2
retrieve_select,als,0.322292799999559,0.3125,0.25,0.0625,0.969615207042874,527785984,29,0.0107758620689655,luxury_beauty,2,,luxury_beauty,als,none,2
train,als,6.95619109999916,7.046875,6.96875,0.078125,1.0130364302385038,527785984,1,7.046875,luxury_beauty,2,,luxury_beauty,als,quota_mmr,2
rerank_setup,als,0.3342567999998209,0.328125,0.15625,0.171875,0.9816554218199174,527785984,9,0.0364583333333333,luxury_beauty,2,,luxury_beauty,als,quota_mmr,2
retrieve_score,als,0.2140572999996948,0.3125,0.296875,0.015625,1.4598894781932013,527785984,15,0.0208333333333333,luxury_beauty,2,,luxury_beauty,als,quota_mmr,2
retrieve_select,als,0.3061879000006229,0.3125,0.25,0.0625,1.0206151190147104,527785984,27,0.011574074074074,luxury_beauty,2,,luxury_beauty,als,quota_mmr,2
rerank,als,0.738879999999881,0.734375,0.703125,0.03125,0.9939029341707968,527785984,1,0.734375,luxury_beauty,2,,luxury_beauty,als,quota_mmr,2
train,popularity,0.3081336000004739,0.3125,0.3125,0.0,1.0141704767007536,527785984,854,0.000365925058548,digital_music,2,,digital_music,popularity,none,2
retrieve_score,popularity,0.3242586000005758,0.3125,0.25,0.0625,0.963736967961513,527785984,19,0.0164473684210526,digital_music,2,,digital_music,popularity,none,2
retrieve_select,popularity,0.333989499999916,0.34375,0.15625,0.1875,1.0292239726101762,527785984,5,0.06875,digital_music,2,,digital_music,popularity,none,2
train,popularity,0.298446600000716,0.3125,0.3125,0.0,1.047088490869892,527785984,854,0.000365925058548,digital_music,2,,digital_music,popularity,quota_mmr,2
rerank_setup,popularity,0.3186691000000792,0.3125,0.15625,0.15625,0.9806410474059842,527785984,2,0.15625,digital_music,2,,digital_music,popularity,quota_mmr,2
retrieve_score,popularity,0.334267500000351,0.3125,0.25,0.0625,0.934879998802372,527785984,19,0.0164473684210526,digital_music,2,,digital_music,popularity,quota_mmr,2
retrieve_select,popularity,0.311885699999948,0.3125,0.25,0.0625,1.0019696318236204,527785984,5,0.0625,digital_music,2,,digital_music,popularity,quota_mmr,2
rerank,popularity,1.2918263999999908,1.296875,1.171875,0.125,1.0039081102538308,527785984,1,1.296875,digital_music,2,,digital_music,popularity,quota_mmr,2
train,itemknn,0.3708770000002914,0.375,0.328125,0.046875,1.0111168932009946,527785984,1,0.375,digital_music,2,,digital_music,itemknn,none,2
retrieve_score,itemknn,0.3213951999996425,0.3125,0.15625,0.15625,0.9723231709756324,527785984,11,0.0284090909090909,digital_music,2,,digital_music,itemknn,none,2
retrieve_select,itemknn,0.3252299999994648,0.328125,0.234375,0.09375,1.0089013928620976,527785984,5,0.065625,digital_music,2,,digital_music,itemknn,none,2
train,itemknn,0.38792629999989,0.390625,0.359375,0.03125,1.0069567337922454,527785984,1,0.390625,digital_music,2,,digital_music,itemknn,quota_mmr,2
rerank_setup,itemknn,0.314458700000614,0.3125,0.171875,0.140625,0.993771201112864,527785984,2,0.15625,digital_music,2,,digital_music,itemknn,quota_mmr,2
retrieve_score,itemknn,0.3293364999999539,0.328125,0.234375,0.09375,0.9963213916466772,527785984,12,0.02734375,digital_music,2,,digital_music,itemknn,quota_mmr,2
retrieve_select,itemknn,0.3280290000002424,0.328125,0.234375,0.09375,1.000292657050924,527785984,5,0.065625,digital_music,2,,digital_music,itemknn,quota_mmr,2
rerank,itemknn,0.7177935999998226,0.71875,0.71875,0.0,1.0013324164497672,527785984,1,0.71875,digital_music,2,,digital_music,itemknn,quota_mmr,2
train,als,38.44478320000053,38.3125,38.171875,0.140625,0.996559137833803,527785984,1,38.3125,digital_music,2,,digital_music,als,none,2
retrieve_score,als,0.1575775999999678,0.328125,0.28125,0.046875,2.082307383791015,527785984,5,0.065625,digital_music,2,,digital_music,als,none,2
retrieve_select,als,0.3219355000001087,0.328125,0.234375,0.09375,1.0192259008400415,527785984,4,0.08203125,digital_music,2,,digital_music,als,none,2
train,als,41.31074609999996,41.296875,41.25,0.046875,0.9996642253817836,527785984,1,41.296875,digital_music,2,,digital_music,als,quota_mmr,2
rerank_setup,als,0.3331853999998202,0.328125,0.21875,0.109375,0.9848120595925784,533909504,2,0.1640625,digital_music,2,,digital_music,als,quota_mmr,2
retrieve_score,als,0.1229553000002852,0.34375,0.265625,0.078125,2.79573145687256,533909504,4,0.0859375,digital_music,2,,digital_music,als,quota_mmr,2
retrieve_select,als,0.3481504999999742,0.34375,0.203125,0.140625,0.9873603513423804,533909504,5,0.06875,digital_music,2,,digital_music,als,quota_mmr,2
rerank,als,0.6668966999995973,0.671875,0.625,0.046875,1.00746487424575,533909504,1,0.671875,digital_music,2,,digital_music,als,quota_mmr,2
train,popularity,0.3061265999995157,0.3125,0.3125,0.0,1.0208194910226498,533909504,3221,9.701955914312326e-05,gift_cards,3,,gift_cards,popularity,none,3
retrieve_score,popularity,0.3164124000004449,0.3125,0.3125,0.0,0.9876351242857758,533909504,26,0.0120192307692307,gift_cards,3,,gift_cards,popularity,none,3
retrieve_select,popularity,0.3084764999994149,0.3125,0.3125,0.0,1.0130431329472185,533909504,116,0.0026939655172413,gift_cards,3,,gift_cards,popularity,none,3
train,popularity,0.3015448000005563,0.3125,0.3125,0.0,1.0363302567294264,533909504,3097,0.0001009041007426,gift_cards,3,,gift_cards,popularity,quota_mmr,3
rerank_setup,popularity,0.3117615000001024,0.3125,0.3125,0.0,1.0023687979429703,533909504,517,0.0006044487427466,gift_cards,3,,gift_cards,popularity,quota_mmr,3
retrieve_score,popularity,0.3225155000000086,0.3125,0.3125,0.0,0.9689456785797632,533909504,23,0.0135869565217391,gift_cards,3,,gift_cards,popularity,quota_mmr,3
retrieve_select,popularity,0.3029168000002755,0.3125,0.3125,0.0,1.031636409732691,533909504,107,0.0029205607476635,gift_cards,3,,gift_cards,popularity,quota_mmr,3
rerank,popularity,0.3796154000001479,0.375,0.375,0.0,0.9878419052542492,533909504,1,0.375,gift_cards,3,,gift_cards,popularity,quota_mmr,3
train,itemknn,0.3045531999996456,0.3125,0.3125,0.0,1.026093306523667,533909504,118,0.0026483050847457,gift_cards,3,,gift_cards,itemknn,none,3
retrieve_score,itemknn,0.3174747999992178,0.3125,0.3125,0.0,0.9843300948634977,533909504,24,0.0130208333333333,gift_cards,3,,gift_cards,itemknn,none,3
retrieve_select,itemknn,0.3056866000006266,0.3125,0.296875,0.015625,1.0222888409219095,533909504,103,0.0030339805825242,gift_cards,3,,gift_cards,itemknn,none,3
train,itemknn,0.3151441999998496,0.3125,0.3125,0.0,0.991609555245342,533909504,103,0.0030339805825242,gift_cards,3,,gift_cards,itemknn,quota_mmr,3
rerank_setup,itemknn,0.3096568000000843,0.3125,0.3125,0.0,1.0091817780197785,533909504,515,0.0006067961165048,gift_cards,3,,gift_cards,itemknn,quota_mmr,3
retrieve_score,itemknn,0.3178939999997965,0.3125,0.3125,0.0,0.9830320798763112,533909504,26,0.0120192307692307,gift_cards,3,,gift_cards,itemknn,quota_mmr,3
retrieve_select,itemknn,0.3093237999992198,0.3125,0.3125,0.0,1.0102682043890197,533909504,102,0.003063725490196,gift_cards,3,,gift_cards,itemknn,quota_mmr,3
rerank,itemknn,0.4536666000003606,0.453125,0.453125,0.0,0.9988061717561748,533909504,1,0.453125,gift_cards,3,,gift_cards,itemknn,quota_mmr,3
train,als,0.7527984999996988,0.734375,0.734375,0.0,0.975526651554558,533909504,1,0.734375,gift_cards,3,,gift_cards,als,none,3
retrieve_score,als,0.289856399999735,0.3125,0.296875,0.015625,1.078120062211101,533909504,23,0.0135869565217391,gift_cards,3,,gift_cards,als,none,3
retrieve_select,als,0.3058450999997149,0.3125,0.3125,0.0,1.021759053848799,533909504,112,0.0027901785714285,gift_cards,3,,gift_cards,als,none,3
train,als,0.7552854999994452,0.75,0.75,0.0,0.9930019840186936,533909504,1,0.75,gift_cards,3,,gift_cards,als,quota_mmr,3
rerank_setup,als,0.3068547999992006,0.3125,0.3125,0.0,1.0183969747281585,533909504,534,0.0005852059925093,gift_cards,3,,gift_cards,als,quota_mmr,3
retrieve_score,als,0.3047376999993503,0.3125,0.296875,0.015625,1.025472069916739,533909504,24,0.0130208333333333,gift_cards,3,,gift_cards,als,quota_mmr,3
retrieve_select,als,0.3064494000000195,0.3125,0.3125,0.0,1.0197442057317785,533909504,104,0.0030048076923076,gift_cards,3,,gift_cards,als,quota_mmr,3
rerank,als,0.4530439000000115,0.453125,0.453125,0.0,1.0001790113496474,533909504,1,0.453125,gift_cards,3,,gift_cards,als,quota_mmr,3
train,popularity,0.3034292000002097,0.3125,0.3125,0.0,1.02989428835387,533909504,2326,0.0001343508168529,software,3,,software,popularity,none,3
retrieve_score,popularity,0.3134393000000273,0.3125,0.3125,0.0,0.9970032475186512,533909504,23,0.0135869565217391,software,3,,software,popularity,none,3
retrieve_select,popularity,0.3172838000000411,0.3125,0.234375,0.078125,0.9849226465390276,533909504,46,0.0067934782608695,software,3,,software,popularity,none,3
train,popularity,0.2976357999996253,0.3125,0.296875,0.015625,1.0499409009278904,533909504,2697,0.0001158694846125,software,3,,software,popularity,quota_mmr,3
rerank_setup,popularity,0.3206313000000591,0.3125,0.203125,0.109375,0.9746397185800088,533909504,33,0.0094696969696969,software,3,,software,popularity,quota_mmr,3
retrieve_score,popularity,0.3105782000002364,0.3125,0.3125,0.0,1.0061878135676043,533909504,25,0.0125,software,3,,software,popularity,quota_mmr,3
retrieve_select,popularity,0.3131489000006695,0.3125,0.234375,0.078125,0.9979278228323072,533909504,44,0.0071022727272727,software,3,,software,popularity,quota_mmr,3
rerank,popularity,0.6159204000005047,0.609375,0.609375,0.0,0.989372977416401,533909504,1,0.609375,software,3,,software,popularity,quota_mmr,3
train,itemknn,0.3377674000003026,0.328125,0.28125,0.046875,0.9714525439687371,533909504,15,0.021875,software,3,,software,itemknn,none,3
retrieve_score,itemknn,0.3188548999996783,0.3125,0.3125,0.0,0.980069617874197,533909504,26,0.0120192307692307,software,3,,software,itemknn,none,3
retrieve_select,itemknn,0.3065458999999464,0.3125,0.265625,0.046875,1.019423192416061,533909504,44,0.0071022727272727,software,3,,software,itemknn,none,3
train,itemknn,0.3136193000000276,0.3125,0.265625,0.046875,0.99643102321819,533909504,14,0.0223214285714285,software,3,,software,itemknn,quota_mmr,3
rerank_setup,itemknn,0.3027554000000236,0.3125,0.203125,0.109375,1.0321863788390746,533909504,32,0.009765625,software,3,,software,itemknn,quota_mmr,3
retrieve_score,itemknn,0.3357206999999107,0.3125,0.296875,0.015625,0.9308332789729172,533909504,26,0.0120192307692307,software,3,,software,itemknn,quota_mmr,3
retrieve_select,itemknn,0.3033644999995886,0.3125,0.21875,0.09375,1.0301139388439444,533909504,43,0.0072674418604651,software,3,,software,itemknn,quota_mmr,3
rerank,itemknn,0.6696160000001328,0.65625,0.65625,0.0,0.980039306109576,533909504,1,0.65625,software,3,,software,itemknn,quota_mmr,3
train,als,2.818622800000412,2.828125,2.8125,0.015625,1.0033712208670087,533909504,1,2.828125,software,3,,software,als,none,3
retrieve_score,als,0.3002589000006992,0.3125,0.3125,0.0,1.0407684834630124,533909504,23,0.0135869565217391,software,3,,software,als,none,3
retrieve_select,als,0.3305114999993748,0.3125,0.3125,0.0,0.94550416551494,533909504,44,0.0071022727272727,software,3,,software,als,none,3
train,als,2.695235800000773,2.71875,2.71875,0.0,1.0087243572526083,533909504,1,2.71875,software,3,,software,als,quota_mmr,3
rerank_setup,als,0.3045679999995627,0.3125,0.1875,0.125,1.0260434451434446,533909504,33,0.0094696969696969,software,3,,software,als,quota_mmr,3
retrieve_score,als,0.2338611000004675,0.3125,0.265625,0.046875,1.3362632776437604,533909504,20,0.015625,software,3,,software,als,quota_mmr,3
retrieve_select,als,0.3106004999999641,0.3125,0.265625,0.046875,1.0061155728984217,533909504,44,0.0071022727272727,software,3,,software,als,quota_mmr,3
rerank,als,0.6862611999995352,0.6875,0.6875,0.0,1.0018051435815776,533909504,1,0.6875,software,3,,software,als,quota_mmr,3
train,popularity,0.3258617999999842,0.3125,0.3125,0.0,0.9589955005465972,533909504,1598,0.0001955569461827,ml100k,3,,ml100k,popularity,none,3
retrieve_score,popularity,0.3157010000004447,0.3125,0.3125,0.0,0.989860659293318,533909504,25,0.0125,ml100k,3,,ml100k,popularity,none,3
retrieve_select,popularity,0.3131819000000178,0.3125,0.265625,0.046875,0.9978226711057768,533909504,30,0.0104166666666666,ml100k,3,,ml100k,popularity,none,3
train,popularity,0.3105662999996639,0.3125,0.3125,0.0,1.0062263677686156,533909504,1911,0.0001635269492412,ml100k,3,,ml100k,popularity,quota_mmr,3
rerank_setup,popularity,0.3941729999996823,0.390625,0.3125,0.078125,0.9909988761287932,533909504,4,0.09765625,ml100k,3,,ml100k,popularity,quota_mmr,3
retrieve_score,popularity,0.3179116999999678,0.3125,0.28125,0.03125,0.9829773487419042,533909504,25,0.0125,ml100k,3,,ml100k,popularity,quota_mmr,3
retrieve_select,popularity,0.3052483999999822,0.3125,0.265625,0.046875,1.0237563898779427,533909504,29,0.0107758620689655,ml100k,3,,ml100k,popularity,quota_mmr,3
rerank,popularity,0.5570685000002413,0.515625,0.5,0.015625,0.9256043018044936,533909504,1,0.515625,ml100k,3,,ml100k,popularity,quota_mmr,3
train,itemknn,0.3873868000000584,0.390625,0.328125,0.0625,1.0083590870931614,533909504,2,0.1953125,ml100k,3,,ml100k,itemknn,none,3
retrieve_score,itemknn,0.3301519999995435,0.328125,0.3125,0.015625,0.9938604036942188,533909504,12,0.02734375,ml100k,3,,ml100k,itemknn,none,3
retrieve_select,itemknn,0.3059788999999,0.3125,0.21875,0.09375,1.0213122538845067,533909504,32,0.009765625,ml100k,3,,ml100k,itemknn,none,3
train,itemknn,0.3881236999995963,0.390625,0.359375,0.03125,1.0064445948557286,533909504,2,0.1953125,ml100k,3,,ml100k,itemknn,quota_mmr,3
rerank_setup,itemknn,0.3665350999999646,0.375,0.34375,0.03125,1.0230943775917674,533909504,4,0.09375,ml100k,3,,ml100k,itemknn,quota_mmr,3
retrieve_score,itemknn,0.3279775999999401,0.3125,0.296875,0.015625,0.9528089723202348,533909504,12,0.0260416666666666,ml100k,3,,ml100k,itemknn,quota_mmr,3
retrieve_select,itemknn,0.302443200000198,0.3125,0.15625,0.15625,1.0332518634897243,533909504,32,0.009765625,ml100k,3,,ml100k,itemknn,quota_mmr,3
rerank,itemknn,0.5378699000002598,0.53125,0.53125,0.0,0.9876923769107424,533909504,1,0.53125,ml100k,3,,ml100k,itemknn,quota_mmr,3
train,als,4.82253110000056,6.078125,5.5,0.578125,1.260359938373294,533909504,1,6.078125,ml100k,3,,ml100k,als,none,3
retrieve_score,als,0.1622041000000535,0.3125,0.1875,0.125,1.926585086319623,533909504,11,0.0284090909090909,ml100k,3,,ml100k,als,none,3
retrieve_select,als,0.302961200000027,0.3125,0.171875,0.140625,1.0314852198894515,533909504,29,0.0107758620689655,ml100k,3,,ml100k,als,none,3
train,als,5.512988699999369,6.6875,6.03125,0.65625,1.213044387339442,533909504,1,6.6875,ml100k,3,,ml100k,als,quota_mmr,3
rerank_setup,als,0.3601020000005519,0.34375,0.28125,0.0625,0.954590643760582,533909504,4,0.0859375,ml100k,3,,ml100k,als,quota_mmr,3
retrieve_score,als,0.2083336999994571,0.3125,0.1875,0.125,1.4999973600085548,533909504,16,0.01953125,ml100k,3,,ml100k,als,quota_mmr,3
retrieve_select,als,0.3082149000001664,0.3125,0.296875,0.015625,1.013902961861452,533909504,31,0.0100806451612903,ml100k,3,,ml100k,als,quota_mmr,3
rerank,als,0.6357498999996096,0.640625,0.640625,0.0,1.0076682670345578,533909504,1,0.640625,ml100k,3,,ml100k,als,quota_mmr,3
train,multvae,1.0266529000000446,4.03125,3.640625,0.390625,3.926594859859476,533909504,1,4.03125,ml100k,3,,ml100k,multvae,none,3
retrieve_score,multvae,0.0903545999999551,0.3125,0.25,0.0625,3.458595356519262,533909504,4,0.078125,ml100k,3,,ml100k,multvae,none,3
retrieve_select,multvae,0.0679614000000583,0.3125,0.28125,0.03125,4.598198389081621,533909504,6,0.0520833333333333,ml100k,3,,ml100k,multvae,none,3
train,multvae,1.141409300000305,4.53125,4.0,0.53125,3.9698730332745575,533909504,1,4.53125,ml100k,3,,ml100k,multvae,quota_mmr,3
rerank_setup,multvae,0.1162081000002217,0.4375,0.359375,0.078125,3.764797806686153,533909504,1,0.4375,ml100k,3,,ml100k,multvae,quota_mmr,3
retrieve_score,multvae,0.0765811999999641,0.3125,0.3125,0.0,4.080635978544946,533909504,3,0.1041666666666666,ml100k,3,,ml100k,multvae,quota_mmr,3
retrieve_select,multvae,0.0702751999997417,0.3125,0.28125,0.03125,4.446803424268425,533909504,6,0.0520833333333333,ml100k,3,,ml100k,multvae,quota_mmr,3
rerank,multvae,0.6079578999997466,0.90625,0.828125,0.078125,1.49064598058579,533909504,1,0.90625,ml100k,3,,ml100k,multvae,quota_mmr,3
train,gru4rec,113.3070157000002,449.90625,388.984375,60.921875,3.970683079247309,533909504,1,449.90625,ml100k,3,,ml100k,gru4rec,none,3
retrieve_score,gru4rec,0.0891926999993302,0.375,0.328125,0.046875,4.20437995489335,533909504,2,0.1875,ml100k,3,,ml100k,gru4rec,none,3
retrieve_select,gru4rec,0.0786479999997027,0.3125,0.28125,0.03125,3.973400467922657,533909504,6,0.0520833333333333,ml100k,3,,ml100k,gru4rec,none,3
train,gru4rec,109.66869909999969,436.0625,378.125,57.9375,3.976180109535021,533909504,1,436.0625,ml100k,3,,ml100k,gru4rec,quota_mmr,3
rerank_setup,gru4rec,0.1206372000006013,0.5,0.375,0.125,4.144658529852382,533909504,1,0.5,ml100k,3,,ml100k,gru4rec,quota_mmr,3
retrieve_score,gru4rec,0.1131494999999631,0.4375,0.390625,0.046875,3.866565915007512,533909504,3,0.1458333333333333,ml100k,3,,ml100k,gru4rec,quota_mmr,3
retrieve_select,gru4rec,0.0801611999995657,0.3125,0.25,0.0625,3.898394734630881,533909504,7,0.0446428571428571,ml100k,3,,ml100k,gru4rec,quota_mmr,3
rerank,gru4rec,0.6413528000002771,0.96875,0.921875,0.046875,1.5104790998021391,533909504,1,0.96875,ml100k,3,,ml100k,gru4rec,quota_mmr,3
train,popularity,0.3012275000000954,0.3125,0.296875,0.015625,1.0374218821319467,533909504,2384,0.0001310822147651,luxury_beauty,3,,luxury_beauty,popularity,none,3
retrieve_score,popularity,0.3226424999993469,0.3125,0.3125,0.0,0.9685642778016924,533909504,29,0.0107758620689655,luxury_beauty,3,,luxury_beauty,popularity,none,3
retrieve_select,popularity,0.3023689000001468,0.3125,0.28125,0.03125,1.0335057606779277,533909504,34,0.0091911764705882,luxury_beauty,3,,luxury_beauty,popularity,none,3
train,popularity,0.2984348999998474,0.3125,0.3125,0.0,1.0471295414851272,533909504,2395,0.0001304801670146,luxury_beauty,3,,luxury_beauty,popularity,quota_mmr,3
rerank_setup,popularity,0.3235440999997081,0.3125,0.21875,0.09375,0.9658652406280378,533909504,10,0.03125,luxury_beauty,3,,luxury_beauty,popularity,quota_mmr,3
retrieve_score,popularity,0.309206500000073,0.3125,0.296875,0.015625,1.0106514578442762,533909504,28,0.0111607142857142,luxury_beauty,3,,luxury_beauty,popularity,quota_mmr,3
retrieve_select,popularity,0.3052284000004874,0.3125,0.265625,0.046875,1.0238234712087766,533909504,35,0.0089285714285714,luxury_beauty,3,,luxury_beauty,popularity,quota_mmr,3
rerank,popularity,0.8464529000002585,0.84375,0.828125,0.015625,0.996806792202782,533909504,1,0.84375,luxury_beauty,3,,luxury_beauty,popularity,quota_mmr,3
train,itemknn,0.353834900000038,0.359375,0.265625,0.09375,1.0156573023180058,533909504,5,0.071875,luxury_beauty,3,,luxury_beauty,itemknn,none,3
retrieve_score,itemknn,0.3186394000003929,0.3125,0.28125,0.03125,0.98073245179226,533909504,25,0.0125,luxury_beauty,3,,luxury_beauty,itemknn,none,3
retrieve_select,itemknn,0.3047098000006372,0.3125,0.1875,0.125,1.025565964728888,533909504,29,0.0107758620689655,luxury_beauty,3,,luxury_beauty,itemknn,none,3
train,itemknn,0.3542928000006213,0.34375,0.28125,0.0625,0.9702426919186536,533909504,5,0.06875,luxury_beauty,3,,luxury_beauty,itemknn,quota_mmr,3
rerank_setup,itemknn,0.328714399999626,0.328125,0.1875,0.140625,0.9982069541230116,533909504,10,0.0328125,luxury_beauty,3,,luxury_beauty,itemknn,quota_mmr,3
retrieve_score,itemknn,0.3082720000002155,0.3125,0.3125,0.0,1.0137151606366506,533909504,24,0.0130208333333333,luxury_beauty,3,,luxury_beauty,itemknn,quota_mmr,3
retrieve_select,itemknn,0.3143927999999505,0.3125,0.265625,0.046875,0.9939795058921488,533909504,30,0.0104166666666666,luxury_beauty,3,,luxury_beauty,itemknn,quota_mmr,3
rerank,itemknn,0.6092743999997765,0.609375,0.609375,0.0,1.000165114438131,533909504,1,0.609375,luxury_beauty,3,,luxury_beauty,itemknn,quota_mmr,3
train,als,5.450129800000468,5.390625,5.390625,0.0,0.9890819481032428,533909504,1,5.390625,luxury_beauty,3,,luxury_beauty,als,none,3
retrieve_score,als,0.1948850000007951,0.3125,0.296875,0.015625,1.6035097621608898,533909504,16,0.01953125,luxury_beauty,3,,luxury_beauty,als,none,3
retrieve_select,als,0.3139281000003393,0.3125,0.25,0.0625,0.995450869162914,533909504,33,0.0094696969696969,luxury_beauty,3,,luxury_beauty,als,none,3
train,als,5.451939499999753,5.59375,5.546875,0.046875,1.0260110186476306,533909504,1,5.59375,luxury_beauty,3,,luxury_beauty,als,quota_mmr,3
rerank_setup,als,0.3250787999995737,0.328125,0.203125,0.125,1.0093706510557758,533909504,10,0.0328125,luxury_beauty,3,,luxury_beauty,als,quota_mmr,3
retrieve_score,als,0.2005994999999529,0.3125,0.203125,0.109375,1.557830403366276,533909504,16,0.01953125,luxury_beauty,3,,luxury_beauty,als,quota_mmr,3
retrieve_select,als,0.312796299999718,0.3125,0.265625,0.046875,0.9990527381566908,533909504,32,0.009765625,luxury_beauty,3,,luxury_beauty,als,quota_mmr,3
rerank,als,0.6764562999996997,0.671875,0.65625,0.015625,0.9932275004317328,533909504,1,0.671875,luxury_beauty,3,,luxury_beauty,als,quota_mmr,3
train,popularity,0.3039920999999594,0.3125,0.3125,0.0,1.0279872404580306,533909504,953,0.0003279118572927,digital_music,3,,digital_music,popularity,none,3
retrieve_score,popularity,0.3189660999996704,0.3125,0.265625,0.046875,0.9797279397413172,533909504,21,0.0148809523809523,digital_music,3,,digital_music,popularity,none,3
retrieve_select,popularity,0.3149773000004643,0.3125,0.234375,0.078125,0.992134988773919,533909504,6,0.0520833333333333,digital_music,3,,digital_music,popularity,none,3
train,popularity,0.2990540000000692,0.3125,0.3125,0.0,1.044961779477712,533909504,950,0.000328947368421,digital_music,3,,digital_music,popularity,quota_mmr,3
rerank_setup,popularity,0.4096704000003228,0.40625,0.28125,0.125,0.9916508490720342,533909504,3,0.1354166666666666,digital_music,3,,digital_music,popularity,quota_mmr,3
retrieve_score,popularity,0.3223975999999311,0.3125,0.15625,0.15625,0.9693000196033308,533909504,21,0.0148809523809523,digital_music,3,,digital_music,popularity,quota_mmr,3
retrieve_select,popularity,0.3136894999997821,0.3125,0.171875,0.140625,0.9962080337410626,533909504,6,0.0520833333333333,digital_music,3,,digital_music,popularity,quota_mmr,3
rerank,popularity,1.1375748000000383,1.125,1.078125,0.046875,0.9889459576635856,533909504,1,1.125,digital_music,3,,digital_music,popularity,quota_mmr,3
train,itemknn,0.3338793000002624,0.328125,0.28125,0.046875,0.9827653286674018,533909504,1,0.328125,digital_music,3,,digital_music,itemknn,none,3
retrieve_score,itemknn,0.3079595999997764,0.3125,0.203125,0.109375,1.0147434923289511,533909504,12,0.0260416666666666,digital_music,3,,digital_music,itemknn,none,3
retrieve_select,itemknn,0.3188807999995333,0.3125,0.234375,0.078125,0.9799900150791684,533909504,6,0.0520833333333333,digital_music,3,,digital_music,itemknn,none,3
train,itemknn,0.3347208000004684,0.328125,0.3125,0.015625,0.9802946216654024,533909504,1,0.328125,digital_music,3,,digital_music,itemknn,quota_mmr,3
rerank_setup,itemknn,0.4364544999998543,0.4375,0.34375,0.09375,1.0023954387001304,533909504,3,0.1458333333333333,digital_music,3,,digital_music,itemknn,quota_mmr,3
retrieve_score,itemknn,0.3068581000006816,0.3125,0.234375,0.078125,1.0183860227228998,533909504,12,0.0260416666666666,digital_music,3,,digital_music,itemknn,quota_mmr,3
retrieve_select,itemknn,0.3192161000006308,0.3125,0.171875,0.140625,0.978960647659634,533909504,6,0.0520833333333333,digital_music,3,,digital_music,itemknn,quota_mmr,3
rerank,itemknn,0.6162027000000307,0.625,0.609375,0.015625,1.014276633322069,533909504,1,0.625,digital_music,3,,digital_music,itemknn,quota_mmr,3
train,als,30.35813779999989,30.53125,30.328125,0.203125,1.0057023326378112,533909504,1,30.53125,digital_music,3,,digital_music,als,none,3
retrieve_score,als,0.1359186999998201,0.359375,0.1875,0.171875,2.64404382914548,533909504,6,0.0598958333333333,digital_music,3,,digital_music,als,none,3
retrieve_select,als,0.3219239000000016,0.3125,0.25,0.0625,0.970726311404647,533909504,6,0.0520833333333333,digital_music,3,,digital_music,als,none,3
train,als,30.210769100000107,30.390625,30.296875,0.09375,1.0059533704489467,533909504,1,30.390625,digital_music,3,,digital_music,als,quota_mmr,3
rerank_setup,als,0.41814340000019,0.421875,0.28125,0.140625,1.0089242111672891,538017792,3,0.140625,digital_music,3,,digital_music,als,quota_mmr,3
retrieve_score,als,0.1323883999993995,0.328125,0.234375,0.09375,2.4785026482795187,538017792,6,0.0546875,digital_music,3,,digital_music,als,quota_mmr,3
retrieve_select,als,0.3307896000005712,0.328125,0.21875,0.109375,0.9919447286112784,538017792,6,0.0546875,digital_music,3,,digital_music,als,quota_mmr,3
rerank,als,0.5531139999993684,0.5625,0.546875,0.015625,1.0169693770192805,538017792,1,0.5625,digital_music,3,,digital_music,als,quota_mmr,3
train,popularity,0.307744000000639,0.3125,0.3125,0.0,1.0154544036580764,538017792,3761,8.308960382876894e-05,gift_cards,4,,gift_cards,popularity,none,4
retrieve_score,popularity,0.3138390999993135,0.3125,0.3125,0.0,0.995733163906867,538017792,30,0.0104166666666666,gift_cards,4,,gift_cards,popularity,none,4
retrieve_select,popularity,0.3117605000006733,0.3125,0.3125,0.0,1.0023720131297102,538017792,142,0.0022007042253521,gift_cards,4,,gift_cards,popularity,none,4
train,popularity,0.3018854000001738,0.3125,0.296875,0.015625,1.0351610246796303,538017792,3716,8.409580193756728e-05,gift_cards,4,,gift_cards,popularity,quota_mmr,4
rerank_setup,popularity,0.3123166999994282,0.3125,0.3125,0.0,1.0005869042563913,538017792,633,0.0004936808846761,gift_cards,4,,gift_cards,popularity,quota_mmr,4
retrieve_score,popularity,0.3206725000000006,0.3125,0.3125,0.0,0.9745144968776538,538017792,31,0.0100806451612903,gift_cards,4,,gift_cards,popularity,quota_mmr,4
retrieve_select,popularity,0.3052269999998316,0.3125,0.3125,0.0,1.0238281672334768,538017792,141,0.0022163120567375,gift_cards,4,,gift_cards,popularity,quota_mmr,4
rerank,popularity,0.6195697000002838,0.609375,0.609375,0.0,0.983545515540416,538017792,2,0.3046875,gift_cards,4,,gift_cards,popularity,quota_mmr,4
train,itemknn,0.3063218999996024,0.3125,0.3125,0.0,1.02016865265071,538017792,162,0.001929012345679,gift_cards,4,,gift_cards,itemknn,none,4
retrieve_score,itemknn,0.3136971999992965,0.3125,0.3125,0.0,0.9961835808566374,538017792,30,0.0104166666666666,gift_cards,4,,gift_cards,itemknn,none,4
retrieve_select,itemknn,0.3122963000005256,0.3125,0.3125,0.0,1.0006522651708458,538017792,132,0.0023674242424242,gift_cards,4,,gift_cards,itemknn,none,4
train,itemknn,0.3111591000006228,0.3125,0.3125,0.0,1.0043093709917996,538017792,164,0.001905487804878,gift_cards,4,,gift_cards,itemknn,quota_mmr,4
rerank_setup,itemknn,0.3107401999996,0.3125,0.296875,0.015625,1.0056632518110056,538017792,632,0.0004944620253164,gift_cards,4,,gift_cards,itemknn,quota_mmr,4
retrieve_score,itemknn,0.3176910000001953,0.3125,0.3125,0.0,0.9836602232981352,538017792,30,0.0104166666666666,gift_cards,4,,gift_cards,itemknn,quota_mmr,4
retrieve_select,itemknn,0.3080532000003586,0.3125,0.3125,0.0,1.0144351689891102,538017792,133,0.0023496240601503,gift_cards,4,,gift_cards,itemknn,quota_mmr,4
rerank,itemknn,0.3628930000004402,0.359375,0.359375,0.0,0.9903056823900268,538017792,1,0.359375,gift_cards,4,,gift_cards,itemknn,quota_mmr,4
train,als,0.6610002999996141,0.65625,0.65625,0.0,0.9928134677100496,538017792,1,0.65625,gift_cards,4,,gift_cards,als,none,4
retrieve_score,als,0.3088522999996712,0.3125,0.3125,0.0,1.0118104997124278,538017792,28,0.0111607142857142,gift_cards,4,,gift_cards,als,none,4
retrieve_select,als,0.3039183000000776,0.3125,0.3125,0.0,1.0282368649729885,538017792,120,0.0026041666666666,gift_cards,4,,gift_cards,als,none,4
train,als,0.6579197999999451,0.65625,0.65625,0.0,0.9974620006877052,538017792,1,0.65625,gift_cards,4,,gift_cards,als,quota_mmr,4
rerank_setup,als,0.309006400000726,0.3125,0.3125,0.0,1.0113059146971253,538017792,591,0.0005287648054145,gift_cards,4,,gift_cards,als,quota_mmr,4
retrieve_score,als,0.3154119000000719,0.3125,0.3125,0.0,0.9907679450265788,538017792,27,0.011574074074074,gift_cards,4,,gift_cards,als,quota_mmr,4
retrieve_select,als,0.3096396999999342,0.3125,0.3125,0.0,1.0092375105649125,538017792,131,0.0023854961832061,gift_cards,4,,gift_cards,als,quota_mmr,4
rerank,als,0.4209340000006705,0.421875,0.421875,0.0,1.002235504851896,538017792,1,0.421875,gift_cards,4,,gift_cards,als,quota_mmr,4
train,popularity,0.2994402000003902,0.3125,0.3125,0.0,1.0436140504835116,538017792,3033,0.0001030333003626,software,4,,software,popularity,none,4
retrieve_score,popularity,0.322855399999753,0.3125,0.3125,0.0,0.9679255790680258,538017792,30,0.0104166666666666,software,4,,software,popularity,none,4
retrieve_select,popularity,0.3030893000004653,0.3125,0.265625,0.046875,1.0310492650170109,538017792,47,0.0066489361702127,software,4,,software,popularity,none,4
train,popularity,0.3116518000006181,0.3125,0.296875,0.015625,1.002721627147285,538017792,2903,0.0001076472614536,software,4,,software,popularity,quota_mmr,4
rerank_setup,popularity,0.3203760000005786,0.3125,0.1875,0.125,0.9754163857449858,538017792,36,0.0086805555555555,software,4,,software,popularity,quota_mmr,4
retrieve_score,popularity,0.3052239999997255,0.3125,0.28125,0.03125,1.0238382302842537,538017792,26,0.0120192307692307,software,4,,software,popularity,quota_mmr,4
retrieve_select,popularity,0.315657099999953,0.3125,0.296875,0.015625,0.989998324130984,538017792,52,0.0060096153846153,software,4,,software,popularity,quota_mmr,4
rerank,popularity,0.5047148999992714,0.5,0.4375,0.0625,0.9906582904541192,538017792,1,0.5,software,4,,software,popularity,quota_mmr,4
train,itemknn,0.3254598999992595,0.328125,0.296875,0.03125,1.0081887200258666,538017792,14,0.0234375,software,4,,software,itemknn,none,4
retrieve_score,itemknn,0.3166084999993472,0.3125,0.28125,0.03125,0.9870234058802726,538017792,26,0.0120192307692307,software,4,,software,itemknn,none,4
retrieve_select,itemknn,0.310213499999918,0.3125,0.28125,0.03125,1.0073707301586894,538017792,42,0.0074404761904761,software,4,,software,itemknn,none,4
train,itemknn,0.345663400000376,0.328125,0.3125,0.015625,0.9492616227221138,538017792,15,0.021875,software,4,,software,itemknn,quota_mmr,4
rerank_setup,itemknn,0.3275640000001658,0.3125,0.25,0.0625,0.9540120403946764,538017792,34,0.0091911764705882,software,4,,software,itemknn,quota_mmr,4
retrieve_score,itemknn,0.3098375999998097,0.3125,0.3125,0.0,1.0085928886622924,538017792,25,0.0125,software,4,,software,itemknn,quota_mmr,4
retrieve_select,itemknn,0.313379299999724,0.3125,0.25,0.0625,0.9971941350314945,538017792,45,0.0069444444444444,software,4,,software,itemknn,quota_mmr,4
rerank,itemknn,0.6201215000000957,0.609375,0.609375,0.0,0.982670331539716,538017792,1,0.609375,software,4,,software,itemknn,quota_mmr,4
train,als,2.712558299999728,2.6875,2.6875,0.0,0.9907621156014488,538017792,1,2.6875,software,4,,software,als,none,4
retrieve_score,als,0.3023229000000356,0.3125,0.296875,0.015625,1.0336630139495329,538017792,25,0.0125,software,4,,software,als,none,4
retrieve_select,als,0.3097089000002597,0.3125,0.265625,0.046875,1.0090120109552485,538017792,45,0.0069444444444444,software,4,,software,als,none,4
train,als,2.698686600000656,2.796875,2.71875,0.078125,1.0363837727579484,538017792,1,2.796875,software,4,,software,als,quota_mmr,4
rerank_setup,als,0.2991480000000592,0.3125,0.28125,0.03125,1.0446334255951506,538017792,34,0.0091911764705882,software,4,,software,als,quota_mmr,4
retrieve_score,als,0.3124821999999767,0.3125,0.3125,0.0,1.000056963244701,538017792,27,0.011574074074074,software,4,,software,als,quota_mmr,4
retrieve_select,als,0.3149510000002919,0.3125,0.296875,0.015625,0.9922178370594484,538017792,46,0.0067934782608695,software,4,,software,als,quota_mmr,4
rerank,als,0.6767454000000726,0.671875,0.65625,0.015625,0.9928032019130504,538017792,1,0.671875,software,4,,software,als,quota_mmr,4
train,popularity,0.3046383999999307,0.3125,0.3125,0.0,1.0258063330166882,538017792,1958,0.0001596016343207,ml100k,4,,ml100k,popularity,none,4
retrieve_score,popularity,0.3201552000000447,0.3125,0.3125,0.0,0.9760890967879214,538017792,28,0.0111607142857142,ml100k,4,,ml100k,popularity,none,4
retrieve_select,popularity,0.3121848999999201,0.3125,0.265625,0.046875,1.0010093377356817,538017792,31,0.0100806451612903,ml100k,4,,ml100k,popularity,none,4
train,popularity,0.301690299999791,0.3125,0.3125,0.0,1.0358304526205069,538017792,1909,0.0001636982713462,ml100k,4,,ml100k,popularity,quota_mmr,4
rerank_setup,popularity,0.3573775000004389,0.34375,0.25,0.09375,0.961868052688202,538017792,4,0.0859375,ml100k,4,,ml100k,popularity,quota_mmr,4
retrieve_score,popularity,0.300379299999804,0.3125,0.296875,0.015625,1.0403513158203772,538017792,26,0.0120192307692307,ml100k,4,,ml100k,popularity,quota_mmr,4
retrieve_select,popularity,0.3110592000002725,0.3125,0.296875,0.015625,1.0046319157244863,538017792,33,0.0094696969696969,ml100k,4,,ml100k,popularity,quota_mmr,4
rerank,popularity,0.502050699999927,0.5,0.484375,0.015625,0.9959153527722852,538017792,1,0.5,ml100k,4,,ml100k,popularity,quota_mmr,4
train,itemknn,0.3861061999996309,0.390625,0.359375,0.03125,1.0117035157694267,538017792,2,0.1953125,ml100k,4,,ml100k,itemknn,none,4
retrieve_score,itemknn,0.3098170000002938,0.3125,0.296875,0.015625,1.0086599508732694,538017792,12,0.0260416666666666,ml100k,4,,ml100k,itemknn,none,4
retrieve_select,itemknn,0.3174295999997412,0.3125,0.21875,0.09375,0.984470257342903,538017792,34,0.0091911764705882,ml100k,4,,ml100k,itemknn,none,4
train,itemknn,0.383227700000134,0.390625,0.390625,0.0,1.019302623479105,538017792,2,0.1953125,ml100k,4,,ml100k,itemknn,quota_mmr,4
rerank_setup,itemknn,0.3549382999999579,0.34375,0.3125,0.03125,0.9684781833914252,538017792,4,0.0859375,ml100k,4,,ml100k,itemknn,quota_mmr,4
retrieve_score,itemknn,0.308296700000028,0.3125,0.296875,0.015625,1.013633944184195,538017792,12,0.0260416666666666,ml100k,4,,ml100k,itemknn,quota_mmr,4
retrieve_select,itemknn,0.3031639999999242,0.3125,0.234375,0.078125,1.030795213152215,538017792,33,0.0094696969696969,ml100k,4,,ml100k,itemknn,quota_mmr,4
rerank,itemknn,0.5306363999998212,0.53125,0.515625,0.015625,1.0011563473598477,538017792,1,0.53125,ml100k,4,,ml100k,itemknn,quota_mmr,4
train,als,4.841594399999849,5.78125,5.296875,0.484375,1.1940797849568274,538017792,1,5.78125,ml100k,4,,ml100k,als,none,4
retrieve_score,als,0.3155014000003575,0.3125,0.28125,0.03125,0.9904868884881204,538017792,25,0.0125,ml100k,4,,ml100k,als,none,4
retrieve_select,als,0.3178729999999632,0.3125,0.25,0.0625,0.9830970230250324,538017792,31,0.0100806451612903,ml100k,4,,ml100k,als,none,4
train,als,4.929248000000371,5.671875,5.296875,0.375,1.150657260498878,538017792,1,5.671875,ml100k,4,,ml100k,als,quota_mmr,4
rerank_setup,als,0.3879677000004449,0.390625,0.359375,0.03125,1.0068492815240857,538017792,4,0.09765625,ml100k,4,,ml100k,als,quota_mmr,4
retrieve_score,als,0.2465601999992941,0.3125,0.296875,0.015625,1.2674389459486757,538017792,19,0.0164473684210526,ml100k,4,,ml100k,als,quota_mmr,4
retrieve_select,als,0.3148952999999892,0.3125,0.265625,0.046875,0.9923933447085768,538017792,32,0.009765625,ml100k,4,,ml100k,als,quota_mmr,4
rerank,als,0.6230963999996675,0.625,0.609375,0.015625,1.0030550649952936,538017792,1,0.625,ml100k,4,,ml100k,als,quota_mmr,4
train,multvae,0.9297135999995588,3.65625,3.453125,0.203125,3.9326627038711,538017792,1,3.65625,ml100k,4,,ml100k,multvae,none,4
retrieve_score,multvae,0.0671093999999357,0.3125,0.3125,0.0,4.656575680907584,538017792,4,0.078125,ml100k,4,,ml100k,multvae,none,4
retrieve_select,multvae,0.0810068999999202,0.3125,0.296875,0.015625,3.857696072807472,538017792,8,0.0390625,ml100k,4,,ml100k,multvae,none,4
train,multvae,0.91587729999992,3.6875,3.1875,0.5,4.026194338477787,538017792,1,3.6875,ml100k,4,,ml100k,multvae,quota_mmr,4
rerank_setup,multvae,0.1142040000004271,0.4375,0.375,0.0625,3.8308640677941534,538017792,1,0.4375,ml100k,4,,ml100k,multvae,quota_mmr,4
retrieve_score,multvae,0.0813775000005989,0.3125,0.28125,0.03125,3.8401277994249017,538017792,5,0.0625,ml100k,4,,ml100k,multvae,quota_mmr,4
retrieve_select,multvae,0.0773658999996769,0.3125,0.296875,0.015625,4.039247265284899,538017792,8,0.0390625,ml100k,4,,ml100k,multvae,quota_mmr,4
rerank,multvae,0.5667752999997901,0.890625,0.8125,0.078125,1.5713899317777782,538017792,1,0.890625,ml100k,4,,ml100k,multvae,quota_mmr,4
train,gru4rec,109.79404629999954,437.359375,378.703125,58.65625,3.9834525617624665,538017792,1,437.359375,ml100k,4,,ml100k,gru4rec,none,4
retrieve_score,gru4rec,0.0963152000003901,0.375,0.265625,0.109375,3.893466451800763,538017792,2,0.1875,ml100k,4,,ml100k,gru4rec,none,4
retrieve_select,gru4rec,0.0692896000000473,0.3125,0.296875,0.015625,4.510056343228802,538017792,6,0.0520833333333333,ml100k,4,,ml100k,gru4rec,none,4
train,gru4rec,110.76493500000016,441.140625,382.984375,58.15625,3.982673984325449,538017792,1,441.140625,ml100k,4,,ml100k,gru4rec,quota_mmr,4
rerank_setup,gru4rec,0.1262354000000414,0.5,0.375,0.125,3.960854086887165,538017792,1,0.5,ml100k,4,,ml100k,gru4rec,quota_mmr,4
retrieve_score,gru4rec,0.0839640000003782,0.3125,0.234375,0.078125,3.721833166578439,538017792,2,0.15625,ml100k,4,,ml100k,gru4rec,quota_mmr,4
retrieve_select,gru4rec,0.0780309999991004,0.3125,0.25,0.0625,4.004818597782965,538017792,6,0.0520833333333333,ml100k,4,,ml100k,gru4rec,quota_mmr,4
rerank,gru4rec,0.657609500000035,0.984375,0.953125,0.03125,1.4968989955284215,538017792,1,0.984375,ml100k,4,,ml100k,gru4rec,quota_mmr,4
train,popularity,0.3071117999998023,0.3125,0.3125,0.0,1.0175447508047597,538017792,2446,0.0001277596075224,luxury_beauty,4,,luxury_beauty,popularity,none,4
retrieve_score,popularity,0.3201694999997926,0.3125,0.3125,0.0,0.9760455008993748,538017792,29,0.0107758620689655,luxury_beauty,4,,luxury_beauty,popularity,none,4
retrieve_select,popularity,0.3115655999999944,0.3125,0.28125,0.03125,1.0029990473916426,538017792,34,0.0091911764705882,luxury_beauty,4,,luxury_beauty,popularity,none,4
train,popularity,0.3102890999998635,0.3125,0.3125,0.0,1.0071252905762318,538017792,2485,0.0001257545271629,luxury_beauty,4,,luxury_beauty,popularity,quota_mmr,4
rerank_setup,popularity,0.3321884999995745,0.3125,0.171875,0.140625,0.9407309404160596,538017792,10,0.03125,luxury_beauty,4,,luxury_beauty,popularity,quota_mmr,4
retrieve_score,popularity,0.3277748000000429,0.3125,0.296875,0.015625,0.9533984918912592,538017792,29,0.0107758620689655,luxury_beauty,4,,luxury_beauty,popularity,quota_mmr,4
retrieve_select,popularity,0.3139455999998972,0.3125,0.296875,0.015625,0.9953953806012962,538017792,36,0.0086805555555555,luxury_beauty,4,,luxury_beauty,popularity,quota_mmr,4
rerank,popularity,0.84886060000008,0.84375,0.8125,0.03125,0.9939794590536072,538017792,1,0.84375,luxury_beauty,4,,luxury_beauty,popularity,quota_mmr,4
train,itemknn,0.3626808999997593,0.375,0.28125,0.09375,1.0339667735473494,538017792,5,0.075,luxury_beauty,4,,luxury_beauty,itemknn,none,4
retrieve_score,itemknn,0.3182776000003287,0.3125,0.3125,0.0,0.981847293053854,538017792,24,0.0130208333333333,luxury_beauty,4,,luxury_beauty,itemknn,none,4
retrieve_select,itemknn,0.3058191999998598,0.3125,0.265625,0.046875,1.0218455871970864,538017792,26,0.0120192307692307,luxury_beauty,4,,luxury_beauty,itemknn,none,4
train,itemknn,0.3703112000002875,0.359375,0.28125,0.078125,0.9704675418937396,538017792,5,0.071875,luxury_beauty,4,,luxury_beauty,itemknn,quota_mmr,4
rerank_setup,itemknn,0.3246405999998387,0.328125,0.1875,0.140625,1.0107330999270054,538017792,10,0.0328125,luxury_beauty,4,,luxury_beauty,itemknn,quota_mmr,4
retrieve_score,itemknn,0.3032583999993221,0.3125,0.296875,0.015625,1.0304743413560795,538017792,23,0.0135869565217391,luxury_beauty,4,,luxury_beauty,itemknn,quota_mmr,4
retrieve_select,itemknn,0.3114876999998159,0.3125,0.25,0.0625,1.0032498875563454,538017792,28,0.0111607142857142,luxury_beauty,4,,luxury_beauty,itemknn,quota_mmr,4
rerank,itemknn,0.6410036000006585,0.640625,0.625,0.015625,0.9994093636905343,538017792,1,0.640625,luxury_beauty,4,,luxury_beauty,itemknn,quota_mmr,4
train,als,5.518129699999918,5.578125,5.5625,0.015625,1.0108723975806664,538017792,1,5.578125,luxury_beauty,4,,luxury_beauty,als,none,4
retrieve_score,als,0.3082814999997936,0.3125,0.296875,0.015625,1.0136839220005391,538017792,25,0.0125,luxury_beauty,4,,luxury_beauty,als,none,4
retrieve_select,als,0.3122917000000598,0.3125,0.296875,0.015625,1.0006670045983936,538017792,33,0.0094696969696969,luxury_beauty,4,,luxury_beauty,als,none,4
train,als,5.529373099999248,5.546875,5.546875,0.0,1.0031652593674236,538017792,1,5.546875,luxury_beauty,4,,luxury_beauty,als,quota_mmr,4
rerank_setup,als,0.3193676000000778,0.3125,0.15625,0.15625,0.9784962532201884,538017792,10,0.03125,luxury_beauty,4,,luxury_beauty,als,quota_mmr,4
retrieve_score,als,0.1724087000002327,0.359375,0.234375,0.125,2.0844365742535893,538017792,14,0.0256696428571428,luxury_beauty,4,,luxury_beauty,als,quota_mmr,4
retrieve_select,als,0.3050446000006559,0.3125,0.265625,0.046875,1.024440360522127,538017792,32,0.009765625,luxury_beauty,4,,luxury_beauty,als,quota_mmr,4
rerank,als,0.6590252000005421,0.65625,0.65625,0.0,0.9957889318943496,538017792,1,0.65625,luxury_beauty,4,,luxury_beauty,als,quota_mmr,4
train,popularity,0.3010925999997198,0.3125,0.3125,0.0,1.037886683366814,538017792,975,0.0003205128205128,digital_music,4,,digital_music,popularity,none,4
retrieve_score,popularity,0.3132065999998303,0.3125,0.28125,0.03125,0.9977439811299292,538017792,21,0.0148809523809523,digital_music,4,,digital_music,popularity,none,4
retrieve_select,popularity,0.3761810000005425,0.359375,0.296875,0.0625,0.9553246974182154,538017792,7,0.0513392857142857,digital_music,4,,digital_music,popularity,none,4
train,popularity,0.3055117999992944,0.3125,0.3125,0.0,1.022873748250384,538017792,984,0.000317581300813,digital_music,4,,digital_music,popularity,quota_mmr,4
rerank_setup,popularity,0.4218234999998458,0.421875,0.3125,0.109375,1.0001220889783389,538017792,3,0.140625,digital_music,4,,digital_music,popularity,quota_mmr,4
retrieve_score,popularity,0.3163856999999552,0.3125,0.28125,0.03125,0.987718471473408,538017792,21,0.0148809523809523,digital_music,4,,digital_music,popularity,quota_mmr,4
retrieve_select,popularity,0.3111483000002408,0.3125,0.234375,0.078125,1.0043442307085018,538017792,6,0.0520833333333333,digital_music,4,,digital_music,popularity,quota_mmr,4
rerank,popularity,1.1689822999996975,1.15625,1.046875,0.109375,0.9891082183197292,538017792,1,1.15625,digital_music,4,,digital_music,popularity,quota_mmr,4
train,itemknn,0.3317164000000048,0.3125,0.28125,0.03125,0.9420697921477368,538017792,1,0.3125,digital_music,4,,digital_music,itemknn,none,4
retrieve_score,itemknn,0.3266882999996596,0.328125,0.234375,0.09375,1.0043977699854627,538017792,13,0.0252403846153846,digital_music,4,,digital_music,itemknn,none,4
retrieve_select,itemknn,0.3211883000003581,0.3125,0.1875,0.125,0.9729495127925006,538017792,6,0.0520833333333333,digital_music,4,,digital_music,itemknn,none,4
train,itemknn,0.3318459000001894,0.328125,0.296875,0.03125,0.9887872654138944,538017792,1,0.328125,digital_music,4,,digital_music,itemknn,quota_mmr,4
rerank_setup,itemknn,0.4210858000005828,0.421875,0.359375,0.0625,1.0018742023583225,538017792,3,0.140625,digital_music,4,,digital_music,itemknn,quota_mmr,4
retrieve_score,itemknn,0.3182757999993555,0.3125,0.21875,0.09375,0.9818528458671152,538017792,12,0.0260416666666666,digital_music,4,,digital_music,itemknn,quota_mmr,4
retrieve_select,itemknn,0.3438735999998243,0.34375,0.1875,0.15625,0.9996405656036856,538017792,6,0.0572916666666666,digital_music,4,,digital_music,itemknn,quota_mmr,4
rerank,itemknn,0.62869370000044,0.640625,0.5625,0.078125,1.0189779219985051,538017792,1,0.640625,digital_music,4,,digital_music,itemknn,quota_mmr,4
train,als,30.429191000000174,30.484375,30.375,0.109375,1.0018135217594126,538017792,1,30.484375,digital_music,4,,digital_music,als,none,4
retrieve_score,als,0.0876385999999911,0.3125,0.25,0.0625,3.565780375314435,538017792,4,0.078125,digital_music,4,,digital_music,als,none,4
retrieve_select,als,0.3221745999999257,0.328125,0.25,0.078125,1.0184694882839171,538017792,6,0.0546875,digital_music,4,,digital_music,als,none,4
train,als,30.298823000000084,30.640625,30.46875,0.171875,1.0112810322697985,538017792,1,30.640625,digital_music,4,null,digital_music,als,quota_mmr,4
rerank_setup,als,0.4157258000004731,0.40625,0.296875,0.109375,0.9772066107023852,538017792,3,0.13541666666666666,digital_music,4,null,digital_music,als,quota_mmr,4
retrieve_score,als,0.08727080000062415,0.3125,0.25,0.0625,3.5808082428230867,538017792,4,0.078125,digital_music,4,null,digital_music,als,quota_mmr,4
retrieve_select,als,0.3176585999999588,0.3125,0.25,0.0625,0.9837605529963316,538017792,6,0.052083333333333336,digital_music,4,null,digital_music,als,quota_mmr,4
rerank,als,0.5710736999999426,0.5625,0.546875,0.015625,0.9849867013663149,538017792,1,0.5625,digital_music,4,null,digital_music,als,quota_mmr,4
