user_row,ndcg,ndcg_vs_retrieval,recall,exposure_parity,dataset,family,reranker,repeat,intra_list_similarity
0,0.0,1.0,0.0,1.5,gift_cards,popularity,none,0,
1,0.0,1.0,0.0,1.5,gift_cards,popularity,none,0,
2,0.0,1.0,0.0,1.5,gift_cards,popularity,none,0,
4,0.0,1.0,0.0,1.5,gift_cards,popularity,none,0,
6,0.0,1.0,0.0,1.5,gift_cards,popularity,none,0,
8,0.0,1.0,0.0,1.5,gift_cards,popularity,none,0,
9,0.2890648263178879,1.0,1.0,1.5,gift_cards,popularity,none,0,
10,0.0,1.0,0.0,1.5,gift_cards,popularity,none,0,
17,0.0,1.0,0.0,1.5,gift_cards,popularity,none,0,
19,0.0,1.0,0.0,1.5,gift_cards,popularity,none,0,
20,0.0,1.0,0.0,1.5,gift_cards,popularity,none,0,
21,0.0,1.0,0.0,1.5,gift_cards,popularity,none,0,
23,0.0,1.0,0.0,1.5,gift_cards,popularity,none,0,
24,0.0,1.0,0.0,1.5,gift_cards,popularity,none,0,
25,0.0,1.0,0.0,1.5,gift_cards,popularity,none,0,
28,0.0,1.0,0.0,1.5,gift_cards,popularity,none,0,
29,0.0,1.0,0.0,1.5,gift_cards,popularity,none,0,
33,0.0,1.0,0.0,1.5,gift_cards,popularity,none,0,
34,0.0,1.0,0.0,1.5,gift_cards,popularity,none,0,
36,0.0,1.0,0.0,1.5,gift_cards,popularity,none,0,
37,0.0,1.0,0.0,1.5,gift_cards,popularity,none,0,
41,0.0,1.0,0.0,1.5,gift_cards,popularity,none,0,
43,0.0,1.0,0.0,1.5,gift_cards,popularity,none,0,
46,0.0,1.0,0.0,1.5,gift_cards,popularity,none,0,
49,0.0,1.0,0.0,1.5,gift_cards,popularity,none,0,
50,0.3333333333333333,1.0,1.0,1.5,gift_cards,popularity,none,0,
52,0.3010299956639812,1.0,1.0,1.5,gift_cards,popularity,none,0,
55,0.0,1.0,0.0,1.5,gift_cards,popularity,none,0,
57,0.0,1.0,0.0,1.5,gift_cards,popularity,none,0,
66,0.0,1.0,0.0,1.5,gift_cards,popularity,none,0,
70,0.0,1.0,0.0,1.5,gift_cards,popularity,none,0,
75,0.0,1.0,0.0,1.5,gift_cards,popularity,none,0,
76,0.0,1.0,0.0,1.5,gift_cards,popularity,none,0,
77,0.0,1.0,0.0,1.5,gift_cards,popularity,none,0,
78,0.0,1.0,0.0,1.5,gift_cards,popularity,none,0,
79,0.0,1.0,0.0,1.5,gift_cards,popularity,none,0,
80,0.0,1.0,0.0,1.5,gift_cards,popularity,none,0,
86,0.0,1.0,0.0,1.5,gift_cards,popularity,none,0,
88,0.0,1.0,0.0,1.5,gift_cards,popularity,none,0,
92,0.0,1.0,0.0,1.5,gift_cards,popularity,none,0,
97,0.0,1.0,0.0,1.5,gift_cards,popularity,none,0,
101,0.0,1.0,0.0,1.5,gift_cards,popularity,none,0,
109,0.0,1.0,0.0,1.5,gift_cards,popularity,none,0,
110,0.0,1.0,0.0,1.5,gift_cards,popularity,none,0,
113,0.0,1.0,0.0,1.5,gift_cards,popularity,none,0,
115,0.0,1.0,0.0,1.5,gift_cards,popularity,none,0,
116,0.6309297535714575,1.0,1.0,1.5,gift_cards,popularity,none,0,
118,0.0,1.0,0.0,1.5,gift_cards,popularity,none,0,
119,0.0,1.0,0.0,1.5,gift_cards,popularity,none,0,
120,0.0,1.0,0.0,1.5,gift_cards,popularity,none,0,
122,0.3333333333333333,1.0,1.0,1.5,gift_cards,popularity,none,0,
123,0.0,1.0,0.0,1.5,gift_cards,popularity,none,0,
124,0.3154648767857287,1.0,1.0,1.5,gift_cards,popularity,none,0,
125,0.0,1.0,0.0,1.5,gift_cards,popularity,none,0,
132,0.0,1.0,0.0,1.5,gift_cards,popularity,none,0,
133,0.0,1.0,0.0,1.5,gift_cards,popularity,none,0,
135,0.0,1.0,0.0,1.5,gift_cards,popularity,none,0,
139,0.0,1.0,0.0,1.5,gift_cards,popularity,none,0,
141,0.0,1.0,0.0,1.5,gift_cards,popularity,none,0,
142,0.0,1.0,0.0,1.5,gift_cards,popularity,none,0,
143,0.0,1.0,0.0,1.5,gift_cards,popularity,none,0,
148,0.0,1.0,0.0,1.5,gift_cards,popularity,none,0,
152,0.0,1.0,0.0,1.5,gift_cards,popularity,none,0,
153,0.0,1.0,0.0,1.5,gift_cards,popularity,none,0,
156,0.0,1.0,0.0,1.5,gift_cards,popularity,none,0,
158,0.0,1.0,0.0,1.5,gift_cards,popularity,none,0,
159,0.0,1.0,0.0,1.5,gift_cards,popularity,none,0,
160,1.0,1.0,1.0,1.5,gift_cards,popularity,none,0,
161,0.0,1.0,0.0,1.5,gift_cards,popularity,none,0,
163,0.0,1.0,0.0,1.5,gift_cards,popularity,none,0,
164,0.0,1.0,0.0,1.5,gift_cards,popularity,none,0,
166,0.0,1.0,0.0,1.5,gift_cards,popularity,none,0,
170,0.0,1.0,0.0,1.5,gift_cards,popularity,none,0,
171,0.0,1.0,0.0,1.5,gift_cards,popularity,none,0,
172,0.0,1.0,0.0,1.5,gift_cards,popularity,none,0,
173,0.0,1.0,0.0,1.5,gift_cards,popularity,none,0,
174,0.0,1.0,0.0,1.5,gift_cards,popularity,none,0,
176,0.0,1.0,0.0,1.5,gift_cards,popularity,none,0,
177,0.0,1.0,0.0,1.5,gift_cards,popularity,none,0,
178,0.0,1.0,0.0,1.5,gift_cards,popularity,none,0,
186,0.0,1.0,0.0,1.5,gift_cards,popularity,none,0,
187,0.0,1.0,0.0,1.5,gift_cards,popularity,none,0,
188,1.0,1.0,1.0,1.5,gift_cards,popularity,none,0,
191,0.0,1.0,0.0,1.5,gift_cards,popularity,none,0,
193,0.0,1.0,0.0,1.5,gift_cards,popularity,none,0,
196,0.0,1.0,0.0,1.5,gift_cards,popularity,none,0,
198,0.0,1.0,0.0,1.5,gift_cards,popularity,none,0,
202,0.0,1.0,0.0,1.5,gift_cards,popularity,none,0,
203,0.0,1.0,0.0,1.5,gift_cards,popularity,none,0,
205,0.0,1.0,0.0,1.5,gift_cards,popularity,none,0,
208,0.0,1.0,0.0,1.5,gift_cards,popularity,none,0,
210,0.0,1.0,0.0,1.5,gift_cards,popularity,none,0,
214,0.0,1.0,0.0,1.5,gift_cards,popularity,none,0,
215,0.0,1.0,0.0,1.5,gift_cards,popularity,none,0,
216,0.0,1.0,0.0,1.5,gift_cards,popularity,none,0,
217,0.0,1.0,0.0,1.5,gift_cards,popularity,none,0,
218,0.3868528072345416,1.0,1.0,1.5,gift_cards,popularity,none,0,
219,0.0,1.0,0.0,1.5,gift_cards,popularity,none,0,
222,0.0,1.0,0.0,1.5,gift_cards,popularity,none,0,
223,0.0,1.0,0.0,1.5,gift_cards,popularity,none,0,
224,0.0,1.0,0.0,1.5,gift_cards,popularity,none,0,
226,0.0,1.0,0.0,1.5,gift_cards,popularity,none,0,
233,0.5,1.0,1.0,1.5,gift_cards,popularity,none,0,
234,0.0,1.0,0.0,1.5,gift_cards,popularity,none,0,
237,0.0,1.0,0.0,1.5,gift_cards,popularity,none,0,
238,0.3562071871080222,1.0,1.0,1.5,gift_cards,popularity,none,0,
241,0.3562071871080222,1.0,1.0,1.5,gift_cards,popularity,none,0,
242,0.0,1.0,0.0,1.5,gift_cards,popularity,none,0,
244,0.0,1.0,0.0,1.5,gift_cards,popularity,none,0,
245,0.0,1.0,0.0,1.5,gift_cards,popularity,none,0,
249,0.0,1.0,0.0,1.5,gift_cards,popularity,none,0,
250,0.3562071871080222,1.0,1.0,1.5,gift_cards,popularity,none,0,
251,0.0,1.0,0.0,1.5,gift_cards,popularity,none,0,
254,0.0,1.0,0.0,1.5,gift_cards,popularity,none,0,
258,0.0,1.0,0.0,1.5,gift_cards,popularity,none,0,
260,0.0,1.0,0.0,1.5,gift_cards,popularity,none,0,
262,0.0,1.0,0.0,1.5,gift_cards,popularity,none,0,
263,0.0,1.0,0.0,1.5,gift_cards,popularity,none,0,
266,0.5,1.0,1.0,1.5,gift_cards,popularity,none,0,
274,0.0,1.0,0.0,1.5,gift_cards,popularity,none,0,
280,0.0,1.0,0.0,1.5,gift_cards,popularity,none,0,
281,0.0,1.0,0.0,1.5,gift_cards,popularity,none,0,
285,0.0,1.0,0.0,1.5,gift_cards,popularity,none,0,
287,0.0,1.0,0.0,1.5,gift_cards,popularity,none,0,
293,1.0,1.0,1.0,1.5,gift_cards,popularity,none,0,
295,0.2890648263178879,1.0,1.0,1.5,gift_cards,popularity,none,0,
296,0.0,1.0,0.0,1.5,gift_cards,popularity,none,0,
299,0.0,1.0,0.0,1.5,gift_cards,popularity,none,0,
304,0.0,1.0,0.0,1.5,gift_cards,popularity,none,0,
305,0.0,1.0,0.0,1.5,gift_cards,popularity,none,0,
306,0.0,1.0,0.0,1.5,gift_cards,popularity,none,0,
309,0.0,1.0,0.0,1.5,gift_cards,popularity,none,0,
310,0.0,1.0,0.0,1.5,gift_cards,popularity,none,0,
311,0.0,1.0,0.0,1.5,gift_cards,popularity,none,0,
312,0.0,1.0,0.0,1.5,gift_cards,popularity,none,0,
314,0.3010299956639812,1.0,1.0,1.5,gift_cards,popularity,none,0,
316,0.0,1.0,0.0,1.5,gift_cards,popularity,none,0,
317,0.0,1.0,0.0,1.5,gift_cards,popularity,none,0,
321,0.0,1.0,0.0,1.5,gift_cards,popularity,none,0,
332,0.0,1.0,0.0,1.5,gift_cards,popularity,none,0,
333,0.5,1.0,1.0,1.5,gift_cards,popularity,none,0,
336,0.0,1.0,0.0,1.5,gift_cards,popularity,none,0,
342,0.0,1.0,0.0,1.5,gift_cards,popularity,none,0,
345,0.0,1.0,0.0,1.5,gift_cards,popularity,none,0,
346,0.6309297535714575,1.0,1.0,1.5,gift_cards,popularity,none,0,
347,0.0,1.0,0.0,1.5,gift_cards,popularity,none,0,
348,0.0,1.0,0.0,1.5,gift_cards,popularity,none,0,
349,0.0,1.0,0.0,1.5,gift_cards,popularity,none,0,
350,0.0,1.0,0.0,1.5,gift_cards,popularity,none,0,
358,0.0,1.0,0.0,1.5,gift_cards,popularity,none,0,
359,0.0,1.0,0.0,1.5,gift_cards,popularity,none,0,
360,0.0,1.0,0.0,1.5,gift_cards,popularity,none,0,
361,0.0,1.0,0.0,1.5,gift_cards,popularity,none,0,
364,0.0,1.0,0.0,1.5,gift_cards,popularity,none,0,
368,0.3154648767857287,1.0,1.0,1.5,gift_cards,popularity,none,0,
369,0.0,1.0,0.0,1.5,gift_cards,popularity,none,0,
370,0.0,1.0,0.0,1.5,gift_cards,popularity,none,0,
371,0.0,1.0,0.0,1.5,gift_cards,popularity,none,0,
372,0.0,1.0,0.0,1.5,gift_cards,popularity,none,0,
373,0.0,1.0,0.0,1.5,gift_cards,popularity,none,0,
375,0.0,1.0,0.0,1.5,gift_cards,popularity,none,0,
377,0.0,1.0,0.0,1.5,gift_cards,popularity,none,0,
383,0.0,1.0,0.0,1.5,gift_cards,popularity,none,0,
384,0.0,1.0,0.0,1.5,gift_cards,popularity,none,0,
385,0.0,1.0,0.0,1.5,gift_cards,popularity,none,0,
386,0.0,1.0,0.0,1.5,gift_cards,popularity,none,0,
388,0.0,1.0,0.0,1.5,gift_cards,popularity,none,0,
390,0.0,1.0,0.0,1.5,gift_cards,popularity,none,0,
392,0.0,1.0,0.0,1.5,gift_cards,popularity,none,0,
393,0.0,1.0,0.0,1.5,gift_cards,popularity,none,0,
396,0.0,1.0,0.0,1.5,gift_cards,popularity,none,0,
397,0.5,1.0,1.0,1.5,gift_cards,popularity,none,0,
398,0.0,1.0,0.0,1.5,gift_cards,popularity,none,0,
400,0.0,1.0,0.0,1.5,gift_cards,popularity,none,0,
402,0.0,1.0,0.0,1.5,gift_cards,popularity,none,0,
404,0.0,1.0,0.0,1.5,gift_cards,popularity,none,0,
405,0.0,1.0,0.0,1.5,gift_cards,popularity,none,0,
406,0.0,1.0,0.0,1.5,gift_cards,popularity,none,0,
407,0.0,1.0,0.0,1.5,gift_cards,popularity,none,0,
409,0.0,1.0,0.0,1.5,gift_cards,popularity,none,0,
410,0.0,1.0,0.0,1.5,gift_cards,popularity,none,0,
413,0.5,1.0,1.0,1.5,gift_cards,popularity,none,0,
414,0.0,1.0,0.0,1.5,gift_cards,popularity,none,0,
415,0.0,1.0,0.0,1.5,gift_cards,popularity,none,0,
419,0.0,1.0,0.0,1.5,gift_cards,popularity,none,0,
424,0.0,1.0,0.0,1.5,gift_cards,popularity,none,0,
425,0.0,1.0,0.0,1.5,gift_cards,popularity,none,0,
426,0.0,1.0,0.0,1.5,gift_cards,popularity,none,0,
428,0.0,1.0,0.0,1.5,gift_cards,popularity,none,0,
432,0.0,1.0,0.0,1.5,gift_cards,popularity,none,0,
435,0.0,1.0,0.0,1.5,gift_cards,popularity,none,0,
437,0.0,1.0,0.0,1.5,gift_cards,popularity,none,0,
439,0.0,1.0,0.0,1.5,gift_cards,popularity,none,0,
441,0.0,1.0,0.0,1.5,gift_cards,popularity,none,0,
446,0.0,1.0,0.0,1.5,gift_cards,popularity,none,0,
450,0.0,1.0,0.0,1.5,gift_cards,popularity,none,0,
451,0.0,1.0,0.0,1.5,gift_cards,popularity,none,0,
452,0.3154648767857287,1.0,1.0,1.5,gift_cards,popularity,none,0,
453,0.0,1.0,0.0,1.5,gift_cards,popularity,none,0,
455,0.6309297535714575,1.0,1.0,1.5,gift_cards,popularity,none,0,
0,0.0,0.6306849609750939,0.0,0.3,gift_cards,popularity,quota_mmr,0,0.0090172562817666
1,0.0,0.6425151227644277,0.0,0.3,gift_cards,popularity,quota_mmr,0,0.007474892677562
2,0.0,0.6236662749816666,0.0,0.3,gift_cards,popularity,quota_mmr,0,0.00715460719209
4,0.0,0.659206527820654,0.0,0.3,gift_cards,popularity,quota_mmr,0,0.0069425850563263
6,0.0,0.6539269073642396,0.0,0.3,gift_cards,popularity,quota_mmr,0,0.009193771852822
8,0.0,0.6316162686680329,0.0,0.3,gift_cards,popularity,quota_mmr,0,0.009193771852822
9,0.0,0.6208630463762604,0.0,0.3,gift_cards,popularity,quota_mmr,0,0.0063559843331637
10,0.0,0.6382745998330307,0.0,0.3,gift_cards,popularity,quota_mmr,0,0.0065305056250979
17,0.0,0.6316162686680329,0.0,0.3,gift_cards,popularity,quota_mmr,0,0.009193771852822
19,0.0,0.6080733091905188,0.0,0.3,gift_cards,popularity,quota_mmr,0,0.0042358322322409
20,0.0,0.6434030793314728,0.0,0.3,gift_cards,popularity,quota_mmr,0,0.009193771852822
21,0.0,0.587609867539059,0.0,0.3,gift_cards,popularity,quota_mmr,0,0.005437286994969
23,0.0,0.6316162686680329,0.0,0.3,gift_cards,popularity,quota_mmr,0,0.009193771852822
24,0.0,0.6316162686680329,0.0,0.3,gift_cards,popularity,quota_mmr,0,0.009193771852822
25,0.0,0.6563472916936841,0.0,0.3,gift_cards,popularity,quota_mmr,0,0.009193771852822
28,0.0,0.6316162686680329,0.0,0.3,gift_cards,popularity,quota_mmr,0,0.009193771852822
29,0.0,0.6212466989267965,0.0,0.3,gift_cards,popularity,quota_mmr,0,0.0074360683279695
33,0.0,0.6316162686680329,0.0,0.3,gift_cards,popularity,quota_mmr,0,0.009193771852822
34,0.0,0.635737204169631,0.0,0.3,gift_cards,popularity,quota_mmr,0,0.009193771852822
36,0.0,0.6297089955535929,0.0,0.3,gift_cards,popularity,quota_mmr,0,0.0091976887248272
37,0.0,0.6587224340047072,0.0,0.3,gift_cards,popularity,quota_mmr,0,0.009193771852822
41,0.0,0.6419614030698968,0.0,0.3,gift_cards,popularity,quota_mmr,0,0.009193771852822
43,0.0,0.639555746969049,0.0,0.3,gift_cards,popularity,quota_mmr,0,0.0062433117097656
46,0.0,0.6435139852750983,0.0,0.3,gift_cards,popularity,quota_mmr,0,0.0065305056250979
49,0.0,0.6285399663703124,0.0,0.3,gift_cards,popularity,quota_mmr,0,0.0083298708806211
50,0.0,0.6445770507583304,0.0,0.3,gift_cards,popularity,quota_mmr,0,0.0066846929373258
52,0.0,0.639587893092599,0.0,0.3,gift_cards,popularity,quota_mmr,0,0.009193771852822
55,0.0,0.6231119111167037,0.0,0.3,gift_cards,popularity,quota_mmr,0,0.0078039381550976
57,0.0,0.6381636141390624,0.0,0.3,gift_cards,popularity,quota_mmr,0,0.009193771852822
66,0.0,0.6296408468824928,0.0,0.3,gift_cards,popularity,quota_mmr,0,0.0079884107783537
70,0.2890648263178879,0.6487674407262989,1.0,0.3,gift_cards,popularity,quota_mmr,0,0.009193771852822
75,0.0,0.6449354672094731,0.0,0.3,gift_cards,popularity,quota_mmr,0,0.0065305056250979
76,0.0,0.6297089955535929,0.0,0.3,gift_cards,popularity,quota_mmr,0,0.0091976887248272
77,0.0,0.6316162686680329,0.0,0.3,gift_cards,popularity,quota_mmr,0,0.009193771852822
78,0.0,0.6199244299337161,0.0,0.3,gift_cards,popularity,quota_mmr,0,0.007474892677562
79,0.0,0.6285399663703124,0.0,0.3,gift_cards,popularity,quota_mmr,0,0.0083298708806211
80,0.0,0.6317162067051467,0.0,0.3,gift_cards,popularity,quota_mmr,0,0.0093597573667471
86,0.0,0.6231119111167037,0.0,0.3,gift_cards,popularity,quota_mmr,0,0.0078039381550976
88,0.0,0.6384077076045485,0.0,0.3,gift_cards,popularity,quota_mmr,0,0.009193771852822
92,0.0,0.6316162686680329,0.0,0.3,gift_cards,popularity,quota_mmr,0,0.009193771852822
97,0.0,0.6356540118600832,0.0,0.3,gift_cards,popularity,quota_mmr,0,0.0057497692880803
101,0.0,0.6324710031399936,0.0,0.3,gift_cards,popularity,quota_mmr,0,0.0073136091953874
109,0.0,0.6481720463842003,0.0,0.3,gift_cards,popularity,quota_mmr,0,0.009193771852822
110,0.0,0.6321816227529956,0.0,0.3,gift_cards,popularity,quota_mmr,0,0.0095790714941044
113,0.0,0.6341142104424918,0.0,0.2,gift_cards,popularity,quota_mmr,0,0.0063596525443886
115,0.0,0.6297089955535929,0.0,0.3,gift_cards,popularity,quota_mmr,0,0.0089903777276234
116,0.6309297535714575,0.6369886742094135,1.0,0.3,gift_cards,popularity,quota_mmr,0,0.009193771852822
118,0.0,0.6369886742094135,0.0,0.3,gift_cards,popularity,quota_mmr,0,0.009193771852822
119,0.0,0.6316162686680329,0.0,0.3,gift_cards,popularity,quota_mmr,0,0.009193771852822
120,0.0,0.6316162686680329,0.0,0.3,gift_cards,popularity,quota_mmr,0,0.009193771852822
122,0.0,0.6445770507583304,0.0,0.3,gift_cards,popularity,quota_mmr,0,0.0066846929373258
123,0.0,0.6021006184096414,0.0,0.3,gift_cards,popularity,quota_mmr,0,0.0033680943594294
124,0.0,0.6414115445292553,0.0,0.3,gift_cards,popularity,quota_mmr,0,0.0067117884252084
125,0.0,0.6382745998330307,0.0,0.3,gift_cards,popularity,quota_mmr,0,0.0065305056250979
132,0.0,0.642400518761687,0.0,0.3,gift_cards,popularity,quota_mmr,0,0.0080659051944438
133,0.0,0.635737204169631,0.0,0.3,gift_cards,popularity,quota_mmr,0,0.009193771852822
135,0.0,0.6199244299337161,0.0,0.3,gift_cards,popularity,quota_mmr,0,0.007474892677562
139,0.0,0.636674710671033,0.0,0.3,gift_cards,popularity,quota_mmr,0,0.0101685462587816
141,0.0,0.6136667124265398,0.0,0.3,gift_cards,popularity,quota_mmr,0,0.005437286994969
142,0.0,0.6065555868600435,0.0,0.2,gift_cards,popularity,quota_mmr,0,0.0057393721812972
143,0.0,0.6372445925222865,0.0,0.3,gift_cards,popularity,quota_mmr,0,0.0101685462587816
148,0.0,0.6187316133010453,0.0,0.3,gift_cards,popularity,quota_mmr,0,0.0045713131380855
152,0.0,0.6308675664435425,0.0,0.3,gift_cards,popularity,quota_mmr,0,0.0062579481482733
153,0.0,0.6335788220910248,0.0,0.3,gift_cards,popularity,quota_mmr,0,0.0093556518761871
156,0.0,0.6316162686680329,0.0,0.3,gift_cards,popularity,quota_mmr,0,0.009193771852822
158,0.0,0.6353678553882007,0.0,0.3,gift_cards,popularity,quota_mmr,0,0.0079884107783537
159,0.0,0.6415706624843912,0.0,0.3,gift_cards,popularity,quota_mmr,0,0.0070879965347213
160,1.0,0.6321816227529956,1.0,0.3,gift_cards,popularity,quota_mmr,0,0.009193771852822
161,0.0,0.6487674407262989,0.0,0.3,gift_cards,popularity,quota_mmr,0,0.009193771852822
163,0.0,0.6640713222639426,0.0,0.3,gift_cards,popularity,quota_mmr,0,0.009193771852822
164,0.0,0.635737204169631,0.0,0.3,gift_cards,popularity,quota_mmr,0,0.009193771852822
166,0.0,0.635737204169631,0.0,0.3,gift_cards,popularity,quota_mmr,0,0.009193771852822
170,0.0,0.6435205403851164,0.0,0.3,gift_cards,popularity,quota_mmr,0,0.0101685462587816
171,0.0,0.6321816227529956,0.0,0.3,gift_cards,popularity,quota_mmr,0,0.009193771852822
172,0.0,0.635737204169631,0.0,0.3,gift_cards,popularity,quota_mmr,0,0.009193771852822
173,0.0,0.6342810688373154,0.0,0.3,gift_cards,popularity,quota_mmr,0,0.009422456173563
174,0.0,0.6281048207899155,0.0,0.3,gift_cards,popularity,quota_mmr,0,0.007484808875801
176,0.0,0.642400518761687,0.0,0.3,gift_cards,popularity,quota_mmr,0,0.0080659051944438
177,0.0,0.6348961931134919,0.0,0.3,gift_cards,popularity,quota_mmr,0,0.007474892677562
178,0.0,0.6485135750726913,0.0,0.3,gift_cards,popularity,quota_mmr,0,0.0067117884252084
186,0.0,0.6199244299337161,0.0,0.3,gift_cards,popularity,quota_mmr,0,0.007474892677562
187,0.0,0.6231119111167037,0.0,0.3,gift_cards,popularity,quota_mmr,0,0.0078039381550976
188,1.0,0.6048533905566967,1.0,0.3,gift_cards,popularity,quota_mmr,0,0.005437286994969
191,0.0,0.642400518761687,0.0,0.3,gift_cards,popularity,quota_mmr,0,0.0080659051944438
193,0.0,0.6293817183785524,0.0,0.3,gift_cards,popularity,quota_mmr,0,0.0065196500725151
196,0.0,0.6316162686680329,0.0,0.3,gift_cards,popularity,quota_mmr,0,0.009193771852822
198,0.0,0.6316162686680329,0.0,0.3,gift_cards,popularity,quota_mmr,0,0.009193771852822
202,0.3333333333333333,0.6316162686680329,1.0,0.3,gift_cards,popularity,quota_mmr,0,0.009193771852822
203,0.0,0.6533220097702663,0.0,0.3,gift_cards,popularity,quota_mmr,0,0.009193771852822
205,0.0,0.6316162686680329,0.0,0.3,gift_cards,popularity,quota_mmr,0,0.009193771852822
208,0.0,0.6700276265231074,0.0,0.3,gift_cards,popularity,quota_mmr,0,0.009193771852822
210,0.0,0.6231119111167037,0.0,0.3,gift_cards,popularity,quota_mmr,0,0.0078039381550976
214,0.0,0.6297089955535929,0.0,0.3,gift_cards,popularity,quota_mmr,0,0.0091976887248272
215,0.3562071871080222,0.6316162686680329,1.0,0.3,gift_cards,popularity,quota_mmr,0,0.009193771852822
216,0.0,0.6396761406523598,0.0,0.3,gift_cards,popularity,quota_mmr,0,0.009422456173563
217,0.0,0.5948456285255902,0.0,0.3,gift_cards,popularity,quota_mmr,0,0.005437286994969
218,0.5,0.6425151227644277,1.0,0.3,gift_cards,popularity,quota_mmr,0,0.007474892677562
219,0.0,0.638192163730414,0.0,0.3,gift_cards,popularity,quota_mmr,0,0.0096126807931311
222,0.0,0.62982768746094,0.0,0.3,gift_cards,popularity,quota_mmr,0,0.0087652730112824
223,0.0,0.6315640086161157,0.0,0.3,gift_cards,popularity,quota_mmr,0,0.0068245305896662
224,0.0,0.6384077076045485,0.0,0.3,gift_cards,popularity,quota_mmr,0,0.009193771852822
226,0.0,0.6389852905250188,0.0,0.3,gift_cards,popularity,quota_mmr,0,0.009193771852822
233,0.5,0.6465930735923284,1.0,0.3,gift_cards,popularity,quota_mmr,0,0.0065305056250979
234,0.0,0.6231119111167037,0.0,0.3,gift_cards,popularity,quota_mmr,0,0.0078039381550976
237,0.0,0.6516271568715484,0.0,0.3,gift_cards,popularity,quota_mmr,0,0.007333759023271
238,0.0,0.6384077076045485,0.0,0.3,gift_cards,popularity,quota_mmr,0,0.009193771852822
241,0.0,0.60499776376799,0.0,0.3,gift_cards,popularity,quota_mmr,0,0.0047173974023166
242,0.3562071871080222,0.6243600093044787,1.0,0.3,gift_cards,popularity,quota_mmr,0,0.0081123141957169
244,0.0,0.6134394621088343,0.0,0.3,gift_cards,popularity,quota_mmr,0,0.0063559843331637
245,0.0,0.6231119111167037,0.0,0.3,gift_cards,popularity,quota_mmr,0,0.0078039381550976
249,0.0,0.6384077076045485,0.0,0.3,gift_cards,popularity,quota_mmr,0,0.009193771852822
250,0.0,0.6538687131424091,0.0,0.3,gift_cards,popularity,quota_mmr,0,0.009422456173563
251,0.0,0.6354082348140857,0.0,0.3,gift_cards,popularity,quota_mmr,0,0.0064666134561417
254,0.0,0.6481720463842003,0.0,0.3,gift_cards,popularity,quota_mmr,0,0.009193771852822
258,0.0,0.6487674407262989,0.0,0.3,gift_cards,popularity,quota_mmr,0,0.009193771852822
260,0.0,0.635417564752288,0.0,0.3,gift_cards,popularity,quota_mmr,0,0.009422456173563
262,0.0,0.6549203072679483,0.0,0.3,gift_cards,popularity,quota_mmr,0,0.0096126807931311
263,0.0,0.6285399663703124,0.0,0.3,gift_cards,popularity,quota_mmr,0,0.0083298708806211
266,0.5,0.6497873199107944,1.0,0.3,gift_cards,popularity,quota_mmr,0,0.0067117884252084
274,0.0,0.6316162686680329,0.0,0.3,gift_cards,popularity,quota_mmr,0,0.009193771852822
280,0.0,0.6342810688373154,0.0,0.3,gift_cards,popularity,quota_mmr,0,0.009422456173563
281,0.0,0.6316162686680329,0.0,0.3,gift_cards,popularity,quota_mmr,0,0.009193771852822
285,0.0,0.6369886742094135,0.0,0.3,gift_cards,popularity,quota_mmr,0,0.009193771852822
287,0.0,0.6321816227529956,0.0,0.3,gift_cards,popularity,quota_mmr,0,0.009193771852822
293,1.0,0.6297089955535929,1.0,0.3,gift_cards,popularity,quota_mmr,0,0.0091976887248272
295,0.0,0.6493886438321843,0.0,0.3,gift_cards,popularity,quota_mmr,0,0.009193771852822
296,0.0,0.643310331640165,0.0,0.3,gift_cards,popularity,quota_mmr,0,0.009193771852822
299,0.0,0.6316162686680329,0.0,0.3,gift_cards,popularity,quota_mmr,0,0.009193771852822
304,0.0,0.6326475143980858,0.0,0.3,gift_cards,popularity,quota_mmr,0,0.0089906037950142
305,0.0,0.6199244299337161,0.0,0.3,gift_cards,popularity,quota_mmr,0,0.007474892677562
306,0.0,0.642400518761687,0.0,0.3,gift_cards,popularity,quota_mmr,0,0.0080659051944438
309,0.0,0.635737204169631,0.0,0.3,gift_cards,popularity,quota_mmr,0,0.009193771852822
310,0.0,0.6316162686680329,0.0,0.3,gift_cards,popularity,quota_mmr,0,0.009193771852822
311,0.0,0.6231119111167037,0.0,0.3,gift_cards,popularity,quota_mmr,0,0.0078039381550976
312,0.0,0.640170393901852,0.0,0.3,gift_cards,popularity,quota_mmr,0,0.0067117884252084
314,0.0,0.6463475048207972,0.0,0.3,gift_cards,popularity,quota_mmr,0,0.0064795071952716
316,0.0,0.5747170195655602,0.0,0.3,gift_cards,popularity,quota_mmr,0,0.0027906035040087
317,0.0,0.6316162686680329,0.0,0.3,gift_cards,popularity,quota_mmr,0,0.009193771852822
321,0.0,0.6231119111167037,0.0,0.3,gift_cards,popularity,quota_mmr,0,0.0078039381550976
332,0.0,0.6321816227529956,0.0,0.3,gift_cards,popularity,quota_mmr,0,0.009193771852822
333,0.5,0.6446462833854232,1.0,0.3,gift_cards,popularity,quota_mmr,0,0.009193771852822
336,0.0,0.6201046510808245,0.0,0.3,gift_cards,popularity,quota_mmr,0,0.0079120020762778
342,0.0,0.6316162686680329,0.0,0.3,gift_cards,popularity,quota_mmr,0,0.009193771852822
345,0.0,0.5803632576466807,0.0,0.3,gift_cards,popularity,quota_mmr,0,0.0050782991614033
346,0.6309297535714575,0.6446462833854232,1.0,0.3,gift_cards,popularity,quota_mmr,0,0.009193771852822
347,0.0,0.6321816227529956,0.0,0.3,gift_cards,popularity,quota_mmr,0,0.009193771852822
348,0.0,0.6399807449375069,0.0,0.3,gift_cards,popularity,quota_mmr,0,0.0101753331090264
349,0.0,0.6425151227644277,0.0,0.3,gift_cards,popularity,quota_mmr,0,0.007474892677562
350,0.0,0.6431317475655212,0.0,0.3,gift_cards,popularity,quota_mmr,0,0.007474892677562
358,0.0,0.6382745998330307,0.0,0.3,gift_cards,popularity,quota_mmr,0,0.0065305056250979
359,0.0,0.6316162686680329,0.0,0.3,gift_cards,popularity,quota_mmr,0,0.009193771852822
360,0.0,0.6407724501362959,0.0,0.3,gift_cards,popularity,quota_mmr,0,0.009193771852822
361,0.0,0.6231119111167037,0.0,0.3,gift_cards,popularity,quota_mmr,0,0.0078039381550976
364,0.0,0.640170393901852,0.0,0.3,gift_cards,popularity,quota_mmr,0,0.0067117884252084
368,0.0,0.6199244299337161,0.0,0.3,gift_cards,popularity,quota_mmr,0,0.007474892677562
369,0.3562071871080222,0.635737204169631,1.0,0.3,gift_cards,popularity,quota_mmr,0,0.009193771852822
370,0.3562071871080222,0.587609867539059,1.0,0.3,gift_cards,popularity,quota_mmr,0,0.005437286994969
371,0.0,0.6449354672094731,0.0,0.3,gift_cards,popularity,quota_mmr,0,0.0065305056250979
372,0.0,0.602387872423946,0.0,0.3,gift_cards,popularity,quota_mmr,0,0.0054247420197977
373,0.0,0.6121802392580534,0.0,0.3,gift_cards,popularity,quota_mmr,0,0.006595385607956
375,0.0,0.6316162686680329,0.0,0.3,gift_cards,popularity,quota_mmr,0,0.009193771852822
377,0.0,0.6384077076045485,0.0,0.3,gift_cards,popularity,quota_mmr,0,0.0095790714941044
383,0.0,0.6134394621088343,0.0,0.3,gift_cards,popularity,quota_mmr,0,0.0063559843331637
384,0.0,0.6450543098224994,0.0,0.3,gift_cards,popularity,quota_mmr,0,0.0096126807931311
385,0.0,0.6531837307332743,0.0,0.3,gift_cards,popularity,quota_mmr,0,0.0065305056250979
386,0.0,0.6231119111167037,0.0,0.3,gift_cards,popularity,quota_mmr,0,0.0078039381550976
388,0.0,0.642400518761687,0.0,0.3,gift_cards,popularity,quota_mmr,0,0.0080659051944438
390,0.0,0.6384077076045485,0.0,0.3,gift_cards,popularity,quota_mmr,0,0.009193771852822
392,0.0,0.6348961931134919,0.0,0.3,gift_cards,popularity,quota_mmr,0,0.007474892677562
393,0.3562071871080222,0.635737204169631,1.0,0.3,gift_cards,popularity,quota_mmr,0,0.009193771852822
396,0.0,0.6452352150495031,0.0,0.3,gift_cards,popularity,quota_mmr,0,0.0095790714941044
397,0.0,0.6201046510808245,0.0,0.3,gift_cards,popularity,quota_mmr,0,0.0079120020762778
398,0.0,0.649363929902257,0.0,0.3,gift_cards,popularity,quota_mmr,0,0.009193771852822
400,0.0,0.6212466989267965,0.0,0.3,gift_cards,popularity,quota_mmr,0,0.0074360683279695
402,0.0,0.6582636679424042,0.0,0.3,gift_cards,popularity,quota_mmr,0,0.009193771852822
404,0.0,0.6316162686680329,0.0,0.3,gift_cards,popularity,quota_mmr,0,0.009193771852822
405,0.0,0.6316162686680329,0.0,0.3,gift_cards,popularity,quota_mmr,0,0.009193771852822
406,0.0,0.6316162686680329,0.0,0.3,gift_cards,popularity,quota_mmr,0,0.009193771852822
407,0.0,0.6316162686680329,0.0,0.3,gift_cards,popularity,quota_mmr,0,0.009193771852822
409,0.0,0.6316162686680329,0.0,0.3,gift_cards,popularity,quota_mmr,0,0.009193771852822
410,0.0,0.646851045291114,0.0,0.3,gift_cards,popularity,quota_mmr,0,0.0067117884252084
413,0.5,0.6369886742094135,1.0,0.3,gift_cards,popularity,quota_mmr,0,0.009193771852822
414,0.0,0.6316162686680329,0.0,0.3,gift_cards,popularity,quota_mmr,0,0.009193771852822
415,0.0,0.6316162686680329,0.0,0.3,gift_cards,popularity,quota_mmr,0,0.009193771852822
419,0.0,0.6396761406523598,0.0,0.3,gift_cards,popularity,quota_mmr,0,0.009422456173563
424,0.0,0.640170393901852,0.0,0.3,gift_cards,popularity,quota_mmr,0,0.0067117884252084
425,0.0,0.6572117606654793,0.0,0.3,gift_cards,popularity,quota_mmr,0,0.009193771852822
426,0.0,0.6306849609750939,0.0,0.3,gift_cards,popularity,quota_mmr,0,0.0091913316377468
428,0.0,0.6297089955535929,0.0,0.3,gift_cards,popularity,quota_mmr,0,0.0091976887248272
432,0.0,0.635858524849167,0.0,0.3,gift_cards,popularity,quota_mmr,0,0.0062579481482733
435,0.3562071871080222,0.636674710671033,1.0,0.3,gift_cards,popularity,quota_mmr,0,0.0101685462587816
437,0.0,0.6382745998330307,0.0,0.3,gift_cards,popularity,quota_mmr,0,0.0065305056250979
439,0.0,0.6481720463842003,0.0,0.3,gift_cards,popularity,quota_mmr,0,0.009193771852822
441,0.0,0.6663121983069249,0.0,0.3,gift_cards,popularity,quota_mmr,0,0.009193771852822
446,0.0,0.6511216195539714,0.0,0.3,gift_cards,popularity,quota_mmr,0,0.009193771852822
450,0.0,0.6335788220910248,0.0,0.3,gift_cards,popularity,quota_mmr,0,0.0093556518761871
451,0.3562071871080222,0.6441562538706663,1.0,0.3,gift_cards,popularity,quota_mmr,0,0.0101753331090264
452,0.0,0.6382745998330307,0.0,0.3,gift_cards,popularity,quota_mmr,0,0.0065305056250979
453,0.0,0.6307216753133288,0.0,0.3,gift_cards,popularity,quota_mmr,0,0.0078039381550976
455,0.6309297535714575,0.6315640086161157,1.0,0.3,gift_cards,popularity,quota_mmr,0,0.0068245305896662
0,0.0,1.0,0.0,0.9,gift_cards,itemknn,none,0,
1,0.3868528072345416,1.0,1.0,1.1,gift_cards,itemknn,none,0,
2,0.0,1.0,0.0,1.5,gift_cards,itemknn,none,0,
4,0.0,1.0,0.0,1.5,gift_cards,itemknn,none,0,
6,0.0,1.0,0.0,1.3,gift_cards,itemknn,none,0,
8,0.0,1.0,0.0,1.1,gift_cards,itemknn,none,0,
9,0.5,1.0,1.0,1.3,gift_cards,itemknn,none,0,
10,0.0,1.0,0.0,1.5,gift_cards,itemknn,none,0,
17,0.0,1.0,0.0,1.5,gift_cards,itemknn,none,0,
19,0.0,1.0,0.0,1.5,gift_cards,itemknn,none,0,
20,0.0,1.0,0.0,1.5,gift_cards,itemknn,none,0,
21,0.0,1.0,0.0,1.3,gift_cards,itemknn,none,0,
23,0.0,1.0,0.0,1.5,gift_cards,itemknn,none,0,
24,0.3868528072345416,1.0,1.0,1.5,gift_cards,itemknn,none,0,
25,0.0,1.0,0.0,1.5,gift_cards,itemknn,none,0,
28,0.0,1.0,0.0,0.4,gift_cards,itemknn,none,0,
29,0.0,1.0,0.0,1.5,gift_cards,itemknn,none,0,
33,0.0,1.0,0.0,1.5,gift_cards,itemknn,none,0,
34,0.0,1.0,0.0,1.5,gift_cards,itemknn,none,0,
36,0.0,1.0,0.0,0.7,gift_cards,itemknn,none,0,
37,0.0,1.0,0.0,1.1,gift_cards,itemknn,none,0,
41,0.3154648767857287,1.0,1.0,1.5,gift_cards,itemknn,none,0,
43,0.0,1.0,0.0,1.3,gift_cards,itemknn,none,0,
46,0.0,1.0,0.0,1.3,gift_cards,itemknn,none,0,
49,0.0,1.0,0.0,1.3,gift_cards,itemknn,none,0,
50,0.3562071871080222,1.0,1.0,1.5,gift_cards,itemknn,none,0,
52,0.430676558073393,1.0,1.0,1.5,gift_cards,itemknn,none,0,
55,0.3154648767857287,1.0,1.0,1.5,gift_cards,itemknn,none,0,
57,0.0,1.0,0.0,1.5,gift_cards,itemknn,none,0,
66,0.0,1.0,0.0,1.5,gift_cards,itemknn,none,0,
70,0.0,1.0,0.0,1.5,gift_cards,itemknn,none,0,
75,0.3868528072345416,1.0,1.0,1.3,gift_cards,itemknn,none,0,
76,0.0,1.0,0.0,1.5,gift_cards,itemknn,none,0,
77,0.0,1.0,0.0,1.5,gift_cards,itemknn,none,0,
78,0.430676558073393,1.0,1.0,1.1,gift_cards,itemknn,none,0,
79,0.2890648263178879,1.0,1.0,1.1,gift_cards,itemknn,none,0,
80,0.0,1.0,0.0,0.5,gift_cards,itemknn,none,0,
86,0.0,1.0,0.0,1.3,gift_cards,itemknn,none,0,
88,0.430676558073393,1.0,1.0,1.5,gift_cards,itemknn,none,0,
92,0.0,1.0,0.0,1.5,gift_cards,itemknn,none,0,
97,0.0,1.0,0.0,1.3,gift_cards,itemknn,none,0,
101,0.430676558073393,1.0,1.0,1.1,gift_cards,itemknn,none,0,
109,0.2890648263178879,1.0,1.0,1.3,gift_cards,itemknn,none,0,
110,0.0,1.0,0.0,1.5,gift_cards,itemknn,none,0,
113,0.0,1.0,0.0,1.5,gift_cards,itemknn,none,0,
115,0.3154648767857287,1.0,1.0,0.4,gift_cards,itemknn,none,0,
116,0.6309297535714575,1.0,1.0,1.5,gift_cards,itemknn,none,0,
118,0.0,1.0,0.0,1.3,gift_cards,itemknn,none,0,
119,0.0,1.0,0.0,0.6,gift_cards,itemknn,none,0,
120,0.0,1.0,0.0,1.5,gift_cards,itemknn,none,0,
122,0.3562071871080222,1.0,1.0,1.5,gift_cards,itemknn,none,0,
123,0.0,1.0,0.0,1.5,gift_cards,itemknn,none,0,
124,0.430676558073393,1.0,1.0,1.5,gift_cards,itemknn,none,0,
125,0.0,1.0,0.0,1.5,gift_cards,itemknn,none,0,
132,0.0,1.0,0.0,1.3,gift_cards,itemknn,none,0,
133,0.0,1.0,0.0,1.5,gift_cards,itemknn,none,0,
135,0.3562071871080222,1.0,1.0,1.3,gift_cards,itemknn,none,0,
139,0.0,1.0,0.0,1.5,gift_cards,itemknn,none,0,
141,0.0,1.0,0.0,1.3,gift_cards,itemknn,none,0,
142,0.3562071871080222,1.0,1.0,1.0,gift_cards,itemknn,none,0,
143,0.0,1.0,0.0,1.5,gift_cards,itemknn,none,0,
148,0.3154648767857287,1.0,1.0,1.5,gift_cards,itemknn,none,0,
152,0.0,1.0,0.0,1.5,gift_cards,itemknn,none,0,
153,0.0,1.0,0.0,0.7,gift_cards,itemknn,none,0,
156,0.0,1.0,0.0,1.5,gift_cards,itemknn,none,0,
158,0.3562071871080222,1.0,1.0,1.1,gift_cards,itemknn,none,0,
159,0.0,1.0,0.0,1.5,gift_cards,itemknn,none,0,
160,0.5,1.0,1.0,1.5,gift_cards,itemknn,none,0,
161,0.0,1.0,0.0,1.5,gift_cards,itemknn,none,0,
163,0.0,1.0,0.0,1.5,gift_cards,itemknn,none,0,
164,0.0,1.0,0.0,1.5,gift_cards,itemknn,none,0,
166,0.430676558073393,1.0,1.0,1.3,gift_cards,itemknn,none,0,
170,0.0,1.0,0.0,1.5,gift_cards,itemknn,none,0,
171,0.0,1.0,0.0,1.5,gift_cards,itemknn,none,0,
172,0.0,1.0,0.0,1.5,gift_cards,itemknn,none,0,
173,0.0,1.0,0.0,1.5,gift_cards,itemknn,none,0,
174,0.430676558073393,1.0,1.0,1.3,gift_cards,itemknn,none,0,
176,0.0,1.0,0.0,1.3,gift_cards,itemknn,none,0,
177,0.3154648767857287,1.0,1.0,1.3,gift_cards,itemknn,none,0,
178,0.2890648263178879,1.0,1.0,1.5,gift_cards,itemknn,none,0,
186,0.0,1.0,0.0,1.5,gift_cards,itemknn,none,0,
187,0.3868528072345416,1.0,1.0,1.5,gift_cards,itemknn,none,0,
188,0.3868528072345416,1.0,1.0,1.5,gift_cards,itemknn,none,0,
191,0.3154648767857287,1.0,1.0,1.3,gift_cards,itemknn,none,0,
193,0.0,1.0,0.0,1.5,gift_cards,itemknn,none,0,
196,0.0,1.0,0.0,1.5,gift_cards,itemknn,none,0,
198,0.0,1.0,0.0,1.3,gift_cards,itemknn,none,0,
202,0.0,1.0,0.0,1.5,gift_cards,itemknn,none,0,
203,0.0,1.0,0.0,1.5,gift_cards,itemknn,none,0,
205,0.0,1.0,0.0,1.5,gift_cards,itemknn,none,0,
208,0.0,1.0,0.0,1.5,gift_cards,itemknn,none,0,
210,0.0,1.0,0.0,1.5,gift_cards,itemknn,none,0,
214,0.0,1.0,0.0,1.5,gift_cards,itemknn,none,0,
215,0.0,1.0,0.0,1.3,gift_cards,itemknn,none,0,
216,0.3010299956639812,1.0,1.0,1.5,gift_cards,itemknn,none,0,
217,0.0,1.0,0.0,1.1,gift_cards,itemknn,none,0,
218,1.0,1.0,1.0,1.5,gift_cards,itemknn,none,0,
219,0.0,1.0,0.0,1.3,gift_cards,itemknn,none,0,
222,0.3154648767857287,1.0,1.0,1.5,gift_cards,itemknn,none,0,
223,0.0,1.0,0.0,1.5,gift_cards,itemknn,none,0,
224,0.0,1.0,0.0,1.5,gift_cards,itemknn,none,0,
226,0.0,1.0,0.0,1.5,gift_cards,itemknn,none,0,
233,1.0,1.0,1.0,1.5,gift_cards,itemknn,none,0,
234,0.0,1.0,0.0,1.5,gift_cards,itemknn,none,0,
237,0.0,1.0,0.0,1.5,gift_cards,itemknn,none,0,
238,0.0,1.0,0.0,1.5,gift_cards,itemknn,none,0,
241,0.3154648767857287,1.0,1.0,1.5,gift_cards,itemknn,none,0,
242,0.0,1.0,0.0,1.5,gift_cards,itemknn,none,0,
244,0.0,1.0,0.0,1.5,gift_cards,itemknn,none,0,
245,0.0,1.0,0.0,1.5,gift_cards,itemknn,none,0,
249,0.0,1.0,0.0,1.5,gift_cards,itemknn,none,0,
250,0.6309297535714575,1.0,1.0,1.3,gift_cards,itemknn,none,0,
251,0.0,1.0,0.0,1.3,gift_cards,itemknn,none,0,
254,0.0,1.0,0.0,1.5,gift_cards,itemknn,none,0,
258,0.0,1.0,0.0,1.3,gift_cards,itemknn,none,0,
260,0.0,1.0,0.0,1.5,gift_cards,itemknn,none,0,
262,0.3333333333333333,1.0,1.0,1.5,gift_cards,itemknn,none,0,
263,0.0,1.0,0.0,1.1,gift_cards,itemknn,none,0,
266,1.0,1.0,1.0,1.5,gift_cards,itemknn,none,0,
274,0.0,1.0,0.0,1.5,gift_cards,itemknn,none,0,
280,0.0,1.0,0.0,1.3,gift_cards,itemknn,none,0,
281,0.0,1.0,0.0,1.3,gift_cards,itemknn,none,0,
285,0.0,1.0,0.0,1.3,gift_cards,itemknn,none,0,
287,0.0,1.0,0.0,1.5,gift_cards,itemknn,none,0,
293,0.3333333333333333,1.0,1.0,0.6,gift_cards,itemknn,none,0,
295,0.6309297535714575,1.0,1.0,1.3,gift_cards,itemknn,none,0,
296,0.430676558073393,1.0,1.0,1.1,gift_cards,itemknn,none,0,
299,0.0,1.0,0.0,0.4,gift_cards,itemknn,none,0,
304,0.3562071871080222,1.0,1.0,0.6,gift_cards,itemknn,none,0,
305,0.0,1.0,0.0,1.5,gift_cards,itemknn,none,0,
306,0.0,1.0,0.0,1.5,gift_cards,itemknn,none,0,
309,0.0,1.0,0.0,1.5,gift_cards,itemknn,none,0,
310,0.0,1.0,0.0,1.5,gift_cards,itemknn,none,0,
311,0.0,1.0,0.0,1.5,gift_cards,itemknn,none,0,
312,0.0,1.0,0.0,1.5,gift_cards,itemknn,none,0,
314,0.6309297535714575,1.0,1.0,1.3,gift_cards,itemknn,none,0,
316,0.0,1.0,0.0,1.5,gift_cards,itemknn,none,0,
317,0.2890648263178879,1.0,1.0,1.5,gift_cards,itemknn,none,0,
321,0.0,1.0,0.0,1.5,gift_cards,itemknn,none,0,
332,0.0,1.0,0.0,1.5,gift_cards,itemknn,none,0,
333,1.0,1.0,1.0,1.5,gift_cards,itemknn,none,0,
336,0.430676558073393,1.0,1.0,1.5,gift_cards,itemknn,none,0,
342,0.0,1.0,0.0,0.8,gift_cards,itemknn,none,0,
345,0.0,1.0,0.0,1.5,gift_cards,itemknn,none,0,
346,0.430676558073393,1.0,1.0,1.1,gift_cards,itemknn,none,0,
347,0.2890648263178879,1.0,1.0,1.5,gift_cards,itemknn,none,0,
348,0.0,1.0,0.0,1.5,gift_cards,itemknn,none,0,
349,0.0,1.0,0.0,1.3,gift_cards,itemknn,none,0,
350,0.5,1.0,1.0,1.0,gift_cards,itemknn,none,0,
358,0.0,1.0,0.0,1.3,gift_cards,itemknn,none,0,
359,0.0,1.0,0.0,1.5,gift_cards,itemknn,none,0,
360,0.0,1.0,0.0,1.3,gift_cards,itemknn,none,0,
361,0.0,1.0,0.0,1.5,gift_cards,itemknn,none,0,
364,0.0,1.0,0.0,1.5,gift_cards,itemknn,none,0,
368,0.0,1.0,0.0,1.5,gift_cards,itemknn,none,0,
369,0.0,1.0,0.0,1.5,gift_cards,itemknn,none,0,
370,0.0,1.0,0.0,1.3,gift_cards,itemknn,none,0,
371,0.0,1.0,0.0,1.5,gift_cards,itemknn,none,0,
372,0.0,1.0,0.0,1.5,gift_cards,itemknn,none,0,
373,0.6309297535714575,1.0,1.0,1.3,gift_cards,itemknn,none,0,
375,0.0,1.0,0.0,1.5,gift_cards,itemknn,none,0,
377,0.0,1.0,0.0,1.5,gift_cards,itemknn,none,0,
383,0.0,1.0,0.0,1.3,gift_cards,itemknn,none,0,
384,0.0,1.0,0.0,1.5,gift_cards,itemknn,none,0,
385,0.0,1.0,0.0,1.5,gift_cards,itemknn,none,0,
386,0.0,1.0,0.0,1.5,gift_cards,itemknn,none,0,
388,0.0,1.0,0.0,1.5,gift_cards,itemknn,none,0,
390,0.0,1.0,0.0,1.5,gift_cards,itemknn,none,0,
392,0.0,1.0,0.0,1.5,gift_cards,itemknn,none,0,
393,0.0,1.0,0.0,1.5,gift_cards,itemknn,none,0,
396,0.0,1.0,0.0,1.5,gift_cards,itemknn,none,0,
397,0.6309297535714575,1.0,1.0,1.5,gift_cards,itemknn,none,0,
398,0.0,1.0,0.0,1.1,gift_cards,itemknn,none,0,
400,0.0,1.0,0.0,1.5,gift_cards,itemknn,none,0,
402,0.0,1.0,0.0,1.5,gift_cards,itemknn,none,0,
404,0.2890648263178879,1.0,1.0,1.3,gift_cards,itemknn,none,0,
405,0.0,1.0,0.0,1.1,gift_cards,itemknn,none,0,
406,0.3010299956639812,1.0,1.0,1.5,gift_cards,itemknn,none,0,
407,0.0,1.0,0.0,1.5,gift_cards,itemknn,none,0,
409,0.0,1.0,0.0,1.5,gift_cards,itemknn,none,0,
410,0.3010299956639812,1.0,1.0,1.5,gift_cards,itemknn,none,0,
413,1.0,1.0,1.0,1.1,gift_cards,itemknn,none,0,
414,0.0,1.0,0.0,1.5,gift_cards,itemknn,none,0,
415,0.0,1.0,0.0,1.5,gift_cards,itemknn,none,0,
419,0.3562071871080222,1.0,1.0,1.3,gift_cards,itemknn,none,0,
424,0.0,1.0,0.0,1.5,gift_cards,itemknn,none,0,
425,0.3333333333333333,1.0,1.0,1.5,gift_cards,itemknn,none,0,
426,0.0,1.0,0.0,0.9,gift_cards,itemknn,none,0,
428,0.5,1.0,1.0,0.9,gift_cards,itemknn,none,0,
432,0.0,1.0,0.0,1.3,gift_cards,itemknn,none,0,
435,0.3154648767857287,1.0,1.0,0.9,gift_cards,itemknn,none,0,
437,0.0,1.0,0.0,1.5,gift_cards,itemknn,none,0,
439,0.0,1.0,0.0,1.5,gift_cards,itemknn,none,0,
441,0.0,1.0,0.0,1.3,gift_cards,itemknn,none,0,
446,0.0,1.0,0.0,1.5,gift_cards,itemknn,none,0,
450,0.3868528072345416,1.0,1.0,0.5,gift_cards,itemknn,none,0,
451,0.0,1.0,0.0,1.3,gift_cards,itemknn,none,0,
452,0.5,1.0,1.0,1.5,gift_cards,itemknn,none,0,
453,0.0,1.0,0.0,1.5,gift_cards,itemknn,none,0,
455,0.0,1.0,0.0,1.5,gift_cards,itemknn,none,0,
0,0.3333333333333333,0.8860969400246754,1.0,0.2,gift_cards,itemknn,quota_mmr,0,0.0127870985172044
1,0.0,0.7615015500896261,0.0,0.2,gift_cards,itemknn,quota_mmr,0,0.0102103839054763
2,0.0,0.6210784575678755,0.0,0.2,gift_cards,itemknn,quota_mmr,0,0.0055188781529743
4,0.0,0.6509069237924504,0.0,0.3,gift_cards,itemknn,quota_mmr,0,0.0050548600690164
6,0.0,0.806261702051554,0.0,0.3,gift_cards,itemknn,quota_mmr,0,0.0186704183934894
8,0.3154648767857287,0.8494081687486342,1.0,0.2,gift_cards,itemknn,quota_mmr,0,0.019726556580363
9,0.0,0.6255494837103497,0.0,0.2,gift_cards,itemknn,quota_mmr,0,0.0058001439733573
10,0.0,0.7348979736851051,0.0,0.3,gift_cards,itemknn,quota_mmr,0,0.0081296920711286
17,0.0,0.6664550085031276,0.0,0.3,gift_cards,itemknn,quota_mmr,0,0.0096157094493713
19,0.0,0.6541258426957063,0.0,0.2,gift_cards,itemknn,quota_mmr,0,0.0049820413583907
20,0.0,0.6205850193596747,0.0,0.2,gift_cards,itemknn,quota_mmr,0,0.0078596874270163
21,0.0,0.5838091606898538,0.0,0.2,gift_cards,itemknn,quota_mmr,0,0.0061197172595249
23,0.0,0.7355894610816613,0.0,0.3,gift_cards,itemknn,quota_mmr,0,0.0182134916899698
24,0.5,0.8046152661945624,1.0,0.2,gift_cards,itemknn,quota_mmr,0,0.0133149243904804
25,0.0,0.7426061658371015,0.0,0.3,gift_cards,itemknn,quota_mmr,0,0.0152745740113937
28,0.0,0.975607137014128,0.0,0.2,gift_cards,itemknn,quota_mmr,0,0.0215588870590288
29,0.0,0.7239717643403337,0.0,0.2,gift_cards,itemknn,quota_mmr,0,0.0079007663294498
33,0.0,0.7200476957956924,0.0,0.3,gift_cards,itemknn,quota_mmr,0,0.0178519641090656
34,0.0,0.6170597401237042,0.0,0.3,gift_cards,itemknn,quota_mmr,0,0.0105284085410933
36,0.3333333333333333,0.93922927151859,1.0,0.3,gift_cards,itemknn,quota_mmr,0,0.0142758757974085
37,0.0,0.6730005470161879,0.0,0.3,gift_cards,itemknn,quota_mmr,0,0.0064874217197326
41,0.0,0.7250244199385597,0.0,0.2,gift_cards,itemknn,quota_mmr,0,0.0125489798093902
43,0.0,0.7315757105151509,0.0,0.2,gift_cards,itemknn,quota_mmr,0,0.0074412358372677
46,0.0,0.5681519804610882,0.0,0.2,gift_cards,itemknn,quota_mmr,0,0.004755073583651
49,0.0,0.6781295141602628,0.0,0.3,gift_cards,itemknn,quota_mmr,0,0.0048041833274082
50,0.0,0.6235464895446423,0.0,0.2,gift_cards,itemknn,quota_mmr,0,0.0049598652911602
52,0.0,0.7000861944144107,0.0,0.3,gift_cards,itemknn,quota_mmr,0,0.0116727990103194
55,0.0,0.8097779441990335,0.0,0.3,gift_cards,itemknn,quota_mmr,0,0.0098346890797903
57,0.3333333333333333,0.6382951380795118,1.0,0.3,gift_cards,itemknn,quota_mmr,0,0.0079971616815323
66,0.0,0.6858127196619539,0.0,0.3,gift_cards,itemknn,quota_mmr,0,0.0052002711431941
70,0.0,0.6994065049679237,0.0,0.3,gift_cards,itemknn,quota_mmr,0,0.0132776084484526
75,0.0,0.6227967645745225,0.0,0.2,gift_cards,itemknn,quota_mmr,0,0.0076101625597812
76,0.0,0.7818322460332103,0.0,0.3,gift_cards,itemknn,quota_mmr,0,0.0144934205398918
77,0.0,0.692780328415203,0.0,0.3,gift_cards,itemknn,quota_mmr,0,0.0140881841586406
78,0.0,0.6154136626603246,0.0,0.3,gift_cards,itemknn,quota_mmr,0,0.0054693863230364
79,0.3868528072345416,0.7562005785191611,1.0,0.3,gift_cards,itemknn,quota_mmr,0,0.0080159929356566
80,0.0,0.984529029866268,0.0,0.3,gift_cards,itemknn,quota_mmr,0,0.0176870953649811
86,0.3562071871080222,0.6691248179845579,1.0,0.3,gift_cards,itemknn,quota_mmr,0,0.0080871048911472
88,0.0,0.6576127048561551,0.0,0.3,gift_cards,itemknn,quota_mmr,0,0.0167111069939214
92,0.0,0.7560024788286117,0.0,0.2,gift_cards,itemknn,quota_mmr,0,0.0140044395636323
97,0.0,0.7897755304966975,0.0,0.3,gift_cards,itemknn,quota_mmr,0,0.0136107660671522
101,0.5,0.7647235578592636,1.0,0.2,gift_cards,itemknn,quota_mmr,0,0.0092034468042038
109,0.0,0.7468891111251216,0.0,0.3,gift_cards,itemknn,quota_mmr,0,0.0138738636896086
110,0.0,0.7187520254747514,0.0,0.3,gift_cards,itemknn,quota_mmr,0,0.0134751046370191
113,0.0,0.6971946637658969,0.0,0.3,gift_cards,itemknn,quota_mmr,0,0.0093623225781975
115,0.3562071871080222,0.9178562009171014,1.0,0.3,gift_cards,itemknn,quota_mmr,0,0.0119389662829384
116,0.6309297535714575,0.6957578006489298,1.0,0.2,gift_cards,itemknn,quota_mmr,0,0.0096363176730888
118,0.0,0.7048602705877236,0.0,0.3,gift_cards,itemknn,quota_mmr,0,0.008173396682743
119,0.0,0.9525466385709466,0.0,0.3,gift_cards,itemknn,quota_mmr,0,0.0197368130062219
120,0.0,0.7767157917903855,0.0,0.3,gift_cards,itemknn,quota_mmr,0,0.0109190555952925
122,0.0,0.6703951930888083,0.0,0.2,gift_cards,itemknn,quota_mmr,0,0.0046278589383738
123,0.0,0.6699360261836701,0.0,0.3,gift_cards,itemknn,quota_mmr,0,0.0067457942741109
124,0.0,0.6143797280446982,0.0,0.3,gift_cards,itemknn,quota_mmr,0,0.006310861650254
125,0.0,0.6876265797871928,0.0,0.3,gift_cards,itemknn,quota_mmr,0,0.0102355699184012
132,0.3333333333333333,0.6742594804593749,1.0,0.2,gift_cards,itemknn,quota_mmr,0,0.0082888136479351
133,0.0,0.7014388692351209,0.0,0.3,gift_cards,itemknn,quota_mmr,0,0.010867547391206
135,0.0,0.6042425818556905,0.0,0.2,gift_cards,itemknn,quota_mmr,0,0.008277069595921
139,0.0,0.718756223726152,0.0,0.3,gift_cards,itemknn,quota_mmr,0,0.0162460087942435
141,0.0,0.7130565060503157,0.0,0.3,gift_cards,itemknn,quota_mmr,0,0.0086284981469457
142,0.5,0.7617788992874983,1.0,0.2,gift_cards,itemknn,quota_mmr,0,0.0068509582721273
143,0.0,0.6862573778796476,0.0,0.3,gift_cards,itemknn,quota_mmr,0,0.0110979469397043
148,0.0,0.7844662529602889,0.0,0.3,gift_cards,itemknn,quota_mmr,0,0.0116689149601057
152,0.0,0.7160693119927879,0.0,0.3,gift_cards,itemknn,quota_mmr,0,0.0136803476689422
153,0.0,0.9457610810471504,0.0,0.2,gift_cards,itemknn,quota_mmr,0,0.0127527784791432
156,0.0,0.6577219939981119,0.0,0.3,gift_cards,itemknn,quota_mmr,0,0.0123660881380609
158,0.0,0.7903215012461801,0.0,0.2,gift_cards,itemknn,quota_mmr,0,0.012953366427757
159,0.0,0.715901169289201,0.0,0.3,gift_cards,itemknn,quota_mmr,0,0.007695787120948
160,0.0,0.6597392588875606,0.0,0.3,gift_cards,itemknn,quota_mmr,0,0.0072766283573916
161,0.0,0.7304271610361077,0.0,0.3,gift_cards,itemknn,quota_mmr,0,0.0124610366554667
163,0.0,0.7062525684279669,0.0,0.3,gift_cards,itemknn,quota_mmr,0,0.0143930059947463
164,0.0,0.5887518748851244,0.0,0.2,gift_cards,itemknn,quota_mmr,0,0.0064089002654509
166,0.5,0.759004540878182,1.0,0.3,gift_cards,itemknn,quota_mmr,0,0.0164595590412771
170,0.0,0.7958104349526834,0.0,0.3,gift_cards,itemknn,quota_mmr,0,0.0167874124991573
171,0.0,0.676486052564526,0.0,0.2,gift_cards,itemknn,quota_mmr,0,0.0070791035480708
172,0.0,0.698357969356464,0.0,0.2,gift_cards,itemknn,quota_mmr,0,0.0095700963129182
173,0.0,0.6658612249182339,0.0,0.3,gift_cards,itemknn,quota_mmr,0,0.0094654004488808
174,0.0,0.6890026557011214,0.0,0.2,gift_cards,itemknn,quota_mmr,0,0.0100510730024254
176,0.0,0.6782386605258621,0.0,0.3,gift_cards,itemknn,quota_mmr,0,0.0082514865437462
177,0.0,0.6252144588600045,0.0,0.3,gift_cards,itemknn,quota_mmr,0,0.0060067640606225
178,0.0,0.6077919662745226,0.0,0.3,gift_cards,itemknn,quota_mmr,0,0.0063154317860068
186,0.0,0.6494634544504707,0.0,0.2,gift_cards,itemknn,quota_mmr,0,0.0050800840276964
187,0.0,0.7025333270849736,0.0,0.3,gift_cards,itemknn,quota_mmr,0,0.0093996474298024
188,0.5,0.7028333141007809,1.0,0.2,gift_cards,itemknn,quota_mmr,0,0.0085431592196942
191,0.5,0.6281520655451669,1.0,0.2,gift_cards,itemknn,quota_mmr,0,0.0055251563029691
193,0.0,0.7406142500105186,0.0,0.3,gift_cards,itemknn,quota_mmr,0,0.0148748554697384
196,0.0,0.6988053520219889,0.0,0.3,gift_cards,itemknn,quota_mmr,0,0.0114994609023691
198,0.0,0.7392212493168319,0.0,0.3,gift_cards,itemknn,quota_mmr,0,0.0107957103015739
202,0.0,0.7363602283053416,0.0,0.3,gift_cards,itemknn,quota_mmr,0,0.0151170065513689
203,0.0,0.7639885964892379,0.0,0.3,gift_cards,itemknn,quota_mmr,0,0.0199936632156115
205,0.0,0.7027079957835638,0.0,0.3,gift_cards,itemknn,quota_mmr,0,0.009642540790023
208,0.0,0.5967461590275993,0.0,0.2,gift_cards,itemknn,quota_mmr,0,0.0057279662725237
210,0.0,0.7958074319052708,0.0,0.2,gift_cards,itemknn,quota_mmr,0,0.0089209138876148
214,0.0,0.7551203801947758,0.0,0.3,gift_cards,itemknn,quota_mmr,0,0.0086923598609865
215,0.0,0.8594272687985861,0.0,0.2,gift_cards,itemknn,quota_mmr,0,0.0079162702108496
216,0.0,0.6957159558167645,0.0,0.2,gift_cards,itemknn,quota_mmr,0,0.0092952961443221
217,0.0,0.726241098941262,0.0,0.3,gift_cards,itemknn,quota_mmr,0,0.0075477156029166
218,1.0,0.6988399648962279,1.0,0.2,gift_cards,itemknn,quota_mmr,0,0.0073120228369135
219,0.0,0.7909186033068116,0.0,0.3,gift_cards,itemknn,quota_mmr,0,0.011060863524711
222,0.0,0.7733663602560479,0.0,0.3,gift_cards,itemknn,quota_mmr,0,0.0139972838943975
223,0.2890648263178879,0.7334592849559878,1.0,0.3,gift_cards,itemknn,quota_mmr,0,0.0167197009892129
224,0.0,0.6745655232046398,0.0,0.3,gift_cards,itemknn,quota_mmr,0,0.0142833798460831
226,0.0,0.7114751726988982,0.0,0.3,gift_cards,itemknn,quota_mmr,0,0.0131223731139719
233,1.0,0.6978167218093444,1.0,0.2,gift_cards,itemknn,quota_mmr,0,0.0093157038870855
234,0.2890648263178879,0.6856856242912749,1.0,0.3,gift_cards,itemknn,quota_mmr,0,0.0091663732593381
237,0.0,0.6492442645653047,0.0,0.3,gift_cards,itemknn,quota_mmr,0,0.0093708101572286
238,0.0,0.6222256409424393,0.0,0.2,gift_cards,itemknn,quota_mmr,0,0.0081838381304006
241,0.0,0.6920304561727132,0.0,0.3,gift_cards,itemknn,quota_mmr,0,0.011019248837163
242,0.3333333333333333,0.8246354708387992,1.0,0.3,gift_cards,itemknn,quota_mmr,0,0.010389575416717
244,0.0,0.5941615744976514,0.0,0.2,gift_cards,itemknn,quota_mmr,0,0.0042025867237111
245,0.0,0.662132778182707,0.0,0.3,gift_cards,itemknn,quota_mmr,0,0.0058134886147079
249,0.0,0.686414129504136,0.0,0.3,gift_cards,itemknn,quota_mmr,0,0.0111205157018087
250,0.0,0.6086069349942719,0.0,0.2,gift_cards,itemknn,quota_mmr,0,0.0058695316261478
251,0.0,0.7139822587549184,0.0,0.3,gift_cards,itemknn,quota_mmr,0,0.0125643435651775
254,0.0,0.7090023283661108,0.0,0.3,gift_cards,itemknn,quota_mmr,0,0.0128272052071751
258,0.0,0.71681300781447,0.0,0.3,gift_cards,itemknn,quota_mmr,0,0.0163040882053162
260,0.0,0.7263881869503935,0.0,0.3,gift_cards,itemknn,quota_mmr,0,0.0142208465331172
262,0.0,0.724934885622021,0.0,0.3,gift_cards,itemknn,quota_mmr,0,0.0197443192348874
263,0.0,0.7230409093867325,0.0,0.3,gift_cards,itemknn,quota_mmr,0,0.0067436988971516
266,1.0,0.6934183686141504,1.0,0.2,gift_cards,itemknn,quota_mmr,0,0.0111995113084815
274,0.0,0.7530483361367165,0.0,0.3,gift_cards,itemknn,quota_mmr,0,0.0138224123052371
280,0.0,0.745069127875306,0.0,0.3,gift_cards,itemknn,quota_mmr,0,0.01755103473986
281,0.0,0.8234891255658255,0.0,0.3,gift_cards,itemknn,quota_mmr,0,0.014241074179796
285,0.0,0.7540254568668889,0.0,0.2,gift_cards,itemknn,quota_mmr,0,0.0126442549040107
287,0.0,0.695715169228744,0.0,0.2,gift_cards,itemknn,quota_mmr,0,0.011813528723137
293,0.3333333333333333,0.9572843534769728,1.0,0.2,gift_cards,itemknn,quota_mmr,0,0.020184163017402
295,0.6309297535714575,0.7000186404161142,1.0,0.3,gift_cards,itemknn,quota_mmr,0,0.0136287011273179
296,0.0,0.7268407961152357,0.0,0.3,gift_cards,itemknn,quota_mmr,0,0.0151101759790705
299,0.0,0.9797372643627248,0.0,0.2,gift_cards,itemknn,quota_mmr,0,0.0181750057787694
304,0.3562071871080222,0.9401861456644351,1.0,0.2,gift_cards,itemknn,quota_mmr,0,0.0179755375142896
305,0.0,0.590790603782845,0.0,0.3,gift_cards,itemknn,quota_mmr,0,0.0044084748988756
306,0.0,0.6006865592122241,0.0,0.2,gift_cards,itemknn,quota_mmr,0,0.0051447105880359
309,0.0,0.7156765695845079,0.0,0.2,gift_cards,itemknn,quota_mmr,0,0.0172601780633603
310,0.0,0.7362869393433725,0.0,0.3,gift_cards,itemknn,quota_mmr,0,0.0093865500714236
311,0.2890648263178879,0.7194073972719117,1.0,0.3,gift_cards,itemknn,quota_mmr,0,0.0091904244595362
312,0.0,0.6088948098665401,0.0,0.3,gift_cards,itemknn,quota_mmr,0,0.0081226618762378
314,0.6309297535714575,0.8067634863723778,1.0,0.3,gift_cards,itemknn,quota_mmr,0,0.0135609634105274
316,0.0,0.658752093175582,0.0,0.3,gift_cards,itemknn,quota_mmr,0,0.0047659121653494
317,0.5,0.7223040550582457,1.0,0.3,gift_cards,itemknn,quota_mmr,0,0.007812711951814
321,0.0,0.7389647782191295,0.0,0.3,gift_cards,itemknn,quota_mmr,0,0.0097806936051896
332,0.0,0.6783267869796098,0.0,0.3,gift_cards,itemknn,quota_mmr,0,0.0114699686365882
333,1.0,0.6060575915447304,1.0,0.3,gift_cards,itemknn,quota_mmr,0,0.0082326744909987
336,0.6309297535714575,0.6941498403621827,1.0,0.3,gift_cards,itemknn,quota_mmr,0,0.0074283964211004
342,0.0,0.9639146860918224,0.0,0.3,gift_cards,itemknn,quota_mmr,0,0.0148464246576488
345,0.0,0.6261182368201562,0.0,0.2,gift_cards,itemknn,quota_mmr,0,0.0061417006712558
346,0.0,0.640199010506898,0.0,0.3,gift_cards,itemknn,quota_mmr,0,0.0075777654291286
347,0.0,0.6988893554427855,0.0,0.3,gift_cards,itemknn,quota_mmr,0,0.0122187782378983
348,0.0,0.6179679798507982,0.0,0.3,gift_cards,itemknn,quota_mmr,0,0.0081696503800365
349,0.0,0.7397256278473567,0.0,0.2,gift_cards,itemknn,quota_mmr,0,0.0127985703862132
350,0.0,0.7566035233576495,0.0,0.2,gift_cards,itemknn,quota_mmr,0,0.0089737213958394
358,0.0,0.6159024858060245,0.0,0.3,gift_cards,itemknn,quota_mmr,0,0.0083316218395845
359,0.0,0.6558872821126781,0.0,0.3,gift_cards,itemknn,quota_mmr,0,0.0104038056055301
360,0.430676558073393,0.6751474010736993,1.0,0.2,gift_cards,itemknn,quota_mmr,0,0.0086632567265628
361,0.3868528072345416,0.7464365097689603,1.0,0.3,gift_cards,itemknn,quota_mmr,0,0.012148115651551
364,0.0,0.7202435571833599,0.0,0.3,gift_cards,itemknn,quota_mmr,0,0.0071788468902226
368,0.0,0.6833361003044384,0.0,0.3,gift_cards,itemknn,quota_mmr,0,0.0051368957057795
369,0.3333333333333333,0.6833718925428475,1.0,0.3,gift_cards,itemknn,quota_mmr,0,0.0098486880224095
370,0.430676558073393,0.60987589785267,1.0,0.3,gift_cards,itemknn,quota_mmr,0,0.0054678056573986
371,0.0,0.7300788076423504,0.0,0.3,gift_cards,itemknn,quota_mmr,0,0.0135931213033166
372,0.0,0.6895228478322843,0.0,0.2,gift_cards,itemknn,quota_mmr,0,0.0067784513068801
373,0.6309297535714575,0.7674186962825296,1.0,0.3,gift_cards,itemknn,quota_mmr,0,0.0064255234122709
375,0.0,0.7247675821868179,0.0,0.3,gift_cards,itemknn,quota_mmr,0,0.0110638600960269
377,0.0,0.686386080579095,0.0,0.3,gift_cards,itemknn,quota_mmr,0,0.0120394549819505
383,0.0,0.5733471268498671,0.0,0.2,gift_cards,itemknn,quota_mmr,0,0.0039007519109664
384,0.0,0.7276439493551087,0.0,0.3,gift_cards,itemknn,quota_mmr,0,0.0135344674593364
385,0.0,0.7025631614694575,0.0,0.3,gift_cards,itemknn,quota_mmr,0,0.0121065429987992
386,0.0,0.6690640839302352,0.0,0.3,gift_cards,itemknn,quota_mmr,0,0.0059328904860189
388,0.0,0.6394373786859701,0.0,0.3,gift_cards,itemknn,quota_mmr,0,0.0068868533671234
390,0.2890648263178879,0.6783045170307811,1.0,0.2,gift_cards,itemknn,quota_mmr,0,0.0079252525294073
392,0.0,0.6258122408552288,0.0,0.3,gift_cards,itemknn,quota_mmr,0,0.0051864805918496
393,0.3010299956639812,0.7143151694106415,1.0,0.3,gift_cards,itemknn,quota_mmr,0,0.0090913254063028
396,0.0,0.6368726343947714,0.0,0.3,gift_cards,itemknn,quota_mmr,0,0.0076562914134369
397,0.0,0.6651230948657423,0.0,0.3,gift_cards,itemknn,quota_mmr,0,0.0109249342545269
398,0.0,0.8305694697901047,0.0,0.3,gift_cards,itemknn,quota_mmr,0,0.0199218341995177
400,0.0,0.6196479178354143,0.0,0.3,gift_cards,itemknn,quota_mmr,0,0.0077873379423358
402,0.430676558073393,0.7198746854468852,1.0,0.3,gift_cards,itemknn,quota_mmr,0,0.0149344250593721
404,0.0,0.8193591865059605,0.0,0.3,gift_cards,itemknn,quota_mmr,0,0.0122224774282605
405,0.0,0.8845071657099761,0.0,0.3,gift_cards,itemknn,quota_mmr,0,0.0149515939893521
406,0.0,0.6590952767942697,0.0,0.2,gift_cards,itemknn,quota_mmr,0,0.0083673979774747
407,0.0,0.7005751730353266,0.0,0.2,gift_cards,itemknn,quota_mmr,0,0.0082080711991486
409,0.0,0.6544129203995621,0.0,0.3,gift_cards,itemknn,quota_mmr,0,0.0094251566312123
410,0.0,0.666170022400294,0.0,0.3,gift_cards,itemknn,quota_mmr,0,0.0096571102974803
413,1.0,0.7179098641106485,1.0,0.2,gift_cards,itemknn,quota_mmr,0,0.0163835419402072
414,0.3868528072345416,0.8009342091261364,1.0,0.3,gift_cards,itemknn,quota_mmr,0,0.0135349820799285
415,0.0,0.7329897921741997,0.0,0.2,gift_cards,itemknn,quota_mmr,0,0.0138271036824708
419,0.0,0.6715706998451724,0.0,0.2,gift_cards,itemknn,quota_mmr,0,0.0112143595281533
424,0.0,0.6167433110872608,0.0,0.3,gift_cards,itemknn,quota_mmr,0,0.0088463274879688
425,0.0,0.5909734358806934,0.0,0.3,gift_cards,itemknn,quota_mmr,0,0.0057259847796747
426,0.0,0.9303059475727594,0.0,0.2,gift_cards,itemknn,quota_mmr,0,0.0178422865599545
428,0.5,0.9164758693614244,1.0,0.3,gift_cards,itemknn,quota_mmr,0,0.0135738745599604
432,0.0,0.829069724708484,0.0,0.3,gift_cards,itemknn,quota_mmr,0,0.0172466834984141
435,0.3868528072345416,0.8579297161063597,1.0,0.3,gift_cards,itemknn,quota_mmr,0,0.009387544010246
437,0.0,0.6590720063966486,0.0,0.3,gift_cards,itemknn,quota_mmr,0,0.0079822676978635
439,0.0,0.6631666622814603,0.0,0.3,gift_cards,itemknn,quota_mmr,0,0.0100709112122255
441,0.0,0.7966423724562607,0.0,0.3,gift_cards,itemknn,quota_mmr,0,0.0167823176940155
446,0.0,0.6377094913737713,0.0,0.2,gift_cards,itemknn,quota_mmr,0,0.0070951131534096
450,0.430676558073393,0.9561431805650136,1.0,0.3,gift_cards,itemknn,quota_mmr,0,0.0217658222178991
451,0.0,0.6626615537892424,0.0,0.3,gift_cards,itemknn,quota_mmr,0,0.0086983280747798
452,0.0,0.7349315262378324,0.0,0.2,gift_cards,itemknn,quota_mmr,0,0.0097074200176749
453,0.0,0.7053099087877919,0.0,0.3,gift_cards,itemknn,quota_mmr,0,0.0101696495526009
455,0.0,0.7600814597063648,0.0,0.3,gift_cards,itemknn,quota_mmr,0,0.0163093569264204
0,0.3562071871080222,1.0,1.0,0.6,gift_cards,als,none,0,
1,0.0,1.0,0.0,0.4,gift_cards,als,none,0,
2,0.0,1.0,0.0,0.7,gift_cards,als,none,0,
4,0.0,1.0,0.0,0.6,gift_cards,als,none,0,
6,0.0,1.0,0.0,0.4,gift_cards,als,none,0,
8,0.0,1.0,0.0,0.8,gift_cards,als,none,0,
9,0.0,1.0,0.0,0.7,gift_cards,als,none,0,
10,0.0,1.0,0.0,0.8,gift_cards,als,none,0,
17,0.0,1.0,0.0,0.5,gift_cards,als,none,0,
19,0.0,1.0,0.0,0.3,gift_cards,als,none,0,
20,0.0,1.0,0.0,0.5,gift_cards,als,none,0,
21,0.0,1.0,0.0,0.4,gift_cards,als,none,0,
23,0.0,1.0,0.0,0.7,gift_cards,als,none,0,
24,0.0,1.0,0.0,0.9,gift_cards,als,none,0,
25,0.0,1.0,0.0,0.6,gift_cards,als,none,0,
28,0.3868528072345416,1.0,1.0,0.4,gift_cards,als,none,0,
29,0.0,1.0,0.0,0.2,gift_cards,als,none,0,
33,0.0,1.0,0.0,0.6,gift_cards,als,none,0,
34,0.0,1.0,0.0,0.8,gift_cards,als,none,0,
36,0.3868528072345416,1.0,1.0,0.8,gift_cards,als,none,0,
37,0.0,1.0,0.0,0.6,gift_cards,als,none,0,
41,0.3010299956639812,1.0,1.0,0.6,gift_cards,als,none,0,
43,0.3333333333333333,1.0,1.0,0.7,gift_cards,als,none,0,
46,0.0,1.0,0.0,0.4,gift_cards,als,none,0,
49,0.0,1.0,0.0,0.4,gift_cards,als,none,0,
50,0.0,1.0,0.0,0.4,gift_cards,als,none,0,
52,0.0,1.0,0.0,0.6,gift_cards,als,none,0,
55,0.0,1.0,0.0,0.2,gift_cards,als,none,0,
57,0.0,1.0,0.0,0.4,gift_cards,als,none,0,
66,0.0,1.0,0.0,0.2,gift_cards,als,none,0,
70,0.0,1.0,0.0,0.2,gift_cards,als,none,0,
75,0.430676558073393,1.0,1.0,0.6,gift_cards,als,none,0,
76,0.0,1.0,0.0,0.4,gift_cards,als,none,0,
77,0.0,1.0,0.0,0.2,gift_cards,als,none,0,
78,0.430676558073393,1.0,1.0,0.4,gift_cards,als,none,0,
79,0.0,1.0,0.0,0.4,gift_cards,als,none,0,
80,0.0,1.0,0.0,0.5,gift_cards,als,none,0,
86,0.0,1.0,0.0,0.4,gift_cards,als,none,0,
88,0.0,1.0,0.0,0.2,gift_cards,als,none,0,
92,0.0,1.0,0.0,0.6,gift_cards,als,none,0,
97,0.0,1.0,0.0,0.6,gift_cards,als,none,0,
101,0.0,1.0,0.0,0.7,gift_cards,als,none,0,
109,0.0,1.0,0.0,0.8,gift_cards,als,none,0,
110,0.0,1.0,0.0,0.5,gift_cards,als,none,0,
113,0.0,1.0,0.0,0.2,gift_cards,als,none,0,
115,0.3010299956639812,1.0,1.0,0.5,gift_cards,als,none,0,
116,0.0,1.0,0.0,0.2,gift_cards,als,none,0,
118,0.0,1.0,0.0,0.7,gift_cards,als,none,0,
119,0.430676558073393,1.0,1.0,0.8,gift_cards,als,none,0,
120,0.0,1.0,0.0,0.9,gift_cards,als,none,0,
122,0.0,1.0,0.0,0.4,gift_cards,als,none,0,
123,0.0,1.0,0.0,0.2,gift_cards,als,none,0,
124,0.0,1.0,0.0,0.3,gift_cards,als,none,0,
125,0.3868528072345416,1.0,1.0,0.2,gift_cards,als,none,0,
132,0.0,1.0,0.0,0.4,gift_cards,als,none,0,
133,0.0,1.0,0.0,0.4,gift_cards,als,none,0,
135,0.0,1.0,0.0,0.4,gift_cards,als,none,0,
139,0.0,1.0,0.0,0.8,gift_cards,als,none,0,
141,0.0,1.0,0.0,0.6,gift_cards,als,none,0,
142,0.0,1.0,0.0,0.3,gift_cards,als,none,0,
143,0.0,1.0,0.0,0.6,gift_cards,als,none,0,
148,0.0,1.0,0.0,0.3,gift_cards,als,none,0,
152,0.0,1.0,0.0,0.2,gift_cards,als,none,0,
153,0.0,1.0,0.0,0.4,gift_cards,als,none,0,
156,0.3868528072345416,1.0,1.0,0.4,gift_cards,als,none,0,
158,0.0,1.0,0.0,0.3,gift_cards,als,none,0,
159,0.0,1.0,0.0,0.4,gift_cards,als,none,0,
160,0.0,1.0,0.0,0.2,gift_cards,als,none,0,
161,0.0,1.0,0.0,0.6,gift_cards,als,none,0,
163,0.0,1.0,0.0,0.8,gift_cards,als,none,0,
164,0.0,1.0,0.0,0.5,gift_cards,als,none,0,
166,0.0,1.0,0.0,0.7,gift_cards,als,none,0,
170,0.0,1.0,0.0,0.6,gift_cards,als,none,0,
171,0.0,1.0,0.0,0.7,gift_cards,als,none,0,
172,0.0,1.0,0.0,0.5,gift_cards,als,none,0,
173,0.0,1.0,0.0,0.6,gift_cards,als,none,0,
174,0.0,1.0,0.0,0.5,gift_cards,als,none,0,
176,0.0,1.0,0.0,0.4,gift_cards,als,none,0,
177,0.0,1.0,0.0,0.8,gift_cards,als,none,0,
178,0.0,1.0,0.0,0.4,gift_cards,als,none,0,
186,0.0,1.0,0.0,0.4,gift_cards,als,none,0,
187,0.0,1.0,0.0,0.5,gift_cards,als,none,0,
188,0.0,1.0,0.0,0.6,gift_cards,als,none,0,
191,0.0,1.0,0.0,0.3,gift_cards,als,none,0,
193,0.0,1.0,0.0,0.6,gift_cards,als,none,0,
196,0.0,1.0,0.0,0.5,gift_cards,als,none,0,
198,0.0,1.0,0.0,0.5,gift_cards,als,none,0,
202,0.0,1.0,0.0,0.3,gift_cards,als,none,0,
203,0.0,1.0,0.0,0.4,gift_cards,als,none,0,
205,0.0,1.0,0.0,0.3,gift_cards,als,none,0,
208,0.0,1.0,0.0,0.4,gift_cards,als,none,0,
210,0.0,1.0,0.0,0.2,gift_cards,als,none,0,
214,0.0,1.0,0.0,0.4,gift_cards,als,none,0,
215,0.0,1.0,0.0,0.8,gift_cards,als,none,0,
216,0.0,1.0,0.0,0.4,gift_cards,als,none,0,
217,0.6309297535714575,1.0,1.0,0.5,gift_cards,als,none,0,
218,0.3333333333333333,1.0,1.0,0.2,gift_cards,als,none,0,
219,0.0,1.0,0.0,0.6,gift_cards,als,none,0,
222,0.0,1.0,0.0,0.4,gift_cards,als,none,0,
223,0.0,1.0,0.0,0.6,gift_cards,als,none,0,
224,0.0,1.0,0.0,0.3,gift_cards,als,none,0,
226,0.0,1.0,0.0,0.6,gift_cards,als,none,0,
233,0.0,1.0,0.0,0.4,gift_cards,als,none,0,
234,0.3333333333333333,1.0,1.0,0.3,gift_cards,als,none,0,
237,0.0,1.0,0.0,0.5,gift_cards,als,none,0,
238,0.0,1.0,0.0,0.6,gift_cards,als,none,0,
241,0.0,1.0,0.0,0.4,gift_cards,als,none,0,
242,0.0,1.0,0.0,0.6,gift_cards,als,none,0,
244,0.0,1.0,0.0,0.4,gift_cards,als,none,0,
245,0.0,1.0,0.0,0.3,gift_cards,als,none,0,
249,0.0,1.0,0.0,0.4,gift_cards,als,none,0,
250,0.3562071871080222,1.0,1.0,0.4,gift_cards,als,none,0,
251,0.0,1.0,0.0,0.7,gift_cards,als,none,0,
254,0.0,1.0,0.0,0.5,gift_cards,als,none,0,
258,0.0,1.0,0.0,0.5,gift_cards,als,none,0,
260,0.0,1.0,0.0,0.4,gift_cards,als,none,0,
262,0.0,1.0,0.0,0.6,gift_cards,als,none,0,
263,0.0,1.0,0.0,0.3,gift_cards,als,none,0,
266,0.0,1.0,0.0,0.6,gift_cards,als,none,0,
274,0.0,1.0,0.0,0.8,gift_cards,als,none,0,
280,0.0,1.0,0.0,0.2,gift_cards,als,none,0,
281,0.0,1.0,0.0,0.7,gift_cards,als,none,0,
285,0.0,1.0,0.0,0.4,gift_cards,als,none,0,
287,0.0,1.0,0.0,0.4,gift_cards,als,none,0,
293,0.0,1.0,0.0,0.6,gift_cards,als,none,0,
295,0.0,1.0,0.0,0.7,gift_cards,als,none,0,
296,0.0,1.0,0.0,0.7,gift_cards,als,none,0,
299,0.3154648767857287,1.0,1.0,0.6,gift_cards,als,none,0,
304,0.0,1.0,0.0,0.4,gift_cards,als,none,0,
305,0.0,1.0,0.0,0.8,gift_cards,als,none,0,
306,0.0,1.0,0.0,0.4,gift_cards,als,none,0,
309,0.3868528072345416,1.0,1.0,0.6,gift_cards,als,none,0,
310,0.0,1.0,0.0,0.2,gift_cards,als,none,0,
311,0.0,1.0,0.0,0.7,gift_cards,als,none,0,
312,0.0,1.0,0.0,0.3,gift_cards,als,none,0,
314,0.0,1.0,0.0,0.3,gift_cards,als,none,0,
316,0.3562071871080222,1.0,1.0,0.6,gift_cards,als,none,0,
317,0.0,1.0,0.0,0.8,gift_cards,als,none,0,
321,0.0,1.0,0.0,0.3,gift_cards,als,none,0,
332,0.6309297535714575,1.0,1.0,0.3,gift_cards,als,none,0,
333,0.0,1.0,0.0,0.4,gift_cards,als,none,0,
336,0.0,1.0,0.0,0.6,gift_cards,als,none,0,
342,0.0,1.0,0.0,0.4,gift_cards,als,none,0,
345,0.0,1.0,0.0,0.7,gift_cards,als,none,0,
346,0.0,1.0,0.0,0.4,gift_cards,als,none,0,
347,0.0,1.0,0.0,0.4,gift_cards,als,none,0,
348,0.0,1.0,0.0,0.5,gift_cards,als,none,0,
349,0.0,1.0,0.0,0.6,gift_cards,als,none,0,
350,0.0,1.0,0.0,0.3,gift_cards,als,none,0,
358,0.0,1.0,0.0,0.3,gift_cards,als,none,0,
359,0.0,1.0,0.0,0.4,gift_cards,als,none,0,
360,0.0,1.0,0.0,0.5,gift_cards,als,none,0,
361,0.6309297535714575,1.0,1.0,0.6,gift_cards,als,none,0,
364,0.0,1.0,0.0,0.6,gift_cards,als,none,0,
368,0.0,1.0,0.0,0.6,gift_cards,als,none,0,
369,0.0,1.0,0.0,0.5,gift_cards,als,none,0,
370,0.0,1.0,0.0,0.3,gift_cards,als,none,0,
371,0.0,1.0,0.0,0.2,gift_cards,als,none,0,
372,0.0,1.0,0.0,0.4,gift_cards,als,none,0,
373,0.3333333333333333,1.0,1.0,0.5,gift_cards,als,none,0,
375,0.0,1.0,0.0,0.6,gift_cards,als,none,0,
377,0.0,1.0,0.0,0.4,gift_cards,als,none,0,
383,0.0,1.0,0.0,0.3,gift_cards,als,none,0,
384,0.0,1.0,0.0,0.4,gift_cards,als,none,0,
385,0.0,1.0,0.0,0.5,gift_cards,als,none,0,
386,0.0,1.0,0.0,0.7,gift_cards,als,none,0,
388,0.0,1.0,0.0,0.5,gift_cards,als,none,0,
390,0.0,1.0,0.0,0.8,gift_cards,als,none,0,
392,0.0,1.0,0.0,0.4,gift_cards,als,none,0,
393,0.0,1.0,0.0,0.4,gift_cards,als,none,0,
396,0.0,1.0,0.0,0.5,gift_cards,als,none,0,
397,0.0,1.0,0.0,0.3,gift_cards,als,none,0,
398,0.0,1.0,0.0,0.6,gift_cards,als,none,0,
400,0.0,1.0,0.0,0.4,gift_cards,als,none,0,
402,0.0,1.0,0.0,0.5,gift_cards,als,none,0,
404,0.0,1.0,0.0,0.4,gift_cards,als,none,0,
405,0.0,1.0,0.0,0.4,gift_cards,als,none,0,
406,0.0,1.0,0.0,0.3,gift_cards,als,none,0,
407,0.0,1.0,0.0,0.3,gift_cards,als,none,0,
409,0.0,1.0,0.0,0.6,gift_cards,als,none,0,
410,0.0,1.0,0.0,0.4,gift_cards,als,none,0,
413,0.0,1.0,0.0,0.4,gift_cards,als,none,0,
414,1.0,1.0,1.0,0.6,gift_cards,als,none,0,
415,0.0,1.0,0.0,0.2,gift_cards,als,none,0,
419,0.0,1.0,0.0,0.4,gift_cards,als,none,0,
424,0.0,1.0,0.0,0.5,gift_cards,als,none,0,
425,0.0,1.0,0.0,0.8,gift_cards,als,none,0,
426,0.0,1.0,0.0,0.7,gift_cards,als,none,0,
428,0.3154648767857287,1.0,1.0,1.0,gift_cards,als,none,0,
432,0.0,1.0,0.0,1.0,gift_cards,als,none,0,
435,0.430676558073393,1.0,1.0,0.3,gift_cards,als,none,0,
437,0.0,1.0,0.0,0.3,gift_cards,als,none,0,
439,0.0,1.0,0.0,0.6,gift_cards,als,none,0,
441,0.0,1.0,0.0,0.5,gift_cards,als,none,0,
446,0.0,1.0,0.0,0.2,gift_cards,als,none,0,
450,0.0,1.0,0.0,0.8,gift_cards,als,none,0,
451,0.3154648767857287,1.0,1.0,0.5,gift_cards,als,none,0,
452,0.0,1.0,0.0,0.5,gift_cards,als,none,0,
453,0.2890648263178879,1.0,1.0,0.3,gift_cards,als,none,0,
455,0.0,1.0,0.0,0.9,gift_cards,als,none,0,
0,0.3562071871080222,0.9687837275086416,1.0,0.3,gift_cards,als,quota_mmr,0,0.004642811920333
1,0.0,0.9868237081623944,0.0,0.3,gift_cards,als,quota_mmr,0,0.0007908194340129
2,0.0,0.9755487398644423,0.0,0.3,gift_cards,als,quota_mmr,0,0.0016217723355796
4,0.0,0.9705274625894896,0.0,0.3,gift_cards,als,quota_mmr,0,0.0030579241910046
6,0.0,0.9949187001764732,0.0,0.2,gift_cards,als,quota_mmr,0,0.0034520070192864
8,0.0,0.955688601534048,0.0,0.3,gift_cards,als,quota_mmr,0,0.0028375503696735
9,0.0,0.9502499894967326,0.0,0.2,gift_cards,als,quota_mmr,0,0.0027546369246251
10,0.0,0.9853219069464904,0.0,0.2,gift_cards,als,quota_mmr,0,0.0023689163486894
17,0.0,0.9891266560441712,0.0,0.2,gift_cards,als,quota_mmr,0,0.003898928638443
19,0.0,0.9953687206240174,0.0,0.2,gift_cards,als,quota_mmr,0,0.0024241887867807
20,0.0,0.9815735396818248,0.0,0.3,gift_cards,als,quota_mmr,0,0.0022223875661754
21,0.0,0.9836357870853067,0.0,0.3,gift_cards,als,quota_mmr,0,0.0017898611500484
23,0.0,0.9409529344459298,0.0,0.2,gift_cards,als,quota_mmr,0,0.0020850462216769
24,0.0,0.9435699000540216,0.0,0.2,gift_cards,als,quota_mmr,0,0.0027300028829229
25,0.0,0.9765940560981642,0.0,0.2,gift_cards,als,quota_mmr,0,0.0038004498495724
28,0.3868528072345416,0.9968641687342736,1.0,0.3,gift_cards,als,quota_mmr,0,0.0034389696523324
29,0.0,0.998933001947618,0.0,0.3,gift_cards,als,quota_mmr,0,0.0017906968047801
33,0.0,0.971957837231356,0.0,0.3,gift_cards,als,quota_mmr,0,0.0034364582137989
34,0.0,0.9571374095346086,0.0,0.3,gift_cards,als,quota_mmr,0,0.0019440198263439
36,0.3868528072345416,0.9309449314415978,1.0,0.3,gift_cards,als,quota_mmr,0,0.0071857368567397
37,0.0,0.9319734512580536,0.0,0.3,gift_cards,als,quota_mmr,0,0.0012569548325142
41,0.0,0.9652011083362868,0.0,0.2,gift_cards,als,quota_mmr,0,0.0029936881177634
43,0.0,0.944014502778216,0.0,0.3,gift_cards,als,quota_mmr,0,0.0013496191092474
46,0.0,0.9971703757551528,0.0,0.3,gift_cards,als,quota_mmr,0,0.0030076565612637
49,0.0,0.979270187244628,0.0,0.3,gift_cards,als,quota_mmr,0,0.0023990602157246
50,0.0,0.9933826048031964,0.0,0.3,gift_cards,als,quota_mmr,0,0.0024772712954694
52,0.0,0.9814478095046166,0.0,0.3,gift_cards,als,quota_mmr,0,0.0020853035601436
55,0.0,0.9933557745205732,0.0,0.3,gift_cards,als,quota_mmr,0,0.0044168714865192
57,0.0,0.998411759991756,0.0,0.3,gift_cards,als,quota_mmr,0,0.0009972220467688
66,0.0,0.9921720814281038,0.0,0.3,gift_cards,als,quota_mmr,0,0.000789432816288
70,0.0,0.9951938352287826,0.0,0.2,gift_cards,als,quota_mmr,0,0.0025883191614994
75,0.430676558073393,0.976948315661644,1.0,0.2,gift_cards,als,quota_mmr,0,0.0026939647536212
76,0.0,0.969372902673686,0.0,0.2,gift_cards,als,quota_mmr,0,0.0021551438424696
77,0.0,1.0,0.0,0.2,gift_cards,als,quota_mmr,0,0.0038006931320482
78,0.430676558073393,0.9814044997732636,1.0,0.2,gift_cards,als,quota_mmr,0,0.0032892739022773
79,0.0,0.9961456450994004,0.0,0.2,gift_cards,als,quota_mmr,0,0.0044202006732206
80,0.0,0.9652773592500816,0.0,0.3,gift_cards,als,quota_mmr,0,0.0052344963067751
86,0.0,0.9939382035950972,0.0,0.2,gift_cards,als,quota_mmr,0,0.0037175832649994
88,0.0,0.9989595121948988,0.0,0.2,gift_cards,als,quota_mmr,0,0.0037474198224012
92,0.0,0.9783467255464126,0.0,0.3,gift_cards,als,quota_mmr,0,0.0012033775203137
97,0.0,0.9480838267721212,0.0,0.3,gift_cards,als,quota_mmr,0,0.0006117438790361
101,0.0,0.9904724937539328,0.0,0.3,gift_cards,als,quota_mmr,0,0.0040901013901498
109,0.0,0.9525489812952846,0.0,0.2,gift_cards,als,quota_mmr,0,0.002833070925148
110,0.0,0.9960092521663092,0.0,0.3,gift_cards,als,quota_mmr,0,0.0017636439940005
113,0.0,0.9867730861374302,0.0,0.2,gift_cards,als,quota_mmr,0,0.00335367635426
115,0.3333333333333333,0.9465159165510616,1.0,0.3,gift_cards,als,quota_mmr,0,0.0072998025358379
116,0.0,0.9951870565703278,0.0,0.2,gift_cards,als,quota_mmr,0,0.002888052473065
118,0.0,0.957043102459296,0.0,0.3,gift_cards,als,quota_mmr,0,0.0007918250604303
119,0.430676558073393,0.9727063546441824,1.0,0.3,gift_cards,als,quota_mmr,0,0.0043627795274778
120,0.0,0.9467118851132726,0.0,0.3,gift_cards,als,quota_mmr,0,0.0022115198391005
122,0.0,0.994826184677276,0.0,0.3,gift_cards,als,quota_mmr,0,0.0030292822641055
123,0.0,0.973443294003146,0.0,0.2,gift_cards,als,quota_mmr,0,0.0031285627756278
124,0.0,0.9871830660080329,0.0,0.2,gift_cards,als,quota_mmr,0,0.0026020024818994
125,0.3868528072345416,1.0,1.0,0.2,gift_cards,als,quota_mmr,0,0.0030298320943611
132,0.0,0.98930720029889,0.0,0.2,gift_cards,als,quota_mmr,0,0.0007546814403169
133,0.0,0.9810551314865537,0.0,0.3,gift_cards,als,quota_mmr,0,0.0037876021908376
135,0.0,0.9944645445542124,0.0,0.3,gift_cards,als,quota_mmr,0,0.0013547493393019
139,0.0,0.9531798517240496,0.0,0.3,gift_cards,als,quota_mmr,0,0.002390447200058
141,0.0,0.973056976087172,0.0,0.3,gift_cards,als,quota_mmr,0,0.0013412238844761
142,0.0,0.973259518435256,0.0,0.3,gift_cards,als,quota_mmr,0,0.0042650503458998
143,0.0,0.974878308987622,0.0,0.3,gift_cards,als,quota_mmr,0,0.0028492863458907
148,0.0,0.9834446399233556,0.0,0.3,gift_cards,als,quota_mmr,0,0.001408839621053
152,0.0,0.9903033345612732,0.0,0.3,gift_cards,als,quota_mmr,0,0.0032384716986999
153,0.0,0.9866421475448354,0.0,0.3,gift_cards,als,quota_mmr,0,0.0040978833995345
156,0.3868528072345416,0.983132115183476,1.0,0.3,gift_cards,als,quota_mmr,0,0.0015878840864616
158,0.0,0.9991975362330062,0.0,0.2,gift_cards,als,quota_mmr,0,0.0028433649131271
159,0.0,0.9949821320781884,0.0,0.3,gift_cards,als,quota_mmr,0,0.0030090632360192
160,0.0,0.9918599371138008,0.0,0.3,gift_cards,als,quota_mmr,0,0.0030538421754411
161,0.0,0.9717847767051384,0.0,0.3,gift_cards,als,quota_mmr,0,0.001404993731661
163,0.0,0.9649250485744656,0.0,0.3,gift_cards,als,quota_mmr,0,0.002609832399403
164,0.0,0.9866101790559296,0.0,0.3,gift_cards,als,quota_mmr,0,0.0021931831948982
166,0.0,0.9470608946350592,0.0,0.3,gift_cards,als,quota_mmr,0,0.0028366994596485
170,0.0,0.9643252807360454,0.0,0.3,gift_cards,als,quota_mmr,0,0.0041684249100176
171,0.0,0.9274381285473556,0.0,0.3,gift_cards,als,quota_mmr,0,0.0035967592462837
172,0.0,0.9888194898658692,0.0,0.2,gift_cards,als,quota_mmr,0,0.0033782073187247
173,0.0,0.9780930411543112,0.0,0.3,gift_cards,als,quota_mmr,0,0.0006061454374926
174,0.0,0.9640353095583236,0.0,0.2,gift_cards,als,quota_mmr,0,0.0025142852704887
176,0.0,0.9893196756324932,0.0,0.2,gift_cards,als,quota_mmr,0,0.0021653197825074
177,0.0,0.9481177684961896,0.0,0.3,gift_cards,als,quota_mmr,0,0.0022681747531405
178,0.0,0.9895534137991834,0.0,0.3,gift_cards,als,quota_mmr,0,0.0018190169259958
186,0.0,0.9702008755385264,0.0,0.3,gift_cards,als,quota_mmr,0,0.0015977291425851
187,0.0,0.9658081906573378,0.0,0.3,gift_cards,als,quota_mmr,0,0.0020334682546758
188,0.0,0.964524241759762,0.0,0.3,gift_cards,als,quota_mmr,0,0.0014411552858117
191,0.0,1.0,0.0,0.3,gift_cards,als,quota_mmr,0,0.0019889351311446
193,0.0,0.989964571430237,0.0,0.3,gift_cards,als,quota_mmr,0,0.0029872679824409
196,0.0,0.9938841411686224,0.0,0.3,gift_cards,als,quota_mmr,0,0.0021435284629546
198,0.0,0.989964147926752,0.0,0.3,gift_cards,als,quota_mmr,0,0.0013590625850363
202,0.0,0.9777657387659648,0.0,0.2,gift_cards,als,quota_mmr,0,0.0077423193730487
203,0.0,0.9829601203973072,0.0,0.3,gift_cards,als,quota_mmr,0,0.0028315080498092
205,0.0,0.9960620234570596,0.0,0.2,gift_cards,als,quota_mmr,0,0.0042556908691149
208,0.0,0.9907549838230132,0.0,0.3,gift_cards,als,quota_mmr,0,0.0044160825533902
210,0.0,0.9935118477116698,0.0,0.2,gift_cards,als,quota_mmr,0,0.0016546584680618
214,0.0,0.9843849137505076,0.0,0.2,gift_cards,als,quota_mmr,0,0.0041567734775124
215,0.0,0.9639144085277058,0.0,0.3,gift_cards,als,quota_mmr,0,0.0031738384889446
216,0.0,0.9958121606183602,0.0,0.2,gift_cards,als,quota_mmr,0,0.0027824755190275
217,0.6309297535714575,0.982523965672928,1.0,0.2,gift_cards,als,quota_mmr,0,0.0023648728939869
218,0.0,0.9721738780028836,0.0,0.2,gift_cards,als,quota_mmr,0,0.0014085709263294
219,0.0,0.9851826479697876,0.0,0.3,gift_cards,als,quota_mmr,0,0.0019386337306825
222,0.0,0.9945052879063616,0.0,0.3,gift_cards,als,quota_mmr,0,0.0017819602177954
223,0.3154648767857287,0.9624272964959848,1.0,0.3,gift_cards,als,quota_mmr,0,0.0017668208990123
224,0.0,1.0,0.0,0.3,gift_cards,als,quota_mmr,0,0.0039155071947711
226,0.0,0.9939063297633178,0.0,0.2,gift_cards,als,quota_mmr,0,0.0023442580212934
233,0.0,0.992196996731173,0.0,0.2,gift_cards,als,quota_mmr,0,0.0039292600666427
234,0.3333333333333333,0.9883718915925273,1.0,0.2,gift_cards,als,quota_mmr,0,0.0027967512652224
237,0.0,0.97369535618975,0.0,0.3,gift_cards,als,quota_mmr,0,0.0014108840947037
238,0.0,0.9771897900628516,0.0,0.2,gift_cards,als,quota_mmr,0,0.0049670438041768
241,0.0,0.9929470553999628,0.0,0.3,gift_cards,als,quota_mmr,0,0.0019737373323045
242,0.0,0.9556749326129578,0.0,0.3,gift_cards,als,quota_mmr,0,0.0015755705163621
244,0.0,0.9904555424974444,0.0,0.3,gift_cards,als,quota_mmr,0,0.0024058860936159
245,0.0,0.9890732338915206,0.0,0.2,gift_cards,als,quota_mmr,0,0.0034671654266985
249,0.0,0.9886545488690414,0.0,0.2,gift_cards,als,quota_mmr,0,0.0036997375798431
250,0.0,0.9831802742294288,0.0,0.2,gift_cards,als,quota_mmr,0,0.0033410406091811
251,0.0,0.9385321860385558,0.0,0.2,gift_cards,als,quota_mmr,0,0.0029116452228182
254,0.0,0.9993529270754138,0.0,0.3,gift_cards,als,quota_mmr,0,0.0024251761904658
258,0.0,0.9482991788113356,0.0,0.2,gift_cards,als,quota_mmr,0,0.0014314379412643
260,0.0,0.9992308071505102,0.0,0.3,gift_cards,als,quota_mmr,0,0.0030273185670688
262,0.0,0.9837596493127704,0.0,0.2,gift_cards,als,quota_mmr,0,0.0029546151283931
263,0.0,0.996248997427754,0.0,0.3,gift_cards,als,quota_mmr,0,0.0029979638605189
266,0.0,0.989262379431692,0.0,0.3,gift_cards,als,quota_mmr,0,0.0053952846891391
274,0.0,0.9787363409258742,0.0,0.3,gift_cards,als,quota_mmr,0,0.0033847529656227
280,0.0,0.9774912524157104,0.0,0.2,gift_cards,als,quota_mmr,0,0.0023441493918191
281,0.0,0.9482065664355424,0.0,0.3,gift_cards,als,quota_mmr,0,0.0050456625958345
285,0.0,0.9977282828242297,0.0,0.3,gift_cards,als,quota_mmr,0,0.0022061014615482
287,0.0,0.9911058238498316,0.0,0.2,gift_cards,als,quota_mmr,0,0.0020591772563825
293,0.0,0.9588731424613612,0.0,0.2,gift_cards,als,quota_mmr,0,0.0052206555728566
295,0.0,0.9498197350612066,0.0,0.3,gift_cards,als,quota_mmr,0,0.0012162981017921
296,0.0,0.958689063593799,0.0,0.2,gift_cards,als,quota_mmr,0,0.0017693606299925
299,0.0,0.9744982734814585,0.0,0.3,gift_cards,als,quota_mmr,0,0.0060262879951876
304,0.0,0.9649590749203484,0.0,0.3,gift_cards,als,quota_mmr,0,0.0044470896179803
305,0.0,0.9512138140441454,0.0,0.3,gift_cards,als,quota_mmr,0,0.001581761537915
306,0.0,0.9789307230569592,0.0,0.3,gift_cards,als,quota_mmr,0,0.0007619307604822
309,0.430676558073393,0.9529968677938956,1.0,0.3,gift_cards,als,quota_mmr,0,0.0021979019300169
310,0.0,0.9768614560154,0.0,0.3,gift_cards,als,quota_mmr,0,0.0022786047813507
311,0.0,0.9581513609631026,0.0,0.2,gift_cards,als,quota_mmr,0,0.0026780907510379
312,0.0,0.9852823354548929,0.0,0.2,gift_cards,als,quota_mmr,0,0.0039379630081113
314,0.0,0.9878610611159242,0.0,0.2,gift_cards,als,quota_mmr,0,0.0019231645322355
316,0.3562071871080222,0.9773910926036568,1.0,0.2,gift_cards,als,quota_mmr,0,0.0015372131949614
317,0.0,0.9433068116963872,0.0,0.3,gift_cards,als,quota_mmr,0,0.002019335026575
321,0.0,0.9936753694875043,0.0,0.2,gift_cards,als,quota_mmr,0,0.0035677270588802
332,0.6309297535714575,0.9920484037967696,1.0,0.2,gift_cards,als,quota_mmr,0,0.0028582170145142
333,0.0,0.9824961818902164,0.0,0.2,gift_cards,als,quota_mmr,0,0.0026847440651854
336,0.0,0.985564756204624,0.0,0.3,gift_cards,als,quota_mmr,0,0.0032316550779728
342,0.0,0.9882901726346524,0.0,0.3,gift_cards,als,quota_mmr,0,0.0041586602873458
345,0.0,0.950433237100274,0.0,0.2,gift_cards,als,quota_mmr,0,0.0017808872211837
346,0.0,0.9716750285914154,0.0,0.3,gift_cards,als,quota_mmr,0,0.0025048359975143
347,0.0,0.9997621189423086,0.0,0.3,gift_cards,als,quota_mmr,0,0.0018109860438215
348,0.0,0.9865822862433564,0.0,0.2,gift_cards,als,quota_mmr,0,0.0031431542619267
349,0.0,0.9814835921817712,0.0,0.2,gift_cards,als,quota_mmr,0,0.000767168848952
350,0.0,0.9686305437845624,0.0,0.3,gift_cards,als,quota_mmr,0,0.0013881489145951
358,0.0,0.9963559637682192,0.0,0.2,gift_cards,als,quota_mmr,0,0.0018059113767789
359,0.0,0.9952667963319636,0.0,0.3,gift_cards,als,quota_mmr,0,0.0025031191292534
360,0.0,0.9886982096240376,0.0,0.3,gift_cards,als,quota_mmr,0,0.0010451196406169
361,0.6309297535714575,0.95763026102111,1.0,0.3,gift_cards,als,quota_mmr,0,0.0045038614836606
364,0.0,0.975887861008838,0.0,0.3,gift_cards,als,quota_mmr,0,0.0009600440381808
368,0.0,0.967946724590868,0.0,0.2,gift_cards,als,quota_mmr,0,0.0031689795674342
369,0.0,0.9720992547368584,0.0,0.3,gift_cards,als,quota_mmr,0,0.0031841535117489
370,0.0,0.956456309463342,0.0,0.2,gift_cards,als,quota_mmr,0,0.0029660870563952
371,0.0,1.0,0.0,0.2,gift_cards,als,quota_mmr,0,0.0039293995421526
372,0.0,0.9399867272339812,0.0,0.2,gift_cards,als,quota_mmr,0,0.0015236629144174
373,0.3562071871080222,0.956727964978176,1.0,0.2,gift_cards,als,quota_mmr,0,0.0022148042928635
375,0.0,0.9910319411773308,0.0,0.3,gift_cards,als,quota_mmr,0,0.0038039329958725
377,0.0,0.9914127377861958,0.0,0.3,gift_cards,als,quota_mmr,0,0.0014033287276261
383,0.0,0.969886463282715,0.0,0.2,gift_cards,als,quota_mmr,0,0.002041524197351
384,0.0,0.9910717644565852,0.0,0.3,gift_cards,als,quota_mmr,0,0.0012061164488021
385,0.0,0.9808736462525705,0.0,0.3,gift_cards,als,quota_mmr,0,0.001234283407478
386,0.0,0.964503236429302,0.0,0.2,gift_cards,als,quota_mmr,0,0.0028713361840316
388,0.0,0.9807608892063449,0.0,0.2,gift_cards,als,quota_mmr,0,0.0036262787982034
390,0.0,0.9748872485248936,0.0,0.2,gift_cards,als,quota_mmr,0,0.0019455018476281
392,0.0,0.98674905224252,0.0,0.2,gift_cards,als,quota_mmr,0,0.0034383289756406
393,0.0,0.994723840781591,0.0,0.2,gift_cards,als,quota_mmr,0,0.0039823719543687
396,0.0,0.9708323288578886,0.0,0.3,gift_cards,als,quota_mmr,0,0.0019962226770581
397,0.0,0.9855190274731211,0.0,0.3,gift_cards,als,quota_mmr,0,0.0015367266325141
398,0.0,0.9904604824417912,0.0,0.2,gift_cards,als,quota_mmr,0,0.0025564084748121
400,0.0,0.9977983675798556,0.0,0.2,gift_cards,als,quota_mmr,0,0.0041708254451174
402,0.0,0.9796598767177032,0.0,0.2,gift_cards,als,quota_mmr,0,0.0027241669624869
404,0.0,0.9777750206191126,0.0,0.2,gift_cards,als,quota_mmr,0,0.0037972109906702
405,0.0,0.9926107372147196,0.0,0.3,gift_cards,als,quota_mmr,0,0.003215061809533
406,0.0,1.0,0.0,0.3,gift_cards,als,quota_mmr,0,0.0045802723151528
407,0.0,0.9821359988494556,0.0,0.2,gift_cards,als,quota_mmr,0,0.002330855524846
409,0.0,0.9683778027667944,0.0,0.2,gift_cards,als,quota_mmr,0,0.0018071613582727
410,0.0,0.9872931761435488,0.0,0.3,gift_cards,als,quota_mmr,0,0.0041980841555748
413,0.0,0.9900983551072624,0.0,0.3,gift_cards,als,quota_mmr,0,0.0015480031917263
414,1.0,0.969848467718858,1.0,0.3,gift_cards,als,quota_mmr,0,0.0035571793818247
415,0.0,0.9927722281234332,0.0,0.2,gift_cards,als,quota_mmr,0,0.0031126560141146
419,0.0,0.9956798756529424,0.0,0.2,gift_cards,als,quota_mmr,0,0.0019040275224325
424,0.0,0.9796342717382156,0.0,0.3,gift_cards,als,quota_mmr,0,0.005463943841215
425,0.0,0.9488583273822664,0.0,0.3,gift_cards,als,quota_mmr,0,0.0010030465754591
426,0.0,0.9454958593257484,0.0,0.3,gift_cards,als,quota_mmr,0,0.0034630013029355
428,0.0,0.9519672058758144,0.0,0.3,gift_cards,als,quota_mmr,0,0.0036028604033833
432,0.0,0.9141648808863432,0.0,0.2,gift_cards,als,quota_mmr,0,0.0041390161083322
435,0.430676558073393,1.0,1.0,0.3,gift_cards,als,quota_mmr,0,0.0032338813267571
437,0.0,0.9821183752288468,0.0,0.3,gift_cards,als,quota_mmr,0,0.0032310624141309
439,0.0,0.9753335406368562,0.0,0.3,gift_cards,als,quota_mmr,0,0.0024928494666551
441,0.0,0.9793538966773502,0.0,0.2,gift_cards,als,quota_mmr,0,0.0035060767212995
446,0.0,1.0,0.0,0.2,gift_cards,als,quota_mmr,0,0.0029387406509044
450,0.0,0.959118297097647,0.0,0.2,gift_cards,als,quota_mmr,0,0.0021325532969355
451,0.3333333333333333,0.9819544093026612,1.0,0.2,gift_cards,als,quota_mmr,0,0.0041384746940217
452,0.0,0.9766857415524484,0.0,0.2,gift_cards,als,quota_mmr,0,0.0039833514732123
453,0.2890648263178879,1.0,1.0,0.3,gift_cards,als,quota_mmr,0,0.0039950940064921
455,0.0,0.934442051517939,0.0,0.3,gift_cards,als,quota_mmr,0,0.0021763053117093
2,0.0,1.0,0.0,1.5,ml100k,popularity,none,0,
4,0.0,1.0,0.0,0.9,ml100k,popularity,none,0,
6,0.0,1.0,0.0,1.5,ml100k,popularity,none,0,
12,0.0,1.0,0.0,1.3,ml100k,popularity,none,0,
13,0.0,1.0,0.0,1.5,ml100k,popularity,none,0,
14,0.0,1.0,0.0,1.3,ml100k,popularity,none,0,
17,0.0,1.0,0.0,1.3,ml100k,popularity,none,0,
22,0.0,1.0,0.0,1.3,ml100k,popularity,none,0,
25,0.0,1.0,0.0,1.5,ml100k,popularity,none,0,
30,0.0,1.0,0.0,1.5,ml100k,popularity,none,0,
40,0.0,1.0,0.0,1.5,ml100k,popularity,none,0,
42,0.0,1.0,0.0,1.3,ml100k,popularity,none,0,
44,0.3010299956639812,1.0,1.0,1.3,ml100k,popularity,none,0,
49,0.0,1.0,0.0,1.5,ml100k,popularity,none,0,
56,0.0,1.0,0.0,1.1,ml100k,popularity,none,0,
59,0.0,1.0,0.0,1.5,ml100k,popularity,none,0,
62,0.0,1.0,0.0,1.5,ml100k,popularity,none,0,
67,0.0,1.0,0.0,1.3,ml100k,popularity,none,0,
69,0.0,1.0,0.0,1.1,ml100k,popularity,none,0,
70,0.0,1.0,0.0,1.5,ml100k,popularity,none,0,
76,0.0,1.0,0.0,1.3,ml100k,popularity,none,0,
78,0.0,1.0,0.0,1.5,ml100k,popularity,none,0,
93,0.0,1.0,0.0,1.5,ml100k,popularity,none,0,
97,0.0,1.0,0.0,1.3,ml100k,popularity,none,0,
105,0.0,1.0,0.0,0.9,ml100k,popularity,none,0,
109,0.0,1.0,0.0,0.7,ml100k,popularity,none,0,
110,0.0,1.0,0.0,1.3,ml100k,popularity,none,0,
122,0.6309297535714575,1.0,1.0,1.3,ml100k,popularity,none,0,
128,0.3868528072345416,1.0,1.0,1.3,ml100k,popularity,none,0,
131,0.0,1.0,0.0,0.9,ml100k,popularity,none,0,
136,0.0,1.0,0.0,0.5,ml100k,popularity,none,0,
139,0.0,1.0,0.0,1.5,ml100k,popularity,none,0,
169,0.0,1.0,0.0,1.1,ml100k,popularity,none,0,
172,0.0,1.0,0.0,1.1,ml100k,popularity,none,0,
174,0.0,1.0,0.0,0.9,ml100k,popularity,none,0,
190,0.0,1.0,0.0,1.1,ml100k,popularity,none,0,
198,0.0,1.0,0.0,1.5,ml100k,popularity,none,0,
201,0.0,1.0,0.0,0.9,ml100k,popularity,none,0,
202,0.0,1.0,0.0,1.5,ml100k,popularity,none,0,
203,0.0,1.0,0.0,1.5,ml100k,popularity,none,0,
209,0.0,1.0,0.0,1.3,ml100k,popularity,none,0,
210,0.0,1.0,0.0,1.3,ml100k,popularity,none,0,
211,0.0,1.0,0.0,1.5,ml100k,popularity,none,0,
220,0.0,1.0,0.0,1.3,ml100k,popularity,none,0,
230,0.0,1.0,0.0,1.3,ml100k,popularity,none,0,
234,0.0,1.0,0.0,1.3,ml100k,popularity,none,0,
252,0.0,1.0,0.0,1.3,ml100k,popularity,none,0,
257,0.0,1.0,0.0,1.1,ml100k,popularity,none,0,
260,0.6309297535714575,1.0,1.0,1.5,ml100k,popularity,none,0,
266,0.0,1.0,0.0,0.8,ml100k,popularity,none,0,
267,0.0,1.0,0.0,1.5,ml100k,popularity,none,0,
273,0.0,1.0,0.0,1.1,ml100k,popularity,none,0,
280,0.0,1.0,0.0,1.3,ml100k,popularity,none,0,
286,0.0,1.0,0.0,1.5,ml100k,popularity,none,0,
294,0.0,1.0,0.0,1.5,ml100k,popularity,none,0,
302,0.0,1.0,0.0,1.3,ml100k,popularity,none,0,
303,0.0,1.0,0.0,1.1,ml100k,popularity,none,0,
305,0.0,1.0,0.0,0.9,ml100k,popularity,none,0,
313,0.430676558073393,1.0,1.0,1.3,ml100k,popularity,none,0,
316,0.0,1.0,0.0,1.3,ml100k,popularity,none,0,
317,0.0,1.0,0.0,1.1,ml100k,popularity,none,0,
321,0.0,1.0,0.0,0.9,ml100k,popularity,none,0,
326,0.0,1.0,0.0,0.9,ml100k,popularity,none,0,
330,0.0,1.0,0.0,1.1,ml100k,popularity,none,0,
337,0.0,1.0,0.0,1.1,ml100k,popularity,none,0,
338,0.0,1.0,0.0,1.1,ml100k,popularity,none,0,
345,0.0,1.0,0.0,1.1,ml100k,popularity,none,0,
349,0.0,1.0,0.0,1.3,ml100k,popularity,none,0,
361,0.0,1.0,0.0,1.3,ml100k,popularity,none,0,
363,0.0,1.0,0.0,1.3,ml100k,popularity,none,0,
366,0.0,1.0,0.0,0.5,ml100k,popularity,none,0,
369,0.0,1.0,0.0,1.5,ml100k,popularity,none,0,
376,0.0,1.0,0.0,1.3,ml100k,popularity,none,0,
378,0.0,1.0,0.0,0.9,ml100k,popularity,none,0,
380,0.0,1.0,0.0,1.3,ml100k,popularity,none,0,
381,0.0,1.0,0.0,0.9,ml100k,popularity,none,0,
385,0.0,1.0,0.0,1.5,ml100k,popularity,none,0,
391,0.0,1.0,0.0,1.5,ml100k,popularity,none,0,
396,1.0,1.0,1.0,1.0,ml100k,popularity,none,0,
413,0.0,1.0,0.0,1.3,ml100k,popularity,none,0,
415,0.0,1.0,0.0,1.3,ml100k,popularity,none,0,
418,0.0,1.0,0.0,1.5,ml100k,popularity,none,0,
421,0.0,1.0,0.0,0.6,ml100k,popularity,none,0,
422,0.0,1.0,0.0,1.3,ml100k,popularity,none,0,
426,0.0,1.0,0.0,1.3,ml100k,popularity,none,0,
427,0.0,1.0,0.0,0.9,ml100k,popularity,none,0,
436,0.0,1.0,0.0,1.3,ml100k,popularity,none,0,
446,0.430676558073393,1.0,1.0,0.9,ml100k,popularity,none,0,
450,0.0,1.0,0.0,1.1,ml100k,popularity,none,0,
451,0.0,1.0,0.0,0.9,ml100k,popularity,none,0,
459,0.3868528072345416,1.0,1.0,1.3,ml100k,popularity,none,0,
468,0.0,1.0,0.0,1.5,ml100k,popularity,none,0,
471,0.3010299956639812,1.0,1.0,1.3,ml100k,popularity,none,0,
474,0.0,1.0,0.0,1.3,ml100k,popularity,none,0,
480,0.0,1.0,0.0,1.3,ml100k,popularity,none,0,
481,0.0,1.0,0.0,1.1,ml100k,popularity,none,0,
484,1.0,1.0,1.0,0.9,ml100k,popularity,none,0,
488,0.0,1.0,0.0,1.3,ml100k,popularity,none,0,
489,0.0,1.0,0.0,1.3,ml100k,popularity,none,0,
492,0.0,1.0,0.0,1.1,ml100k,popularity,none,0,
505,0.0,1.0,0.0,0.7,ml100k,popularity,none,0,
511,0.0,1.0,0.0,0.7,ml100k,popularity,none,0,
513,0.0,1.0,0.0,0.7,ml100k,popularity,none,0,
522,0.0,1.0,0.0,1.1,ml100k,popularity,none,0,
529,0.0,1.0,0.0,1.5,ml100k,popularity,none,0,
542,0.0,1.0,0.0,0.7,ml100k,popularity,none,0,
543,0.0,1.0,0.0,1.5,ml100k,popularity,none,0,
549,0.0,1.0,0.0,1.3,ml100k,popularity,none,0,
553,0.0,1.0,0.0,1.3,ml100k,popularity,none,0,
554,0.0,1.0,0.0,1.5,ml100k,popularity,none,0,
556,0.0,1.0,0.0,0.9,ml100k,popularity,none,0,
561,0.0,1.0,0.0,1.1,ml100k,popularity,none,0,
564,0.0,1.0,0.0,1.3,ml100k,popularity,none,0,
567,0.0,1.0,0.0,1.5,ml100k,popularity,none,0,
571,0.0,1.0,0.0,1.3,ml100k,popularity,none,0,
585,0.0,1.0,0.0,1.5,ml100k,popularity,none,0,
587,0.3868528072345416,1.0,1.0,1.3,ml100k,popularity,none,0,
590,0.0,1.0,0.0,1.1,ml100k,popularity,none,0,
595,0.0,1.0,0.0,1.5,ml100k,popularity,none,0,
598,0.0,1.0,0.0,0.9,ml100k,popularity,none,0,
606,0.0,1.0,0.0,1.1,ml100k,popularity,none,0,
612,0.0,1.0,0.0,0.6,ml100k,popularity,none,0,
618,0.0,1.0,0.0,1.3,ml100k,popularity,none,0,
624,0.0,1.0,0.0,1.3,ml100k,popularity,none,0,
632,0.0,1.0,0.0,1.1,ml100k,popularity,none,0,
642,0.2890648263178879,1.0,1.0,1.3,ml100k,popularity,none,0,
652,0.0,1.0,0.0,1.5,ml100k,popularity,none,0,
655,0.0,1.0,0.0,1.3,ml100k,popularity,none,0,
659,0.0,1.0,0.0,0.9,ml100k,popularity,none,0,
661,0.0,1.0,0.0,1.3,ml100k,popularity,none,0,
665,0.0,1.0,0.0,1.1,ml100k,popularity,none,0,
670,0.0,1.0,0.0,1.5,ml100k,popularity,none,0,
671,0.6309297535714575,1.0,1.0,1.3,ml100k,popularity,none,0,
672,0.0,1.0,0.0,1.3,ml100k,popularity,none,0,
675,0.0,1.0,0.0,1.5,ml100k,popularity,none,0,
676,0.0,1.0,0.0,1.5,ml100k,popularity,none,0,
684,0.0,1.0,0.0,0.7,ml100k,popularity,none,0,
685,0.0,1.0,0.0,0.6,ml100k,popularity,none,0,
686,0.430676558073393,1.0,1.0,1.5,ml100k,popularity,none,0,
689,0.0,1.0,0.0,0.7,ml100k,popularity,none,0,
701,0.0,1.0,0.0,1.3,ml100k,popularity,none,0,
707,0.0,1.0,0.0,1.5,ml100k,popularity,none,0,
713,0.0,1.0,0.0,1.1,ml100k,popularity,none,0,
715,0.0,1.0,0.0,1.3,ml100k,popularity,none,0,
728,0.0,1.0,0.0,1.5,ml100k,popularity,none,0,
735,0.0,1.0,0.0,1.3,ml100k,popularity,none,0,
736,0.0,1.0,0.0,1.3,ml100k,popularity,none,0,
743,0.0,1.0,0.0,1.3,ml100k,popularity,none,0,
744,0.0,1.0,0.0,0.9,ml100k,popularity,none,0,
754,0.0,1.0,0.0,1.3,ml100k,popularity,none,0,
761,0.0,1.0,0.0,1.3,ml100k,popularity,none,0,
766,0.3154648767857287,1.0,1.0,1.1,ml100k,popularity,none,0,
767,0.3562071871080222,1.0,1.0,0.9,ml100k,popularity,none,0,
769,0.0,1.0,0.0,1.3,ml100k,popularity,none,0,
772,0.0,1.0,0.0,0.9,ml100k,popularity,none,0,
775,0.0,1.0,0.0,1.1,ml100k,popularity,none,0,
779,0.3010299956639812,1.0,1.0,1.3,ml100k,popularity,none,0,
783,0.5,1.0,1.0,0.7,ml100k,popularity,none,0,
788,0.0,1.0,0.0,1.3,ml100k,popularity,none,0,
794,0.0,1.0,0.0,1.3,ml100k,popularity,none,0,
804,0.6309297535714575,1.0,1.0,0.7,ml100k,popularity,none,0,
808,0.0,1.0,0.0,1.5,ml100k,popularity,none,0,
813,0.3868528072345416,1.0,1.0,1.3,ml100k,popularity,none,0,
821,0.0,1.0,0.0,1.1,ml100k,popularity,none,0,
822,0.0,1.0,0.0,1.3,ml100k,popularity,none,0,
823,0.0,1.0,0.0,0.8,ml100k,popularity,none,0,
828,0.0,1.0,0.0,1.3,ml100k,popularity,none,0,
831,0.0,1.0,0.0,1.3,ml100k,popularity,none,0,
837,0.0,1.0,0.0,1.5,ml100k,popularity,none,0,
838,0.0,1.0,0.0,1.0,ml100k,popularity,none,0,
847,0.0,1.0,0.0,0.5,ml100k,popularity,none,0,
848,0.0,1.0,0.0,1.5,ml100k,popularity,none,0,
850,0.430676558073393,1.0,1.0,1.3,ml100k,popularity,none,0,
853,0.0,1.0,0.0,0.7,ml100k,popularity,none,0,
854,0.0,1.0,0.0,1.5,ml100k,popularity,none,0,
856,0.0,1.0,0.0,0.9,ml100k,popularity,none,0,
857,0.0,1.0,0.0,1.3,ml100k,popularity,none,0,
859,0.0,1.0,0.0,1.5,ml100k,popularity,none,0,
863,0.0,1.0,0.0,1.3,ml100k,popularity,none,0,
865,0.0,1.0,0.0,1.5,ml100k,popularity,none,0,
871,0.0,1.0,0.0,1.3,ml100k,popularity,none,0,
874,0.0,1.0,0.0,0.8,ml100k,popularity,none,0,
877,0.0,1.0,0.0,1.3,ml100k,popularity,none,0,
891,0.0,1.0,0.0,1.3,ml100k,popularity,none,0,
893,0.0,1.0,0.0,0.9,ml100k,popularity,none,0,
894,0.0,1.0,0.0,1.3,ml100k,popularity,none,0,
896,0.0,1.0,0.0,1.3,ml100k,popularity,none,0,
897,0.0,1.0,0.0,1.3,ml100k,popularity,none,0,
898,0.0,1.0,0.0,0.9,ml100k,popularity,none,0,
902,0.0,1.0,0.0,1.3,ml100k,popularity,none,0,
907,0.0,1.0,0.0,0.7,ml100k,popularity,none,0,
911,0.3868528072345416,1.0,1.0,0.7,ml100k,popularity,none,0,
913,0.0,1.0,0.0,1.5,ml100k,popularity,none,0,
915,0.0,1.0,0.0,1.3,ml100k,popularity,none,0,
922,0.0,1.0,0.0,1.3,ml100k,popularity,none,0,
923,0.0,1.0,0.0,1.3,ml100k,popularity,none,0,
926,0.0,1.0,0.0,0.6,ml100k,popularity,none,0,
932,0.0,1.0,0.0,1.3,ml100k,popularity,none,0,
934,0.0,1.0,0.0,1.3,ml100k,popularity,none,0,
939,0.0,1.0,0.0,1.1,ml100k,popularity,none,0,
2,0.0,0.8643205410072209,0.0,0.3,ml100k,popularity,quota_mmr,0,0.3762230791781399
4,0.0,0.8370226120139952,0.0,0.2,ml100k,popularity,quota_mmr,0,0.2196144379981731
6,0.0,0.8281128992524611,0.0,0.2,ml100k,popularity,quota_mmr,0,0.289183874851909
12,0.0,0.869691330343196,0.0,0.3,ml100k,popularity,quota_mmr,0,0.3280850126659369
13,0.0,0.8604564356538891,0.0,0.3,ml100k,popularity,quota_mmr,0,0.3630236850657811
14,0.0,0.8812825096081855,0.0,0.3,ml100k,popularity,quota_mmr,0,0.3813548906990908
17,0.0,0.8710818605622458,0.0,0.2,ml100k,popularity,quota_mmr,0,0.371271612345286
22,0.0,0.8769587786321597,0.0,0.3,ml100k,popularity,quota_mmr,0,0.2744274688287835
25,0.0,0.9124307644470396,0.0,0.2,ml100k,popularity,quota_mmr,0,0.325234014710232
30,0.0,0.8440061715034083,0.0,0.3,ml100k,popularity,quota_mmr,0,0.3235818773300303
40,0.0,0.8468844454199026,0.0,0.3,ml100k,popularity,quota_mmr,0,0.3442134013780245
42,0.0,0.8983560187556829,0.0,0.3,ml100k,popularity,quota_mmr,0,0.3451321569618534
44,0.0,0.8838270754870593,0.0,0.2,ml100k,popularity,quota_mmr,0,0.3651367202893367
49,0.0,0.8425749781781148,0.0,0.3,ml100k,popularity,quota_mmr,0,0.327928579207251
56,0.0,0.8947667389563319,0.0,0.3,ml100k,popularity,quota_mmr,0,0.3113372702625812
59,0.0,0.8291279389942207,0.0,0.2,ml100k,popularity,quota_mmr,0,0.3388359468357297
62,0.0,0.861090170805924,0.0,0.3,ml100k,popularity,quota_mmr,0,0.3513391808877962
67,0.0,0.8936546702166049,0.0,0.3,ml100k,popularity,quota_mmr,0,0.3308190751255137
69,0.0,0.919980914091555,0.0,0.2,ml100k,popularity,quota_mmr,0,0.3565634181578607
70,0.0,0.872174785657599,0.0,0.3,ml100k,popularity,quota_mmr,0,0.3290879294523978
76,0.0,0.8362280248412158,0.0,0.2,ml100k,popularity,quota_mmr,0,0.2956274155108959
78,0.0,0.8511181803014989,0.0,0.3,ml100k,popularity,quota_mmr,0,0.3334766031092652
93,0.0,0.894345438668871,0.0,0.3,ml100k,popularity,quota_mmr,0,0.3486087890642488
97,0.0,0.8635987982269303,0.0,0.2,ml100k,popularity,quota_mmr,0,0.3643395775822614
105,0.0,0.8657686687989004,0.0,0.2,ml100k,popularity,quota_mmr,0,0.2509699111144629
109,0.0,0.9810126775070406,0.0,0.2,ml100k,popularity,quota_mmr,0,0.3149397581743535
110,0.0,0.8401090557251443,0.0,0.3,ml100k,popularity,quota_mmr,0,0.3214828676162051
122,0.6309297535714575,0.920297491714089,1.0,0.3,ml100k,popularity,quota_mmr,0,0.3799081374133105
128,0.0,0.8981008439053464,0.0,0.3,ml100k,popularity,quota_mmr,0,0.3295589644177887
131,0.0,0.9400297261983366,0.0,0.3,ml100k,popularity,quota_mmr,0,0.3611828612365342
136,0.0,0.9836039027688536,0.0,0.3,ml100k,popularity,quota_mmr,0,0.3481992966722547
139,0.0,0.8252622527661774,0.0,0.3,ml100k,popularity,quota_mmr,0,0.3268348773143764
169,0.3333333333333333,0.8997136914991671,1.0,0.2,ml100k,popularity,quota_mmr,0,0.3072819492740934
172,0.0,0.9044972453281668,0.0,0.3,ml100k,popularity,quota_mmr,0,0.3361507243713383
174,0.0,0.9096026152647964,0.0,0.2,ml100k,popularity,quota_mmr,0,0.3080415793504582
190,0.0,0.9090897980707396,0.0,0.3,ml100k,popularity,quota_mmr,0,0.3341564791512766
198,0.0,0.8435802055783796,0.0,0.3,ml100k,popularity,quota_mmr,0,0.3331984971437072
201,0.0,0.9453975344023562,0.0,0.2,ml100k,popularity,quota_mmr,0,0.2942566538049534
202,0.0,0.8720275658296679,0.0,0.3,ml100k,popularity,quota_mmr,0,0.3574006912463622
203,0.0,0.869872696927805,0.0,0.3,ml100k,popularity,quota_mmr,0,0.3546607183694119
209,0.0,0.9019578131145088,0.0,0.2,ml100k,popularity,quota_mmr,0,0.318557760707147
210,0.0,0.8676963580066436,0.0,0.2,ml100k,popularity,quota_mmr,0,0.3643395775822614
211,0.0,0.8419379253917122,0.0,0.2,ml100k,popularity,quota_mmr,0,0.3574853908998876
220,0.0,0.8998180143150672,0.0,0.3,ml100k,popularity,quota_mmr,0,0.3330302778747257
230,0.0,0.8785882002072536,0.0,0.2,ml100k,popularity,quota_mmr,0,0.355884311640784
234,0.0,0.8623706880365511,0.0,0.2,ml100k,popularity,quota_mmr,0,0.3643395775822614
252,0.0,0.8909925825967857,0.0,0.2,ml100k,popularity,quota_mmr,0,0.3478165471184723
257,0.0,0.9101458557673684,0.0,0.2,ml100k,popularity,quota_mmr,0,0.3379086836548881
260,0.0,0.8232992603965651,0.0,0.2,ml100k,popularity,quota_mmr,0,0.3393804064311772
266,0.0,0.920249090019343,0.0,0.3,ml100k,popularity,quota_mmr,0,0.280207033347997
267,0.0,0.8652873721550147,0.0,0.3,ml100k,popularity,quota_mmr,0,0.3581942153430228
273,0.0,0.8792621185865795,0.0,0.2,ml100k,popularity,quota_mmr,0,0.2463799463575962
280,0.0,0.8847102409682785,0.0,0.3,ml100k,popularity,quota_mmr,0,0.3836330532794783
286,0.0,0.8367402834127456,0.0,0.3,ml100k,popularity,quota_mmr,0,0.3397398965962396
294,0.0,0.8662072431465536,0.0,0.3,ml100k,popularity,quota_mmr,0,0.3619629113286253
302,0.0,0.8960259851872875,0.0,0.3,ml100k,popularity,quota_mmr,0,0.3508324152520791
303,0.0,0.8933196001053041,0.0,0.2,ml100k,popularity,quota_mmr,0,0.367657895188198
305,0.0,0.8844249489278132,0.0,0.2,ml100k,popularity,quota_mmr,0,0.2491502743617086
313,0.430676558073393,0.8913389708491934,1.0,0.2,ml100k,popularity,quota_mmr,0,0.358672621545162
316,0.0,0.8780255816196826,0.0,0.3,ml100k,popularity,quota_mmr,0,0.3711364797439013
317,0.0,0.9173898265153728,0.0,0.2,ml100k,popularity,quota_mmr,0,0.356100932860853
321,0.0,0.9528600945079686,0.0,0.2,ml100k,popularity,quota_mmr,0,0.3570153231131652
326,0.0,0.8660935002173642,0.0,0.3,ml100k,popularity,quota_mmr,0,0.2642386649686198
330,0.0,0.9362333526823792,0.0,0.3,ml100k,popularity,quota_mmr,0,0.3573675707391677
337,0.0,0.8860873642363607,0.0,0.3,ml100k,popularity,quota_mmr,0,0.3169859614273971
338,0.0,0.9179815504162632,0.0,0.2,ml100k,popularity,quota_mmr,0,0.322127200782919
345,0.0,0.912410616526949,0.0,0.2,ml100k,popularity,quota_mmr,0,0.3516403994825368
349,0.0,0.8984474620789877,0.0,0.2,ml100k,popularity,quota_mmr,0,0.3359931557522131
361,0.0,0.8848951034188809,0.0,0.3,ml100k,popularity,quota_mmr,0,0.3027219781384674
363,0.0,0.8944773379042027,0.0,0.2,ml100k,popularity,quota_mmr,0,0.364705468997325
366,0.0,0.8235256313518161,0.0,0.2,ml100k,popularity,quota_mmr,0,0.1889138371754159
369,0.0,0.8351615764838295,0.0,0.2,ml100k,popularity,quota_mmr,0,0.3447401281877141
376,0.0,0.8894119727463202,0.0,0.2,ml100k,popularity,quota_mmr,0,0.3257809744522812
378,0.0,0.8964734565531839,0.0,0.2,ml100k,popularity,quota_mmr,0,0.3043829559435023
380,0.3333333333333333,0.8656863449454523,1.0,0.3,ml100k,popularity,quota_mmr,0,0.3412096711257298
381,0.0,0.9181003525575384,0.0,0.2,ml100k,popularity,quota_mmr,0,0.3349328976832973
385,0.0,0.8735083832995235,0.0,0.2,ml100k,popularity,quota_mmr,0,0.3894141890582435
391,0.0,0.8642370127187248,0.0,0.2,ml100k,popularity,quota_mmr,0,0.3649858846810042
396,1.0,0.9202962607935614,1.0,0.3,ml100k,popularity,quota_mmr,0,0.3246073257148685
413,0.0,0.8904549416614266,0.0,0.3,ml100k,popularity,quota_mmr,0,0.3671912062127916
415,0.0,0.859165517346443,0.0,0.3,ml100k,popularity,quota_mmr,0,0.3631876933029195
418,0.0,0.8538725963063326,0.0,0.2,ml100k,popularity,quota_mmr,0,0.3656431830112053
421,0.0,0.9420591812888176,0.0,0.3,ml100k,popularity,quota_mmr,0,0.301898429150209
422,0.0,0.8855149911935182,0.0,0.3,ml100k,popularity,quota_mmr,0,0.3487799725190399
426,0.0,0.8987048250385455,0.0,0.3,ml100k,popularity,quota_mmr,0,0.339023428040355
427,0.0,0.919333818612602,0.0,0.2,ml100k,popularity,quota_mmr,0,0.2918086732402639
436,0.0,0.8915156956181273,0.0,0.2,ml100k,popularity,quota_mmr,0,0.3708442818455787
446,0.430676558073393,0.9244058004259568,1.0,0.2,ml100k,popularity,quota_mmr,0,0.2726334236944454
450,0.0,0.9198234441065376,0.0,0.2,ml100k,popularity,quota_mmr,0,0.3015587015198283
451,0.0,0.9303065705969594,0.0,0.3,ml100k,popularity,quota_mmr,0,0.2969863175595837
459,0.0,0.8974209897395273,0.0,0.3,ml100k,popularity,quota_mmr,0,0.3589907210664095
468,0.0,0.8645529670601119,0.0,0.2,ml100k,popularity,quota_mmr,0,0.3427389464079394
471,0.0,0.9077222691980598,0.0,0.3,ml100k,popularity,quota_mmr,0,0.3628858314546837
474,0.0,0.8861358803630441,0.0,0.3,ml100k,popularity,quota_mmr,0,0.3182872140716793
480,0.3562071871080222,0.8912795135767018,1.0,0.3,ml100k,popularity,quota_mmr,0,0.3757095930809839
481,0.0,0.8894977229173936,0.0,0.2,ml100k,popularity,quota_mmr,0,0.3541958120443425
484,1.0,0.9343601533832736,1.0,0.3,ml100k,popularity,quota_mmr,0,0.3266080013986283
488,0.0,0.9117892404530298,0.0,0.3,ml100k,popularity,quota_mmr,0,0.3844432762288094
489,0.0,0.9093916654952968,0.0,0.2,ml100k,popularity,quota_mmr,0,0.3253479072481501
492,0.0,0.9187847702630564,0.0,0.3,ml100k,popularity,quota_mmr,0,0.3488432982752232
505,0.0,0.9746137117767658,0.0,0.3,ml100k,popularity,quota_mmr,0,0.3185830770373622
511,0.0,0.93786762312221,0.0,0.2,ml100k,popularity,quota_mmr,0,0.30901044881203
513,0.0,0.927175888871238,0.0,0.3,ml100k,popularity,quota_mmr,0,0.2777294330919764
522,0.0,0.9171913105317384,0.0,0.3,ml100k,popularity,quota_mmr,0,0.3185636317698586
529,0.0,0.8463299316706296,0.0,0.2,ml100k,popularity,quota_mmr,0,0.3221623904085489
542,0.0,0.9636361806799044,0.0,0.2,ml100k,popularity,quota_mmr,0,0.2923639388014505
543,0.0,0.8549422174951754,0.0,0.3,ml100k,popularity,quota_mmr,0,0.3527917318745635
549,0.0,0.8949570843404587,0.0,0.2,ml100k,popularity,quota_mmr,0,0.3452411275476827
553,0.0,0.8526389568607208,0.0,0.3,ml100k,popularity,quota_mmr,0,0.3417276870986789
554,0.0,0.8308154725130152,0.0,0.3,ml100k,popularity,quota_mmr,0,0.3361815114834873
556,0.0,0.8834621159601851,0.0,0.3,ml100k,popularity,quota_mmr,0,0.3375469114333839
561,0.0,0.89301933658109,0.0,0.2,ml100k,popularity,quota_mmr,0,0.3707712182793568
564,0.0,0.8839757469392553,0.0,0.3,ml100k,popularity,quota_mmr,0,0.3702560575223975
567,0.0,0.8450166948476101,0.0,0.2,ml100k,popularity,quota_mmr,0,0.3496958872963102
571,0.0,0.909867155446612,0.0,0.3,ml100k,popularity,quota_mmr,0,0.3658619122048348
585,0.0,0.840357910399079,0.0,0.3,ml100k,popularity,quota_mmr,0,0.3422131307154738
587,0.430676558073393,0.8987344599924274,1.0,0.3,ml100k,popularity,quota_mmr,0,0.3789931219393375
590,0.0,0.9409043807940958,0.0,0.3,ml100k,popularity,quota_mmr,0,0.2956339925674059
595,0.3562071871080222,0.8167606044088466,1.0,0.3,ml100k,popularity,quota_mmr,0,0.3522724917261088
598,0.0,0.9080447166491132,0.0,0.2,ml100k,popularity,quota_mmr,0,0.350816204696829
606,0.0,0.9251004162460116,0.0,0.3,ml100k,popularity,quota_mmr,0,0.3681074917435289
612,0.0,0.9111374166624168,0.0,0.2,ml100k,popularity,quota_mmr,0,0.2561509276153642
618,0.0,0.8755492520529973,0.0,0.2,ml100k,popularity,quota_mmr,0,0.3798429622250915
624,0.0,0.8921451744615237,0.0,0.3,ml100k,popularity,quota_mmr,0,0.3184993186176599
632,0.0,0.9467459042943662,0.0,0.3,ml100k,popularity,quota_mmr,0,0.3598578700674164
642,0.0,0.8937092804772617,0.0,0.2,ml100k,popularity,quota_mmr,0,0.3410147511507607
652,0.0,0.8561937807008698,0.0,0.3,ml100k,popularity,quota_mmr,0,0.3773484898485669
655,0.0,0.9368238973759162,0.0,0.3,ml100k,popularity,quota_mmr,0,0.3378632726773249
659,0.0,0.9714173213651862,0.0,0.3,ml100k,popularity,quota_mmr,0,0.3554123173505198
661,0.0,0.8843365745879422,0.0,0.3,ml100k,popularity,quota_mmr,0,0.3900850928532838
665,0.0,0.8899559132622499,0.0,0.3,ml100k,popularity,quota_mmr,0,0.3030574230556
670,0.0,0.8470335807460264,0.0,0.3,ml100k,popularity,quota_mmr,0,0.3506397908605655
671,0.6309297535714575,0.900246333911901,1.0,0.3,ml100k,popularity,quota_mmr,0,0.3085525501714449
672,0.0,0.9089046892429709,0.0,0.2,ml100k,popularity,quota_mmr,0,0.3684338391766445
675,0.0,0.8356566739014666,0.0,0.2,ml100k,popularity,quota_mmr,0,0.3341202456816832
676,0.0,0.8396399708755223,0.0,0.2,ml100k,popularity,quota_mmr,0,0.2914811347748288
684,0.0,0.9414028664209038,0.0,0.2,ml100k,popularity,quota_mmr,0,0.3422915860651327
685,0.0,0.904340279780381,0.0,0.3,ml100k,popularity,quota_mmr,0,0.3085917432509839
686,0.5,0.8655480763200829,1.0,0.2,ml100k,popularity,quota_mmr,0,0.3190523050782959
689,0.0,0.9539435741730092,0.0,0.3,ml100k,popularity,quota_mmr,0,0.3492587855273866
701,0.0,0.881680456974272,0.0,0.3,ml100k,popularity,quota_mmr,0,0.330452951113924
707,0.0,0.8834431767892769,0.0,0.3,ml100k,popularity,quota_mmr,0,0.3482996849513889
713,0.0,0.9117624372579084,0.0,0.3,ml100k,popularity,quota_mmr,0,0.3575187680998955
715,0.3562071871080222,0.8721674249955667,1.0,0.2,ml100k,popularity,quota_mmr,0,0.3511656192301846
728,0.3333333333333333,0.86848655778035,1.0,0.3,ml100k,popularity,quota_mmr,0,0.359132501199881
735,0.0,0.8902038815389384,0.0,0.3,ml100k,popularity,quota_mmr,0,0.3272065591626409
736,0.0,0.8681208994946804,0.0,0.2,ml100k,popularity,quota_mmr,0,0.3675025827370858
743,0.0,0.8568521876115649,0.0,0.2,ml100k,popularity,quota_mmr,0,0.3593718655650254
744,0.0,0.9235733636968292,0.0,0.3,ml100k,popularity,quota_mmr,0,0.3504912606005962
754,0.0,0.9199509187499616,0.0,0.3,ml100k,popularity,quota_mmr,0,0.3463492707293635
761,0.0,0.8739046494211361,0.0,0.3,ml100k,popularity,quota_mmr,0,0.375499364946245
766,0.0,0.9101713885085266,0.0,0.2,ml100k,popularity,quota_mmr,0,0.364053598001934
767,0.3868528072345416,0.956992849359317,1.0,0.2,ml100k,popularity,quota_mmr,0,0.3071187619406351
769,0.0,0.8531910718976702,0.0,0.3,ml100k,popularity,quota_mmr,0,0.3519143655213295
772,0.0,0.9105232825966793,0.0,0.2,ml100k,popularity,quota_mmr,0,0.3539377277521823
775,0.0,0.9141714849975612,0.0,0.3,ml100k,popularity,quota_mmr,0,0.3527560379526247
779,0.430676558073393,0.8930909709505107,1.0,0.3,ml100k,popularity,quota_mmr,0,0.3422904438376105
783,0.5,0.8929400267271212,1.0,0.3,ml100k,popularity,quota_mmr,0,0.285361465976438
788,0.0,0.8780255816196826,0.0,0.3,ml100k,popularity,quota_mmr,0,0.3711364797439013
794,0.0,0.8896456319629787,0.0,0.2,ml100k,popularity,quota_mmr,0,0.3707712182793568
804,0.6309297535714575,0.940604982403287,1.0,0.2,ml100k,popularity,quota_mmr,0,0.3396900324506814
808,0.0,0.7829276103431889,0.0,0.2,ml100k,popularity,quota_mmr,0,0.2901148206778217
813,0.430676558073393,0.9223360276882112,1.0,0.2,ml100k,popularity,quota_mmr,0,0.3344967197984495
821,0.0,0.9351507234328276,0.0,0.2,ml100k,popularity,quota_mmr,0,0.3318067935645951
822,0.0,0.8801559551381128,0.0,0.2,ml100k,popularity,quota_mmr,0,0.312865378333584
823,0.0,0.9232067338097248,0.0,0.3,ml100k,popularity,quota_mmr,0,0.3417941500486102
828,0.0,0.8659455224060111,0.0,0.2,ml100k,popularity,quota_mmr,0,0.3881991481454469
831,0.0,0.8721242143062218,0.0,0.3,ml100k,popularity,quota_mmr,0,0.3369437120367252
837,0.0,0.8582920808802271,0.0,0.3,ml100k,popularity,quota_mmr,0,0.3417492180800727
838,0.0,0.8486122966682809,0.0,0.3,ml100k,popularity,quota_mmr,0,0.2376921377687003
847,0.0,0.9608377653447788,0.0,0.3,ml100k,popularity,quota_mmr,0,0.3315718326709172
848,0.0,0.8710907978379879,0.0,0.2,ml100k,popularity,quota_mmr,0,0.4311295281557002
850,0.5,0.9050574761886292,1.0,0.3,ml100k,popularity,quota_mmr,0,0.3702560575223975
853,0.0,0.9505694952566578,0.0,0.2,ml100k,popularity,quota_mmr,0,0.3492095998365698
854,0.0,0.8622445696504468,0.0,0.2,ml100k,popularity,quota_mmr,0,0.3190882918035117
856,0.0,0.9441342993474736,0.0,0.3,ml100k,popularity,quota_mmr,0,0.3271796250753128
857,0.0,0.9083012059323534,0.0,0.2,ml100k,popularity,quota_mmr,0,0.3350929997555175
859,0.0,0.8408906503984109,0.0,0.3,ml100k,popularity,quota_mmr,0,0.3280084253233728
863,0.0,0.8735925200162593,0.0,0.3,ml100k,popularity,quota_mmr,0,0.3607033566955148
865,0.0,0.8751901985781608,0.0,0.3,ml100k,popularity,quota_mmr,0,0.3316421182411526
871,0.0,0.8881892670738524,0.0,0.3,ml100k,popularity,quota_mmr,0,0.3675197030128655
874,0.0,0.9538354210437492,0.0,0.2,ml100k,popularity,quota_mmr,0,0.3180595925069503
877,0.0,0.885158615792493,0.0,0.3,ml100k,popularity,quota_mmr,0,0.3456772671885693
891,0.0,0.8617771938487044,0.0,0.3,ml100k,popularity,quota_mmr,0,0.3262848441062274
893,0.0,0.9367083918415,0.0,0.3,ml100k,popularity,quota_mmr,0,0.3530108930180222
894,0.0,0.8708055210271477,0.0,0.2,ml100k,popularity,quota_mmr,0,0.3538238618754997
896,0.0,0.8727390394147984,0.0,0.3,ml100k,popularity,quota_mmr,0,0.3568328657456592
897,0.0,0.8427916545527192,0.0,0.2,ml100k,popularity,quota_mmr,0,0.2756847171067078
898,0.0,0.9545833663212449,0.0,0.3,ml100k,popularity,quota_mmr,0,0.362056192116939
902,0.0,0.8490018390742506,0.0,0.2,ml100k,popularity,quota_mmr,0,0.3576333923614201
907,0.0,0.957806753530057,0.0,0.2,ml100k,popularity,quota_mmr,0,0.3305653226500823
911,0.430676558073393,0.8255978794197457,1.0,0.2,ml100k,popularity,quota_mmr,0,0.205709851268045
913,0.0,0.8548949786853237,0.0,0.3,ml100k,popularity,quota_mmr,0,0.3088597261243068
915,0.3868528072345416,0.9044728592233292,1.0,0.3,ml100k,popularity,quota_mmr,0,0.3281602572562123
922,0.0,0.8676963580066436,0.0,0.2,ml100k,popularity,quota_mmr,0,0.3643395775822614
923,0.0,0.9258451747509012,0.0,0.3,ml100k,popularity,quota_mmr,0,0.3602255916540732
926,0.0,0.9404519903055698,0.0,0.3,ml100k,popularity,quota_mmr,0,0.3359693637168645
932,0.0,0.8627944677499708,0.0,0.3,ml100k,popularity,quota_mmr,0,0.357251345180521
934,0.0,0.917211183005667,0.0,0.3,ml100k,popularity,quota_mmr,0,0.3664998016107084
939,0.0,0.9281939468119672,0.0,0.3,ml100k,popularity,quota_mmr,0,0.3602349572206093
2,0.0,1.0,0.0,1.1,ml100k,itemknn,none,0,
4,0.0,1.0,0.0,0.7,ml100k,itemknn,none,0,
6,0.0,1.0,0.0,1.5,ml100k,itemknn,none,0,
12,0.0,1.0,0.0,1.3,ml100k,itemknn,none,0,
13,0.0,1.0,0.0,1.3,ml100k,itemknn,none,0,
14,0.3868528072345416,1.0,1.0,0.9,ml100k,itemknn,none,0,
17,0.0,1.0,0.0,1.1,ml100k,itemknn,none,0,
22,0.0,1.0,0.0,1.1,ml100k,itemknn,none,0,
25,0.0,1.0,0.0,1.1,ml100k,itemknn,none,0,
30,0.0,1.0,0.0,0.7,ml100k,itemknn,none,0,
40,0.0,1.0,0.0,1.5,ml100k,itemknn,none,0,
42,0.0,1.0,0.0,1.5,ml100k,itemknn,none,0,
44,0.3154648767857287,1.0,1.0,1.1,ml100k,itemknn,none,0,
49,0.0,1.0,0.0,0.9,ml100k,itemknn,none,0,
56,0.0,1.0,0.0,1.1,ml100k,itemknn,none,0,
59,0.0,1.0,0.0,1.1,ml100k,itemknn,none,0,
62,0.3868528072345416,1.0,1.0,1.1,ml100k,itemknn,none,0,
67,0.0,1.0,0.0,1.1,ml100k,itemknn,none,0,
69,0.0,1.0,0.0,0.9,ml100k,itemknn,none,0,
70,0.0,1.0,0.0,1.5,ml100k,itemknn,none,0,
76,0.0,1.0,0.0,1.1,ml100k,itemknn,none,0,
78,0.0,1.0,0.0,1.3,ml100k,itemknn,none,0,
93,0.0,1.0,0.0,1.5,ml100k,itemknn,none,0,
97,0.0,1.0,0.0,1.1,ml100k,itemknn,none,0,
105,0.0,1.0,0.0,1.3,ml100k,itemknn,none,0,
109,0.0,1.0,0.0,0.7,ml100k,itemknn,none,0,
110,0.0,1.0,0.0,1.3,ml100k,itemknn,none,0,
122,0.6309297535714575,1.0,1.0,1.1,ml100k,itemknn,none,0,
128,1.0,1.0,1.0,1.3,ml100k,itemknn,none,0,
131,0.0,1.0,0.0,1.1,ml100k,itemknn,none,0,
136,0.0,1.0,0.0,1.1,ml100k,itemknn,none,0,
139,0.0,1.0,0.0,1.5,ml100k,itemknn,none,0,
169,0.0,1.0,0.0,1.5,ml100k,itemknn,none,0,
172,0.0,1.0,0.0,1.0,ml100k,itemknn,none,0,
174,0.0,1.0,0.0,1.1,ml100k,itemknn,none,0,
190,0.0,1.0,0.0,1.1,ml100k,itemknn,none,0,
198,0.0,1.0,0.0,1.5,ml100k,itemknn,none,0,
201,0.3333333333333333,1.0,1.0,0.7,ml100k,itemknn,none,0,
202,0.0,1.0,0.0,1.1,ml100k,itemknn,none,0,
203,0.0,1.0,0.0,0.9,ml100k,itemknn,none,0,
209,0.0,1.0,0.0,1.3,ml100k,itemknn,none,0,
210,0.0,1.0,0.0,1.1,ml100k,itemknn,none,0,
211,0.0,1.0,0.0,1.5,ml100k,itemknn,none,0,
220,0.0,1.0,0.0,1.1,ml100k,itemknn,none,0,
230,0.0,1.0,0.0,0.9,ml100k,itemknn,none,0,
234,0.0,1.0,0.0,1.3,ml100k,itemknn,none,0,
252,0.0,1.0,0.0,0.7,ml100k,itemknn,none,0,
257,0.0,1.0,0.0,1.3,ml100k,itemknn,none,0,
260,0.3868528072345416,1.0,1.0,1.3,ml100k,itemknn,none,0,
266,0.0,1.0,0.0,0.9,ml100k,itemknn,none,0,
267,0.0,1.0,0.0,0.6,ml100k,itemknn,none,0,
273,0.0,1.0,0.0,1.3,ml100k,itemknn,none,0,
280,0.0,1.0,0.0,0.7,ml100k,itemknn,none,0,
286,0.0,1.0,0.0,1.1,ml100k,itemknn,none,0,
294,0.0,1.0,0.0,1.1,ml100k,itemknn,none,0,
302,0.0,1.0,0.0,1.1,ml100k,itemknn,none,0,
303,0.0,1.0,0.0,1.5,ml100k,itemknn,none,0,
305,0.0,1.0,0.0,0.8,ml100k,itemknn,none,0,
313,0.0,1.0,0.0,1.3,ml100k,itemknn,none,0,
316,0.0,1.0,0.0,1.0,ml100k,itemknn,none,0,
317,0.0,1.0,0.0,0.7,ml100k,itemknn,none,0,
321,0.0,1.0,0.0,1.3,ml100k,itemknn,none,0,
326,0.0,1.0,0.0,1.1,ml100k,itemknn,none,0,
330,0.0,1.0,0.0,1.1,ml100k,itemknn,none,0,
337,0.0,1.0,0.0,1.5,ml100k,itemknn,none,0,
338,0.0,1.0,0.0,0.9,ml100k,itemknn,none,0,
345,0.0,1.0,0.0,1.3,ml100k,itemknn,none,0,
349,0.0,1.0,0.0,1.3,ml100k,itemknn,none,0,
361,0.0,1.0,0.0,1.3,ml100k,itemknn,none,0,
363,0.0,1.0,0.0,1.3,ml100k,itemknn,none,0,
366,0.0,1.0,0.0,0.9,ml100k,itemknn,none,0,
369,0.0,1.0,0.0,1.1,ml100k,itemknn,none,0,
376,0.0,1.0,0.0,0.7,ml100k,itemknn,none,0,
378,0.3868528072345416,1.0,1.0,1.1,ml100k,itemknn,none,0,
380,0.0,1.0,0.0,1.3,ml100k,itemknn,none,0,
381,0.0,1.0,0.0,1.0,ml100k,itemknn,none,0,
385,0.0,1.0,0.0,1.1,ml100k,itemknn,none,0,
391,0.0,1.0,0.0,0.7,ml100k,itemknn,none,0,
396,0.0,1.0,0.0,1.3,ml100k,itemknn,none,0,
413,0.3562071871080222,1.0,1.0,1.1,ml100k,itemknn,none,0,
415,0.0,1.0,0.0,1.3,ml100k,itemknn,none,0,
418,0.0,1.0,0.0,1.5,ml100k,itemknn,none,0,
421,0.0,1.0,0.0,1.1,ml100k,itemknn,none,0,
422,0.0,1.0,0.0,1.1,ml100k,itemknn,none,0,
426,0.0,1.0,0.0,1.3,ml100k,itemknn,none,0,
427,0.0,1.0,0.0,0.9,ml100k,itemknn,none,0,
436,0.0,1.0,0.0,1.1,ml100k,itemknn,none,0,
446,0.0,1.0,0.0,1.3,ml100k,itemknn,none,0,
450,0.0,1.0,0.0,1.1,ml100k,itemknn,none,0,
451,0.0,1.0,0.0,0.7,ml100k,itemknn,none,0,
459,0.0,1.0,0.0,1.5,ml100k,itemknn,none,0,
468,0.0,1.0,0.0,1.3,ml100k,itemknn,none,0,
471,0.5,1.0,1.0,1.3,ml100k,itemknn,none,0,
474,0.0,1.0,0.0,1.3,ml100k,itemknn,none,0,
480,0.430676558073393,1.0,1.0,0.8,ml100k,itemknn,none,0,
481,0.0,1.0,0.0,1.3,ml100k,itemknn,none,0,
484,0.0,1.0,0.0,1.1,ml100k,itemknn,none,0,
488,0.0,1.0,0.0,1.1,ml100k,itemknn,none,0,
489,0.0,1.0,0.0,0.9,ml100k,itemknn,none,0,
492,0.0,1.0,0.0,1.3,ml100k,itemknn,none,0,
505,0.0,1.0,0.0,0.9,ml100k,itemknn,none,0,
511,0.0,1.0,0.0,1.3,ml100k,itemknn,none,0,
513,0.0,1.0,0.0,0.7,ml100k,itemknn,none,0,
522,0.0,1.0,0.0,1.3,ml100k,itemknn,none,0,
529,0.0,1.0,0.0,1.5,ml100k,itemknn,none,0,
542,0.0,1.0,0.0,0.9,ml100k,itemknn,none,0,
543,0.0,1.0,0.0,0.9,ml100k,itemknn,none,0,
549,0.0,1.0,0.0,1.5,ml100k,itemknn,none,0,
553,0.0,1.0,0.0,1.1,ml100k,itemknn,none,0,
554,0.0,1.0,0.0,1.1,ml100k,itemknn,none,0,
556,0.0,1.0,0.0,0.9,ml100k,itemknn,none,0,
561,0.0,1.0,0.0,1.5,ml100k,itemknn,none,0,
564,0.0,1.0,0.0,1.1,ml100k,itemknn,none,0,
567,0.0,1.0,0.0,1.3,ml100k,itemknn,none,0,
571,0.0,1.0,0.0,1.5,ml100k,itemknn,none,0,
585,0.0,1.0,0.0,1.1,ml100k,itemknn,none,0,
587,0.3868528072345416,1.0,1.0,1.3,ml100k,itemknn,none,0,
590,0.0,1.0,0.0,1.3,ml100k,itemknn,none,0,
595,0.0,1.0,0.0,1.5,ml100k,itemknn,none,0,
598,0.0,1.0,0.0,1.1,ml100k,itemknn,none,0,
606,0.0,1.0,0.0,1.1,ml100k,itemknn,none,0,
612,0.0,1.0,0.0,0.9,ml100k,itemknn,none,0,
618,0.0,1.0,0.0,0.8,ml100k,itemknn,none,0,
624,0.0,1.0,0.0,1.1,ml100k,itemknn,none,0,
632,0.0,1.0,0.0,1.5,ml100k,itemknn,none,0,
642,0.3333333333333333,1.0,1.0,1.1,ml100k,itemknn,none,0,
652,0.0,1.0,0.0,1.3,ml100k,itemknn,none,0,
655,0.0,1.0,0.0,1.5,ml100k,itemknn,none,0,
659,0.0,1.0,0.0,0.9,ml100k,itemknn,none,0,
661,0.0,1.0,0.0,0.9,ml100k,itemknn,none,0,
665,0.0,1.0,0.0,1.1,ml100k,itemknn,none,0,
670,0.0,1.0,0.0,1.5,ml100k,itemknn,none,0,
671,1.0,1.0,1.0,1.1,ml100k,itemknn,none,0,
672,0.0,1.0,0.0,0.9,ml100k,itemknn,none,0,
675,0.0,1.0,0.0,1.3,ml100k,itemknn,none,0,
676,0.0,1.0,0.0,1.5,ml100k,itemknn,none,0,
684,0.0,1.0,0.0,0.9,ml100k,itemknn,none,0,
685,0.0,1.0,0.0,1.5,ml100k,itemknn,none,0,
686,0.5,1.0,1.0,1.5,ml100k,itemknn,none,0,
689,0.0,1.0,0.0,0.6,ml100k,itemknn,none,0,
701,0.0,1.0,0.0,1.1,ml100k,itemknn,none,0,
707,0.0,1.0,0.0,1.3,ml100k,itemknn,none,0,
713,0.0,1.0,0.0,0.9,ml100k,itemknn,none,0,
715,0.0,1.0,0.0,1.3,ml100k,itemknn,none,0,
728,0.5,1.0,1.0,1.0,ml100k,itemknn,none,0,
735,0.0,1.0,0.0,1.3,ml100k,itemknn,none,0,
736,0.0,1.0,0.0,1.5,ml100k,itemknn,none,0,
743,0.0,1.0,0.0,1.1,ml100k,itemknn,none,0,
744,0.0,1.0,0.0,0.7,ml100k,itemknn,none,0,
754,0.0,1.0,0.0,1.3,ml100k,itemknn,none,0,
761,0.0,1.0,0.0,1.3,ml100k,itemknn,none,0,
766,0.5,1.0,1.0,0.9,ml100k,itemknn,none,0,
767,0.0,1.0,0.0,1.3,ml100k,itemknn,none,0,
769,0.0,1.0,0.0,1.3,ml100k,itemknn,none,0,
772,0.0,1.0,0.0,1.3,ml100k,itemknn,none,0,
775,0.0,1.0,0.0,1.1,ml100k,itemknn,none,0,
779,0.5,1.0,1.0,1.3,ml100k,itemknn,none,0,
783,0.3010299956639812,1.0,1.0,0.7,ml100k,itemknn,none,0,
788,0.0,1.0,0.0,0.8,ml100k,itemknn,none,0,
794,0.0,1.0,0.0,1.5,ml100k,itemknn,none,0,
804,0.0,1.0,0.0,1.1,ml100k,itemknn,none,0,
808,0.0,1.0,0.0,1.5,ml100k,itemknn,none,0,
813,0.0,1.0,0.0,1.5,ml100k,itemknn,none,0,
821,0.0,1.0,0.0,0.9,ml100k,itemknn,none,0,
822,0.0,1.0,0.0,1.5,ml100k,itemknn,none,0,
823,0.0,1.0,0.0,1.3,ml100k,itemknn,none,0,
828,0.0,1.0,0.0,1.0,ml100k,itemknn,none,0,
831,0.0,1.0,0.0,1.1,ml100k,itemknn,none,0,
837,0.0,1.0,0.0,0.7,ml100k,itemknn,none,0,
838,0.0,1.0,0.0,0.9,ml100k,itemknn,none,0,
847,0.0,1.0,0.0,1.1,ml100k,itemknn,none,0,
848,0.0,1.0,0.0,1.5,ml100k,itemknn,none,0,
850,0.0,1.0,0.0,1.5,ml100k,itemknn,none,0,
853,0.0,1.0,0.0,1.1,ml100k,itemknn,none,0,
854,0.0,1.0,0.0,1.3,ml100k,itemknn,none,0,
856,0.0,1.0,0.0,1.3,ml100k,itemknn,none,0,
857,0.0,1.0,0.0,1.1,ml100k,itemknn,none,0,
859,0.0,1.0,0.0,1.1,ml100k,itemknn,none,0,
863,0.0,1.0,0.0,1.3,ml100k,itemknn,none,0,
865,0.0,1.0,0.0,1.5,ml100k,itemknn,none,0,
871,0.0,1.0,0.0,1.3,ml100k,itemknn,none,0,
874,0.0,1.0,0.0,0.7,ml100k,itemknn,none,0,
877,0.0,1.0,0.0,1.1,ml100k,itemknn,none,0,
891,0.0,1.0,0.0,1.1,ml100k,itemknn,none,0,
893,0.0,1.0,0.0,1.1,ml100k,itemknn,none,0,
894,0.0,1.0,0.0,1.5,ml100k,itemknn,none,0,
896,0.0,1.0,0.0,1.1,ml100k,itemknn,none,0,
897,0.0,1.0,0.0,1.3,ml100k,itemknn,none,0,
898,0.0,1.0,0.0,0.9,ml100k,itemknn,none,0,
902,0.0,1.0,0.0,1.3,ml100k,itemknn,none,0,
907,0.0,1.0,0.0,1.1,ml100k,itemknn,none,0,
911,0.0,1.0,0.0,1.1,ml100k,itemknn,none,0,
913,0.2890648263178879,1.0,1.0,1.3,ml100k,itemknn,none,0,
915,0.0,1.0,0.0,1.1,ml100k,itemknn,none,0,
922,0.0,1.0,0.0,0.9,ml100k,itemknn,none,0,
923,0.0,1.0,0.0,1.5,ml100k,itemknn,none,0,
926,0.0,1.0,0.0,1.5,ml100k,itemknn,none,0,
932,0.0,1.0,0.0,1.1,ml100k,itemknn,none,0,
934,0.0,1.0,0.0,1.3,ml100k,itemknn,none,0,
939,0.0,1.0,0.0,1.1,ml100k,itemknn,none,0,
2,0.0,0.8482816559156846,0.0,0.3,ml100k,itemknn,quota_mmr,0,0.1964592097394757
4,0.0,0.7999611692575771,0.0,0.3,ml100k,itemknn,quota_mmr,0,0.2601481010801785
6,0.0,0.757506534557449,0.0,0.3,ml100k,itemknn,quota_mmr,0,0.2287915932143263
12,0.0,0.8103171343166495,0.0,0.3,ml100k,itemknn,quota_mmr,0,0.326574450100304
13,0.0,0.7526510736917256,0.0,0.2,ml100k,itemknn,quota_mmr,0,0.2787720077372021
14,0.430676558073393,0.9394476167017282,1.0,0.2,ml100k,itemknn,quota_mmr,0,0.2628220365845807
17,0.0,0.929227807428854,0.0,0.3,ml100k,itemknn,quota_mmr,0,0.4380991099238207
22,0.0,0.8062424633953972,0.0,0.2,ml100k,itemknn,quota_mmr,0,0.2972184685006537
25,0.0,0.9282299122368356,0.0,0.2,ml100k,itemknn,quota_mmr,0,0.4328230052863118
30,0.0,0.9404461711447604,0.0,0.2,ml100k,itemknn,quota_mmr,0,0.2441747516562308
40,0.0,0.8964333948545602,0.0,0.2,ml100k,itemknn,quota_mmr,0,0.4642714760353946
42,0.0,0.8931052701134389,0.0,0.2,ml100k,itemknn,quota_mmr,0,0.4130743484919607
44,0.0,0.919546974322538,0.0,0.2,ml100k,itemknn,quota_mmr,0,0.3606929817733394
49,0.0,0.9588152015570548,0.0,0.2,ml100k,itemknn,quota_mmr,0,0.2842078989739837
56,0.0,0.8609749262414425,0.0,0.2,ml100k,itemknn,quota_mmr,0,0.293450865958498
59,0.0,0.9318200874902018,0.0,0.2,ml100k,itemknn,quota_mmr,0,0.4704973185816476
62,0.5,0.936883216789478,1.0,0.2,ml100k,itemknn,quota_mmr,0,0.2949482969636856
67,0.0,0.900332027042913,0.0,0.2,ml100k,itemknn,quota_mmr,0,0.4295341055918654
69,0.0,0.9557805526903792,0.0,0.3,ml100k,itemknn,quota_mmr,0,0.4426502549735964
70,0.0,0.9159594134191392,0.0,0.2,ml100k,itemknn,quota_mmr,0,0.4429580408744276
76,0.0,0.8635724347277963,0.0,0.3,ml100k,itemknn,quota_mmr,0,0.329956909076707
78,0.0,0.8899293427691556,0.0,0.3,ml100k,itemknn,quota_mmr,0,0.3617312134077381
93,0.0,0.8939828684238047,0.0,0.2,ml100k,itemknn,quota_mmr,0,0.4429732723412085
97,0.0,0.9131202117414816,0.0,0.2,ml100k,itemknn,quota_mmr,0,0.419329788389622
105,0.0,0.6631106743324573,0.0,0.2,ml100k,itemknn,quota_mmr,0,0.1123254696077619
109,0.0,0.8372162340830721,0.0,0.3,ml100k,itemknn,quota_mmr,0,0.2478424257500603
110,0.3562071871080222,0.8881547504575699,1.0,0.3,ml100k,itemknn,quota_mmr,0,0.365810642374791
122,0.6309297535714575,0.9028458490454578,1.0,0.3,ml100k,itemknn,quota_mmr,0,0.3534420360516926
128,1.0,0.8267831019236095,1.0,0.3,ml100k,itemknn,quota_mmr,0,0.3000780777265761
131,0.0,0.9449117143006336,0.0,0.2,ml100k,itemknn,quota_mmr,0,0.4655979387108896
136,0.0,0.8990752866691993,0.0,0.2,ml100k,itemknn,quota_mmr,0,0.3867561054960643
139,0.0,0.8823029608298679,0.0,0.2,ml100k,itemknn,quota_mmr,0,0.4712045556596952
169,0.3154648767857287,0.8507776575357309,1.0,0.2,ml100k,itemknn,quota_mmr,0,0.3871859377033979
172,0.0,0.8506942057908252,0.0,0.2,ml100k,itemknn,quota_mmr,0,0.3307243600846879
174,0.0,0.8673795804087128,0.0,0.3,ml100k,itemknn,quota_mmr,0,0.3644650171960337
190,0.0,0.9354026821136158,0.0,0.2,ml100k,itemknn,quota_mmr,0,0.482446320117224
198,0.0,0.784913563675923,0.0,0.3,ml100k,itemknn,quota_mmr,0,0.2496565480583466
201,0.3562071871080222,0.8167876788576645,1.0,0.2,ml100k,itemknn,quota_mmr,0,0.245167832562369
202,0.0,0.9206619428339852,0.0,0.3,ml100k,itemknn,quota_mmr,0,0.2818746669261459
203,0.0,0.93920357914056,0.0,0.3,ml100k,itemknn,quota_mmr,0,0.2927810036286251
209,0.0,0.8495981724595222,0.0,0.3,ml100k,itemknn,quota_mmr,0,0.3537991087332487
210,0.0,0.928986201485824,0.0,0.2,ml100k,itemknn,quota_mmr,0,0.3871557942047269
211,0.0,0.791824553170442,0.0,0.2,ml100k,itemknn,quota_mmr,0,0.2652796597342273
220,0.0,0.8497347047132613,0.0,0.3,ml100k,itemknn,quota_mmr,0,0.3258615320442879
230,0.0,0.9470289508124934,0.0,0.3,ml100k,itemknn,quota_mmr,0,0.385417112714239
234,0.0,0.8789791455395296,0.0,0.2,ml100k,itemknn,quota_mmr,0,0.381922031429288
252,0.0,0.9062321455382084,0.0,0.3,ml100k,itemknn,quota_mmr,0,0.3674199913598746
257,0.3868528072345416,0.7193811503232932,1.0,0.2,ml100k,itemknn,quota_mmr,0,0.2646863786354059
260,0.0,0.8914588070902499,0.0,0.3,ml100k,itemknn,quota_mmr,0,0.4522767753636435
266,0.0,0.8347046856668839,0.0,0.3,ml100k,itemknn,quota_mmr,0,0.2602432899566755
267,0.0,0.950262033165233,0.0,0.3,ml100k,itemknn,quota_mmr,0,0.3328400629084206
273,0.0,0.6643655783464718,0.0,0.2,ml100k,itemknn,quota_mmr,0,0.15998797486855
280,0.0,0.9542408710207104,0.0,0.2,ml100k,itemknn,quota_mmr,0,0.2795243393327407
286,0.0,0.911114153940192,0.0,0.3,ml100k,itemknn,quota_mmr,0,0.3725613120716103
294,0.0,0.8863623905034939,0.0,0.3,ml100k,itemknn,quota_mmr,0,0.2688108014420457
302,0.0,0.9611784780137024,0.0,0.3,ml100k,itemknn,quota_mmr,0,0.4630469372908408
303,0.0,0.8629764290503821,0.0,0.3,ml100k,itemknn,quota_mmr,0,0.4543761648049265
305,0.0,0.7792893273736516,0.0,0.2,ml100k,itemknn,quota_mmr,0,0.1708794483401361
313,0.0,0.9128644707188398,0.0,0.2,ml100k,itemknn,quota_mmr,0,0.461488263462493
316,0.0,0.9594881442635096,0.0,0.3,ml100k,itemknn,quota_mmr,0,0.2775056982471123
317,0.0,0.8645517032630631,0.0,0.3,ml100k,itemknn,quota_mmr,0,0.3038264261687682
321,0.0,0.7717578145582618,0.0,0.2,ml100k,itemknn,quota_mmr,0,0.2809000312288366
326,0.0,0.5343838551594677,0.0,0.3,ml100k,itemknn,quota_mmr,0,0.0899483422278872
330,0.0,0.944639168152668,0.0,0.2,ml100k,itemknn,quota_mmr,0,0.469504145142251
337,0.0,0.9230725590543956,0.0,0.2,ml100k,itemknn,quota_mmr,0,0.4433559993384676
338,0.0,0.9378486252758808,0.0,0.2,ml100k,itemknn,quota_mmr,0,0.3462129963266612
345,0.0,0.8952081470644058,0.0,0.3,ml100k,itemknn,quota_mmr,0,0.4031015808044082
349,0.0,0.8921825728713326,0.0,0.3,ml100k,itemknn,quota_mmr,0,0.3521900261526094
361,0.5,0.7914754292020206,1.0,0.3,ml100k,itemknn,quota_mmr,0,0.2952516650695885
363,0.3868528072345416,0.9290552237925744,1.0,0.2,ml100k,itemknn,quota_mmr,0,0.4236042051540539
366,0.0,0.619171351607403,0.0,0.2,ml100k,itemknn,quota_mmr,0,0.0854910321611034
369,0.0,0.9199755418958526,0.0,0.2,ml100k,itemknn,quota_mmr,0,0.2782435849275999
376,0.0,0.9358048766114274,0.0,0.2,ml100k,itemknn,quota_mmr,0,0.3641187793258849
378,0.0,0.7748092105364132,0.0,0.2,ml100k,itemknn,quota_mmr,0,0.2650287477176761
380,0.3868528072345416,0.8880220972568167,1.0,0.3,ml100k,itemknn,quota_mmr,0,0.3673436258208513
381,0.0,0.9473318574212196,0.0,0.2,ml100k,itemknn,quota_mmr,0,0.4439412401892617
385,0.3010299956639812,0.9352490196099676,1.0,0.3,ml100k,itemknn,quota_mmr,0,0.2711501347515483
391,0.0,0.9176122749370051,0.0,0.3,ml100k,itemknn,quota_mmr,0,0.2539770436533884
396,0.0,0.904261951965826,0.0,0.2,ml100k,itemknn,quota_mmr,0,0.4130809974691262
413,0.6309297535714575,0.9132922668440712,1.0,0.3,ml100k,itemknn,quota_mmr,0,0.4314469792884106
415,0.0,0.8905908956623124,0.0,0.3,ml100k,itemknn,quota_mmr,0,0.3643763157915221
418,0.0,0.885338858383418,0.0,0.2,ml100k,itemknn,quota_mmr,0,0.4452917541290197
421,0.0,0.7946015137122986,0.0,0.2,ml100k,itemknn,quota_mmr,0,0.2586523867365561
422,0.0,0.9576779896535296,0.0,0.2,ml100k,itemknn,quota_mmr,0,0.4590409345380559
426,0.0,0.9217940864077075,0.0,0.2,ml100k,itemknn,quota_mmr,0,0.4877752481708833
427,0.0,0.8925291158477844,0.0,0.3,ml100k,itemknn,quota_mmr,0,0.3320808414442544
436,0.0,0.9501008591374313,0.0,0.2,ml100k,itemknn,quota_mmr,0,0.4634087990520966
446,0.0,0.7647704453103897,0.0,0.3,ml100k,itemknn,quota_mmr,0,0.2934066208255583
450,0.0,0.7542834406253279,0.0,0.2,ml100k,itemknn,quota_mmr,0,0.2715490214797616
451,0.0,0.9695819951425798,0.0,0.2,ml100k,itemknn,quota_mmr,0,0.42683045726577
459,0.0,0.9038692659507708,0.0,0.2,ml100k,itemknn,quota_mmr,0,0.459685904039278
468,0.0,0.8970616880374159,0.0,0.3,ml100k,itemknn,quota_mmr,0,0.3336977397390042
471,0.0,0.893950207483025,0.0,0.2,ml100k,itemknn,quota_mmr,0,0.4376347761724466
474,0.0,0.8988649951812174,0.0,0.3,ml100k,itemknn,quota_mmr,0,0.3249522333502521
480,0.430676558073393,0.968142815478845,1.0,0.2,ml100k,itemknn,quota_mmr,0,0.3229833978980208
481,0.0,0.8094989550803691,0.0,0.2,ml100k,itemknn,quota_mmr,0,0.312106817399737
484,0.0,0.7140945887701351,0.0,0.3,ml100k,itemknn,quota_mmr,0,0.224225417566448
488,0.0,0.9144444498668596,0.0,0.3,ml100k,itemknn,quota_mmr,0,0.4297090594282096
489,0.0,0.9475180595552032,0.0,0.3,ml100k,itemknn,quota_mmr,0,0.3573436421814701
492,0.0,0.8452566659855912,0.0,0.2,ml100k,itemknn,quota_mmr,0,0.3496001276114324
505,0.0,0.9396933027586388,0.0,0.2,ml100k,itemknn,quota_mmr,0,0.4176975363094994
511,0.0,0.7509246684530279,0.0,0.3,ml100k,itemknn,quota_mmr,0,0.2275657698644502
513,0.0,0.8077185675561434,0.0,0.3,ml100k,itemknn,quota_mmr,0,0.1804736754280712
522,0.0,0.7964802452358102,0.0,0.2,ml100k,itemknn,quota_mmr,0,0.31083424814085
529,0.0,0.9095486567459208,0.0,0.2,ml100k,itemknn,quota_mmr,0,0.4081256637405387
542,0.0,0.843037372124095,0.0,0.3,ml100k,itemknn,quota_mmr,0,0.2824954932183905
543,0.0,0.8985487385683341,0.0,0.2,ml100k,itemknn,quota_mmr,0,0.2417531825862995
549,0.0,0.9156486814518768,0.0,0.2,ml100k,itemknn,quota_mmr,0,0.3797044708761948
553,0.0,0.9163442949464567,0.0,0.2,ml100k,itemknn,quota_mmr,0,0.286778107300249
554,0.0,0.8692009995132466,0.0,0.3,ml100k,itemknn,quota_mmr,0,0.3439700442493217
556,0.0,0.8972260903471525,0.0,0.2,ml100k,itemknn,quota_mmr,0,0.3545290705722523
561,0.0,0.9089832849194645,0.0,0.3,ml100k,itemknn,quota_mmr,0,0.4622543259101306
564,0.0,0.9568479217758428,0.0,0.2,ml100k,itemknn,quota_mmr,0,0.4483855390256928
567,0.0,0.908568745787088,0.0,0.3,ml100k,itemknn,quota_mmr,0,0.2852969840046162
571,0.0,0.9193341694554348,0.0,0.2,ml100k,itemknn,quota_mmr,0,0.4710085061587518
585,0.0,0.8713534701064235,0.0,0.3,ml100k,itemknn,quota_mmr,0,0.2525134830731181
587,0.5,0.9367091130940124,1.0,0.2,ml100k,itemknn,quota_mmr,0,0.3318439427689293
590,0.0,0.8004551721203635,0.0,0.3,ml100k,itemknn,quota_mmr,0,0.2953810159258722
595,0.0,0.8584852164537113,0.0,0.3,ml100k,itemknn,quota_mmr,0,0.3347794499463301
598,0.0,0.9218186196694226,0.0,0.3,ml100k,itemknn,quota_mmr,0,0.4377026367196212
606,0.0,0.906019684475796,0.0,0.2,ml100k,itemknn,quota_mmr,0,0.4220477633359671
612,0.0,0.7174657500781472,0.0,0.3,ml100k,itemknn,quota_mmr,0,0.1522253997136852
618,0.0,0.9181730996635163,0.0,0.2,ml100k,itemknn,quota_mmr,0,0.2705972104885104
624,0.0,0.7901800978103808,0.0,0.2,ml100k,itemknn,quota_mmr,0,0.3030519291640018
632,0.0,0.8681701602981242,0.0,0.2,ml100k,itemknn,quota_mmr,0,0.3781064422500972
642,0.0,0.9011505254666397,0.0,0.3,ml100k,itemknn,quota_mmr,0,0.3490404907542629
652,0.0,0.867120463870192,0.0,0.3,ml100k,itemknn,quota_mmr,0,0.2711456472161201
655,0.0,0.8432880085662586,0.0,0.2,ml100k,itemknn,quota_mmr,0,0.3340828498357668
659,0.0,0.903546440012436,0.0,0.2,ml100k,itemknn,quota_mmr,0,0.3842484798198791
661,0.0,0.9243401129760902,0.0,0.3,ml100k,itemknn,quota_mmr,0,0.2648227550759966
665,0.0,0.9084114542304934,0.0,0.3,ml100k,itemknn,quota_mmr,0,0.3714611480840407
670,0.0,0.7726653205441004,0.0,0.2,ml100k,itemknn,quota_mmr,0,0.2758354208048132
671,1.0,0.9123304754810508,1.0,0.3,ml100k,itemknn,quota_mmr,0,0.3663054426698775
672,0.0,0.9434390106899624,0.0,0.2,ml100k,itemknn,quota_mmr,0,0.4455949243705016
675,0.0,0.8145401346376749,0.0,0.3,ml100k,itemknn,quota_mmr,0,0.3565335437341855
676,0.0,0.77869386615589,0.0,0.2,ml100k,itemknn,quota_mmr,0,0.2528466244011256
684,0.0,0.90169043039996,0.0,0.3,ml100k,itemknn,quota_mmr,0,0.3575531490192756
685,0.0,0.6697350860777085,0.0,0.3,ml100k,itemknn,quota_mmr,0,0.1934149134040508
686,0.0,0.7880673462718166,0.0,0.3,ml100k,itemknn,quota_mmr,0,0.2608230778548877
689,0.0,0.9578252794832224,0.0,0.3,ml100k,itemknn,quota_mmr,0,0.4361457990916738
701,0.0,0.9335947286246512,0.0,0.2,ml100k,itemknn,quota_mmr,0,0.3572939561772016
707,0.0,0.8945792881761757,0.0,0.3,ml100k,itemknn,quota_mmr,0,0.4125600949063238
713,0.0,0.9592419188574418,0.0,0.2,ml100k,itemknn,quota_mmr,0,0.4246331157517699
715,0.5,0.8716525323217614,1.0,0.3,ml100k,itemknn,quota_mmr,0,0.3247539732591779
728,0.5,0.9338065650594556,1.0,0.3,ml100k,itemknn,quota_mmr,0,0.2499648919701645
735,0.3562071871080222,0.8953418845613292,1.0,0.2,ml100k,itemknn,quota_mmr,0,0.3769957800200879
736,0.0,0.8835226659489728,0.0,0.2,ml100k,itemknn,quota_mmr,0,0.4009300232671667
743,0.0,0.9283758384745248,0.0,0.2,ml100k,itemknn,quota_mmr,0,0.3923757982141295
744,0.0,0.924742501990265,0.0,0.3,ml100k,itemknn,quota_mmr,0,0.4324324632381489
754,0.0,0.92323117766914,0.0,0.2,ml100k,itemknn,quota_mmr,0,0.4145348095565116
761,0.0,0.9176638773828198,0.0,0.2,ml100k,itemknn,quota_mmr,0,0.4510725213273194
766,0.5,0.950989805028771,1.0,0.2,ml100k,itemknn,quota_mmr,0,0.385280420873218
767,0.0,0.7539012114622182,0.0,0.2,ml100k,itemknn,quota_mmr,0,0.2651020675870281
769,0.0,0.8759918977228804,0.0,0.2,ml100k,itemknn,quota_mmr,0,0.3266851715600413
772,0.0,0.9208023625522788,0.0,0.3,ml100k,itemknn,quota_mmr,0,0.4555880604147935
775,0.0,0.9151225924024496,0.0,0.2,ml100k,itemknn,quota_mmr,0,0.4260347346561852
779,0.5,0.9380296733492568,1.0,0.3,ml100k,itemknn,quota_mmr,0,0.3932891670930353
783,0.0,0.8346804450934352,0.0,0.3,ml100k,itemknn,quota_mmr,0,0.1628825490293667
788,0.0,0.9572217298413592,0.0,0.2,ml100k,itemknn,quota_mmr,0,0.2683257594164589
794,0.0,0.9118258253281106,0.0,0.3,ml100k,itemknn,quota_mmr,0,0.466969902700545
804,0.0,0.868387991675884,0.0,0.3,ml100k,itemknn,quota_mmr,0,0.3217562347118254
808,0.0,0.8489571999446616,0.0,0.2,ml100k,itemknn,quota_mmr,0,0.2067316535007548
813,0.0,0.8123397696050821,0.0,0.2,ml100k,itemknn,quota_mmr,0,0.3139619036275738
821,0.0,0.9515739234635888,0.0,0.2,ml100k,itemknn,quota_mmr,0,0.3717927565088479
822,0.0,0.8665003540218749,0.0,0.2,ml100k,itemknn,quota_mmr,0,0.4377024945723424
823,0.0,0.7570389993182819,0.0,0.3,ml100k,itemknn,quota_mmr,0,0.204729213519731
828,0.0,0.8713106416912061,0.0,0.2,ml100k,itemknn,quota_mmr,0,0.2390460196319403
831,0.0,0.8843750208208497,0.0,0.3,ml100k,itemknn,quota_mmr,0,0.4089399141707427
837,0.0,0.939852929266668,0.0,0.2,ml100k,itemknn,quota_mmr,0,0.2458980227813446
838,0.0,0.7565360795828971,0.0,0.3,ml100k,itemknn,quota_mmr,0,0.2390140297959583
847,0.0,0.7981820477463777,0.0,0.2,ml100k,itemknn,quota_mmr,0,0.2993017366571448
848,0.0,0.7615081337060867,0.0,0.2,ml100k,itemknn,quota_mmr,0,0.1710504222039928
850,0.0,0.8555728263660423,0.0,0.2,ml100k,itemknn,quota_mmr,0,0.3814189550135456
853,0.0,0.8974281305344822,0.0,0.3,ml100k,itemknn,quota_mmr,0,0.3674781475371383
854,0.0,0.8754594465243524,0.0,0.2,ml100k,itemknn,quota_mmr,0,0.3661593919771595
856,0.0,0.7969848151959201,0.0,0.2,ml100k,itemknn,quota_mmr,0,0.2788422255936783
857,0.0,0.8342375652885621,0.0,0.2,ml100k,itemknn,quota_mmr,0,0.2873838394673503
859,0.0,0.9478926048807496,0.0,0.3,ml100k,itemknn,quota_mmr,0,0.2918476089632618
863,0.0,0.8793823591933052,0.0,0.3,ml100k,itemknn,quota_mmr,0,0.4598140720721569
865,0.430676558073393,0.8813735003131347,1.0,0.3,ml100k,itemknn,quota_mmr,0,0.3584221557482736
871,0.0,0.8886070755398232,0.0,0.2,ml100k,itemknn,quota_mmr,0,0.4332535653718246
874,0.0,0.9419414379815892,0.0,0.2,ml100k,itemknn,quota_mmr,0,0.4362870734041802
877,0.0,0.909089518753066,0.0,0.3,ml100k,itemknn,quota_mmr,0,0.4209893952239348
891,0.0,0.9297708818330376,0.0,0.2,ml100k,itemknn,quota_mmr,0,0.4239491776793616
893,0.0,0.8738474281468845,0.0,0.2,ml100k,itemknn,quota_mmr,0,0.4046887413474208
894,0.0,0.9035745465600192,0.0,0.2,ml100k,itemknn,quota_mmr,0,0.4431371520855357
896,0.0,0.9037083155314688,0.0,0.3,ml100k,itemknn,quota_mmr,0,0.3563677695100011
897,0.0,0.8427954156757453,0.0,0.3,ml100k,itemknn,quota_mmr,0,0.3609442276794423
898,0.0,0.9823069039842094,0.0,0.2,ml100k,itemknn,quota_mmr,0,0.453113781485275
902,0.0,0.9126117412805316,0.0,0.3,ml100k,itemknn,quota_mmr,0,0.4306861304235981
907,0.0,0.7966197599189475,0.0,0.3,ml100k,itemknn,quota_mmr,0,0.2249255359690896
911,0.0,0.6869073921893575,0.0,0.2,ml100k,itemknn,quota_mmr,0,0.1147773728144505
913,0.0,0.8681407205159636,0.0,0.2,ml100k,itemknn,quota_mmr,0,0.3758677624897383
915,0.0,0.914448787596856,0.0,0.2,ml100k,itemknn,quota_mmr,0,0.3465327029115701
922,0.0,0.9352428073171896,0.0,0.2,ml100k,itemknn,quota_mmr,0,0.4070985841642811
923,0.0,0.8812143897504574,0.0,0.3,ml100k,itemknn,quota_mmr,0,0.3943286944837507
926,0.0,0.5919326979443537,0.0,0.2,ml100k,itemknn,quota_mmr,0,0.1481978064337328
932,0.0,0.9378400868754262,0.0,0.3,ml100k,itemknn,quota_mmr,0,0.4041077315369428
934,0.2890648263178879,0.8575058407416906,1.0,0.3,ml100k,itemknn,quota_mmr,0,0.3613328288122703
939,0.0,0.9291133187117327,0.0,0.3,ml100k,itemknn,quota_mmr,0,0.4348009322874546
2,0.3562071871080222,1.0,1.0,1.1,ml100k,als,none,0,
4,0.0,1.0,0.0,1.3,ml100k,als,none,0,
6,0.0,1.0,0.0,0.9,ml100k,als,none,0,
12,0.0,1.0,0.0,0.9,ml100k,als,none,0,
13,0.0,1.0,0.0,1.0,ml100k,als,none,0,
14,0.0,1.0,0.0,0.3,ml100k,als,none,0,
17,0.3868528072345416,1.0,1.0,0.9,ml100k,als,none,0,
22,0.0,1.0,0.0,0.8,ml100k,als,none,0,
25,0.0,1.0,0.0,0.6,ml100k,als,none,0,
30,0.0,1.0,0.0,0.7,ml100k,als,none,0,
40,0.0,1.0,0.0,1.5,ml100k,als,none,0,
42,0.0,1.0,0.0,1.1,ml100k,als,none,0,
44,0.430676558073393,1.0,1.0,0.5,ml100k,als,none,0,
49,0.0,1.0,0.0,0.6,ml100k,als,none,0,
56,0.0,1.0,0.0,1.0,ml100k,als,none,0,
59,0.0,1.0,0.0,0.7,ml100k,als,none,0,
62,0.5,1.0,1.0,1.1,ml100k,als,none,0,
67,0.0,1.0,0.0,0.9,ml100k,als,none,0,
69,0.0,1.0,0.0,0.2,ml100k,als,none,0,
70,0.0,1.0,0.0,1.1,ml100k,als,none,0,
76,0.0,1.0,0.0,0.7,ml100k,als,none,0,
78,0.0,1.0,0.0,1.1,ml100k,als,none,0,
93,0.5,1.0,1.0,1.1,ml100k,als,none,0,
97,0.0,1.0,0.0,0.7,ml100k,als,none,0,
105,0.0,1.0,0.0,0.7,ml100k,als,none,0,
109,0.0,1.0,0.0,0.9,ml100k,als,none,0,
110,0.0,1.0,0.0,0.9,ml100k,als,none,0,
122,0.0,1.0,0.0,1.1,ml100k,als,none,0,
128,0.0,1.0,0.0,0.7,ml100k,als,none,0,
131,0.0,1.0,0.0,1.3,ml100k,als,none,0,
136,0.0,1.0,0.0,1.1,ml100k,als,none,0,
139,0.0,1.0,0.0,0.4,ml100k,als,none,0,
169,0.430676558073393,1.0,1.0,1.1,ml100k,als,none,0,
172,0.0,1.0,0.0,0.9,ml100k,als,none,0,
174,0.0,1.0,0.0,0.9,ml100k,als,none,0,
190,0.0,1.0,0.0,0.7,ml100k,als,none,0,
198,0.0,1.0,0.0,1.3,ml100k,als,none,0,
201,0.0,1.0,0.0,1.0,ml100k,als,none,0,
202,0.3333333333333333,1.0,1.0,1.1,ml100k,als,none,0,
203,0.0,1.0,0.0,0.7,ml100k,als,none,0,
209,0.0,1.0,0.0,0.6,ml100k,als,none,0,
210,0.0,1.0,0.0,1.3,ml100k,als,none,0,
211,0.0,1.0,0.0,1.1,ml100k,als,none,0,
220,0.0,1.0,0.0,0.6,ml100k,als,none,0,
230,0.0,1.0,0.0,0.7,ml100k,als,none,0,
234,0.0,1.0,0.0,0.8,ml100k,als,none,0,
252,0.0,1.0,0.0,0.6,ml100k,als,none,0,
257,0.0,1.0,0.0,0.9,ml100k,als,none,0,
260,0.2890648263178879,1.0,1.0,1.1,ml100k,als,none,0,
266,0.0,1.0,0.0,0.9,ml100k,als,none,0,
267,0.0,1.0,0.0,1.3,ml100k,als,none,0,
273,0.0,1.0,0.0,0.4,ml100k,als,none,0,
280,0.0,1.0,0.0,0.6,ml100k,als,none,0,
286,0.0,1.0,0.0,0.6,ml100k,als,none,0,
294,0.0,1.0,0.0,0.9,ml100k,als,none,0,
302,0.0,1.0,0.0,0.6,ml100k,als,none,0,
303,0.0,1.0,0.0,1.3,ml100k,als,none,0,
305,0.0,1.0,0.0,0.4,ml100k,als,none,0,
313,0.0,1.0,0.0,0.6,ml100k,als,none,0,
316,0.3154648767857287,1.0,1.0,0.6,ml100k,als,none,0,
317,0.0,1.0,0.0,0.6,ml100k,als,none,0,
321,0.0,1.0,0.0,0.4,ml100k,als,none,0,
326,0.0,1.0,0.0,0.5,ml100k,als,none,0,
330,0.0,1.0,0.0,1.3,ml100k,als,none,0,
337,0.0,1.0,0.0,0.9,ml100k,als,none,0,
338,0.0,1.0,0.0,0.6,ml100k,als,none,0,
345,0.0,1.0,0.0,1.0,ml100k,als,none,0,
349,0.0,1.0,0.0,1.1,ml100k,als,none,0,
361,0.0,1.0,0.0,0.6,ml100k,als,none,0,
363,0.0,1.0,0.0,0.4,ml100k,als,none,0,
366,0.0,1.0,0.0,0.8,ml100k,als,none,0,
369,0.0,1.0,0.0,1.1,ml100k,als,none,0,
376,0.0,1.0,0.0,0.6,ml100k,als,none,0,
378,0.0,1.0,0.0,0.5,ml100k,als,none,0,
380,0.0,1.0,0.0,1.0,ml100k,als,none,0,
381,0.0,1.0,0.0,1.1,ml100k,als,none,0,
385,0.3868528072345416,1.0,1.0,1.1,ml100k,als,none,0,
391,0.3333333333333333,1.0,1.0,0.9,ml100k,als,none,0,
396,0.0,1.0,0.0,0.6,ml100k,als,none,0,
413,0.3562071871080222,1.0,1.0,1.3,ml100k,als,none,0,
415,0.0,1.0,0.0,0.5,ml100k,als,none,0,
418,0.0,1.0,0.0,0.6,ml100k,als,none,0,
421,0.0,1.0,0.0,1.1,ml100k,als,none,0,
422,0.0,1.0,0.0,1.1,ml100k,als,none,0,
426,0.0,1.0,0.0,1.1,ml100k,als,none,0,
427,0.0,1.0,0.0,1.1,ml100k,als,none,0,
436,0.0,1.0,0.0,0.6,ml100k,als,none,0,
446,0.0,1.0,0.0,0.7,ml100k,als,none,0,
450,0.0,1.0,0.0,0.4,ml100k,als,none,0,
451,0.0,1.0,0.0,1.0,ml100k,als,none,0,
459,0.0,1.0,0.0,0.9,ml100k,als,none,0,
468,0.0,1.0,0.0,0.5,ml100k,als,none,0,
471,0.0,1.0,0.0,0.5,ml100k,als,none,0,
474,0.3562071871080222,1.0,1.0,0.6,ml100k,als,none,0,
480,0.3562071871080222,1.0,1.0,0.4,ml100k,als,none,0,
481,0.0,1.0,0.0,0.6,ml100k,als,none,0,
484,0.0,1.0,0.0,0.6,ml100k,als,none,0,
488,0.0,1.0,0.0,0.4,ml100k,als,none,0,
489,0.6309297535714575,1.0,1.0,0.7,ml100k,als,none,0,
492,0.0,1.0,0.0,0.6,ml100k,als,none,0,
505,0.5,1.0,1.0,0.9,ml100k,als,none,0,
511,0.0,1.0,0.0,0.9,ml100k,als,none,0,
513,0.0,1.0,0.0,0.7,ml100k,als,none,0,
522,0.0,1.0,0.0,0.7,ml100k,als,none,0,
529,0.0,1.0,0.0,0.9,ml100k,als,none,0,
542,0.0,1.0,0.0,0.5,ml100k,als,none,0,
543,0.3333333333333333,1.0,1.0,0.7,ml100k,als,none,0,
549,0.0,1.0,0.0,0.9,ml100k,als,none,0,
553,0.0,1.0,0.0,1.3,ml100k,als,none,0,
554,0.0,1.0,0.0,1.1,ml100k,als,none,0,
556,0.0,1.0,0.0,0.6,ml100k,als,none,0,
561,0.6309297535714575,1.0,1.0,1.5,ml100k,als,none,0,
564,0.0,1.0,0.0,0.7,ml100k,als,none,0,
567,0.0,1.0,0.0,0.9,ml100k,als,none,0,
571,0.0,1.0,0.0,1.3,ml100k,als,none,0,
585,0.0,1.0,0.0,1.3,ml100k,als,none,0,
587,0.6309297535714575,1.0,1.0,0.9,ml100k,als,none,0,
590,0.0,1.0,0.0,1.0,ml100k,als,none,0,
595,0.0,1.0,0.0,1.5,ml100k,als,none,0,
598,0.3868528072345416,1.0,1.0,1.3,ml100k,als,none,0,
606,0.0,1.0,0.0,0.9,ml100k,als,none,0,
612,0.0,1.0,0.0,0.9,ml100k,als,none,0,
618,0.0,1.0,0.0,1.0,ml100k,als,none,0,
624,0.0,1.0,0.0,0.7,ml100k,als,none,0,
632,0.0,1.0,0.0,0.5,ml100k,als,none,0,
642,0.430676558073393,1.0,1.0,0.9,ml100k,als,none,0,
652,0.3333333333333333,1.0,1.0,1.1,ml100k,als,none,0,
655,0.0,1.0,0.0,1.1,ml100k,als,none,0,
659,0.0,1.0,0.0,1.3,ml100k,als,none,0,
661,0.0,1.0,0.0,0.7,ml100k,als,none,0,
665,0.0,1.0,0.0,0.5,ml100k,als,none,0,
670,0.0,1.0,0.0,1.1,ml100k,als,none,0,
671,0.6309297535714575,1.0,1.0,0.6,ml100k,als,none,0,
672,0.0,1.0,0.0,0.6,ml100k,als,none,0,
675,0.0,1.0,0.0,0.6,ml100k,als,none,0,
676,0.0,1.0,0.0,0.8,ml100k,als,none,0,
684,0.0,1.0,0.0,0.6,ml100k,als,none,0,
685,0.3154648767857287,1.0,1.0,0.7,ml100k,als,none,0,
686,0.0,1.0,0.0,1.0,ml100k,als,none,0,
689,0.0,1.0,0.0,0.7,ml100k,als,none,0,
701,0.0,1.0,0.0,0.7,ml100k,als,none,0,
707,0.0,1.0,0.0,1.1,ml100k,als,none,0,
713,0.0,1.0,0.0,1.0,ml100k,als,none,0,
715,0.3562071871080222,1.0,1.0,0.9,ml100k,als,none,0,
728,0.3562071871080222,1.0,1.0,0.8,ml100k,als,none,0,
735,0.6309297535714575,1.0,1.0,0.4,ml100k,als,none,0,
736,0.0,1.0,0.0,0.6,ml100k,als,none,0,
743,0.0,1.0,0.0,0.6,ml100k,als,none,0,
744,0.0,1.0,0.0,1.1,ml100k,als,none,0,
754,0.0,1.0,0.0,0.6,ml100k,als,none,0,
761,0.0,1.0,0.0,1.1,ml100k,als,none,0,
766,0.2890648263178879,1.0,1.0,0.7,ml100k,als,none,0,
767,0.0,1.0,0.0,0.8,ml100k,als,none,0,
769,0.6309297535714575,1.0,1.0,0.9,ml100k,als,none,0,
772,0.0,1.0,0.0,1.0,ml100k,als,none,0,
775,0.0,1.0,0.0,0.4,ml100k,als,none,0,
779,0.6309297535714575,1.0,1.0,0.7,ml100k,als,none,0,
783,0.0,1.0,0.0,0.5,ml100k,als,none,0,
788,0.0,1.0,0.0,1.0,ml100k,als,none,0,
794,0.0,1.0,0.0,1.5,ml100k,als,none,0,
804,0.0,1.0,0.0,0.7,ml100k,als,none,0,
808,0.0,1.0,0.0,0.9,ml100k,als,none,0,
813,0.0,1.0,0.0,0.7,ml100k,als,none,0,
821,0.0,1.0,0.0,0.6,ml100k,als,none,0,
822,0.0,1.0,0.0,0.9,ml100k,als,none,0,
823,0.0,1.0,0.0,0.2,ml100k,als,none,0,
828,0.0,1.0,0.0,0.6,ml100k,als,none,0,
831,0.0,1.0,0.0,0.9,ml100k,als,none,0,
837,0.0,1.0,0.0,0.7,ml100k,als,none,0,
838,0.0,1.0,0.0,1.3,ml100k,als,none,0,
847,0.0,1.0,0.0,1.1,ml100k,als,none,0,
848,0.3154648767857287,1.0,1.0,1.0,ml100k,als,none,0,
850,0.3562071871080222,1.0,1.0,1.0,ml100k,als,none,0,
853,0.0,1.0,0.0,1.3,ml100k,als,none,0,
854,0.0,1.0,0.0,0.9,ml100k,als,none,0,
856,0.0,1.0,0.0,0.8,ml100k,als,none,0,
857,0.3333333333333333,1.0,1.0,0.7,ml100k,als,none,0,
859,0.0,1.0,0.0,1.1,ml100k,als,none,0,
863,0.0,1.0,0.0,0.8,ml100k,als,none,0,
865,0.0,1.0,0.0,0.9,ml100k,als,none,0,
871,0.0,1.0,0.0,0.5,ml100k,als,none,0,
874,0.0,1.0,0.0,0.7,ml100k,als,none,0,
877,0.0,1.0,0.0,0.5,ml100k,als,none,0,
891,0.0,1.0,0.0,1.0,ml100k,als,none,0,
893,0.0,1.0,0.0,0.9,ml100k,als,none,0,
894,0.0,1.0,0.0,0.8,ml100k,als,none,0,
896,0.0,1.0,0.0,0.4,ml100k,als,none,0,
897,0.0,1.0,0.0,0.5,ml100k,als,none,0,
898,0.0,1.0,0.0,0.7,ml100k,als,none,0,
902,0.0,1.0,0.0,0.9,ml100k,als,none,0,
907,0.0,1.0,0.0,0.4,ml100k,als,none,0,
911,0.0,1.0,0.0,0.3,ml100k,als,none,0,
913,0.0,1.0,0.0,0.6,ml100k,als,none,0,
915,0.0,1.0,0.0,0.7,ml100k,als,none,0,
922,0.0,1.0,0.0,0.6,ml100k,als,none,0,
923,0.0,1.0,0.0,0.7,ml100k,als,none,0,
926,0.0,1.0,0.0,1.1,ml100k,als,none,0,
932,0.0,1.0,0.0,0.9,ml100k,als,none,0,
934,0.0,1.0,0.0,0.4,ml100k,als,none,0,
939,0.0,1.0,0.0,0.6,ml100k,als,none,0,
2,0.0,0.9387606865428808,0.0,0.2,ml100k,als,quota_mmr,0,0.0652315076885927
4,0.0,0.9041311099440984,0.0,0.3,ml100k,als,quota_mmr,0,0.0933457596742036
6,0.0,0.9322834641356008,0.0,0.2,ml100k,als,quota_mmr,0,0.0999079713770522
12,0.0,0.9579492660551112,0.0,0.3,ml100k,als,quota_mmr,0,0.0909138414981052
13,0.0,0.9533522224683524,0.0,0.3,ml100k,als,quota_mmr,0,0.0967853476059264
14,0.0,0.9687566044279454,0.0,0.3,ml100k,als,quota_mmr,0,0.1605458361596899
17,0.0,0.9669957445826706,0.0,0.3,ml100k,als,quota_mmr,0,0.2139427185203779
22,0.0,0.974884384865357,0.0,0.3,ml100k,als,quota_mmr,0,0.0880586648080993
25,0.0,0.975090436876048,0.0,0.3,ml100k,als,quota_mmr,0,0.1449976866161205
30,0.0,0.9411209835943316,0.0,0.2,ml100k,als,quota_mmr,0,0.0530190325170068
40,0.0,0.79611206350306,0.0,0.3,ml100k,als,quota_mmr,0,0.056007368088491
42,0.0,0.855966870603473,0.0,0.3,ml100k,als,quota_mmr,0,0.0664306040227672
44,0.430676558073393,0.9522366465983372,1.0,0.2,ml100k,als,quota_mmr,0,0.1838228641783396
49,0.0,0.9779867634111282,0.0,0.2,ml100k,als,quota_mmr,0,0.2172990240152705
56,0.0,0.9303859856679046,0.0,0.3,ml100k,als,quota_mmr,0,0.0684262057745482
59,0.0,0.9629562055716416,0.0,0.2,ml100k,als,quota_mmr,0,0.1087652350171101
62,0.6309297535714575,0.8787906553247005,1.0,0.3,ml100k,als,quota_mmr,0,0.0861987351018991
67,0.0,0.9433319517359356,0.0,0.3,ml100k,als,quota_mmr,0,0.1348744157642183
69,0.0,0.9676279870431572,0.0,0.3,ml100k,als,quota_mmr,0,0.2274448685739045
70,0.0,0.9072228785863342,0.0,0.3,ml100k,als,quota_mmr,0,0.1603288004607934
76,0.0,0.9412849882852912,0.0,0.3,ml100k,als,quota_mmr,0,0.1208023672911697
78,0.0,0.9072099710956332,0.0,0.2,ml100k,als,quota_mmr,0,0.1828778017029798
93,0.6309297535714575,0.8573857004304812,1.0,0.2,ml100k,als,quota_mmr,0,0.1292540682334728
97,0.0,0.9526642658391952,0.0,0.3,ml100k,als,quota_mmr,0,0.1902444130284092
105,0.0,0.9752499102718988,0.0,0.3,ml100k,als,quota_mmr,0,0.0624078535170264
109,0.0,0.9644799839353544,0.0,0.2,ml100k,als,quota_mmr,0,0.1376794458906727
110,0.0,0.8979596088575045,0.0,0.2,ml100k,als,quota_mmr,0,0.1524853082347038
122,0.0,0.9066187187004584,0.0,0.3,ml100k,als,quota_mmr,0,0.061686458664351
128,0.0,0.9627984466357332,0.0,0.3,ml100k,als,quota_mmr,0,0.1082534114035701
131,0.0,0.8509255109433607,0.0,0.2,ml100k,als,quota_mmr,0,0.0969072874223604
136,0.0,0.9506658049860354,0.0,0.3,ml100k,als,quota_mmr,0,0.0635426775594066
139,0.0,0.9754494526577344,0.0,0.3,ml100k,als,quota_mmr,0,0.1006226337670301
169,0.430676558073393,0.9287180809809424,1.0,0.2,ml100k,als,quota_mmr,0,0.130704208862019
172,0.0,0.9782020450049757,0.0,0.3,ml100k,als,quota_mmr,0,0.1054626365157142
174,0.0,0.969323343942364,0.0,0.3,ml100k,als,quota_mmr,0,0.0773338102836779
190,0.0,0.9703707570820148,0.0,0.2,ml100k,als,quota_mmr,0,0.0884796120401223
198,0.0,0.9464888535184898,0.0,0.3,ml100k,als,quota_mmr,0,0.1149561345325194
201,0.0,0.9453819384787868,0.0,0.3,ml100k,als,quota_mmr,0,0.0519192058751485
202,0.430676558073393,0.8825450935303083,1.0,0.2,ml100k,als,quota_mmr,0,0.0980849581427022
203,0.0,0.9421773476997272,0.0,0.3,ml100k,als,quota_mmr,0,0.1602761869250881
209,0.0,0.90612941680492,0.0,0.3,ml100k,als,quota_mmr,0,0.0682027434779554
210,0.0,0.8563633593185167,0.0,0.3,ml100k,als,quota_mmr,0,0.1146790670715466
211,0.0,0.918324789523246,0.0,0.3,ml100k,als,quota_mmr,0,0.0812432591179124
220,0.0,0.980020907937038,0.0,0.3,ml100k,als,quota_mmr,0,0.1469496124195455
230,0.0,0.9289436132586136,0.0,0.2,ml100k,als,quota_mmr,0,0.1384564573730934
234,0.0,0.9564074614353608,0.0,0.2,ml100k,als,quota_mmr,0,0.0992468175731087
252,0.0,0.9503499386274656,0.0,0.3,ml100k,als,quota_mmr,0,0.1165768730790721
257,0.0,0.9567611818271295,0.0,0.3,ml100k,als,quota_mmr,0,0.1376340734161717
260,0.0,0.9224116801656392,0.0,0.3,ml100k,als,quota_mmr,0,0.2806587841885398
266,0.0,0.956525073745454,0.0,0.3,ml100k,als,quota_mmr,0,0.1066981549772793
267,0.0,0.8907345554629277,0.0,0.2,ml100k,als,quota_mmr,0,0.1026343890549762
273,0.0,0.9827621885804784,0.0,0.3,ml100k,als,quota_mmr,0,0.0797259378452914
280,0.0,0.9680525417284368,0.0,0.3,ml100k,als,quota_mmr,0,0.0765616738624762
286,0.0,0.972943799496876,0.0,0.3,ml100k,als,quota_mmr,0,0.0971062544418866
294,0.0,0.9034323411856388,0.0,0.2,ml100k,als,quota_mmr,0,0.1058948272196189
302,0.0,0.9420447865926996,0.0,0.3,ml100k,als,quota_mmr,0,0.2870346699841299
303,0.0,0.8632205278055143,0.0,0.2,ml100k,als,quota_mmr,0,0.0919103086966422
305,0.0,0.9856999337978068,0.0,0.2,ml100k,als,quota_mmr,0,0.0778655748743905
313,0.0,0.9785993397600746,0.0,0.3,ml100k,als,quota_mmr,0,0.0927317921099783
316,0.0,0.9649066547698268,0.0,0.3,ml100k,als,quota_mmr,0,0.1573651334373552
317,0.0,0.9811374403224096,0.0,0.3,ml100k,als,quota_mmr,0,0.0777136354343494
321,0.0,0.9894408278313358,0.0,0.3,ml100k,als,quota_mmr,0,0.0839809778081443
326,0.0,0.9893833388529818,0.0,0.3,ml100k,als,quota_mmr,0,0.0591070985426632
330,0.0,0.8915250805861503,0.0,0.3,ml100k,als,quota_mmr,0,0.1044433196405587
337,0.0,0.9177558056808764,0.0,0.2,ml100k,als,quota_mmr,0,0.1433972498718443
338,0.0,0.9428216954033352,0.0,0.2,ml100k,als,quota_mmr,0,0.2215229148212161
345,0.0,0.926276099619371,0.0,0.3,ml100k,als,quota_mmr,0,0.2345047482883066
349,0.0,0.9273507833102188,0.0,0.3,ml100k,als,quota_mmr,0,0.1503732415121212
361,0.0,0.9201065870301898,0.0,0.2,ml100k,als,quota_mmr,0,0.0595147751856632
363,0.0,0.9871149749313216,0.0,0.3,ml100k,als,quota_mmr,0,0.1401961918031503
366,0.0,0.9862508939210858,0.0,0.2,ml100k,als,quota_mmr,0,0.0984781621093028
369,0.0,0.8726512013145251,0.0,0.3,ml100k,als,quota_mmr,0,0.1427780982692828
376,0.0,0.8702688258518393,0.0,0.2,ml100k,als,quota_mmr,0,0.1227652849899011
378,0.0,0.9615082273531794,0.0,0.3,ml100k,als,quota_mmr,0,0.1379673668214799
380,0.0,0.7941980961323275,0.0,0.3,ml100k,als,quota_mmr,0,0.098102334972145
381,0.0,0.9196026434684136,0.0,0.3,ml100k,als,quota_mmr,0,0.0903823145696843
385,0.3868528072345416,0.9676542301271306,1.0,0.3,ml100k,als,quota_mmr,0,0.0996407667798521
391,0.0,0.9333177272465444,0.0,0.2,ml100k,als,quota_mmr,0,0.0295661234199508
396,0.0,0.9826855774602532,0.0,0.2,ml100k,als,quota_mmr,0,0.0805071818283756
413,0.0,0.8541056282040623,0.0,0.2,ml100k,als,quota_mmr,0,0.0969504730995782
415,0.0,0.9513381114038524,0.0,0.3,ml100k,als,quota_mmr,0,0.0986974411375958
418,0.0,0.9518483020374188,0.0,0.3,ml100k,als,quota_mmr,0,0.0652157497799724
421,0.0,0.958158401425672,0.0,0.2,ml100k,als,quota_mmr,0,0.0984165955630175
422,0.0,0.9082248779105544,0.0,0.3,ml100k,als,quota_mmr,0,0.1030183571504602
426,0.0,0.9284553793713304,0.0,0.2,ml100k,als,quota_mmr,0,0.1007689632078963
427,0.0,0.9634498989914354,0.0,0.2,ml100k,als,quota_mmr,0,0.1193039146814511
436,0.0,0.9594561312660652,0.0,0.3,ml100k,als,quota_mmr,0,0.1729246064608866
446,0.0,0.9785682856341194,0.0,0.3,ml100k,als,quota_mmr,0,0.0647725095448397
450,0.0,0.9802715754656424,0.0,0.2,ml100k,als,quota_mmr,0,0.0837206932644397
451,0.0,0.9508141631516084,0.0,0.3,ml100k,als,quota_mmr,0,0.1182999109706542
459,0.0,0.9527772790921492,0.0,0.3,ml100k,als,quota_mmr,0,0.3051185976909628
468,0.0,0.951080314451657,0.0,0.3,ml100k,als,quota_mmr,0,0.1503861160339083
471,0.0,0.9606592825384602,0.0,0.3,ml100k,als,quota_mmr,0,0.0966133235318805
474,0.5,0.9272024935780828,1.0,0.3,ml100k,als,quota_mmr,0,0.1284389416220406
480,0.0,0.9669678426890944,0.0,0.3,ml100k,als,quota_mmr,0,0.1353102988577458
481,0.0,0.9674899233058544,0.0,0.3,ml100k,als,quota_mmr,0,0.0709142255236232
484,0.0,0.9875779076321244,0.0,0.2,ml100k,als,quota_mmr,0,0.1017264909202815
488,0.0,0.9800882752479012,0.0,0.2,ml100k,als,quota_mmr,0,0.1816654243983282
489,0.6309297535714575,0.9134596249465692,1.0,0.2,ml100k,als,quota_mmr,0,0.1653152688699422
492,0.0,0.9966690331653996,0.0,0.3,ml100k,als,quota_mmr,0,0.1375018349409881
505,0.0,0.9236395826826952,0.0,0.2,ml100k,als,quota_mmr,0,0.0941699707734771
511,0.0,0.9504698899091896,0.0,0.3,ml100k,als,quota_mmr,0,0.1097246193306835
513,0.0,0.9583877215030084,0.0,0.3,ml100k,als,quota_mmr,0,0.0637735433935746
522,0.0,0.9657666048377443,0.0,0.2,ml100k,als,quota_mmr,0,0.0889167560732449
529,0.0,0.9132334294713188,0.0,0.2,ml100k,als,quota_mmr,0,0.185696966192856
542,0.0,0.990920068108824,0.0,0.2,ml100k,als,quota_mmr,0,0.0669979919694225
543,0.0,0.9494486198084072,0.0,0.2,ml100k,als,quota_mmr,0,0.0978564775878457
549,0.0,0.9457533949205864,0.0,0.3,ml100k,als,quota_mmr,0,0.1796221394356592
553,0.0,0.8881823766130692,0.0,0.3,ml100k,als,quota_mmr,0,0.0759387684177047
554,0.0,0.9470334219250612,0.0,0.2,ml100k,als,quota_mmr,0,0.09203058328243
556,0.0,0.9913048175534211,0.0,0.3,ml100k,als,quota_mmr,0,0.1201191182053848
561,0.0,0.846557244071541,0.0,0.2,ml100k,als,quota_mmr,0,0.2063958450194004
564,0.0,0.974565324540384,0.0,0.3,ml100k,als,quota_mmr,0,0.1566845876787983
567,0.0,0.8844952860634231,0.0,0.2,ml100k,als,quota_mmr,0,0.1235090371362267
571,0.0,0.9110667931741112,0.0,0.2,ml100k,als,quota_mmr,0,0.1332525713289908
585,0.0,0.8969136365544512,0.0,0.3,ml100k,als,quota_mmr,0,0.1080693228644287
587,0.6309297535714575,0.8972551428877406,1.0,0.3,ml100k,als,quota_mmr,0,0.0771129087323975
590,0.0,0.9207823143776552,0.0,0.2,ml100k,als,quota_mmr,0,0.0851214178943247
595,0.5,0.904968278432712,1.0,0.3,ml100k,als,quota_mmr,0,0.1561103802839902
598,0.5,0.8480346409754115,1.0,0.3,ml100k,als,quota_mmr,0,0.1716874834068463
606,0.0,0.9083544896271556,0.0,0.3,ml100k,als,quota_mmr,0,0.1140240953654092
612,0.0,0.9724160917484936,0.0,0.3,ml100k,als,quota_mmr,0,0.0850143654529685
618,0.0,0.933853703103676,0.0,0.3,ml100k,als,quota_mmr,0,0.1234401141158682
624,0.0,0.9626712005027764,0.0,0.2,ml100k,als,quota_mmr,0,0.1149602689783629
632,0.0,0.9471587123368516,0.0,0.2,ml100k,als,quota_mmr,0,0.1065606520479364
642,0.5,0.8691900688971651,1.0,0.3,ml100k,als,quota_mmr,0,0.1286857673867648
652,0.0,0.8578070311311914,0.0,0.2,ml100k,als,quota_mmr,0,0.1179147031108881
655,0.0,0.9136651212537747,0.0,0.2,ml100k,als,quota_mmr,0,0.1341027576397805
659,0.0,0.9449277461388012,0.0,0.3,ml100k,als,quota_mmr,0,0.1358042178641981
661,0.0,0.9427979963214372,0.0,0.2,ml100k,als,quota_mmr,0,0.0892719812814985
665,0.0,0.9780304183286423,0.0,0.2,ml100k,als,quota_mmr,0,0.081909963386066
670,0.0,0.9114718774197756,0.0,0.2,ml100k,als,quota_mmr,0,0.0714410099383204
671,0.0,0.9289287777322344,0.0,0.3,ml100k,als,quota_mmr,0,0.1846833380442842
672,0.0,0.9643561177641796,0.0,0.3,ml100k,als,quota_mmr,0,0.1161244005564055
675,0.0,0.9776769028893804,0.0,0.2,ml100k,als,quota_mmr,0,0.1010611998353676
676,0.0,0.9226619783120314,0.0,0.3,ml100k,als,quota_mmr,0,0.066598492863549
684,0.0,0.9874280708727818,0.0,0.2,ml100k,als,quota_mmr,0,0.1326309973394863
685,0.0,0.9867566416634894,0.0,0.2,ml100k,als,quota_mmr,0,0.1120036395090572
686,0.0,0.9481268783873192,0.0,0.3,ml100k,als,quota_mmr,0,0.0873293564773375
689,0.0,0.9603810323909336,0.0,0.2,ml100k,als,quota_mmr,0,0.1275147371489402
701,0.0,0.9400798121332412,0.0,0.3,ml100k,als,quota_mmr,0,0.195809345852562
707,0.3562071871080222,0.8639259079407148,1.0,0.3,ml100k,als,quota_mmr,0,0.0444347119713383
713,0.0,0.9428123699951576,0.0,0.3,ml100k,als,quota_mmr,0,0.1822794451124329
715,0.5,0.9028423361594664,1.0,0.3,ml100k,als,quota_mmr,0,0.0821816392439426
728,0.3562071871080222,0.9653739104864392,1.0,0.3,ml100k,als,quota_mmr,0,0.124115262004549
735,0.6309297535714575,0.9312425096866797,1.0,0.2,ml100k,als,quota_mmr,0,0.1134213545447313
736,0.0,0.9927028178543958,0.0,0.3,ml100k,als,quota_mmr,0,0.1242290626057582
743,0.0,0.948338173143366,0.0,0.3,ml100k,als,quota_mmr,0,0.2032957290314027
744,0.0,0.8590943222047114,0.0,0.3,ml100k,als,quota_mmr,0,0.1112010984449905
754,0.0,0.9571887120731176,0.0,0.3,ml100k,als,quota_mmr,0,0.1866313856167431
761,0.0,0.822177318882835,0.0,0.3,ml100k,als,quota_mmr,0,0.1136591079610845
766,0.0,0.9460459708616432,0.0,0.2,ml100k,als,quota_mmr,0,0.121163350300702
767,0.0,0.9547313342468,0.0,0.3,ml100k,als,quota_mmr,0,0.0845925712899913
769,0.6309297535714575,0.9519809572557414,1.0,0.2,ml100k,als,quota_mmr,0,0.1057372379861412
772,0.0,0.9727464804703512,0.0,0.2,ml100k,als,quota_mmr,0,0.1314328271927262
775,0.0,0.9829133426807946,0.0,0.3,ml100k,als,quota_mmr,0,0.0853778168982976
779,0.0,0.7495695005130629,0.0,0.3,ml100k,als,quota_mmr,0,0.0838447500619125
783,0.0,0.9736564447617804,0.0,0.3,ml100k,als,quota_mmr,0,0.0929780784089484
788,0.0,0.935120937253567,0.0,0.2,ml100k,als,quota_mmr,0,0.1842086335755609
794,0.0,0.7370541635430472,0.0,0.3,ml100k,als,quota_mmr,0,0.0319972636865208
804,0.0,0.9823195489356288,0.0,0.3,ml100k,als,quota_mmr,0,0.1451338021198577
808,0.0,0.9200540631594132,0.0,0.3,ml100k,als,quota_mmr,0,0.1419647196953702
813,0.0,0.9508358469311502,0.0,0.3,ml100k,als,quota_mmr,0,0.1078021310914833
821,0.0,0.9823250432067367,0.0,0.3,ml100k,als,quota_mmr,0,0.1484940794374439
822,0.0,0.9718058167764706,0.0,0.3,ml100k,als,quota_mmr,0,0.1743710848663856
823,0.0,0.9558771021171716,0.0,0.2,ml100k,als,quota_mmr,0,0.0947582958977198
828,0.0,0.9736038013980614,0.0,0.3,ml100k,als,quota_mmr,0,0.0480435359549121
831,0.0,0.955940848253171,0.0,0.2,ml100k,als,quota_mmr,0,0.1051276579546681
837,0.0,0.9300229849067184,0.0,0.2,ml100k,als,quota_mmr,0,0.0679847543783126
838,0.0,0.9341734430057812,0.0,0.3,ml100k,als,quota_mmr,0,0.0638942478667116
847,0.0,0.9150408394885188,0.0,0.2,ml100k,als,quota_mmr,0,0.0931301406022687
848,0.3868528072345416,0.967103623574525,1.0,0.3,ml100k,als,quota_mmr,0,0.0327072058776557
850,0.0,0.9303158713447148,0.0,0.3,ml100k,als,quota_mmr,0,0.150067885109497
853,0.0,0.9551239182488674,0.0,0.2,ml100k,als,quota_mmr,0,0.0707852404502375
854,0.0,0.9691570798195416,0.0,0.2,ml100k,als,quota_mmr,0,0.1209856490255437
856,0.0,0.9538021156059252,0.0,0.3,ml100k,als,quota_mmr,0,0.0809097986558355
857,0.0,0.9318867642605042,0.0,0.3,ml100k,als,quota_mmr,0,0.0778117265492967
859,0.0,0.902832226690758,0.0,0.3,ml100k,als,quota_mmr,0,0.1306957049567634
863,0.0,0.9823504514464584,0.0,0.3,ml100k,als,quota_mmr,0,0.1277675336629363
865,0.3562071871080222,0.925699904436544,1.0,0.3,ml100k,als,quota_mmr,0,0.2583265262406246
871,0.0,0.9814655689246896,0.0,0.2,ml100k,als,quota_mmr,0,0.0998001555478876
874,0.0,0.9464670386868226,0.0,0.3,ml100k,als,quota_mmr,0,0.0583063618456427
877,0.0,0.953259636529108,0.0,0.2,ml100k,als,quota_mmr,0,0.0954743467866339
891,0.0,0.9268921368817632,0.0,0.3,ml100k,als,quota_mmr,0,0.0876225370756023
893,0.0,0.9639827282563678,0.0,0.3,ml100k,als,quota_mmr,0,0.1244423039153935
894,0.0,0.9213707195322596,0.0,0.2,ml100k,als,quota_mmr,0,0.1505768062003536
896,0.0,0.9887240533432882,0.0,0.2,ml100k,als,quota_mmr,0,0.1916671429349368
897,0.0,0.9918632224096886,0.0,0.2,ml100k,als,quota_mmr,0,0.0784103186788212
898,0.0,0.9555196442723712,0.0,0.3,ml100k,als,quota_mmr,0,0.1450791219801817
902,0.0,0.9555440694373032,0.0,0.3,ml100k,als,quota_mmr,0,0.1073467817731198
907,0.0,0.9830566321048212,0.0,0.3,ml100k,als,quota_mmr,0,0.0901143833925164
911,0.0,0.973197555960602,0.0,0.2,ml100k,als,quota_mmr,0,0.0697948894867324
913,0.0,0.9569259550829856,0.0,0.2,ml100k,als,quota_mmr,0,0.1048069726693616
915,0.0,0.9612683220141924,0.0,0.3,ml100k,als,quota_mmr,0,0.1494358434715303
922,0.0,0.928844439889276,0.0,0.3,ml100k,als,quota_mmr,0,0.2128126426772222
923,0.0,0.9389495954545792,0.0,0.3,ml100k,als,quota_mmr,0,0.0843406904888768
926,0.0,0.9507630086796286,0.0,0.3,ml100k,als,quota_mmr,0,0.1148447733821265
932,0.0,0.9374564885854956,0.0,0.3,ml100k,als,quota_mmr,0,0.1318553814457852
934,0.0,0.993607550523734,0.0,0.2,ml100k,als,quota_mmr,0,0.1811279025542731
939,0.0,0.9664537878763104,0.0,0.2,ml100k,als,quota_mmr,0,0.2407082427070692
2,0.0,1.0,0.0,1.5,gift_cards,popularity,none,1,
5,0.0,1.0,0.0,1.5,gift_cards,popularity,none,1,
7,0.0,1.0,0.0,1.5,gift_cards,popularity,none,1,
9,0.2890648263178879,1.0,1.0,1.5,gift_cards,popularity,none,1,
11,0.0,1.0,0.0,1.5,gift_cards,popularity,none,1,
13,0.0,1.0,0.0,1.5,gift_cards,popularity,none,1,
16,0.0,1.0,0.0,1.5,gift_cards,popularity,none,1,
18,0.3868528072345416,1.0,1.0,1.5,gift_cards,popularity,none,1,
19,0.0,1.0,0.0,1.5,gift_cards,popularity,none,1,
20,0.0,1.0,0.0,1.5,gift_cards,popularity,none,1,
23,0.0,1.0,0.0,1.5,gift_cards,popularity,none,1,
24,0.0,1.0,0.0,1.5,gift_cards,popularity,none,1,
26,0.0,1.0,0.0,1.5,gift_cards,popularity,none,1,
28,0.0,1.0,0.0,1.5,gift_cards,popularity,none,1,
30,0.0,1.0,0.0,1.5,gift_cards,popularity,none,1,
35,0.0,1.0,0.0,1.5,gift_cards,popularity,none,1,
37,0.0,1.0,0.0,1.5,gift_cards,popularity,none,1,
38,0.0,1.0,0.0,1.5,gift_cards,popularity,none,1,
47,0.0,1.0,0.0,1.5,gift_cards,popularity,none,1,
50,0.3333333333333333,1.0,1.0,1.5,gift_cards,popularity,none,1,
52,0.3010299956639812,1.0,1.0,1.5,gift_cards,popularity,none,1,
59,0.0,1.0,0.0,1.5,gift_cards,popularity,none,1,
63,0.0,1.0,0.0,1.5,gift_cards,popularity,none,1,
66,0.0,1.0,0.0,1.5,gift_cards,popularity,none,1,
69,0.0,1.0,0.0,1.5,gift_cards,popularity,none,1,
70,0.0,1.0,0.0,1.5,gift_cards,popularity,none,1,
71,0.0,1.0,0.0,1.5,gift_cards,popularity,none,1,
73,0.0,1.0,0.0,1.5,gift_cards,popularity,none,1,
77,0.0,1.0,0.0,1.5,gift_cards,popularity,none,1,
78,0.0,1.0,0.0,1.5,gift_cards,popularity,none,1,
81,0.0,1.0,0.0,1.5,gift_cards,popularity,none,1,
82,0.0,1.0,0.0,1.5,gift_cards,popularity,none,1,
83,1.0,1.0,1.0,1.5,gift_cards,popularity,none,1,
84,0.6309297535714575,1.0,1.0,1.5,gift_cards,popularity,none,1,
86,0.0,1.0,0.0,1.5,gift_cards,popularity,none,1,
89,0.0,1.0,0.0,1.5,gift_cards,popularity,none,1,
90,0.0,1.0,0.0,1.5,gift_cards,popularity,none,1,
92,0.0,1.0,0.0,1.5,gift_cards,popularity,none,1,
93,0.0,1.0,0.0,1.5,gift_cards,popularity,none,1,
97,0.0,1.0,0.0,1.5,gift_cards,popularity,none,1,
101,0.0,1.0,0.0,1.5,gift_cards,popularity,none,1,
103,0.0,1.0,0.0,1.5,gift_cards,popularity,none,1,
109,0.0,1.0,0.0,1.5,gift_cards,popularity,none,1,
111,0.0,1.0,0.0,1.5,gift_cards,popularity,none,1,
112,0.0,1.0,0.0,1.5,gift_cards,popularity,none,1,
113,0.0,1.0,0.0,1.5,gift_cards,popularity,none,1,
116,0.6309297535714575,1.0,1.0,1.5,gift_cards,popularity,none,1,
117,0.430676558073393,1.0,1.0,1.5,gift_cards,popularity,none,1,
118,0.0,1.0,0.0,1.5,gift_cards,popularity,none,1,
121,0.0,1.0,0.0,1.5,gift_cards,popularity,none,1,
123,0.0,1.0,0.0,1.5,gift_cards,popularity,none,1,
128,0.0,1.0,0.0,1.5,gift_cards,popularity,none,1,
130,0.0,1.0,0.0,1.5,gift_cards,popularity,none,1,
132,0.0,1.0,0.0,1.5,gift_cards,popularity,none,1,
133,0.0,1.0,0.0,1.5,gift_cards,popularity,none,1,
134,0.3868528072345416,1.0,1.0,1.5,gift_cards,popularity,none,1,
136,0.0,1.0,0.0,1.5,gift_cards,popularity,none,1,
138,0.0,1.0,0.0,1.5,gift_cards,popularity,none,1,
140,0.3010299956639812,1.0,1.0,1.5,gift_cards,popularity,none,1,
146,0.0,1.0,0.0,1.5,gift_cards,popularity,none,1,
147,0.0,1.0,0.0,1.5,gift_cards,popularity,none,1,
148,0.0,1.0,0.0,1.5,gift_cards,popularity,none,1,
149,0.0,1.0,0.0,1.5,gift_cards,popularity,none,1,
150,0.0,1.0,0.0,1.5,gift_cards,popularity,none,1,
153,0.0,1.0,0.0,1.5,gift_cards,popularity,none,1,
154,0.0,1.0,0.0,1.5,gift_cards,popularity,none,1,
159,0.0,1.0,0.0,1.5,gift_cards,popularity,none,1,
162,0.0,1.0,0.0,1.5,gift_cards,popularity,none,1,
164,0.0,1.0,0.0,1.5,gift_cards,popularity,none,1,
167,0.0,1.0,0.0,1.5,gift_cards,popularity,none,1,
170,0.0,1.0,0.0,1.5,gift_cards,popularity,none,1,
172,0.0,1.0,0.0,1.5,gift_cards,popularity,none,1,
175,0.0,1.0,0.0,1.5,gift_cards,popularity,none,1,
177,0.0,1.0,0.0,1.5,gift_cards,popularity,none,1,
178,0.0,1.0,0.0,1.5,gift_cards,popularity,none,1,
182,0.0,1.0,0.0,1.5,gift_cards,popularity,none,1,
186,0.0,1.0,0.0,1.5,gift_cards,popularity,none,1,
188,1.0,1.0,1.0,1.5,gift_cards,popularity,none,1,
192,0.0,1.0,0.0,1.5,gift_cards,popularity,none,1,
193,0.0,1.0,0.0,1.5,gift_cards,popularity,none,1,
195,0.0,1.0,0.0,1.5,gift_cards,popularity,none,1,
198,0.0,1.0,0.0,1.5,gift_cards,popularity,none,1,
199,0.0,1.0,0.0,1.5,gift_cards,popularity,none,1,
200,0.0,1.0,0.0,1.5,gift_cards,popularity,none,1,
201,0.0,1.0,0.0,1.5,gift_cards,popularity,none,1,
202,0.0,1.0,0.0,1.5,gift_cards,popularity,none,1,
209,0.0,1.0,0.0,1.5,gift_cards,popularity,none,1,
216,0.0,1.0,0.0,1.5,gift_cards,popularity,none,1,
222,0.0,1.0,0.0,1.5,gift_cards,popularity,none,1,
223,0.0,1.0,0.0,1.5,gift_cards,popularity,none,1,
227,0.0,1.0,0.0,1.5,gift_cards,popularity,none,1,
228,0.0,1.0,0.0,1.5,gift_cards,popularity,none,1,
229,0.0,1.0,0.0,1.5,gift_cards,popularity,none,1,
232,0.3562071871080222,1.0,1.0,1.5,gift_cards,popularity,none,1,
233,0.5,1.0,1.0,1.5,gift_cards,popularity,none,1,
235,0.430676558073393,1.0,1.0,1.5,gift_cards,popularity,none,1,
237,0.0,1.0,0.0,1.5,gift_cards,popularity,none,1,
239,0.0,1.0,0.0,1.5,gift_cards,popularity,none,1,
244,0.0,1.0,0.0,1.5,gift_cards,popularity,none,1,
246,0.0,1.0,0.0,1.5,gift_cards,popularity,none,1,
247,0.0,1.0,0.0,1.5,gift_cards,popularity,none,1,
250,0.3562071871080222,1.0,1.0,1.5,gift_cards,popularity,none,1,
251,0.0,1.0,0.0,1.5,gift_cards,popularity,none,1,
252,0.0,1.0,0.0,1.5,gift_cards,popularity,none,1,
261,0.0,1.0,0.0,1.5,gift_cards,popularity,none,1,
264,0.0,1.0,0.0,1.5,gift_cards,popularity,none,1,
265,0.0,1.0,0.0,1.5,gift_cards,popularity,none,1,
270,0.0,1.0,0.0,1.5,gift_cards,popularity,none,1,
272,0.6309297535714575,1.0,1.0,1.5,gift_cards,popularity,none,1,
273,0.0,1.0,0.0,1.5,gift_cards,popularity,none,1,
275,0.0,1.0,0.0,1.5,gift_cards,popularity,none,1,
276,0.0,1.0,0.0,1.5,gift_cards,popularity,none,1,
279,0.0,1.0,0.0,1.5,gift_cards,popularity,none,1,
282,0.0,1.0,0.0,1.5,gift_cards,popularity,none,1,
283,0.0,1.0,0.0,1.5,gift_cards,popularity,none,1,
286,0.0,1.0,0.0,1.5,gift_cards,popularity,none,1,
287,0.0,1.0,0.0,1.5,gift_cards,popularity,none,1,
289,0.0,1.0,0.0,1.5,gift_cards,popularity,none,1,
290,0.0,1.0,0.0,1.5,gift_cards,popularity,none,1,
291,0.0,1.0,0.0,1.5,gift_cards,popularity,none,1,
292,0.0,1.0,0.0,1.5,gift_cards,popularity,none,1,
294,0.0,1.0,0.0,1.5,gift_cards,popularity,none,1,
297,0.0,1.0,0.0,1.5,gift_cards,popularity,none,1,
298,0.0,1.0,0.0,1.5,gift_cards,popularity,none,1,
300,0.0,1.0,0.0,1.5,gift_cards,popularity,none,1,
302,0.0,1.0,0.0,1.5,gift_cards,popularity,none,1,
306,0.0,1.0,0.0,1.5,gift_cards,popularity,none,1,
307,0.0,1.0,0.0,1.5,gift_cards,popularity,none,1,
311,0.0,1.0,0.0,1.5,gift_cards,popularity,none,1,
313,0.0,1.0,0.0,1.5,gift_cards,popularity,none,1,
315,0.0,1.0,0.0,1.5,gift_cards,popularity,none,1,
316,0.0,1.0,0.0,1.5,gift_cards,popularity,none,1,
317,0.0,1.0,0.0,1.5,gift_cards,popularity,none,1,
319,0.0,1.0,0.0,1.5,gift_cards,popularity,none,1,
320,0.0,1.0,0.0,1.5,gift_cards,popularity,none,1,
321,0.0,1.0,0.0,1.5,gift_cards,popularity,none,1,
322,0.0,1.0,0.0,1.5,gift_cards,popularity,none,1,
324,0.5,1.0,1.0,1.5,gift_cards,popularity,none,1,
326,0.0,1.0,0.0,1.5,gift_cards,popularity,none,1,
327,0.0,1.0,0.0,1.5,gift_cards,popularity,none,1,
329,0.430676558073393,1.0,1.0,1.5,gift_cards,popularity,none,1,
330,0.3154648767857287,1.0,1.0,1.5,gift_cards,popularity,none,1,
331,0.0,1.0,0.0,1.5,gift_cards,popularity,none,1,
332,0.0,1.0,0.0,1.5,gift_cards,popularity,none,1,
337,0.0,1.0,0.0,1.5,gift_cards,popularity,none,1,
340,0.0,1.0,0.0,1.5,gift_cards,popularity,none,1,
342,0.0,1.0,0.0,1.5,gift_cards,popularity,none,1,
344,0.0,1.0,0.0,1.5,gift_cards,popularity,none,1,
345,0.0,1.0,0.0,1.5,gift_cards,popularity,none,1,
347,0.0,1.0,0.0,1.5,gift_cards,popularity,none,1,
348,0.0,1.0,0.0,1.5,gift_cards,popularity,none,1,
354,0.0,1.0,0.0,1.5,gift_cards,popularity,none,1,
355,0.0,1.0,0.0,1.5,gift_cards,popularity,none,1,
359,0.0,1.0,0.0,1.5,gift_cards,popularity,none,1,
361,0.0,1.0,0.0,1.5,gift_cards,popularity,none,1,
362,0.0,1.0,0.0,1.5,gift_cards,popularity,none,1,
364,0.0,1.0,0.0,1.5,gift_cards,popularity,none,1,
366,0.0,1.0,0.0,1.5,gift_cards,popularity,none,1,
368,0.3154648767857287,1.0,1.0,1.5,gift_cards,popularity,none,1,
370,0.0,1.0,0.0,1.5,gift_cards,popularity,none,1,
375,0.0,1.0,0.0,1.5,gift_cards,popularity,none,1,
376,0.0,1.0,0.0,1.5,gift_cards,popularity,none,1,
378,0.0,1.0,0.0,1.5,gift_cards,popularity,none,1,
380,0.0,1.0,0.0,1.5,gift_cards,popularity,none,1,
381,0.3562071871080222,1.0,1.0,1.5,gift_cards,popularity,none,1,
385,0.0,1.0,0.0,1.5,gift_cards,popularity,none,1,
386,0.0,1.0,0.0,1.5,gift_cards,popularity,none,1,
391,0.0,1.0,0.0,1.5,gift_cards,popularity,none,1,
392,0.0,1.0,0.0,1.5,gift_cards,popularity,none,1,
397,0.5,1.0,1.0,1.5,gift_cards,popularity,none,1,
401,0.0,1.0,0.0,1.5,gift_cards,popularity,none,1,
404,0.0,1.0,0.0,1.5,gift_cards,popularity,none,1,
405,0.0,1.0,0.0,1.5,gift_cards,popularity,none,1,
406,0.0,1.0,0.0,1.5,gift_cards,popularity,none,1,
407,0.0,1.0,0.0,1.5,gift_cards,popularity,none,1,
408,1.0,1.0,1.0,1.5,gift_cards,popularity,none,1,
409,0.0,1.0,0.0,1.5,gift_cards,popularity,none,1,
412,0.0,1.0,0.0,1.5,gift_cards,popularity,none,1,
414,0.0,1.0,0.0,1.5,gift_cards,popularity,none,1,
416,0.0,1.0,0.0,1.5,gift_cards,popularity,none,1,
417,0.0,1.0,0.0,1.5,gift_cards,popularity,none,1,
419,0.0,1.0,0.0,1.5,gift_cards,popularity,none,1,
420,0.0,1.0,0.0,1.5,gift_cards,popularity,none,1,
421,0.5,1.0,1.0,1.5,gift_cards,popularity,none,1,
422,0.0,1.0,0.0,1.5,gift_cards,popularity,none,1,
423,0.6309297535714575,1.0,1.0,1.5,gift_cards,popularity,none,1,
424,0.0,1.0,0.0,1.5,gift_cards,popularity,none,1,
428,0.0,1.0,0.0,1.5,gift_cards,popularity,none,1,
429,0.0,1.0,0.0,1.5,gift_cards,popularity,none,1,
435,0.0,1.0,0.0,1.5,gift_cards,popularity,none,1,
436,0.0,1.0,0.0,1.5,gift_cards,popularity,none,1,
437,0.0,1.0,0.0,1.5,gift_cards,popularity,none,1,
440,0.0,1.0,0.0,1.5,gift_cards,popularity,none,1,
441,0.0,1.0,0.0,1.5,gift_cards,popularity,none,1,
443,0.0,1.0,0.0,1.5,gift_cards,popularity,none,1,
444,0.0,1.0,0.0,1.5,gift_cards,popularity,none,1,
445,0.0,1.0,0.0,1.5,gift_cards,popularity,none,1,
446,0.0,1.0,0.0,1.5,gift_cards,popularity,none,1,
450,0.0,1.0,0.0,1.5,gift_cards,popularity,none,1,
451,0.0,1.0,0.0,1.5,gift_cards,popularity,none,1,
2,0.0,0.6236662749816666,0.0,0.3,gift_cards,popularity,quota_mmr,1,0.00715460719209
5,0.0,0.6231119111167037,0.0,0.3,gift_cards,popularity,quota_mmr,1,0.0078039381550976
7,0.0,0.6443560343012815,0.0,0.3,gift_cards,popularity,quota_mmr,1,0.007474892677562
9,0.0,0.6218299244941905,0.0,0.3,gift_cards,popularity,quota_mmr,1,0.0071117857479281
11,0.0,0.6371815381756798,0.0,0.3,gift_cards,popularity,quota_mmr,1,0.0067381480043537
13,0.0,0.6316162686680329,0.0,0.3,gift_cards,popularity,quota_mmr,1,0.009193771852822
16,0.0,0.6316162686680329,0.0,0.3,gift_cards,popularity,quota_mmr,1,0.009193771852822
18,0.0,0.6564639619968744,0.0,0.3,gift_cards,popularity,quota_mmr,1,0.009193771852822
19,0.0,0.6090755083994496,0.0,0.3,gift_cards,popularity,quota_mmr,1,0.0046211318735233
20,0.0,0.6434030793314728,0.0,0.3,gift_cards,popularity,quota_mmr,1,0.009193771852822
23,0.0,0.6316162686680329,0.0,0.3,gift_cards,popularity,quota_mmr,1,0.009193771852822
24,0.0,0.6316162686680329,0.0,0.3,gift_cards,popularity,quota_mmr,1,0.009193771852822
26,0.0,0.635737204169631,0.0,0.3,gift_cards,popularity,quota_mmr,1,0.009193771852822
28,0.0,0.6316162686680329,0.0,0.3,gift_cards,popularity,quota_mmr,1,0.009193771852822
30,0.0,0.636674710671033,0.0,0.3,gift_cards,popularity,quota_mmr,1,0.0101685462587816
35,0.0,0.6316162686680329,0.0,0.3,gift_cards,popularity,quota_mmr,1,0.009193771852822
37,0.0,0.6587224340047072,0.0,0.3,gift_cards,popularity,quota_mmr,1,0.009193771852822
38,0.0,0.639587893092599,0.0,0.3,gift_cards,popularity,quota_mmr,1,0.009193771852822
47,0.0,0.6439897406360879,0.0,0.3,gift_cards,popularity,quota_mmr,1,0.009193771852822
50,0.0,0.6445770507583304,0.0,0.3,gift_cards,popularity,quota_mmr,1,0.0066846929373258
52,0.0,0.639587893092599,0.0,0.3,gift_cards,popularity,quota_mmr,1,0.009193771852822
59,0.0,0.6369886742094135,0.0,0.3,gift_cards,popularity,quota_mmr,1,0.009193771852822
63,0.0,0.6373121871060508,0.0,0.3,gift_cards,popularity,quota_mmr,1,0.0083298708806211
66,0.0,0.6315676529981399,0.0,0.3,gift_cards,popularity,quota_mmr,1,0.0083298708806211
69,0.0,0.6267429472223202,0.0,0.3,gift_cards,popularity,quota_mmr,1,0.007484808875801
70,0.2890648263178879,0.6487674407262989,1.0,0.3,gift_cards,popularity,quota_mmr,1,0.009193771852822
71,0.0,0.6316162686680329,0.0,0.3,gift_cards,popularity,quota_mmr,1,0.009193771852822
73,0.0,0.5885817410327155,0.0,0.3,gift_cards,popularity,quota_mmr,1,0.006195857800195
77,0.0,0.6316162686680329,0.0,0.3,gift_cards,popularity,quota_mmr,1,0.009193771852822
78,0.0,0.6199244299337161,0.0,0.3,gift_cards,popularity,quota_mmr,1,0.007474892677562
81,0.0,0.642400518761687,0.0,0.3,gift_cards,popularity,quota_mmr,1,0.0080659051944438
82,0.0,0.6316162686680329,0.0,0.3,gift_cards,popularity,quota_mmr,1,0.009193771852822
83,1.0,0.6405536829641648,1.0,0.3,gift_cards,popularity,quota_mmr,1,0.0066573319966864
84,0.6309297535714575,0.640170393901852,1.0,0.3,gift_cards,popularity,quota_mmr,1,0.0070970880664908
86,0.0,0.6231119111167037,0.0,0.3,gift_cards,popularity,quota_mmr,1,0.0078039381550976
89,0.0,0.6295085709794213,0.0,0.3,gift_cards,popularity,quota_mmr,1,0.0078039381550976
90,0.0,0.6278076891691803,0.0,0.3,gift_cards,popularity,quota_mmr,1,0.0082992985183132
92,0.0,0.6316162686680329,0.0,0.3,gift_cards,popularity,quota_mmr,1,0.009193771852822
93,0.0,0.6511216195539714,0.0,0.3,gift_cards,popularity,quota_mmr,1,0.009193771852822
97,0.0,0.6356540118600832,0.0,0.3,gift_cards,popularity,quota_mmr,1,0.0057497692880803
101,0.0,0.6344153348578436,0.0,0.3,gift_cards,popularity,quota_mmr,1,0.0076550692976548
103,0.0,0.6481720463842003,0.0,0.3,gift_cards,popularity,quota_mmr,1,0.009193771852822
109,0.0,0.6481720463842003,0.0,0.3,gift_cards,popularity,quota_mmr,1,0.009193771852822
111,0.0,0.6487674407262989,0.0,0.3,gift_cards,popularity,quota_mmr,1,0.009193771852822
112,0.0,0.6446462833854232,0.0,0.3,gift_cards,popularity,quota_mmr,1,0.009193771852822
113,0.0,0.6341142104424918,0.0,0.2,gift_cards,popularity,quota_mmr,1,0.0063596525443886
116,0.6309297535714575,0.6369886742094135,1.0,0.3,gift_cards,popularity,quota_mmr,1,0.009193771852822
117,0.0,0.6316162686680329,0.0,0.3,gift_cards,popularity,quota_mmr,1,0.009193771852822
118,0.0,0.6369886742094135,0.0,0.3,gift_cards,popularity,quota_mmr,1,0.009193771852822
121,0.0,0.6580304280643309,0.0,0.3,gift_cards,popularity,quota_mmr,1,0.0089906037950142
123,0.0,0.6031028176185722,0.0,0.3,gift_cards,popularity,quota_mmr,1,0.0037533940007118
128,0.0,0.6481720463842003,0.0,0.3,gift_cards,popularity,quota_mmr,1,0.009193771852822
130,0.0,0.6511216195539714,0.0,0.3,gift_cards,popularity,quota_mmr,1,0.009193771852822
132,0.0,0.642400518761687,0.0,0.3,gift_cards,popularity,quota_mmr,1,0.0080659051944438
133,0.0,0.635737204169631,0.0,0.3,gift_cards,popularity,quota_mmr,1,0.009193771852822
134,0.0,0.6208630463762604,0.0,0.3,gift_cards,popularity,quota_mmr,1,0.0063559843331637
136,0.0,0.6231119111167037,0.0,0.3,gift_cards,popularity,quota_mmr,1,0.0078039381550976
138,0.0,0.6420901423395035,0.0,0.3,gift_cards,popularity,quota_mmr,1,0.0101685462587816
140,0.0,0.636674710671033,0.0,0.3,gift_cards,popularity,quota_mmr,1,0.0099876566718859
146,0.0,0.6316162686680329,0.0,0.3,gift_cards,popularity,quota_mmr,1,0.0090196964968419
147,0.0,0.6467118378724754,0.0,0.3,gift_cards,popularity,quota_mmr,1,0.0065305056250979
148,0.0,0.6187316133010453,0.0,0.3,gift_cards,popularity,quota_mmr,1,0.0045713131380855
149,0.0,0.6262364466136476,0.0,0.3,gift_cards,popularity,quota_mmr,1,0.007474892677562
150,0.0,0.6316162686680329,0.0,0.3,gift_cards,popularity,quota_mmr,1,0.0090196964968419
153,0.0,0.6335788220910248,0.0,0.3,gift_cards,popularity,quota_mmr,1,0.0093556518761871
154,0.0,0.6316162686680329,0.0,0.3,gift_cards,popularity,quota_mmr,1,0.009193771852822
159,0.0,0.643547643811801,0.0,0.3,gift_cards,popularity,quota_mmr,1,0.007454157912951
162,0.0,0.6316162686680329,0.0,0.3,gift_cards,popularity,quota_mmr,1,0.009193771852822
164,0.0,0.635737204169631,0.0,0.3,gift_cards,popularity,quota_mmr,1,0.009193771852822
167,0.0,0.640170393901852,0.0,0.3,gift_cards,popularity,quota_mmr,1,0.0067117884252084
170,0.0,0.6435205403851164,0.0,0.3,gift_cards,popularity,quota_mmr,1,0.0101685462587816
172,0.0,0.635737204169631,0.0,0.3,gift_cards,popularity,quota_mmr,1,0.009193771852822
175,0.0,0.6316162686680329,0.0,0.3,gift_cards,popularity,quota_mmr,1,0.009193771852822
177,0.0,0.6348961931134919,0.0,0.3,gift_cards,popularity,quota_mmr,1,0.007474892677562
178,0.0,0.6485135750726913,0.0,0.3,gift_cards,popularity,quota_mmr,1,0.0067117884252084
182,0.0,0.6595184802474805,0.0,0.3,gift_cards,popularity,quota_mmr,1,0.009193771852822
186,0.0,0.6199244299337161,0.0,0.3,gift_cards,popularity,quota_mmr,1,0.007474892677562
188,1.0,0.6058537838623643,1.0,0.3,gift_cards,popularity,quota_mmr,1,0.006195857800195
192,0.0,0.6569578069700525,0.0,0.3,gift_cards,popularity,quota_mmr,1,0.009193771852822
193,0.0,0.6293817183785524,0.0,0.3,gift_cards,popularity,quota_mmr,1,0.0065196500725151
195,0.0,0.6102943377024012,0.0,0.3,gift_cards,popularity,quota_mmr,1,0.0042620968292916
198,0.0,0.6316162686680329,0.0,0.3,gift_cards,popularity,quota_mmr,1,0.009193771852822
199,0.0,0.6542508728060007,0.0,0.3,gift_cards,popularity,quota_mmr,1,0.009193771852822
200,0.0,0.6316162686680329,0.0,0.3,gift_cards,popularity,quota_mmr,1,0.009193771852822
201,0.0,0.6295085709794213,0.0,0.3,gift_cards,popularity,quota_mmr,1,0.0078039381550976
202,0.3333333333333333,0.6316162686680329,1.0,0.3,gift_cards,popularity,quota_mmr,1,0.009193771852822
209,0.0,0.6481720463842003,0.0,0.3,gift_cards,popularity,quota_mmr,1,0.009193771852822
216,0.0,0.6396761406523598,0.0,0.3,gift_cards,popularity,quota_mmr,1,0.009422456173563
222,0.0,0.6316162686680329,0.0,0.3,gift_cards,popularity,quota_mmr,1,0.0091276429429056
223,0.0,0.6315640086161157,0.0,0.3,gift_cards,popularity,quota_mmr,1,0.0068245305896662
227,0.0,0.639587893092599,0.0,0.3,gift_cards,popularity,quota_mmr,1,0.009193771852822
228,0.0,0.640545208392355,0.0,0.3,gift_cards,popularity,quota_mmr,1,0.0068245305896662
229,0.0,0.6369886742094135,0.0,0.3,gift_cards,popularity,quota_mmr,1,0.009193771852822
232,0.0,0.6511216195539714,0.0,0.3,gift_cards,popularity,quota_mmr,1,0.009193771852822
233,0.5,0.6485135750726913,1.0,0.3,gift_cards,popularity,quota_mmr,1,0.0067117884252084
235,0.0,0.6374823980534924,0.0,0.3,gift_cards,popularity,quota_mmr,1,0.0095790714941044
237,0.0,0.6516271568715484,0.0,0.3,gift_cards,popularity,quota_mmr,1,0.007333759023271
239,0.0,0.6348961931134919,0.0,0.3,gift_cards,popularity,quota_mmr,1,0.007474892677562
244,0.0,0.6134394621088343,0.0,0.3,gift_cards,popularity,quota_mmr,1,0.0063559843331637
246,0.0,0.6321822455174181,0.0,0.3,gift_cards,popularity,quota_mmr,1,0.0068245305896662
247,0.0,0.6348961931134919,0.0,0.3,gift_cards,popularity,quota_mmr,1,0.007474892677562
250,0.0,0.6538687131424091,0.0,0.3,gift_cards,popularity,quota_mmr,1,0.009422456173563
251,0.0,0.6354082348140857,0.0,0.3,gift_cards,popularity,quota_mmr,1,0.0064666134561417
252,0.0,0.6316162686680329,0.0,0.3,gift_cards,popularity,quota_mmr,1,0.009193771852822
261,0.0,0.6415877274696715,0.0,0.3,gift_cards,popularity,quota_mmr,1,0.0064795071952716
264,0.0,0.6316162686680329,0.0,0.3,gift_cards,popularity,quota_mmr,1,0.009193771852822
265,0.0,0.6316162686680329,0.0,0.3,gift_cards,popularity,quota_mmr,1,0.009193771852822
270,0.0,0.651331122458274,0.0,0.3,gift_cards,popularity,quota_mmr,1,0.0068245305896662
272,0.6309297535714575,0.6381636141390624,1.0,0.3,gift_cards,popularity,quota_mmr,1,0.009193771852822
273,0.0,0.6316162686680329,0.0,0.3,gift_cards,popularity,quota_mmr,1,0.009193771852822
275,0.0,0.6316162686680329,0.0,0.3,gift_cards,popularity,quota_mmr,1,0.009193771852822
276,0.0,0.6201046510808245,0.0,0.3,gift_cards,popularity,quota_mmr,1,0.0079120020762778
279,0.0,0.6511216195539714,0.0,0.3,gift_cards,popularity,quota_mmr,1,0.009193771852822
282,0.0,0.6297089955535929,0.0,0.3,gift_cards,popularity,quota_mmr,1,0.0091976887248272
283,0.0,0.6481720463842003,0.0,0.3,gift_cards,popularity,quota_mmr,1,0.009193771852822
286,0.0,0.6500031103540382,0.0,0.3,gift_cards,popularity,quota_mmr,1,0.0080659051944438
287,0.0,0.6321816227529956,0.0,0.3,gift_cards,popularity,quota_mmr,1,0.009193771852822
289,0.0,0.6316162686680329,0.0,0.3,gift_cards,popularity,quota_mmr,1,0.009193771852822
290,0.0,0.6628196588905021,0.0,0.3,gift_cards,popularity,quota_mmr,1,0.009193771852822
291,0.0,0.6321822455174181,0.0,0.3,gift_cards,popularity,quota_mmr,1,0.0068245305896662
292,0.0,0.635737204169631,0.0,0.3,gift_cards,popularity,quota_mmr,1,0.009193771852822
294,0.3868528072345416,0.6316162686680329,1.0,0.3,gift_cards,popularity,quota_mmr,1,0.009193771852822
297,0.0,0.646851045291114,0.0,0.3,gift_cards,popularity,quota_mmr,1,0.0067117884252084
298,0.0,0.6315640086161157,0.0,0.3,gift_cards,popularity,quota_mmr,1,0.0068245305896662
300,0.0,0.6316162686680329,0.0,0.3,gift_cards,popularity,quota_mmr,1,0.009193771852822
302,0.0,0.6441562538706663,0.0,0.3,gift_cards,popularity,quota_mmr,1,0.0101753331090264
306,0.0,0.642400518761687,0.0,0.3,gift_cards,popularity,quota_mmr,1,0.0080659051944438
307,0.0,0.6378154954798408,0.0,0.3,gift_cards,popularity,quota_mmr,1,0.0101685462587816
311,0.0,0.6231119111167037,0.0,0.3,gift_cards,popularity,quota_mmr,1,0.0078039381550976
313,0.0,0.6384077076045485,0.0,0.3,gift_cards,popularity,quota_mmr,1,0.009193771852822
315,0.0,0.6492545594868194,0.0,0.3,gift_cards,popularity,quota_mmr,1,0.009193771852822
316,0.0,0.5769980888923837,0.0,0.3,gift_cards,popularity,quota_mmr,1,0.0031622647777433
317,0.0,0.6316162686680329,0.0,0.3,gift_cards,popularity,quota_mmr,1,0.009193771852822
319,0.0,0.6164500783558461,0.0,0.3,gift_cards,popularity,quota_mmr,1,0.0060980197811433
320,0.0,0.6481720463842003,0.0,0.3,gift_cards,popularity,quota_mmr,1,0.009193771852822
321,0.0,0.6231119111167037,0.0,0.3,gift_cards,popularity,quota_mmr,1,0.0078039381550976
322,0.0,0.6548340609479393,0.0,0.3,gift_cards,popularity,quota_mmr,1,0.0067117884252084
324,0.5,0.6316162686680329,1.0,0.3,gift_cards,popularity,quota_mmr,1,0.0090196964968419
326,0.0,0.6316162686680329,0.0,0.3,gift_cards,popularity,quota_mmr,1,0.009193771852822
327,0.0,0.635737204169631,0.0,0.3,gift_cards,popularity,quota_mmr,1,0.009193771852822
329,0.0,0.6316162686680329,0.0,0.3,gift_cards,popularity,quota_mmr,1,0.009193771852822
330,0.0,0.6481720463842003,0.0,0.3,gift_cards,popularity,quota_mmr,1,0.009193771852822
331,0.0,0.6445770507583304,0.0,0.3,gift_cards,popularity,quota_mmr,1,0.0066846929373258
332,0.0,0.6321816227529956,0.0,0.3,gift_cards,popularity,quota_mmr,1,0.009193771852822
337,0.0,0.640391363336637,0.0,0.3,gift_cards,popularity,quota_mmr,1,0.0093556518761871
340,0.0,0.6231119111167037,0.0,0.3,gift_cards,popularity,quota_mmr,1,0.0078039381550976
342,0.0,0.6316162686680329,0.0,0.3,gift_cards,popularity,quota_mmr,1,0.009193771852822
344,0.0,0.6199244299337161,0.0,0.3,gift_cards,popularity,quota_mmr,1,0.007474892677562
345,0.0,0.5822636281001361,0.0,0.3,gift_cards,popularity,quota_mmr,1,0.0054561101827829
347,0.0,0.6321816227529956,0.0,0.3,gift_cards,popularity,quota_mmr,1,0.009193771852822
348,0.0,0.6399807449375069,0.0,0.3,gift_cards,popularity,quota_mmr,1,0.0101753331090264
354,0.0,0.6335788220910248,0.0,0.3,gift_cards,popularity,quota_mmr,1,0.0093556518761871
355,0.0,0.6231119111167037,0.0,0.3,gift_cards,popularity,quota_mmr,1,0.0078039381550976
359,0.0,0.6316162686680329,0.0,0.3,gift_cards,popularity,quota_mmr,1,0.009193771852822
361,0.0,0.6231119111167037,0.0,0.3,gift_cards,popularity,quota_mmr,1,0.0078039381550976
362,0.0,0.6348961931134919,0.0,0.3,gift_cards,popularity,quota_mmr,1,0.007474892677562
364,0.0,0.640170393901852,0.0,0.3,gift_cards,popularity,quota_mmr,1,0.0067117884252084
366,0.0,0.6316162686680329,0.0,0.3,gift_cards,popularity,quota_mmr,1,0.009193771852822
368,0.0,0.6199244299337161,0.0,0.3,gift_cards,popularity,quota_mmr,1,0.007474892677562
370,0.3562071871080222,0.5885817410327155,1.0,0.3,gift_cards,popularity,quota_mmr,1,0.006195857800195
375,0.0,0.6316162686680329,0.0,0.3,gift_cards,popularity,quota_mmr,1,0.009193771852822
376,0.0,0.6315640086161157,0.0,0.3,gift_cards,popularity,quota_mmr,1,0.0068245305896662
378,0.0,0.6538687131424091,0.0,0.3,gift_cards,popularity,quota_mmr,1,0.009422456173563
380,0.0,0.5911234497159595,0.0,0.3,gift_cards,popularity,quota_mmr,1,0.0043506562530556
381,0.0,0.6316162686680329,0.0,0.3,gift_cards,popularity,quota_mmr,1,0.0091276429429056
385,0.0,0.6551238076890215,0.0,0.3,gift_cards,popularity,quota_mmr,1,0.0067117884252084
386,0.0,0.6231119111167037,0.0,0.3,gift_cards,popularity,quota_mmr,1,0.0078039381550976
391,0.0,0.6286587903582983,0.0,0.3,gift_cards,popularity,quota_mmr,1,0.0065196500725151
392,0.0,0.6348961931134919,0.0,0.3,gift_cards,popularity,quota_mmr,1,0.007474892677562
397,0.0,0.6201046510808245,0.0,0.3,gift_cards,popularity,quota_mmr,1,0.0079120020762778
401,0.0,0.6348961931134919,0.0,0.3,gift_cards,popularity,quota_mmr,1,0.007474892677562
404,0.0,0.6316162686680329,0.0,0.3,gift_cards,popularity,quota_mmr,1,0.009193771852822
405,0.0,0.6316162686680329,0.0,0.3,gift_cards,popularity,quota_mmr,1,0.009193771852822
406,0.0,0.6316162686680329,0.0,0.3,gift_cards,popularity,quota_mmr,1,0.009193771852822
407,0.0,0.6316162686680329,0.0,0.3,gift_cards,popularity,quota_mmr,1,0.009193771852822
408,1.0,0.6231119111167037,1.0,0.3,gift_cards,popularity,quota_mmr,1,0.0078039381550976
409,0.0,0.6316162686680329,0.0,0.3,gift_cards,popularity,quota_mmr,1,0.009193771852822
412,0.0,0.6321816227529956,0.0,0.3,gift_cards,popularity,quota_mmr,1,0.009193771852822
414,0.0,0.6316162686680329,0.0,0.3,gift_cards,popularity,quota_mmr,1,0.009193771852822
416,0.0,0.640170393901852,0.0,0.3,gift_cards,popularity,quota_mmr,1,0.0067117884252084
417,0.0,0.643310331640165,0.0,0.3,gift_cards,popularity,quota_mmr,1,0.009193771852822
419,0.0,0.6396761406523598,0.0,0.3,gift_cards,popularity,quota_mmr,1,0.009422456173563
420,0.0,0.6487674407262989,0.0,0.3,gift_cards,popularity,quota_mmr,1,0.009193771852822
421,0.0,0.6425331267658732,0.0,0.3,gift_cards,popularity,quota_mmr,1,0.0078039381550976
422,0.0,0.6327479898314712,0.0,0.3,gift_cards,popularity,quota_mmr,1,0.009193771852822
423,0.6309297535714575,0.6636987933003258,1.0,0.3,gift_cards,popularity,quota_mmr,1,0.009193771852822
424,0.0,0.640170393901852,0.0,0.3,gift_cards,popularity,quota_mmr,1,0.0067117884252084
428,0.0,0.6297089955535929,0.0,0.3,gift_cards,popularity,quota_mmr,1,0.0091976887248272
429,0.0,0.6456428332994238,0.0,0.3,gift_cards,popularity,quota_mmr,1,0.0084827184317098
435,0.3562071871080222,0.636674710671033,1.0,0.3,gift_cards,popularity,quota_mmr,1,0.0101685462587816
436,0.0,0.6321816227529956,0.0,0.3,gift_cards,popularity,quota_mmr,1,0.009193771852822
437,0.0,0.640170393901852,0.0,0.3,gift_cards,popularity,quota_mmr,1,0.0067117884252084
440,0.3154648767857287,0.6199244299337161,1.0,0.3,gift_cards,popularity,quota_mmr,1,0.007474892677562
441,0.0,0.6663121983069249,0.0,0.3,gift_cards,popularity,quota_mmr,1,0.009193771852822
443,0.0,0.6321816227529956,0.0,0.3,gift_cards,popularity,quota_mmr,1,0.009193771852822
444,0.0,0.646851045291114,0.0,0.3,gift_cards,popularity,quota_mmr,1,0.0067117884252084
445,0.0,0.636674710671033,0.0,0.3,gift_cards,popularity,quota_mmr,1,0.0101685462587816
446,0.0,0.6511216195539714,0.0,0.3,gift_cards,popularity,quota_mmr,1,0.009193771852822
450,0.0,0.6335788220910248,0.0,0.3,gift_cards,popularity,quota_mmr,1,0.0093556518761871
451,0.3562071871080222,0.6441562538706663,1.0,0.3,gift_cards,popularity,quota_mmr,1,0.0101753331090264
2,0.0,1.0,0.0,1.5,gift_cards,itemknn,none,1,
5,0.0,1.0,0.0,1.3,gift_cards,itemknn,none,1,
7,0.0,1.0,0.0,1.5,gift_cards,itemknn,none,1,
9,0.5,1.0,1.0,1.3,gift_cards,itemknn,none,1,
11,0.3333333333333333,1.0,1.0,1.5,gift_cards,itemknn,none,1,
13,0.0,1.0,0.0,1.1,gift_cards,itemknn,none,1,
16,0.3562071871080222,1.0,1.0,1.5,gift_cards,itemknn,none,1,
18,0.6309297535714575,1.0,1.0,1.3,gift_cards,itemknn,none,1,
19,0.0,1.0,0.0,1.5,gift_cards,itemknn,none,1,
20,0.0,1.0,0.0,1.5,gift_cards,itemknn,none,1,
23,0.0,1.0,0.0,1.5,gift_cards,itemknn,none,1,
24,0.3868528072345416,1.0,1.0,1.5,gift_cards,itemknn,none,1,
26,0.0,1.0,0.0,1.3,gift_cards,itemknn,none,1,
28,0.0,1.0,0.0,0.4,gift_cards,itemknn,none,1,
30,0.0,1.0,0.0,1.5,gift_cards,itemknn,none,1,
35,0.3868528072345416,1.0,1.0,1.5,gift_cards,itemknn,none,1,
37,0.0,1.0,0.0,1.1,gift_cards,itemknn,none,1,
38,0.5,1.0,1.0,1.3,gift_cards,itemknn,none,1,
47,0.2890648263178879,1.0,1.0,1.5,gift_cards,itemknn,none,1,
50,0.3562071871080222,1.0,1.0,1.5,gift_cards,itemknn,none,1,
52,0.430676558073393,1.0,1.0,1.5,gift_cards,itemknn,none,1,
59,0.0,1.0,0.0,1.5,gift_cards,itemknn,none,1,
63,0.0,1.0,0.0,1.1,gift_cards,itemknn,none,1,
66,0.0,1.0,0.0,1.5,gift_cards,itemknn,none,1,
69,0.0,1.0,0.0,1.5,gift_cards,itemknn,none,1,
70,0.0,1.0,0.0,1.5,gift_cards,itemknn,none,1,
71,0.0,1.0,0.0,1.5,gift_cards,itemknn,none,1,
73,0.0,1.0,0.0,1.3,gift_cards,itemknn,none,1,
77,0.0,1.0,0.0,1.5,gift_cards,itemknn,none,1,
78,0.430676558073393,1.0,1.0,1.1,gift_cards,itemknn,none,1,
81,0.0,1.0,0.0,1.5,gift_cards,itemknn,none,1,
82,0.2890648263178879,1.0,1.0,1.5,gift_cards,itemknn,none,1,
83,0.3333333333333333,1.0,1.0,1.1,gift_cards,itemknn,none,1,
84,0.0,1.0,0.0,1.5,gift_cards,itemknn,none,1,
86,0.0,1.0,0.0,1.3,gift_cards,itemknn,none,1,
89,0.430676558073393,1.0,1.0,1.5,gift_cards,itemknn,none,1,
90,0.0,1.0,0.0,1.5,gift_cards,itemknn,none,1,
92,0.0,1.0,0.0,1.5,gift_cards,itemknn,none,1,
93,0.430676558073393,1.0,1.0,1.3,gift_cards,itemknn,none,1,
97,0.0,1.0,0.0,1.3,gift_cards,itemknn,none,1,
101,0.430676558073393,1.0,1.0,1.1,gift_cards,itemknn,none,1,
103,0.0,1.0,0.0,1.5,gift_cards,itemknn,none,1,
109,0.2890648263178879,1.0,1.0,1.3,gift_cards,itemknn,none,1,
111,0.3333333333333333,1.0,1.0,1.5,gift_cards,itemknn,none,1,
112,0.0,1.0,0.0,1.5,gift_cards,itemknn,none,1,
113,0.0,1.0,0.0,1.5,gift_cards,itemknn,none,1,
116,0.6309297535714575,1.0,1.0,1.5,gift_cards,itemknn,none,1,
117,1.0,1.0,1.0,1.5,gift_cards,itemknn,none,1,
118,0.0,1.0,0.0,1.3,gift_cards,itemknn,none,1,
121,0.0,1.0,0.0,1.3,gift_cards,itemknn,none,1,
123,0.0,1.0,0.0,1.5,gift_cards,itemknn,none,1,
128,0.0,1.0,0.0,1.5,gift_cards,itemknn,none,1,
130,0.0,1.0,0.0,1.5,gift_cards,itemknn,none,1,
132,0.0,1.0,0.0,1.3,gift_cards,itemknn,none,1,
133,0.0,1.0,0.0,1.5,gift_cards,itemknn,none,1,
134,0.6309297535714575,1.0,1.0,1.5,gift_cards,itemknn,none,1,
136,0.0,1.0,0.0,1.5,gift_cards,itemknn,none,1,
138,0.0,1.0,0.0,1.3,gift_cards,itemknn,none,1,
140,0.430676558073393,1.0,1.0,1.5,gift_cards,itemknn,none,1,
146,0.3562071871080222,1.0,1.0,0.5,gift_cards,itemknn,none,1,
147,0.0,1.0,0.0,1.5,gift_cards,itemknn,none,1,
148,0.3154648767857287,1.0,1.0,1.5,gift_cards,itemknn,none,1,
149,0.2890648263178879,1.0,1.0,1.3,gift_cards,itemknn,none,1,
150,0.0,1.0,0.0,0.5,gift_cards,itemknn,none,1,
153,0.0,1.0,0.0,0.7,gift_cards,itemknn,none,1,
154,0.0,1.0,0.0,1.5,gift_cards,itemknn,none,1,
159,0.0,1.0,0.0,1.5,gift_cards,itemknn,none,1,
162,0.0,1.0,0.0,1.5,gift_cards,itemknn,none,1,
164,0.0,1.0,0.0,1.5,gift_cards,itemknn,none,1,
167,0.0,1.0,0.0,1.5,gift_cards,itemknn,none,1,
170,0.0,1.0,0.0,1.5,gift_cards,itemknn,none,1,
172,0.0,1.0,0.0,1.5,gift_cards,itemknn,none,1,
175,0.2890648263178879,1.0,1.0,1.5,gift_cards,itemknn,none,1,
177,0.3154648767857287,1.0,1.0,1.3,gift_cards,itemknn,none,1,
178,0.2890648263178879,1.0,1.0,1.5,gift_cards,itemknn,none,1,
182,0.0,1.0,0.0,1.3,gift_cards,itemknn,none,1,
186,0.0,1.0,0.0,1.5,gift_cards,itemknn,none,1,
188,0.3868528072345416,1.0,1.0,1.5,gift_cards,itemknn,none,1,
192,0.0,1.0,0.0,1.5,gift_cards,itemknn,none,1,
193,0.0,1.0,0.0,1.5,gift_cards,itemknn,none,1,
195,0.0,1.0,0.0,1.3,gift_cards,itemknn,none,1,
198,0.0,1.0,0.0,1.3,gift_cards,itemknn,none,1,
199,0.0,1.0,0.0,1.3,gift_cards,itemknn,none,1,
200,0.0,1.0,0.0,1.5,gift_cards,itemknn,none,1,
201,0.3562071871080222,1.0,1.0,1.5,gift_cards,itemknn,none,1,
202,0.0,1.0,0.0,1.5,gift_cards,itemknn,none,1,
209,0.0,1.0,0.0,1.3,gift_cards,itemknn,none,1,
216,0.3010299956639812,1.0,1.0,1.5,gift_cards,itemknn,none,1,
222,0.3154648767857287,1.0,1.0,1.5,gift_cards,itemknn,none,1,
223,0.0,1.0,0.0,1.5,gift_cards,itemknn,none,1,
227,0.0,1.0,0.0,1.3,gift_cards,itemknn,none,1,
228,0.0,1.0,0.0,1.3,gift_cards,itemknn,none,1,
229,0.3868528072345416,1.0,1.0,1.3,gift_cards,itemknn,none,1,
232,0.6309297535714575,1.0,1.0,1.1,gift_cards,itemknn,none,1,
233,1.0,1.0,1.0,1.5,gift_cards,itemknn,none,1,
235,1.0,1.0,1.0,1.3,gift_cards,itemknn,none,1,
237,0.0,1.0,0.0,1.5,gift_cards,itemknn,none,1,
239,0.0,1.0,0.0,1.5,gift_cards,itemknn,none,1,
244,0.0,1.0,0.0,1.5,gift_cards,itemknn,none,1,
246,0.0,1.0,0.0,1.3,gift_cards,itemknn,none,1,
247,0.0,1.0,0.0,1.5,gift_cards,itemknn,none,1,
250,0.6309297535714575,1.0,1.0,1.3,gift_cards,itemknn,none,1,
251,0.0,1.0,0.0,1.3,gift_cards,itemknn,none,1,
252,1.0,1.0,1.0,0.5,gift_cards,itemknn,none,1,
261,0.3333333333333333,1.0,1.0,1.3,gift_cards,itemknn,none,1,
264,0.0,1.0,0.0,1.5,gift_cards,itemknn,none,1,
265,0.5,1.0,1.0,1.5,gift_cards,itemknn,none,1,
270,0.3010299956639812,1.0,1.0,1.3,gift_cards,itemknn,none,1,
272,0.430676558073393,1.0,1.0,1.5,gift_cards,itemknn,none,1,
273,0.0,1.0,0.0,1.3,gift_cards,itemknn,none,1,
275,0.3562071871080222,1.0,1.0,1.5,gift_cards,itemknn,none,1,
276,0.0,1.0,0.0,1.5,gift_cards,itemknn,none,1,
279,0.0,1.0,0.0,1.1,gift_cards,itemknn,none,1,
282,1.0,1.0,1.0,0.7,gift_cards,itemknn,none,1,
283,0.3868528072345416,1.0,1.0,1.5,gift_cards,itemknn,none,1,
286,0.5,1.0,1.0,1.5,gift_cards,itemknn,none,1,
287,0.0,1.0,0.0,1.5,gift_cards,itemknn,none,1,
289,0.0,1.0,0.0,1.3,gift_cards,itemknn,none,1,
290,0.0,1.0,0.0,1.5,gift_cards,itemknn,none,1,
291,0.0,1.0,0.0,1.3,gift_cards,itemknn,none,1,
292,0.0,1.0,0.0,1.5,gift_cards,itemknn,none,1,
294,0.5,1.0,1.0,1.1,gift_cards,itemknn,none,1,
297,0.0,1.0,0.0,1.5,gift_cards,itemknn,none,1,
298,0.0,1.0,0.0,1.5,gift_cards,itemknn,none,1,
300,0.0,1.0,0.0,1.5,gift_cards,itemknn,none,1,
302,0.0,1.0,0.0,1.5,gift_cards,itemknn,none,1,
306,0.0,1.0,0.0,1.5,gift_cards,itemknn,none,1,
307,0.0,1.0,0.0,1.5,gift_cards,itemknn,none,1,
311,0.0,1.0,0.0,1.5,gift_cards,itemknn,none,1,
313,0.2890648263178879,1.0,1.0,1.5,gift_cards,itemknn,none,1,
315,0.0,1.0,0.0,1.5,gift_cards,itemknn,none,1,
316,0.0,1.0,0.0,1.5,gift_cards,itemknn,none,1,
317,0.2890648263178879,1.0,1.0,1.5,gift_cards,itemknn,none,1,
319,0.0,1.0,0.0,1.5,gift_cards,itemknn,none,1,
320,0.0,1.0,0.0,1.5,gift_cards,itemknn,none,1,
321,0.0,1.0,0.0,1.5,gift_cards,itemknn,none,1,
322,0.0,1.0,0.0,1.5,gift_cards,itemknn,none,1,
324,0.0,1.0,0.0,1.3,gift_cards,itemknn,none,1,
326,0.3010299956639812,1.0,1.0,1.5,gift_cards,itemknn,none,1,
327,0.3562071871080222,1.0,1.0,1.5,gift_cards,itemknn,none,1,
329,1.0,1.0,1.0,1.5,gift_cards,itemknn,none,1,
330,0.430676558073393,1.0,1.0,1.5,gift_cards,itemknn,none,1,
331,0.0,1.0,0.0,1.5,gift_cards,itemknn,none,1,
332,0.0,1.0,0.0,1.5,gift_cards,itemknn,none,1,
337,0.0,1.0,0.0,1.5,gift_cards,itemknn,none,1,
340,0.0,1.0,0.0,1.5,gift_cards,itemknn,none,1,
342,0.0,1.0,0.0,0.8,gift_cards,itemknn,none,1,
344,0.0,1.0,0.0,1.5,gift_cards,itemknn,none,1,
345,0.0,1.0,0.0,1.5,gift_cards,itemknn,none,1,
347,0.2890648263178879,1.0,1.0,1.5,gift_cards,itemknn,none,1,
348,0.0,1.0,0.0,1.5,gift_cards,itemknn,none,1,
354,0.0,1.0,0.0,0.9,gift_cards,itemknn,none,1,
355,0.0,1.0,0.0,1.5,gift_cards,itemknn,none,1,
359,0.0,1.0,0.0,1.5,gift_cards,itemknn,none,1,
361,0.0,1.0,0.0,1.5,gift_cards,itemknn,none,1,
362,0.5,1.0,1.0,1.3,gift_cards,itemknn,none,1,
364,0.0,1.0,0.0,1.5,gift_cards,itemknn,none,1,
366,0.5,1.0,1.0,1.5,gift_cards,itemknn,none,1,
368,0.0,1.0,0.0,1.5,gift_cards,itemknn,none,1,
370,0.0,1.0,0.0,1.3,gift_cards,itemknn,none,1,
375,0.0,1.0,0.0,1.5,gift_cards,itemknn,none,1,
376,0.0,1.0,0.0,1.5,gift_cards,itemknn,none,1,
378,0.3562071871080222,1.0,1.0,1.3,gift_cards,itemknn,none,1,
380,0.2890648263178879,1.0,1.0,1.5,gift_cards,itemknn,none,1,
381,1.0,1.0,1.0,1.5,gift_cards,itemknn,none,1,
385,0.0,1.0,0.0,1.5,gift_cards,itemknn,none,1,
386,0.0,1.0,0.0,1.5,gift_cards,itemknn,none,1,
391,0.3154648767857287,1.0,1.0,1.3,gift_cards,itemknn,none,1,
392,0.0,1.0,0.0,1.5,gift_cards,itemknn,none,1,
397,0.6309297535714575,1.0,1.0,1.5,gift_cards,itemknn,none,1,
401,0.3010299956639812,1.0,1.0,1.3,gift_cards,itemknn,none,1,
404,0.2890648263178879,1.0,1.0,1.3,gift_cards,itemknn,none,1,
405,0.0,1.0,0.0,1.1,gift_cards,itemknn,none,1,
406,0.3010299956639812,1.0,1.0,1.5,gift_cards,itemknn,none,1,
407,0.0,1.0,0.0,1.5,gift_cards,itemknn,none,1,
408,0.6309297535714575,1.0,1.0,1.5,gift_cards,itemknn,none,1,
409,0.0,1.0,0.0,1.5,gift_cards,itemknn,none,1,
412,0.0,1.0,0.0,1.5,gift_cards,itemknn,none,1,
414,0.0,1.0,0.0,1.5,gift_cards,itemknn,none,1,
416,0.0,1.0,0.0,1.5,gift_cards,itemknn,none,1,
417,0.430676558073393,1.0,1.0,1.3,gift_cards,itemknn,none,1,
419,0.3562071871080222,1.0,1.0,1.3,gift_cards,itemknn,none,1,
420,0.0,1.0,0.0,1.5,gift_cards,itemknn,none,1,
421,0.0,1.0,0.0,1.5,gift_cards,itemknn,none,1,
422,0.0,1.0,0.0,1.5,gift_cards,itemknn,none,1,
423,0.3868528072345416,1.0,1.0,1.5,gift_cards,itemknn,none,1,
424,0.0,1.0,0.0,1.5,gift_cards,itemknn,none,1,
428,0.5,1.0,1.0,0.9,gift_cards,itemknn,none,1,
429,0.0,1.0,0.0,1.5,gift_cards,itemknn,none,1,
435,0.3154648767857287,1.0,1.0,0.9,gift_cards,itemknn,none,1,
436,0.0,1.0,0.0,1.5,gift_cards,itemknn,none,1,
437,0.0,1.0,0.0,1.5,gift_cards,itemknn,none,1,
440,0.0,1.0,0.0,1.3,gift_cards,itemknn,none,1,
441,0.0,1.0,0.0,1.3,gift_cards,itemknn,none,1,
443,0.0,1.0,0.0,1.5,gift_cards,itemknn,none,1,
444,0.0,1.0,0.0,1.5,gift_cards,itemknn,none,1,
445,0.0,1.0,0.0,1.5,gift_cards,itemknn,none,1,
446,0.0,1.0,0.0,1.5,gift_cards,itemknn,none,1,
450,0.3868528072345416,1.0,1.0,0.5,gift_cards,itemknn,none,1,
451,0.0,1.0,0.0,1.3,gift_cards,itemknn,none,1,
2,0.0,0.6210784575678755,0.0,0.2,gift_cards,itemknn,quota_mmr,1,0.0055188781529743
5,0.3333333333333333,0.67582013575045,1.0,0.2,gift_cards,itemknn,quota_mmr,1,0.0104433273831906
7,0.0,0.647012450420801,0.0,0.2,gift_cards,itemknn,quota_mmr,1,0.0063487864164381
9,0.0,0.6255494837103497,0.0,0.2,gift_cards,itemknn,quota_mmr,1,0.0058001439733573
11,0.6309297535714575,0.7271424217782856,1.0,0.3,gift_cards,itemknn,quota_mmr,1,0.0106108452414146
13,0.3154648767857287,0.7213777721785397,1.0,0.3,gift_cards,itemknn,quota_mmr,1,0.0151380049341484
16,0.0,0.7289543924434105,0.0,0.3,gift_cards,itemknn,quota_mmr,1,0.0152499704401603
18,0.6309297535714575,0.8119720026178223,1.0,0.3,gift_cards,itemknn,quota_mmr,1,0.0190739052180286
19,0.0,0.6547482927068281,0.0,0.2,gift_cards,itemknn,quota_mmr,1,0.005411260798364
20,0.0,0.6205850193596747,0.0,0.2,gift_cards,itemknn,quota_mmr,1,0.0078596874270163
23,0.0,0.7355894610816613,0.0,0.3,gift_cards,itemknn,quota_mmr,1,0.0182134916899698
24,0.5,0.8046152661945624,1.0,0.2,gift_cards,itemknn,quota_mmr,1,0.0133149243904804
26,0.0,0.7369949824149973,0.0,0.3,gift_cards,itemknn,quota_mmr,1,0.0088138217326968
28,0.0,0.975607137014128,0.0,0.2,gift_cards,itemknn,quota_mmr,1,0.0215588870590288
30,0.0,0.8034507158601384,0.0,0.2,gift_cards,itemknn,quota_mmr,1,0.0071059946038113
35,0.5,0.6543033596444969,1.0,0.3,gift_cards,itemknn,quota_mmr,1,0.006749909048274
37,0.0,0.6730005470161879,0.0,0.3,gift_cards,itemknn,quota_mmr,1,0.0064874217197326
38,0.6309297535714575,0.7197877399547312,1.0,0.3,gift_cards,itemknn,quota_mmr,1,0.0163680914107261
47,0.0,0.6383412254433893,0.0,0.2,gift_cards,itemknn,quota_mmr,1,0.0080262083393312
50,0.0,0.6817497045776078,0.0,0.2,gift_cards,itemknn,quota_mmr,1,0.0075874533333671
52,0.0,0.7000861944144107,0.0,0.3,gift_cards,itemknn,quota_mmr,1,0.0116727990103194
59,0.0,0.7215426577286324,0.0,0.3,gift_cards,itemknn,quota_mmr,1,0.0106416621716298
63,0.0,0.7882407765556585,0.0,0.2,gift_cards,itemknn,quota_mmr,1,0.0131096846635569
66,0.0,0.6858127196619539,0.0,0.3,gift_cards,itemknn,quota_mmr,1,0.0052002711431941
69,0.0,0.701873747535759,0.0,0.3,gift_cards,itemknn,quota_mmr,1,0.0099453140927246
70,0.0,0.6994065049679237,0.0,0.3,gift_cards,itemknn,quota_mmr,1,0.0132776084484526
71,0.0,0.8012522179136515,0.0,0.3,gift_cards,itemknn,quota_mmr,1,0.0137390322188252
73,0.0,0.5911556268364083,0.0,0.3,gift_cards,itemknn,quota_mmr,1,0.0036990930298425
77,0.0,0.692780328415203,0.0,0.3,gift_cards,itemknn,quota_mmr,1,0.0140881841586406
78,0.0,0.6154136626603246,0.0,0.3,gift_cards,itemknn,quota_mmr,1,0.0054693863230364
81,0.0,0.6487590312334163,0.0,0.2,gift_cards,itemknn,quota_mmr,1,0.0077927900793235
82,0.0,0.7016829366935952,0.0,0.3,gift_cards,itemknn,quota_mmr,1,0.0177166437408905
83,0.0,0.7302882043893973,0.0,0.3,gift_cards,itemknn,quota_mmr,1,0.0057178659657575
84,0.0,0.6946039667638547,0.0,0.2,gift_cards,itemknn,quota_mmr,1,0.0098655665750979
86,0.3562071871080222,0.6691248179845579,1.0,0.3,gift_cards,itemknn,quota_mmr,1,0.0080871048911472
89,0.0,0.7106588732758116,0.0,0.2,gift_cards,itemknn,quota_mmr,1,0.0095082796823608
90,0.0,0.7063292761208481,0.0,0.3,gift_cards,itemknn,quota_mmr,1,0.0050403758594081
92,0.0,0.7560024788286117,0.0,0.2,gift_cards,itemknn,quota_mmr,1,0.0140044395636323
93,0.6309297535714575,0.6185672470068552,1.0,0.3,gift_cards,itemknn,quota_mmr,1,0.0063287693131485
97,0.0,0.7897755304966975,0.0,0.3,gift_cards,itemknn,quota_mmr,1,0.0136107660671522
101,0.5,0.7647235578592636,1.0,0.2,gift_cards,itemknn,quota_mmr,1,0.0092034468042038
103,0.0,0.7714171164879348,0.0,0.3,gift_cards,itemknn,quota_mmr,1,0.0183230578462945
109,0.0,0.7468891111251216,0.0,0.3,gift_cards,itemknn,quota_mmr,1,0.0138738636896086
111,0.0,0.7378716179399609,0.0,0.2,gift_cards,itemknn,quota_mmr,1,0.017323494974174
112,0.0,0.6450499653605578,0.0,0.3,gift_cards,itemknn,quota_mmr,1,0.0055612260455526
113,0.0,0.6971946637658969,0.0,0.3,gift_cards,itemknn,quota_mmr,1,0.0093623225781975
116,0.6309297535714575,0.6957578006489298,1.0,0.2,gift_cards,itemknn,quota_mmr,1,0.0096363176730888
117,1.0,0.7130815199590831,1.0,0.2,gift_cards,itemknn,quota_mmr,1,0.0053908289437112
118,0.0,0.7048602705877236,0.0,0.3,gift_cards,itemknn,quota_mmr,1,0.008173396682743
121,0.0,0.7196747563630155,0.0,0.3,gift_cards,itemknn,quota_mmr,1,0.0130237845254485
123,0.0,0.6699360261836701,0.0,0.3,gift_cards,itemknn,quota_mmr,1,0.0067457942741109
128,0.0,0.7274504933173599,0.0,0.3,gift_cards,itemknn,quota_mmr,1,0.0173429674461595
130,0.0,0.6026807407892801,0.0,0.2,gift_cards,itemknn,quota_mmr,1,0.0041210753099334
132,0.3333333333333333,0.6742594804593749,1.0,0.2,gift_cards,itemknn,quota_mmr,1,0.0082888136479351
133,0.0,0.7014388692351209,0.0,0.3,gift_cards,itemknn,quota_mmr,1,0.010867547391206
134,0.0,0.6373429320145781,0.0,0.2,gift_cards,itemknn,quota_mmr,1,0.0041088955801561
136,0.0,0.7754920557740209,0.0,0.2,gift_cards,itemknn,quota_mmr,1,0.007896292672709
138,0.0,0.7592110205457784,0.0,0.3,gift_cards,itemknn,quota_mmr,1,0.0140494974034022
140,0.0,0.7274108952039763,0.0,0.3,gift_cards,itemknn,quota_mmr,1,0.0154288642717764
146,0.3868528072345416,0.936638621047782,1.0,0.2,gift_cards,itemknn,quota_mmr,1,0.0126966131697418
147,0.0,0.7045847643349066,0.0,0.3,gift_cards,itemknn,quota_mmr,1,0.0091665590925916
148,0.0,0.7844662529602889,0.0,0.3,gift_cards,itemknn,quota_mmr,1,0.0116689149601057
149,0.5,0.640855626126766,1.0,0.2,gift_cards,itemknn,quota_mmr,1,0.0054366708404458
150,0.0,0.9326430387639614,0.0,0.3,gift_cards,itemknn,quota_mmr,1,0.0138835655239099
153,0.0,0.9457610810471504,0.0,0.2,gift_cards,itemknn,quota_mmr,1,0.0127527784791432
154,0.0,0.7144159475482417,0.0,0.3,gift_cards,itemknn,quota_mmr,1,0.0135363409226893
159,0.0,0.715901169289201,0.0,0.3,gift_cards,itemknn,quota_mmr,1,0.007695787120948
162,0.0,0.6823345042540948,0.0,0.3,gift_cards,itemknn,quota_mmr,1,0.0118017838886132
164,0.0,0.5887518748851244,0.0,0.2,gift_cards,itemknn,quota_mmr,1,0.0064089002654509
167,0.0,0.6543463078289965,0.0,0.3,gift_cards,itemknn,quota_mmr,1,0.0104137886594083
170,0.0,0.7958104349526834,0.0,0.3,gift_cards,itemknn,quota_mmr,1,0.0167874124991573
172,0.0,0.698357969356464,0.0,0.2,gift_cards,itemknn,quota_mmr,1,0.0095700963129182
175,0.0,0.6754379687105101,0.0,0.3,gift_cards,itemknn,quota_mmr,1,0.007287846512346
177,0.0,0.6252144588600045,0.0,0.3,gift_cards,itemknn,quota_mmr,1,0.0060067640606225
178,0.0,0.6574503142434092,0.0,0.2,gift_cards,itemknn,quota_mmr,1,0.009475937648197
182,0.0,0.756061282743268,0.0,0.3,gift_cards,itemknn,quota_mmr,1,0.013750618205552
186,0.0,0.6494634544504707,0.0,0.2,gift_cards,itemknn,quota_mmr,1,0.0050800840276964
188,0.5,0.7028333141007809,1.0,0.2,gift_cards,itemknn,quota_mmr,1,0.0085431592196942
192,0.0,0.6780610789098442,0.0,0.3,gift_cards,itemknn,quota_mmr,1,0.0140568979100227
193,0.0,0.7406142500105186,0.0,0.3,gift_cards,itemknn,quota_mmr,1,0.0148748554697384
195,0.0,0.7881923713322103,0.0,0.3,gift_cards,itemknn,quota_mmr,1,0.0114077806296945
198,0.0,0.7392212493168319,0.0,0.3,gift_cards,itemknn,quota_mmr,1,0.0107957103015739
199,0.0,0.7812176246067379,0.0,0.3,gift_cards,itemknn,quota_mmr,1,0.0174611287950237
200,0.0,0.6482400715926626,0.0,0.3,gift_cards,itemknn,quota_mmr,1,0.0115339444392465
201,0.0,0.6788686881014252,0.0,0.2,gift_cards,itemknn,quota_mmr,1,0.0078181906372793
202,0.0,0.7363602283053416,0.0,0.3,gift_cards,itemknn,quota_mmr,1,0.0151170065513689
209,0.0,0.7433623889769344,0.0,0.2,gift_cards,itemknn,quota_mmr,1,0.0185067335330843
216,0.0,0.6957159558167645,0.0,0.2,gift_cards,itemknn,quota_mmr,1,0.0092952961443221
222,0.0,0.7733663602560479,0.0,0.3,gift_cards,itemknn,quota_mmr,1,0.0139972838943975
223,0.2890648263178879,0.7334592849559878,1.0,0.3,gift_cards,itemknn,quota_mmr,1,0.0167197009892129
227,0.0,0.6804097189038009,0.0,0.3,gift_cards,itemknn,quota_mmr,1,0.0118183329134295
228,0.0,0.7577118308866795,0.0,0.3,gift_cards,itemknn,quota_mmr,1,0.0153958745965154
229,0.0,0.666856384244868,0.0,0.3,gift_cards,itemknn,quota_mmr,1,0.0114037390466173
232,0.0,0.6447672996654742,0.0,0.3,gift_cards,itemknn,quota_mmr,1,0.0061053268685993
233,1.0,0.6978167218093444,1.0,0.2,gift_cards,itemknn,quota_mmr,1,0.0093157038870855
235,1.0,0.6567998851689193,1.0,0.2,gift_cards,itemknn,quota_mmr,1,0.0099256017364815
237,0.0,0.6492442645653047,0.0,0.3,gift_cards,itemknn,quota_mmr,1,0.0093708101572286
239,0.0,0.6374100612007625,0.0,0.3,gift_cards,itemknn,quota_mmr,1,0.0065644743883718
244,0.0,0.6031058439768413,0.0,0.2,gift_cards,itemknn,quota_mmr,1,0.0049673156539588
246,0.0,0.7783027685832986,0.0,0.3,gift_cards,itemknn,quota_mmr,1,0.0165325775217752
247,0.0,0.7144837042375779,0.0,0.3,gift_cards,itemknn,quota_mmr,1,0.0083279671011326
250,0.0,0.6086069349942719,0.0,0.2,gift_cards,itemknn,quota_mmr,1,0.0058695316261478
251,0.0,0.7139822587549184,0.0,0.3,gift_cards,itemknn,quota_mmr,1,0.0125643435651775
252,1.0,0.9678929280880216,1.0,0.2,gift_cards,itemknn,quota_mmr,1,0.0224159462020385
261,0.0,0.8290157251909512,0.0,0.3,gift_cards,itemknn,quota_mmr,1,0.015508455443358
264,0.5,0.708199039197556,1.0,0.3,gift_cards,itemknn,quota_mmr,1,0.0131116937221415
265,0.6309297535714575,0.675657045176677,1.0,0.3,gift_cards,itemknn,quota_mmr,1,0.0111288530436561
270,0.0,0.7409750819634516,0.0,0.3,gift_cards,itemknn,quota_mmr,1,0.0108042331491779
272,0.6309297535714575,0.6916196985778966,1.0,0.2,gift_cards,itemknn,quota_mmr,1,0.0122323456302433
273,0.3868528072345416,0.6998686702128993,1.0,0.3,gift_cards,itemknn,quota_mmr,1,0.0161178249806796
275,0.0,0.6650211282601659,0.0,0.2,gift_cards,itemknn,quota_mmr,1,0.0121497822024196
276,0.0,0.6554917967249888,0.0,0.2,gift_cards,itemknn,quota_mmr,1,0.0083975284003354
279,0.0,0.625357313013711,0.0,0.3,gift_cards,itemknn,quota_mmr,1,0.0053397330893734
282,1.0,0.9604895034124826,1.0,0.3,gift_cards,itemknn,quota_mmr,1,0.0186954916845853
283,0.0,0.7265960412888921,0.0,0.2,gift_cards,itemknn,quota_mmr,1,0.0161602110288555
286,0.0,0.6823229650629368,0.0,0.3,gift_cards,itemknn,quota_mmr,1,0.0054632516518181
287,0.0,0.695715169228744,0.0,0.2,gift_cards,itemknn,quota_mmr,1,0.011813528723137
289,0.0,0.7513204486549152,0.0,0.2,gift_cards,itemknn,quota_mmr,1,0.0114565355629453
290,0.0,0.7286289138426343,0.0,0.2,gift_cards,itemknn,quota_mmr,1,0.0126480363631788
291,0.0,0.7642283418007534,0.0,0.3,gift_cards,itemknn,quota_mmr,1,0.0163577026251754
292,0.0,0.6652392322698187,0.0,0.3,gift_cards,itemknn,quota_mmr,1,0.0089323185054653
294,0.5,0.8184840382849082,1.0,0.3,gift_cards,itemknn,quota_mmr,1,0.0092985648953848
297,0.0,0.6525603053488863,0.0,0.3,gift_cards,itemknn,quota_mmr,1,0.0093632315598699
298,0.0,0.7631345102995869,0.0,0.3,gift_cards,itemknn,quota_mmr,1,0.0188174282700739
300,0.0,0.7005238042962876,0.0,0.2,gift_cards,itemknn,quota_mmr,1,0.0085606512808472
302,0.3154648767857287,0.7149243340727284,1.0,0.2,gift_cards,itemknn,quota_mmr,1,0.0098073631437506
306,0.0,0.6006865592122241,0.0,0.2,gift_cards,itemknn,quota_mmr,1,0.0051447105880359
307,0.0,0.7256640154253114,0.0,0.3,gift_cards,itemknn,quota_mmr,1,0.0140858021851734
311,0.2890648263178879,0.7194073972719117,1.0,0.3,gift_cards,itemknn,quota_mmr,1,0.0091904244595362
313,0.0,0.6692969933693063,0.0,0.3,gift_cards,itemknn,quota_mmr,1,0.0144074032403851
315,0.0,0.6928107027681628,0.0,0.2,gift_cards,itemknn,quota_mmr,1,0.012317498370661
316,0.0,0.6662080652792104,0.0,0.3,gift_cards,itemknn,quota_mmr,1,0.0051227909479472
317,0.5,0.7223040550582457,1.0,0.3,gift_cards,itemknn,quota_mmr,1,0.007812711951814
319,0.0,0.6722837429182091,0.0,0.3,gift_cards,itemknn,quota_mmr,1,0.0116221315213134
320,0.0,0.7564417193809382,0.0,0.3,gift_cards,itemknn,quota_mmr,1,0.01572886558
321,0.0,0.7389647782191295,0.0,0.3,gift_cards,itemknn,quota_mmr,1,0.0097806936051896
322,0.0,0.6560487945349621,0.0,0.3,gift_cards,itemknn,quota_mmr,1,0.0097310402353064
324,0.0,0.7914846400791355,0.0,0.3,gift_cards,itemknn,quota_mmr,1,0.0082187062263975
326,0.0,0.6803459002391836,0.0,0.3,gift_cards,itemknn,quota_mmr,1,0.0135471877830468
327,0.0,0.5833014751897536,0.0,0.2,gift_cards,itemknn,quota_mmr,1,0.0061691528668523
329,1.0,0.7424640228741697,1.0,0.3,gift_cards,itemknn,quota_mmr,1,0.0165441451334103
330,0.0,0.6905143766550975,0.0,0.3,gift_cards,itemknn,quota_mmr,1,0.0105327998893368
331,0.0,0.6418729008672961,0.0,0.2,gift_cards,itemknn,quota_mmr,1,0.0047830859537121
332,0.0,0.6783267869796098,0.0,0.3,gift_cards,itemknn,quota_mmr,1,0.0114699686365882
337,0.0,0.6901097089358018,0.0,0.3,gift_cards,itemknn,quota_mmr,1,0.0129348735893045
340,0.2890648263178879,0.6715633608653793,1.0,0.3,gift_cards,itemknn,quota_mmr,1,0.010165248217489
342,0.0,0.9639146860918224,0.0,0.3,gift_cards,itemknn,quota_mmr,1,0.0148464246576488
344,0.0,0.6191311924278626,0.0,0.3,gift_cards,itemknn,quota_mmr,1,0.0081691712842366
345,0.0,0.6261182368201562,0.0,0.2,gift_cards,itemknn,quota_mmr,1,0.0061417006712558
347,0.0,0.6988893554427855,0.0,0.3,gift_cards,itemknn,quota_mmr,1,0.0122187782378983
348,0.0,0.6179679798507982,0.0,0.3,gift_cards,itemknn,quota_mmr,1,0.0081696503800365
354,0.0,0.9089364036382648,0.0,0.3,gift_cards,itemknn,quota_mmr,1,0.0104243407129001
355,0.0,0.7302592032145849,0.0,0.2,gift_cards,itemknn,quota_mmr,1,0.0089437274760668
359,0.0,0.6558872821126781,0.0,0.3,gift_cards,itemknn,quota_mmr,1,0.0104038056055301
361,0.3868528072345416,0.7464365097689603,1.0,0.3,gift_cards,itemknn,quota_mmr,1,0.012148115651551
362,0.0,0.7625254166889698,0.0,0.2,gift_cards,itemknn,quota_mmr,1,0.0114831615735743
364,0.0,0.7202435571833599,0.0,0.3,gift_cards,itemknn,quota_mmr,1,0.0071788468902226
366,0.5,0.6961365141433613,1.0,0.3,gift_cards,itemknn,quota_mmr,1,0.0149209012052578
368,0.0,0.6833361003044384,0.0,0.3,gift_cards,itemknn,quota_mmr,1,0.0051368957057795
370,0.430676558073393,0.60987589785267,1.0,0.3,gift_cards,itemknn,quota_mmr,1,0.0054678056573986
375,0.0,0.7247675821868179,0.0,0.3,gift_cards,itemknn,quota_mmr,1,0.0110638600960269
376,0.0,0.7388331548903389,0.0,0.2,gift_cards,itemknn,quota_mmr,1,0.0138814545935414
378,0.0,0.6187327686849565,0.0,0.3,gift_cards,itemknn,quota_mmr,1,0.0054144211905602
380,0.0,0.607150754769912,0.0,0.3,gift_cards,itemknn,quota_mmr,1,0.0043314621070203
381,1.0,0.7656137390873275,1.0,0.2,gift_cards,itemknn,quota_mmr,1,0.0139878426970108
385,0.0,0.7025631614694575,0.0,0.3,gift_cards,itemknn,quota_mmr,1,0.0121065429987992
386,0.0,0.6690640839302352,0.0,0.3,gift_cards,itemknn,quota_mmr,1,0.0059328904860189
391,0.0,0.7966928759143203,0.0,0.3,gift_cards,itemknn,quota_mmr,1,0.0156768581400155
392,0.0,0.6258122408552288,0.0,0.3,gift_cards,itemknn,quota_mmr,1,0.0051864805918496
397,0.0,0.6651230948657423,0.0,0.3,gift_cards,itemknn,quota_mmr,1,0.0109249342545269
401,0.0,0.6114520683393333,0.0,0.2,gift_cards,itemknn,quota_mmr,1,0.0065438497590032
404,0.0,0.8193591865059605,0.0,0.3,gift_cards,itemknn,quota_mmr,1,0.0122224774282605
405,0.0,0.8845071657099761,0.0,0.3,gift_cards,itemknn,quota_mmr,1,0.0149515939893521
406,0.0,0.6590952767942697,0.0,0.2,gift_cards,itemknn,quota_mmr,1,0.0083673979774747
407,0.0,0.7005751730353266,0.0,0.2,gift_cards,itemknn,quota_mmr,1,0.0082080711991486
408,0.0,0.7885375780457774,0.0,0.3,gift_cards,itemknn,quota_mmr,1,0.006336756922181
409,0.0,0.6544129203995621,0.0,0.3,gift_cards,itemknn,quota_mmr,1,0.0094251566312123
412,0.0,0.6904580669091956,0.0,0.3,gift_cards,itemknn,quota_mmr,1,0.0110636539595862
414,0.3868528072345416,0.8009342091261364,1.0,0.3,gift_cards,itemknn,quota_mmr,1,0.0135349820799285
416,0.0,0.6701843031411295,0.0,0.3,gift_cards,itemknn,quota_mmr,1,0.009452779866711
417,0.0,0.695553241564405,0.0,0.2,gift_cards,itemknn,quota_mmr,1,0.0110716595568605
419,0.0,0.6715706998451724,0.0,0.2,gift_cards,itemknn,quota_mmr,1,0.0112143595281533
420,0.0,0.7349929920701946,0.0,0.3,gift_cards,itemknn,quota_mmr,1,0.0159881188728563
421,0.0,0.6900996501653565,0.0,0.3,gift_cards,itemknn,quota_mmr,1,0.0115707733807772
422,0.0,0.7011613854164847,0.0,0.3,gift_cards,itemknn,quota_mmr,1,0.0114441589673069
423,0.0,0.5915632922791332,0.0,0.2,gift_cards,itemknn,quota_mmr,1,0.0071710815474202
424,0.0,0.6167433110872608,0.0,0.3,gift_cards,itemknn,quota_mmr,1,0.0088463274879688
428,0.5,0.9164758693614244,1.0,0.3,gift_cards,itemknn,quota_mmr,1,0.0135738745599604
429,0.430676558073393,0.5910044756070465,1.0,0.3,gift_cards,itemknn,quota_mmr,1,0.0045966710963016
435,0.3868528072345416,0.8579297161063597,1.0,0.3,gift_cards,itemknn,quota_mmr,1,0.009387544010246
436,0.0,0.7289022258926064,0.0,0.3,gift_cards,itemknn,quota_mmr,1,0.0087963497909271
437,0.0,0.6590720063966486,0.0,0.3,gift_cards,itemknn,quota_mmr,1,0.0079822676978635
440,0.3010299956639812,0.7910190643408065,1.0,0.2,gift_cards,itemknn,quota_mmr,1,0.0086833373319671
441,0.0,0.7966423724562607,0.0,0.3,gift_cards,itemknn,quota_mmr,1,0.0167823176940155
443,0.0,0.6643006662760362,0.0,0.3,gift_cards,itemknn,quota_mmr,1,0.0086852787755992
444,0.0,0.7370721829525405,0.0,0.3,gift_cards,itemknn,quota_mmr,1,0.011802187989114
445,0.0,0.8148286266828858,0.0,0.3,gift_cards,itemknn,quota_mmr,1,0.0097596656658904
446,0.0,0.6377094913737713,0.0,0.2,gift_cards,itemknn,quota_mmr,1,0.0070951131534096
450,0.430676558073393,0.9561431805650136,1.0,0.3,gift_cards,itemknn,quota_mmr,1,0.0217658222178991
451,0.0,0.6626615537892424,0.0,0.3,gift_cards,itemknn,quota_mmr,1,0.0086983280747798
2,0.0,1.0,0.0,0.7,gift_cards,als,none,1,
5,0.0,1.0,0.0,0.5,gift_cards,als,none,1,
7,0.0,1.0,0.0,0.6,gift_cards,als,none,1,
9,0.0,1.0,0.0,0.7,gift_cards,als,none,1,
11,0.0,1.0,0.0,0.9,gift_cards,als,none,1,
13,0.3562071871080222,1.0,1.0,0.3,gift_cards,als,none,1,
16,0.0,1.0,0.0,0.2,gift_cards,als,none,1,
18,0.0,1.0,0.0,0.4,gift_cards,als,none,1,
19,0.0,1.0,0.0,0.3,gift_cards,als,none,1,
20,0.0,1.0,0.0,0.5,gift_cards,als,none,1,
23,0.0,1.0,0.0,0.7,gift_cards,als,none,1,
24,0.0,1.0,0.0,0.9,gift_cards,als,none,1,
26,0.0,1.0,0.0,0.6,gift_cards,als,none,1,
28,0.3868528072345416,1.0,1.0,0.4,gift_cards,als,none,1,
30,0.0,1.0,0.0,0.5,gift_cards,als,none,1,
35,0.430676558073393,1.0,1.0,0.7,gift_cards,als,none,1,
37,0.0,1.0,0.0,0.6,gift_cards,als,none,1,
38,0.3562071871080222,1.0,1.0,0.2,gift_cards,als,none,1,
47,0.0,1.0,0.0,0.4,gift_cards,als,none,1,
50,0.0,1.0,0.0,0.4,gift_cards,als,none,1,
52,0.0,1.0,0.0,0.6,gift_cards,als,none,1,
59,0.0,1.0,0.0,0.5,gift_cards,als,none,1,
63,0.0,1.0,0.0,0.6,gift_cards,als,none,1,
66,0.0,1.0,0.0,0.2,gift_cards,als,none,1,
69,0.0,1.0,0.0,0.4,gift_cards,als,none,1,
70,0.0,1.0,0.0,0.2,gift_cards,als,none,1,
71,0.0,1.0,0.0,0.2,gift_cards,als,none,1,
73,0.0,1.0,0.0,0.4,gift_cards,als,none,1,
77,0.0,1.0,0.0,0.2,gift_cards,als,none,1,
78,0.430676558073393,1.0,1.0,0.4,gift_cards,als,none,1,
81,0.0,1.0,0.0,0.4,gift_cards,als,none,1,
82,0.430676558073393,1.0,1.0,0.6,gift_cards,als,none,1,
83,0.0,1.0,0.0,0.6,gift_cards,als,none,1,
84,0.0,1.0,0.0,0.6,gift_cards,als,none,1,
86,0.0,1.0,0.0,0.4,gift_cards,als,none,1,
89,0.0,1.0,0.0,0.2,gift_cards,als,none,1,
90,0.0,1.0,0.0,0.4,gift_cards,als,none,1,
92,0.0,1.0,0.0,0.6,gift_cards,als,none,1,
93,0.3333333333333333,1.0,1.0,0.2,gift_cards,als,none,1,
97,0.0,1.0,0.0,0.6,gift_cards,als,none,1,
101,0.0,1.0,0.0,0.7,gift_cards,als,none,1,
103,0.0,1.0,0.0,0.4,gift_cards,als,none,1,
109,0.0,1.0,0.0,0.8,gift_cards,als,none,1,
111,0.0,1.0,0.0,0.4,gift_cards,als,none,1,
112,0.3333333333333333,1.0,1.0,0.4,gift_cards,als,none,1,
113,0.0,1.0,0.0,0.2,gift_cards,als,none,1,
116,0.0,1.0,0.0,0.2,gift_cards,als,none,1,
117,0.0,1.0,0.0,0.4,gift_cards,als,none,1,
118,0.0,1.0,0.0,0.7,gift_cards,als,none,1,
121,0.0,1.0,0.0,0.6,gift_cards,als,none,1,
123,0.0,1.0,0.0,0.2,gift_cards,als,none,1,
128,0.0,1.0,0.0,0.8,gift_cards,als,none,1,
130,0.0,1.0,0.0,0.6,gift_cards,als,none,1,
132,0.0,1.0,0.0,0.4,gift_cards,als,none,1,
133,0.0,1.0,0.0,0.4,gift_cards,als,none,1,
134,0.0,1.0,0.0,0.8,gift_cards,als,none,1,
136,0.0,1.0,0.0,0.8,gift_cards,als,none,1,
138,0.0,1.0,0.0,0.8,gift_cards,als,none,1,
140,0.0,1.0,0.0,0.6,gift_cards,als,none,1,
146,0.0,1.0,0.0,0.6,gift_cards,als,none,1,
147,0.0,1.0,0.0,0.8,gift_cards,als,none,1,
148,0.0,1.0,0.0,0.3,gift_cards,als,none,1,
149,0.3562071871080222,1.0,1.0,0.3,gift_cards,als,none,1,
150,0.0,1.0,0.0,0.8,gift_cards,als,none,1,
153,0.0,1.0,0.0,0.4,gift_cards,als,none,1,
154,0.3562071871080222,1.0,1.0,0.4,gift_cards,als,none,1,
159,0.0,1.0,0.0,0.4,gift_cards,als,none,1,
162,0.0,1.0,0.0,0.6,gift_cards,als,none,1,
164,0.0,1.0,0.0,0.5,gift_cards,als,none,1,
167,0.0,1.0,0.0,0.9,gift_cards,als,none,1,
170,0.0,1.0,0.0,0.6,gift_cards,als,none,1,
172,0.0,1.0,0.0,0.5,gift_cards,als,none,1,
175,0.0,1.0,0.0,0.5,gift_cards,als,none,1,
177,0.0,1.0,0.0,0.8,gift_cards,als,none,1,
178,0.0,1.0,0.0,0.4,gift_cards,als,none,1,
182,0.0,1.0,0.0,0.8,gift_cards,als,none,1,
186,0.0,1.0,0.0,0.4,gift_cards,als,none,1,
188,0.0,1.0,0.0,0.6,gift_cards,als,none,1,
192,0.0,1.0,0.0,0.5,gift_cards,als,none,1,
193,0.0,1.0,0.0,0.6,gift_cards,als,none,1,
195,0.0,1.0,0.0,0.4,gift_cards,als,none,1,
198,0.0,1.0,0.0,0.5,gift_cards,als,none,1,
199,0.0,1.0,0.0,0.2,gift_cards,als,none,1,
200,0.0,1.0,0.0,0.6,gift_cards,als,none,1,
201,0.0,1.0,0.0,0.2,gift_cards,als,none,1,
202,0.0,1.0,0.0,0.3,gift_cards,als,none,1,
209,0.0,1.0,0.0,0.5,gift_cards,als,none,1,
216,0.0,1.0,0.0,0.4,gift_cards,als,none,1,
222,0.0,1.0,0.0,0.4,gift_cards,als,none,1,
223,0.0,1.0,0.0,0.6,gift_cards,als,none,1,
227,0.0,1.0,0.0,0.7,gift_cards,als,none,1,
228,0.0,1.0,0.0,0.2,gift_cards,als,none,1,
229,0.0,1.0,0.0,0.8,gift_cards,als,none,1,
232,0.0,1.0,0.0,0.5,gift_cards,als,none,1,
233,0.0,1.0,0.0,0.4,gift_cards,als,none,1,
235,0.0,1.0,0.0,0.6,gift_cards,als,none,1,
237,0.0,1.0,0.0,0.5,gift_cards,als,none,1,
239,0.5,1.0,1.0,0.4,gift_cards,als,none,1,
244,0.0,1.0,0.0,0.4,gift_cards,als,none,1,
246,0.0,1.0,0.0,0.4,gift_cards,als,none,1,
247,0.0,1.0,0.0,0.6,gift_cards,als,none,1,
250,0.3562071871080222,1.0,1.0,0.4,gift_cards,als,none,1,
251,0.0,1.0,0.0,0.7,gift_cards,als,none,1,
252,0.6309297535714575,1.0,1.0,0.5,gift_cards,als,none,1,
261,0.0,1.0,0.0,1.0,gift_cards,als,none,1,
264,0.0,1.0,0.0,0.6,gift_cards,als,none,1,
265,0.0,1.0,0.0,0.5,gift_cards,als,none,1,
270,0.0,1.0,0.0,0.7,gift_cards,als,none,1,
272,0.0,1.0,0.0,0.5,gift_cards,als,none,1,
273,0.0,1.0,0.0,0.5,gift_cards,als,none,1,
275,0.0,1.0,0.0,0.4,gift_cards,als,none,1,
276,0.0,1.0,0.0,0.8,gift_cards,als,none,1,
279,0.0,1.0,0.0,0.5,gift_cards,als,none,1,
282,0.0,1.0,0.0,0.6,gift_cards,als,none,1,
283,0.0,1.0,0.0,0.6,gift_cards,als,none,1,
286,0.0,1.0,0.0,0.3,gift_cards,als,none,1,
287,0.0,1.0,0.0,0.4,gift_cards,als,none,1,
289,0.0,1.0,0.0,0.4,gift_cards,als,none,1,
290,0.0,1.0,0.0,0.4,gift_cards,als,none,1,
291,0.430676558073393,1.0,1.0,0.5,gift_cards,als,none,1,
292,0.0,1.0,0.0,0.2,gift_cards,als,none,1,
294,0.430676558073393,1.0,1.0,0.5,gift_cards,als,none,1,
297,0.0,1.0,0.0,0.4,gift_cards,als,none,1,
298,0.430676558073393,1.0,1.0,0.9,gift_cards,als,none,1,
300,0.3562071871080222,1.0,1.0,0.4,gift_cards,als,none,1,
302,0.3333333333333333,1.0,1.0,0.8,gift_cards,als,none,1,
306,0.0,1.0,0.0,0.4,gift_cards,als,none,1,
307,0.0,1.0,0.0,0.6,gift_cards,als,none,1,
311,0.0,1.0,0.0,0.7,gift_cards,als,none,1,
313,0.0,1.0,0.0,0.3,gift_cards,als,none,1,
315,0.0,1.0,0.0,0.4,gift_cards,als,none,1,
316,0.3562071871080222,1.0,1.0,0.6,gift_cards,als,none,1,
317,0.0,1.0,0.0,0.8,gift_cards,als,none,1,
319,0.0,1.0,0.0,0.4,gift_cards,als,none,1,
320,0.0,1.0,0.0,0.9,gift_cards,als,none,1,
321,0.0,1.0,0.0,0.3,gift_cards,als,none,1,
322,0.0,1.0,0.0,0.2,gift_cards,als,none,1,
324,0.0,1.0,0.0,0.4,gift_cards,als,none,1,
326,0.0,1.0,0.0,0.7,gift_cards,als,none,1,
327,0.0,1.0,0.0,0.2,gift_cards,als,none,1,
329,0.0,1.0,0.0,0.4,gift_cards,als,none,1,
330,0.0,1.0,0.0,0.7,gift_cards,als,none,1,
331,0.0,1.0,0.0,0.4,gift_cards,als,none,1,
332,0.6309297535714575,1.0,1.0,0.3,gift_cards,als,none,1,
337,0.0,1.0,0.0,0.5,gift_cards,als,none,1,
340,0.0,1.0,0.0,0.4,gift_cards,als,none,1,
342,0.0,1.0,0.0,0.4,gift_cards,als,none,1,
344,0.0,1.0,0.0,0.4,gift_cards,als,none,1,
345,0.0,1.0,0.0,0.7,gift_cards,als,none,1,
347,0.0,1.0,0.0,0.4,gift_cards,als,none,1,
348,0.0,1.0,0.0,0.5,gift_cards,als,none,1,
354,0.0,1.0,0.0,0.5,gift_cards,als,none,1,
355,0.0,1.0,0.0,0.6,gift_cards,als,none,1,
359,0.0,1.0,0.0,0.4,gift_cards,als,none,1,
361,0.6309297535714575,1.0,1.0,0.6,gift_cards,als,none,1,
362,0.0,1.0,0.0,0.4,gift_cards,als,none,1,
364,0.0,1.0,0.0,0.6,gift_cards,als,none,1,
366,0.0,1.0,0.0,0.5,gift_cards,als,none,1,
368,0.0,1.0,0.0,0.6,gift_cards,als,none,1,
370,0.0,1.0,0.0,0.3,gift_cards,als,none,1,
375,0.0,1.0,0.0,0.6,gift_cards,als,none,1,
376,0.0,1.0,0.0,0.7,gift_cards,als,none,1,
378,0.0,1.0,0.0,0.2,gift_cards,als,none,1,
380,0.6309297535714575,1.0,1.0,0.4,gift_cards,als,none,1,
381,0.0,1.0,0.0,0.4,gift_cards,als,none,1,
385,0.0,1.0,0.0,0.5,gift_cards,als,none,1,
386,0.0,1.0,0.0,0.7,gift_cards,als,none,1,
391,0.0,1.0,0.0,0.2,gift_cards,als,none,1,
392,0.0,1.0,0.0,0.4,gift_cards,als,none,1,
397,0.0,1.0,0.0,0.3,gift_cards,als,none,1,
401,0.0,1.0,0.0,0.4,gift_cards,als,none,1,
404,0.0,1.0,0.0,0.4,gift_cards,als,none,1,
405,0.0,1.0,0.0,0.4,gift_cards,als,none,1,
406,0.0,1.0,0.0,0.3,gift_cards,als,none,1,
407,0.0,1.0,0.0,0.3,gift_cards,als,none,1,
408,0.0,1.0,0.0,0.6,gift_cards,als,none,1,
409,0.0,1.0,0.0,0.6,gift_cards,als,none,1,
412,0.0,1.0,0.0,0.4,gift_cards,als,none,1,
414,1.0,1.0,1.0,0.6,gift_cards,als,none,1,
416,0.0,1.0,0.0,0.6,gift_cards,als,none,1,
417,0.3010299956639812,1.0,1.0,0.2,gift_cards,als,none,1,
419,0.0,1.0,0.0,0.4,gift_cards,als,none,1,
420,0.0,1.0,0.0,0.7,gift_cards,als,none,1,
421,0.0,1.0,0.0,0.2,gift_cards,als,none,1,
422,0.0,1.0,0.0,0.6,gift_cards,als,none,1,
423,0.0,1.0,0.0,0.3,gift_cards,als,none,1,
424,0.0,1.0,0.0,0.5,gift_cards,als,none,1,
428,0.3154648767857287,1.0,1.0,1.0,gift_cards,als,none,1,
429,0.0,1.0,0.0,0.4,gift_cards,als,none,1,
435,0.430676558073393,1.0,1.0,0.3,gift_cards,als,none,1,
436,0.0,1.0,0.0,0.5,gift_cards,als,none,1,
437,0.0,1.0,0.0,0.3,gift_cards,als,none,1,
440,0.0,1.0,0.0,0.8,gift_cards,als,none,1,
441,0.0,1.0,0.0,0.5,gift_cards,als,none,1,
443,0.0,1.0,0.0,0.6,gift_cards,als,none,1,
444,0.0,1.0,0.0,0.4,gift_cards,als,none,1,
445,0.0,1.0,0.0,0.6,gift_cards,als,none,1,
446,0.0,1.0,0.0,0.2,gift_cards,als,none,1,
450,0.0,1.0,0.0,0.8,gift_cards,als,none,1,
451,0.3154648767857287,1.0,1.0,0.5,gift_cards,als,none,1,
2,0.0,0.9755487398644423,0.0,0.3,gift_cards,als,quota_mmr,1,0.0016217723355796
5,0.0,0.9749175347677776,0.0,0.2,gift_cards,als,quota_mmr,1,0.002489555585232
7,0.0,0.9507435974703764,0.0,0.3,gift_cards,als,quota_mmr,1,0.0012134455027449
9,0.0,0.9502499894967326,0.0,0.2,gift_cards,als,quota_mmr,1,0.0027546369246251
11,0.0,0.9630212196036946,0.0,0.3,gift_cards,als,quota_mmr,1,0.001203924157231
13,0.3562071871080222,1.0,1.0,0.3,gift_cards,als,quota_mmr,1,0.0029491794689015
16,0.0,0.9914868374325744,0.0,0.3,gift_cards,als,quota_mmr,1,0.0030268691227577
18,0.0,0.9933547688062224,0.0,0.3,gift_cards,als,quota_mmr,1,0.0017789025052452
19,0.0,0.9953687206240174,0.0,0.2,gift_cards,als,quota_mmr,1,0.0024241887867807
20,0.0,0.9815735396818248,0.0,0.3,gift_cards,als,quota_mmr,1,0.0022223875661754
23,0.0,0.9409529344459298,0.0,0.2,gift_cards,als,quota_mmr,1,0.0020850462216769
24,0.0,0.9435699000540216,0.0,0.2,gift_cards,als,quota_mmr,1,0.0027300028829229
26,0.0,0.9804083110430776,0.0,0.3,gift_cards,als,quota_mmr,1,0.0032393319875374
28,0.3868528072345416,0.9968641687342736,1.0,0.3,gift_cards,als,quota_mmr,1,0.0034389696523324
30,0.0,0.9704725699121164,0.0,0.2,gift_cards,als,quota_mmr,1,0.0045198370195707
35,0.6309297535714575,0.8910692593863418,1.0,0.3,gift_cards,als,quota_mmr,1,0.0026666638033262
37,0.0,0.9319734512580536,0.0,0.3,gift_cards,als,quota_mmr,1,0.0012569548325142
38,0.3562071871080222,0.9970924971893,1.0,0.2,gift_cards,als,quota_mmr,1,0.0038368671970741
47,0.0,0.9506253079197552,0.0,0.3,gift_cards,als,quota_mmr,1,0.0011243825664122
50,0.0,0.9933826048031964,0.0,0.3,gift_cards,als,quota_mmr,1,0.0024772712954694
52,0.0,0.9814478095046166,0.0,0.3,gift_cards,als,quota_mmr,1,0.0020853035601436
59,0.0,0.9789955879263222,0.0,0.2,gift_cards,als,quota_mmr,1,0.0046226014435624
63,0.0,0.981464183564806,0.0,0.3,gift_cards,als,quota_mmr,1,0.0008161296944649
66,0.0,0.9921720814281038,0.0,0.3,gift_cards,als,quota_mmr,1,0.000789432816288
69,0.0,0.9776422465865972,0.0,0.2,gift_cards,als,quota_mmr,1,0.0017328275852224
70,0.0,0.9951938352287826,0.0,0.2,gift_cards,als,quota_mmr,1,0.0025883191614994
71,0.0,0.9727761235366076,0.0,0.3,gift_cards,als,quota_mmr,1,0.0022206654300867
73,0.0,0.967051957612422,0.0,0.2,gift_cards,als,quota_mmr,1,0.0018313782894284
77,0.0,1.0,0.0,0.2,gift_cards,als,quota_mmr,1,0.0038006931320482
78,0.430676558073393,0.9884787363259052,1.0,0.2,gift_cards,als,quota_mmr,1,0.0034916658431482
81,0.0,0.9632834846787456,0.0,0.3,gift_cards,als,quota_mmr,1,0.0014025530457856
82,0.0,0.9568126794775244,0.0,0.2,gift_cards,als,quota_mmr,1,0.0050923537142151
83,0.0,0.9704009064971902,0.0,0.3,gift_cards,als,quota_mmr,1,0.0048137241328182
84,0.0,0.9816367544077276,0.0,0.3,gift_cards,als,quota_mmr,1,0.0037060083255526
86,0.0,0.9939382035950972,0.0,0.2,gift_cards,als,quota_mmr,1,0.0037175832649994
89,0.0,0.9619130754912878,0.0,0.2,gift_cards,als,quota_mmr,1,0.0021154224991305
90,0.0,0.9838130981312416,0.0,0.2,gift_cards,als,quota_mmr,1,0.0009942869687129
92,0.0,0.9783467255464126,0.0,0.3,gift_cards,als,quota_mmr,1,0.0012033775203137
93,0.3333333333333333,0.990935018776126,1.0,0.2,gift_cards,als,quota_mmr,1,0.0018103920314816
97,0.0,0.9480838267721212,0.0,0.3,gift_cards,als,quota_mmr,1,0.0006117438790361
101,0.0,0.9904724937539328,0.0,0.3,gift_cards,als,quota_mmr,1,0.0040901013901498
103,0.0,0.9903047824365137,0.0,0.2,gift_cards,als,quota_mmr,1,0.0051302546289796
109,0.0,0.9525489812952846,0.0,0.2,gift_cards,als,quota_mmr,1,0.002833070925148
111,0.0,0.9898617655628014,0.0,0.3,gift_cards,als,quota_mmr,1,0.0048668761972874
112,0.3333333333333333,0.9836251690597968,1.0,0.3,gift_cards,als,quota_mmr,1,0.0025798274853741
113,0.0,0.9867730861374302,0.0,0.2,gift_cards,als,quota_mmr,1,0.00335367635426
116,0.0,0.9951870565703278,0.0,0.2,gift_cards,als,quota_mmr,1,0.002888052473065
117,0.0,0.9888516395959868,0.0,0.3,gift_cards,als,quota_mmr,1,0.002830140138105
118,0.0,0.957043102459296,0.0,0.3,gift_cards,als,quota_mmr,1,0.0007918250604303
121,0.0,0.9616590679266092,0.0,0.3,gift_cards,als,quota_mmr,1,0.0024024684825481
123,0.0,0.973443294003146,0.0,0.2,gift_cards,als,quota_mmr,1,0.0031285627756278
128,0.0,0.980375201779548,0.0,0.3,gift_cards,als,quota_mmr,1,0.0025860792984762
130,0.0,0.9866181950353196,0.0,0.2,gift_cards,als,quota_mmr,1,0.0033710470818577
132,0.0,0.98930720029889,0.0,0.2,gift_cards,als,quota_mmr,1,0.0007546814403169
133,0.0,0.9810551314865537,0.0,0.3,gift_cards,als,quota_mmr,1,0.0037876021908376
134,0.0,0.9509730247305488,0.0,0.3,gift_cards,als,quota_mmr,1,0.0030044514611796
136,0.0,0.9470806293337064,0.0,0.3,gift_cards,als,quota_mmr,1,0.001628238459667
138,0.0,0.9668584010998136,0.0,0.3,gift_cards,als,quota_mmr,1,0.0022582525391858
140,0.0,0.9886793262659666,0.0,0.3,gift_cards,als,quota_mmr,1,0.0023899120248451
146,0.0,0.9775071415981726,0.0,0.3,gift_cards,als,quota_mmr,1,0.0062011310975324
147,0.0,0.9818579822688748,0.0,0.3,gift_cards,als,quota_mmr,1,0.0011681802580191
148,0.0,0.9834446399233556,0.0,0.3,gift_cards,als,quota_mmr,1,0.001408839621053
149,0.3868528072345416,0.9604599220334208,1.0,0.3,gift_cards,als,quota_mmr,1,0.0006079000850401
150,0.0,0.9616805706272908,0.0,0.3,gift_cards,als,quota_mmr,1,0.003222844356205
153,0.0,0.9866421475448354,0.0,0.3,gift_cards,als,quota_mmr,1,0.0040978833995345
154,0.0,0.9792351266721072,0.0,0.3,gift_cards,als,quota_mmr,1,0.0032016486732261
159,0.0,0.9949821320781884,0.0,0.3,gift_cards,als,quota_mmr,1,0.0030090632360192
162,0.3010299956639812,0.9684230779710504,1.0,0.3,gift_cards,als,quota_mmr,1,0.0045922976123884
164,0.0,0.9866101790559296,0.0,0.3,gift_cards,als,quota_mmr,1,0.0021931831948982
167,0.0,0.9180309097692018,0.0,0.3,gift_cards,als,quota_mmr,1,0.0026257819340985
170,0.0,0.9643252807360454,0.0,0.3,gift_cards,als,quota_mmr,1,0.0041684249100176
172,0.0,0.9888194898658692,0.0,0.2,gift_cards,als,quota_mmr,1,0.0033782073187247
175,0.0,0.9946437316513596,0.0,0.3,gift_cards,als,quota_mmr,1,0.0029418502328231
177,0.0,0.9481177684961896,0.0,0.3,gift_cards,als,quota_mmr,1,0.0022681747531405
178,0.0,0.9895534137991834,0.0,0.3,gift_cards,als,quota_mmr,1,0.0018190169259958
182,0.0,0.936348621532633,0.0,0.3,gift_cards,als,quota_mmr,1,0.003424056375333
186,0.0,0.9702008755385264,0.0,0.3,gift_cards,als,quota_mmr,1,0.0015977291425851
188,0.0,0.964524241759762,0.0,0.3,gift_cards,als,quota_mmr,1,0.0014411552858117
192,0.0,0.9805653773892034,0.0,0.2,gift_cards,als,quota_mmr,1,0.0018242578239581
193,0.0,0.985662761115598,0.0,0.3,gift_cards,als,quota_mmr,1,0.0026108633871548
195,0.0,0.995037685508702,0.0,0.3,gift_cards,als,quota_mmr,1,0.0031974603200892
198,0.0,0.9885353616235438,0.0,0.3,gift_cards,als,quota_mmr,1,0.0010154150491959
199,0.0,0.9972496800305808,0.0,0.2,gift_cards,als,quota_mmr,1,0.002511632528439
200,0.0,0.9658276813019372,0.0,0.3,gift_cards,als,quota_mmr,1,0.0011968527237913
201,0.0,1.0,0.0,0.2,gift_cards,als,quota_mmr,1,0.0035053192812429
202,0.0,0.9777657387659648,0.0,0.2,gift_cards,als,quota_mmr,1,0.0077423193730487
209,0.0,0.9739604763546243,0.0,0.3,gift_cards,als,quota_mmr,1,0.0028509758746795
216,0.0,0.9958121606183602,0.0,0.2,gift_cards,als,quota_mmr,1,0.0027824755190275
222,0.0,0.9945052879063616,0.0,0.3,gift_cards,als,quota_mmr,1,0.0017819602177954
223,0.3154648767857287,0.9624272964959848,1.0,0.3,gift_cards,als,quota_mmr,1,0.0017668208990123
227,0.0,0.966698078368472,0.0,0.3,gift_cards,als,quota_mmr,1,0.0006058622470447
228,0.0,1.0,0.0,0.2,gift_cards,als,quota_mmr,1,0.0025526837852203
229,0.0,0.9654999591314672,0.0,0.3,gift_cards,als,quota_mmr,1,0.0003899620583921
232,0.0,0.9659540443855894,0.0,0.3,gift_cards,als,quota_mmr,1,0.002082379140496
233,0.0,0.992196996731173,0.0,0.2,gift_cards,als,quota_mmr,1,0.0039292600666427
235,0.0,0.9772380291302978,0.0,0.3,gift_cards,als,quota_mmr,1,0.0015530525335897
237,0.0,0.97369535618975,0.0,0.3,gift_cards,als,quota_mmr,1,0.0014108840947037
239,0.5,0.9876237278938862,1.0,0.3,gift_cards,als,quota_mmr,1,0.0034081299004285
244,0.0,0.9904555424974444,0.0,0.3,gift_cards,als,quota_mmr,1,0.0024058860936159
246,0.0,0.9906172274481824,0.0,0.3,gift_cards,als,quota_mmr,1,0.0025605720293634
247,0.0,0.9900753493666252,0.0,0.3,gift_cards,als,quota_mmr,1,0.0015766391236429
250,0.0,0.9831802742294288,0.0,0.2,gift_cards,als,quota_mmr,1,0.0033410406091811
251,0.0,0.9385321860385558,0.0,0.2,gift_cards,als,quota_mmr,1,0.0029116452228182
252,0.6309297535714575,0.9776027570642324,1.0,0.3,gift_cards,als,quota_mmr,1,0.0022180225133659
261,0.0,0.9186185155530812,0.0,0.3,gift_cards,als,quota_mmr,1,0.0018826717124845
264,0.0,0.9697870441587336,0.0,0.3,gift_cards,als,quota_mmr,1,0.0011864017104851
265,0.0,0.9901674396724268,0.0,0.3,gift_cards,als,quota_mmr,1,0.0023973272983183
270,0.0,0.9478321442129444,0.0,0.2,gift_cards,als,quota_mmr,1,0.0061418723248962
272,0.0,0.9833854950689488,0.0,0.2,gift_cards,als,quota_mmr,1,0.0015178712346325
273,0.0,0.9860373781126018,0.0,0.3,gift_cards,als,quota_mmr,1,0.0032231222617709
275,0.0,0.992646889474254,0.0,0.3,gift_cards,als,quota_mmr,1,0.0025641279337474
276,0.0,0.9634920833286976,0.0,0.3,gift_cards,als,quota_mmr,1,0.0017633878971582
279,0.0,0.9627132699487472,0.0,0.2,gift_cards,als,quota_mmr,1,0.0036913577259535
282,0.0,0.969861232479302,0.0,0.3,gift_cards,als,quota_mmr,1,0.004259494632185
283,0.0,0.9650041896974288,0.0,0.3,gift_cards,als,quota_mmr,1,0.0008138169046688
286,0.0,0.9707226858783452,0.0,0.2,gift_cards,als,quota_mmr,1,0.0023843166991956
287,0.0,0.9911058238498316,0.0,0.2,gift_cards,als,quota_mmr,1,0.0020591772563825
289,0.0,0.971344740368215,0.0,0.2,gift_cards,als,quota_mmr,1,0.0043004704980898
290,0.0,0.9880972253272016,0.0,0.3,gift_cards,als,quota_mmr,1,0.0020321257853294
291,0.430676558073393,0.9793389462401514,1.0,0.3,gift_cards,als,quota_mmr,1,0.0051120946259426
292,0.0,0.9880572767833616,0.0,0.3,gift_cards,als,quota_mmr,1,0.002110978043948
294,0.430676558073393,0.9705508904115636,1.0,0.2,gift_cards,als,quota_mmr,1,0.0026930946082732
297,0.0,0.9919495316382586,0.0,0.2,gift_cards,als,quota_mmr,1,0.0019602761649176
298,0.430676558073393,0.943036917240896,1.0,0.2,gift_cards,als,quota_mmr,1,0.0019904197196222
300,0.3562071871080222,0.9903407577441402,1.0,0.3,gift_cards,als,quota_mmr,1,0.0023437972882221
302,0.0,0.9637527270788672,0.0,0.3,gift_cards,als,quota_mmr,1,0.0040943003285024
306,0.0,0.9823559862038708,0.0,0.3,gift_cards,als,quota_mmr,1,0.0009572926933586
307,0.0,0.9543872577200212,0.0,0.3,gift_cards,als,quota_mmr,1,0.0030057513454223
311,0.0,0.9581513609631026,0.0,0.2,gift_cards,als,quota_mmr,1,0.0026780907510379
313,0.0,0.9912992097009026,0.0,0.2,gift_cards,als,quota_mmr,1,0.0044242705594515
315,0.0,0.9778578764455892,0.0,0.2,gift_cards,als,quota_mmr,1,0.0013125325750659
316,0.3562071871080222,0.9773910926036568,1.0,0.2,gift_cards,als,quota_mmr,1,0.0015372131949614
317,0.0,0.9433068116963872,0.0,0.3,gift_cards,als,quota_mmr,1,0.002019335026575
319,0.0,0.9905568780457004,0.0,0.2,gift_cards,als,quota_mmr,1,0.0032708696521136
320,0.0,0.9523732066974656,0.0,0.3,gift_cards,als,quota_mmr,1,0.0031414807473665
321,0.0,0.9936753694875043,0.0,0.2,gift_cards,als,quota_mmr,1,0.0035677270588802
322,0.0,0.9895499127876856,0.0,0.3,gift_cards,als,quota_mmr,1,0.003271270521947
324,0.0,0.962457868959516,0.0,0.2,gift_cards,als,quota_mmr,1,0.0015622367495153
326,0.0,0.961906671929707,0.0,0.2,gift_cards,als,quota_mmr,1,0.0019398172318182
327,0.0,1.0,0.0,0.2,gift_cards,als,quota_mmr,1,0.0033885416047812
329,0.0,0.9916867209505178,0.0,0.3,gift_cards,als,quota_mmr,1,0.0041677505070289
330,0.0,0.9339322344382398,0.0,0.3,gift_cards,als,quota_mmr,1,0.0023121413143903
331,0.0,0.9908575325265596,0.0,0.2,gift_cards,als,quota_mmr,1,0.0038494547962703
332,0.6309297535714575,0.9920484037967696,1.0,0.2,gift_cards,als,quota_mmr,1,0.0028582170145142
337,0.0,0.9810256510623708,0.0,0.3,gift_cards,als,quota_mmr,1,0.0030118953007545
340,0.0,0.9962922768279088,0.0,0.3,gift_cards,als,quota_mmr,1,0.0039455063313536
342,0.0,0.9882901726346524,0.0,0.3,gift_cards,als,quota_mmr,1,0.0041586602873458
344,0.0,0.9701225426086364,0.0,0.2,gift_cards,als,quota_mmr,1,0.0041223949868332
345,0.0,0.950433237100274,0.0,0.2,gift_cards,als,quota_mmr,1,0.0017808872211837
347,0.0,0.9997621189423086,0.0,0.3,gift_cards,als,quota_mmr,1,0.0018109860438215
348,0.0,0.9865822862433564,0.0,0.2,gift_cards,als,quota_mmr,1,0.0031431542619267
354,0.0,0.9938378954297494,0.0,0.3,gift_cards,als,quota_mmr,1,0.0054049756464312
355,0.0,0.9857703597855808,0.0,0.2,gift_cards,als,quota_mmr,1,0.0019448873013196
359,0.0,0.9952667963319636,0.0,0.3,gift_cards,als,quota_mmr,1,0.0025031191292534
361,0.6309297535714575,0.95763026102111,1.0,0.3,gift_cards,als,quota_mmr,1,0.0045038614836606
362,0.0,0.962716631426908,0.0,0.3,gift_cards,als,quota_mmr,1,0.0014178392287779
364,0.0,0.975887861008838,0.0,0.3,gift_cards,als,quota_mmr,1,0.0009600440381808
366,0.0,0.9825572519578786,0.0,0.3,gift_cards,als,quota_mmr,1,0.0051575059377147
368,0.0,0.967946724590868,0.0,0.2,gift_cards,als,quota_mmr,1,0.0031689795674342
370,0.0,0.956456309463342,0.0,0.2,gift_cards,als,quota_mmr,1,0.0029660870563952
375,0.0,0.9910319411773308,0.0,0.3,gift_cards,als,quota_mmr,1,0.0038039329958725
376,0.0,0.9776290603170524,0.0,0.3,gift_cards,als,quota_mmr,1,0.0027321174486424
378,0.0,0.994574680113976,0.0,0.3,gift_cards,als,quota_mmr,1,0.0031615992297008
380,0.6309297535714575,0.9976435650571086,1.0,0.3,gift_cards,als,quota_mmr,1,0.003461189331878
381,0.0,0.9890806284126444,0.0,0.3,gift_cards,als,quota_mmr,1,0.0028563324935028
385,0.0,0.9808736462525705,0.0,0.3,gift_cards,als,quota_mmr,1,0.001234283407478
386,0.0,0.964503236429302,0.0,0.2,gift_cards,als,quota_mmr,1,0.0028713361840316
391,0.0,0.98111207282582,0.0,0.2,gift_cards,als,quota_mmr,1,0.0007361926959341
392,0.0,0.98674905224252,0.0,0.2,gift_cards,als,quota_mmr,1,0.0034383289756406
397,0.0,0.9855190274731211,0.0,0.3,gift_cards,als,quota_mmr,1,0.0015367266325141
401,0.0,0.9756013328925022,0.0,0.2,gift_cards,als,quota_mmr,1,0.0024682328190869
404,0.0,0.9777750206191126,0.0,0.2,gift_cards,als,quota_mmr,1,0.0037972109906702
405,0.0,0.9926107372147196,0.0,0.3,gift_cards,als,quota_mmr,1,0.003215061809533
406,0.0,1.0,0.0,0.3,gift_cards,als,quota_mmr,1,0.0045802723151528
407,0.0,0.9821359988494556,0.0,0.2,gift_cards,als,quota_mmr,1,0.002330855524846
408,0.0,0.9791046646320282,0.0,0.2,gift_cards,als,quota_mmr,1,0.0035316481643488
409,0.0,0.9683778027667944,0.0,0.2,gift_cards,als,quota_mmr,1,0.0018071613582727
412,0.0,0.984894021089238,0.0,0.2,gift_cards,als,quota_mmr,1,0.0039159988921986
414,1.0,0.969848467718858,1.0,0.3,gift_cards,als,quota_mmr,1,0.0035571793818247
416,0.2890648263178879,0.972128650366366,1.0,0.3,gift_cards,als,quota_mmr,1,0.0038075951870545
417,0.0,0.9995804466301668,0.0,0.3,gift_cards,als,quota_mmr,1,0.0031913895574643
419,0.0,0.9962377123832276,0.0,0.3,gift_cards,als,quota_mmr,1,0.0021562596579515
420,0.0,0.9577209094989284,0.0,0.2,gift_cards,als,quota_mmr,1,0.0054993965790327
421,0.0,0.985393834418135,0.0,0.2,gift_cards,als,quota_mmr,1,0.002331371203634
422,0.0,0.9840148743057764,0.0,0.3,gift_cards,als,quota_mmr,1,0.0018261558858754
423,0.0,0.969654668074302,0.0,0.2,gift_cards,als,quota_mmr,1,0.0038784915067887
424,0.0,0.9796342717382156,0.0,0.3,gift_cards,als,quota_mmr,1,0.005463943841215
428,0.0,0.9519672058758144,0.0,0.3,gift_cards,als,quota_mmr,1,0.0036028604033833
429,0.0,0.9909632545913198,0.0,0.3,gift_cards,als,quota_mmr,1,0.0028329150964098
435,0.430676558073393,1.0,1.0,0.3,gift_cards,als,quota_mmr,1,0.0032338813267571
436,0.0,0.978879579831894,0.0,0.3,gift_cards,als,quota_mmr,1,0.0026993655272413
437,0.0,0.9821183752288468,0.0,0.3,gift_cards,als,quota_mmr,1,0.0032310624141309
440,0.0,0.946573301410077,0.0,0.3,gift_cards,als,quota_mmr,1,0.0031534577182575
441,0.0,0.9793538966773502,0.0,0.2,gift_cards,als,quota_mmr,1,0.0035060767212995
443,0.0,0.98066713027711,0.0,0.3,gift_cards,als,quota_mmr,1,0.0015889476481898
444,0.0,0.9941402631571452,0.0,0.3,gift_cards,als,quota_mmr,1,0.0030131111330462
445,0.0,0.9673472153409072,0.0,0.2,gift_cards,als,quota_mmr,1,0.001742170615164
446,0.0,1.0,0.0,0.2,gift_cards,als,quota_mmr,1,0.0029387406509044
450,0.0,0.959118297097647,0.0,0.2,gift_cards,als,quota_mmr,1,0.0021325532969355
451,0.3333333333333333,0.9819544093026612,1.0,0.2,gift_cards,als,quota_mmr,1,0.0041384746940217
5,0.2890648263178879,1.0,1.0,1.3,ml100k,popularity,none,1,
6,0.0,1.0,0.0,1.5,ml100k,popularity,none,1,
15,0.0,1.0,0.0,1.5,ml100k,popularity,none,1,
21,0.0,1.0,0.0,1.1,ml100k,popularity,none,1,
23,0.0,1.0,0.0,1.3,ml100k,popularity,none,1,
26,0.0,1.0,0.0,1.3,ml100k,popularity,none,1,
29,0.0,1.0,0.0,1.1,ml100k,popularity,none,1,
32,0.0,1.0,0.0,0.9,ml100k,popularity,none,1,
37,0.0,1.0,0.0,1.3,ml100k,popularity,none,1,
45,0.0,1.0,0.0,1.1,ml100k,popularity,none,1,
48,0.0,1.0,0.0,1.5,ml100k,popularity,none,1,
51,0.0,1.0,0.0,1.1,ml100k,popularity,none,1,
57,0.0,1.0,0.0,1.1,ml100k,popularity,none,1,
58,0.0,1.0,0.0,0.6,ml100k,popularity,none,1,
65,0.0,1.0,0.0,1.0,ml100k,popularity,none,1,
66,0.0,1.0,0.0,1.5,ml100k,popularity,none,1,
69,0.0,1.0,0.0,1.1,ml100k,popularity,none,1,
73,0.0,1.0,0.0,1.3,ml100k,popularity,none,1,
92,0.0,1.0,0.0,1.3,ml100k,popularity,none,1,
93,0.0,1.0,0.0,1.5,ml100k,popularity,none,1,
95,0.0,1.0,0.0,1.3,ml100k,popularity,none,1,
96,0.3154648767857287,1.0,1.0,1.5,ml100k,popularity,none,1,
99,0.0,1.0,0.0,1.3,ml100k,popularity,none,1,
104,0.0,1.0,0.0,1.3,ml100k,popularity,none,1,
107,0.0,1.0,0.0,1.3,ml100k,popularity,none,1,
124,0.0,1.0,0.0,0.9,ml100k,popularity,none,1,
128,0.3868528072345416,1.0,1.0,1.3,ml100k,popularity,none,1,
133,0.0,1.0,0.0,1.3,ml100k,popularity,none,1,
134,0.0,1.0,0.0,1.1,ml100k,popularity,none,1,
151,0.0,1.0,0.0,1.3,ml100k,popularity,none,1,
158,0.0,1.0,0.0,1.5,ml100k,popularity,none,1,
162,0.0,1.0,0.0,1.3,ml100k,popularity,none,1,
163,0.0,1.0,0.0,1.1,ml100k,popularity,none,1,
165,0.3868528072345416,1.0,1.0,1.1,ml100k,popularity,none,1,
177,0.0,1.0,0.0,1.3,ml100k,popularity,none,1,
187,0.0,1.0,0.0,0.6,ml100k,popularity,none,1,
188,0.0,1.0,0.0,1.1,ml100k,popularity,none,1,
192,0.0,1.0,0.0,1.1,ml100k,popularity,none,1,
194,0.0,1.0,0.0,1.3,ml100k,popularity,none,1,
205,0.0,1.0,0.0,1.3,ml100k,popularity,none,1,
206,0.0,1.0,0.0,1.3,ml100k,popularity,none,1,
216,0.0,1.0,0.0,1.3,ml100k,popularity,none,1,
220,0.0,1.0,0.0,1.3,ml100k,popularity,none,1,
221,0.0,1.0,0.0,1.1,ml100k,popularity,none,1,
222,0.5,1.0,1.0,1.5,ml100k,popularity,none,1,
233,0.0,1.0,0.0,1.3,ml100k,popularity,none,1,
234,0.0,1.0,0.0,1.3,ml100k,popularity,none,1,
236,0.2890648263178879,1.0,1.0,0.7,ml100k,popularity,none,1,
237,0.0,1.0,0.0,1.1,ml100k,popularity,none,1,
242,0.0,1.0,0.0,1.3,ml100k,popularity,none,1,
244,0.0,1.0,0.0,1.3,ml100k,popularity,none,1,
246,0.0,1.0,0.0,1.1,ml100k,popularity,none,1,
253,0.0,1.0,0.0,0.9,ml100k,popularity,none,1,
258,0.0,1.0,0.0,1.3,ml100k,popularity,none,1,
267,0.0,1.0,0.0,1.5,ml100k,popularity,none,1,
286,0.0,1.0,0.0,1.5,ml100k,popularity,none,1,
287,0.0,1.0,0.0,1.3,ml100k,popularity,none,1,
292,0.0,1.0,0.0,1.5,ml100k,popularity,none,1,
294,0.0,1.0,0.0,1.5,ml100k,popularity,none,1,
298,0.3154648767857287,1.0,1.0,1.1,ml100k,popularity,none,1,
302,0.0,1.0,0.0,1.3,ml100k,popularity,none,1,
305,0.0,1.0,0.0,0.9,ml100k,popularity,none,1,
306,0.0,1.0,0.0,1.3,ml100k,popularity,none,1,
310,0.0,1.0,0.0,0.8,ml100k,popularity,none,1,
314,0.0,1.0,0.0,1.1,ml100k,popularity,none,1,
319,0.0,1.0,0.0,0.6,ml100k,popularity,none,1,
338,0.0,1.0,0.0,1.1,ml100k,popularity,none,1,
341,0.0,1.0,0.0,0.9,ml100k,popularity,none,1,
343,0.0,1.0,0.0,1.5,ml100k,popularity,none,1,
345,0.0,1.0,0.0,1.1,ml100k,popularity,none,1,
348,0.0,1.0,0.0,1.3,ml100k,popularity,none,1,
351,0.0,1.0,0.0,1.3,ml100k,popularity,none,1,
352,0.0,1.0,0.0,1.3,ml100k,popularity,none,1,
357,0.0,1.0,0.0,1.3,ml100k,popularity,none,1,
360,0.0,1.0,0.0,1.3,ml100k,popularity,none,1,
368,0.0,1.0,0.0,1.3,ml100k,popularity,none,1,
369,0.0,1.0,0.0,1.5,ml100k,popularity,none,1,
376,0.0,1.0,0.0,1.3,ml100k,popularity,none,1,
377,0.0,1.0,0.0,1.3,ml100k,popularity,none,1,
381,0.0,1.0,0.0,0.9,ml100k,popularity,none,1,
382,0.0,1.0,0.0,1.5,ml100k,popularity,none,1,
392,0.0,1.0,0.0,1.1,ml100k,popularity,none,1,
393,0.0,1.0,0.0,1.1,ml100k,popularity,none,1,
406,0.0,1.0,0.0,0.9,ml100k,popularity,none,1,
407,0.0,1.0,0.0,1.1,ml100k,popularity,none,1,
409,0.0,1.0,0.0,0.6,ml100k,popularity,none,1,
411,0.0,1.0,0.0,1.3,ml100k,popularity,none,1,
412,1.0,1.0,1.0,1.3,ml100k,popularity,none,1,
415,0.0,1.0,0.0,1.3,ml100k,popularity,none,1,
418,0.0,1.0,0.0,1.5,ml100k,popularity,none,1,
422,0.0,1.0,0.0,1.3,ml100k,popularity,none,1,
425,0.0,1.0,0.0,1.3,ml100k,popularity,none,1,
427,0.0,1.0,0.0,0.9,ml100k,popularity,none,1,
431,0.0,1.0,0.0,1.1,ml100k,popularity,none,1,
432,0.0,1.0,0.0,1.5,ml100k,popularity,none,1,
438,0.0,1.0,0.0,1.3,ml100k,popularity,none,1,
458,0.0,1.0,0.0,1.5,ml100k,popularity,none,1,
466,0.0,1.0,0.0,1.3,ml100k,popularity,none,1,
471,0.3010299956639812,1.0,1.0,1.3,ml100k,popularity,none,1,
485,0.0,1.0,0.0,0.9,ml100k,popularity,none,1,
489,0.0,1.0,0.0,1.3,ml100k,popularity,none,1,
491,0.0,1.0,0.0,1.1,ml100k,popularity,none,1,
498,0.0,1.0,0.0,1.1,ml100k,popularity,none,1,
504,0.0,1.0,0.0,1.1,ml100k,popularity,none,1,
513,0.0,1.0,0.0,0.7,ml100k,popularity,none,1,
517,0.0,1.0,0.0,1.3,ml100k,popularity,none,1,
520,0.0,1.0,0.0,1.3,ml100k,popularity,none,1,
526,0.0,1.0,0.0,1.3,ml100k,popularity,none,1,
529,0.0,1.0,0.0,1.5,ml100k,popularity,none,1,
533,0.0,1.0,0.0,0.9,ml100k,popularity,none,1,
561,0.0,1.0,0.0,1.1,ml100k,popularity,none,1,
563,0.0,1.0,0.0,0.7,ml100k,popularity,none,1,
570,0.0,1.0,0.0,1.3,ml100k,popularity,none,1,
572,0.0,1.0,0.0,1.5,ml100k,popularity,none,1,
576,0.0,1.0,0.0,0.9,ml100k,popularity,none,1,
577,0.0,1.0,0.0,1.3,ml100k,popularity,none,1,
580,0.3868528072345416,1.0,1.0,1.1,ml100k,popularity,none,1,
587,0.3868528072345416,1.0,1.0,1.3,ml100k,popularity,none,1,
589,1.0,1.0,1.0,1.3,ml100k,popularity,none,1,
591,0.0,1.0,0.0,1.5,ml100k,popularity,none,1,
593,0.0,1.0,0.0,1.3,ml100k,popularity,none,1,
594,0.0,1.0,0.0,1.5,ml100k,popularity,none,1,
597,0.0,1.0,0.0,1.3,ml100k,popularity,none,1,
604,0.0,1.0,0.0,0.6,ml100k,popularity,none,1,
607,0.0,1.0,0.0,1.5,ml100k,popularity,none,1,
608,0.0,1.0,0.0,1.5,ml100k,popularity,none,1,
616,0.430676558073393,1.0,1.0,0.9,ml100k,popularity,none,1,
617,0.0,1.0,0.0,0.9,ml100k,popularity,none,1,
626,0.0,1.0,0.0,1.1,ml100k,popularity,none,1,
627,0.0,1.0,0.0,0.9,ml100k,popularity,none,1,
629,0.0,1.0,0.0,0.6,ml100k,popularity,none,1,
631,0.0,1.0,0.0,1.3,ml100k,popularity,none,1,
636,0.0,1.0,0.0,1.3,ml100k,popularity,none,1,
639,0.0,1.0,0.0,1.3,ml100k,popularity,none,1,
641,0.0,1.0,0.0,1.5,ml100k,popularity,none,1,
642,0.2890648263178879,1.0,1.0,1.3,ml100k,popularity,none,1,
655,0.0,1.0,0.0,1.3,ml100k,popularity,none,1,
661,0.0,1.0,0.0,1.3,ml100k,popularity,none,1,
666,0.0,1.0,0.0,0.8,ml100k,popularity,none,1,
667,0.0,1.0,0.0,1.1,ml100k,popularity,none,1,
682,0.0,1.0,0.0,1.3,ml100k,popularity,none,1,
683,0.0,1.0,0.0,1.3,ml100k,popularity,none,1,
689,0.0,1.0,0.0,0.7,ml100k,popularity,none,1,
690,0.0,1.0,0.0,1.3,ml100k,popularity,none,1,
698,0.0,1.0,0.0,1.3,ml100k,popularity,none,1,
699,0.0,1.0,0.0,1.5,ml100k,popularity,none,1,
705,0.3333333333333333,1.0,1.0,1.3,ml100k,popularity,none,1,
707,0.0,1.0,0.0,1.5,ml100k,popularity,none,1,
709,0.0,1.0,0.0,0.4,ml100k,popularity,none,1,
712,0.0,1.0,0.0,1.5,ml100k,popularity,none,1,
715,0.0,1.0,0.0,1.3,ml100k,popularity,none,1,
721,0.0,1.0,0.0,0.8,ml100k,popularity,none,1,
722,0.0,1.0,0.0,1.5,ml100k,popularity,none,1,
727,0.0,1.0,0.0,1.3,ml100k,popularity,none,1,
729,0.0,1.0,0.0,1.1,ml100k,popularity,none,1,
732,0.0,1.0,0.0,1.3,ml100k,popularity,none,1,
738,0.0,1.0,0.0,1.3,ml100k,popularity,none,1,
739,0.0,1.0,0.0,1.3,ml100k,popularity,none,1,
740,0.0,1.0,0.0,1.3,ml100k,popularity,none,1,
743,0.0,1.0,0.0,1.3,ml100k,popularity,none,1,
744,0.0,1.0,0.0,0.9,ml100k,popularity,none,1,
747,0.0,1.0,0.0,1.5,ml100k,popularity,none,1,
754,0.0,1.0,0.0,1.3,ml100k,popularity,none,1,
756,0.0,1.0,0.0,1.3,ml100k,popularity,none,1,
758,0.0,1.0,0.0,1.3,ml100k,popularity,none,1,
762,0.0,1.0,0.0,0.7,ml100k,popularity,none,1,
772,0.0,1.0,0.0,0.9,ml100k,popularity,none,1,
775,0.0,1.0,0.0,1.1,ml100k,popularity,none,1,
778,0.0,1.0,0.0,1.3,ml100k,popularity,none,1,
787,0.0,1.0,0.0,1.5,ml100k,popularity,none,1,
791,0.0,1.0,0.0,1.5,ml100k,popularity,none,1,
794,0.0,1.0,0.0,1.3,ml100k,popularity,none,1,
795,0.0,1.0,0.0,0.6,ml100k,popularity,none,1,
796,0.3868528072345416,1.0,1.0,1.3,ml100k,popularity,none,1,
799,0.0,1.0,0.0,1.3,ml100k,popularity,none,1,
808,0.0,1.0,0.0,1.5,ml100k,popularity,none,1,
813,0.3868528072345416,1.0,1.0,1.3,ml100k,popularity,none,1,
815,0.0,1.0,0.0,0.9,ml100k,popularity,none,1,
822,0.0,1.0,0.0,1.3,ml100k,popularity,none,1,
826,0.0,1.0,0.0,0.6,ml100k,popularity,none,1,
835,0.0,1.0,0.0,1.1,ml100k,popularity,none,1,
850,0.430676558073393,1.0,1.0,1.3,ml100k,popularity,none,1,
855,0.0,1.0,0.0,0.9,ml100k,popularity,none,1,
861,0.0,1.0,0.0,1.1,ml100k,popularity,none,1,
869,0.0,1.0,0.0,0.7,ml100k,popularity,none,1,
870,0.0,1.0,0.0,1.1,ml100k,popularity,none,1,
872,0.0,1.0,0.0,0.9,ml100k,popularity,none,1,
876,0.0,1.0,0.0,0.7,ml100k,popularity,none,1,
878,0.0,1.0,0.0,1.1,ml100k,popularity,none,1,
880,0.0,1.0,0.0,0.5,ml100k,popularity,none,1,
886,0.0,1.0,0.0,1.3,ml100k,popularity,none,1,
889,0.0,1.0,0.0,1.3,ml100k,popularity,none,1,
890,0.0,1.0,0.0,1.5,ml100k,popularity,none,1,
893,0.0,1.0,0.0,0.9,ml100k,popularity,none,1,
894,0.0,1.0,0.0,1.3,ml100k,popularity,none,1,
898,0.0,1.0,0.0,0.9,ml100k,popularity,none,1,
901,0.0,1.0,0.0,1.1,ml100k,popularity,none,1,
911,0.3868528072345416,1.0,1.0,0.7,ml100k,popularity,none,1,
912,0.0,1.0,0.0,1.3,ml100k,popularity,none,1,
921,0.3154648767857287,1.0,1.0,1.1,ml100k,popularity,none,1,
5,0.0,0.9000260100026493,0.0,0.3,ml100k,popularity,quota_mmr,1,0.3551795895093837
6,0.0,0.8281128992524611,0.0,0.2,ml100k,popularity,quota_mmr,1,0.289183874851909
15,0.0,0.8420199132116726,0.0,0.2,ml100k,popularity,quota_mmr,1,0.3442367940183113
21,0.0,0.9023646878056002,0.0,0.3,ml100k,popularity,quota_mmr,1,0.3683848126777914
23,0.0,0.8812914667785997,0.0,0.3,ml100k,popularity,quota_mmr,1,0.3577881932074887
26,0.0,0.8596416624801682,0.0,0.2,ml100k,popularity,quota_mmr,1,0.371271612345286
29,0.0,0.9010283760257486,0.0,0.3,ml100k,popularity,quota_mmr,1,0.3325038756327479
32,0.2890648263178879,0.925435103990409,1.0,0.2,ml100k,popularity,quota_mmr,1,0.3112480241814281
37,0.0,0.9060086412669752,0.0,0.2,ml100k,popularity,quota_mmr,1,0.3654654493815913
45,0.3562071871080222,0.9261060625807762,1.0,0.3,ml100k,popularity,quota_mmr,1,0.3427975337406453
48,0.0,0.8589936967985805,0.0,0.2,ml100k,popularity,quota_mmr,1,0.3470304386403174
51,0.0,0.8818753701724968,0.0,0.2,ml100k,popularity,quota_mmr,1,0.2459517043059966
57,0.0,0.9319137359334771,0.0,0.3,ml100k,popularity,quota_mmr,1,0.3599624394862337
58,0.0,0.9395285201136891,0.0,0.3,ml100k,popularity,quota_mmr,1,0.3062284499913911
65,0.0,0.9263340350664874,0.0,0.2,ml100k,popularity,quota_mmr,1,0.3255587420711079
66,0.0,0.8412310869247973,0.0,0.3,ml100k,popularity,quota_mmr,1,0.3060303476953111
69,0.0,0.919980914091555,0.0,0.2,ml100k,popularity,quota_mmr,1,0.3565634181578607
73,0.0,0.8962253719081072,0.0,0.3,ml100k,popularity,quota_mmr,1,0.352141592171998
92,0.0,0.881881303353846,0.0,0.3,ml100k,popularity,quota_mmr,1,0.341134835748748
93,0.0,0.894345438668871,0.0,0.3,ml100k,popularity,quota_mmr,1,0.3486087890642488
95,0.0,0.8833499822430791,0.0,0.3,ml100k,popularity,quota_mmr,1,0.336947774439944
96,0.0,0.8554894750270622,0.0,0.3,ml100k,popularity,quota_mmr,1,0.3233115254742052
99,0.0,0.8743299618901205,0.0,0.2,ml100k,popularity,quota_mmr,1,0.3215880070973482
104,0.0,0.7890043614083431,0.0,0.3,ml100k,popularity,quota_mmr,1,0.2614575116753528
107,0.0,0.8653076959888466,0.0,0.2,ml100k,popularity,quota_mmr,1,0.3654415313525218
124,0.0,0.9133878451059448,0.0,0.2,ml100k,popularity,quota_mmr,1,0.3442747552161325
128,0.0,0.8981008439053464,0.0,0.3,ml100k,popularity,quota_mmr,1,0.3295589644177887
133,0.0,0.8708365544877598,0.0,0.2,ml100k,popularity,quota_mmr,1,0.371271612345286
134,0.0,0.8709037734102079,0.0,0.2,ml100k,popularity,quota_mmr,1,0.3238084523806068
151,0.0,0.8954225522416585,0.0,0.3,ml100k,popularity,quota_mmr,1,0.3517666876843434
158,0.0,0.8578086701650279,0.0,0.3,ml100k,popularity,quota_mmr,1,0.3572691327655394
162,0.0,0.9161122415808894,0.0,0.3,ml100k,popularity,quota_mmr,1,0.3611828612365342
163,0.0,0.9186746718689602,0.0,0.3,ml100k,popularity,quota_mmr,1,0.3292903058271917
165,0.0,0.9006982664254705,0.0,0.2,ml100k,popularity,quota_mmr,1,0.3309271020059169
177,0.0,0.8186756544971436,0.0,0.2,ml100k,popularity,quota_mmr,1,0.3099271511969765
187,0.0,0.9134723087111972,0.0,0.3,ml100k,popularity,quota_mmr,1,0.2572914306670834
188,0.0,0.8761913583721319,0.0,0.3,ml100k,popularity,quota_mmr,1,0.3118239733021272
192,0.0,0.9010863488080458,0.0,0.3,ml100k,popularity,quota_mmr,1,0.3671912062127916
194,0.0,0.882893479085541,0.0,0.2,ml100k,popularity,quota_mmr,1,0.3078749100050184
205,0.0,0.8854232036273667,0.0,0.3,ml100k,popularity,quota_mmr,1,0.4049014760371821
206,0.0,0.8482555152654516,0.0,0.2,ml100k,popularity,quota_mmr,1,0.319885413611945
216,0.0,0.8510560463699081,0.0,0.2,ml100k,popularity,quota_mmr,1,0.2877582441439221
220,0.0,0.8998180143150672,0.0,0.3,ml100k,popularity,quota_mmr,1,0.3330302778747257
221,0.0,0.909750175878183,0.0,0.2,ml100k,popularity,quota_mmr,1,0.2816629230642679
222,0.0,0.8689438131977862,0.0,0.3,ml100k,popularity,quota_mmr,1,0.3530729879010503
233,0.0,0.8984062114408922,0.0,0.3,ml100k,popularity,quota_mmr,1,0.3797478567633407
234,0.0,0.8623706880365511,0.0,0.2,ml100k,popularity,quota_mmr,1,0.3643395775822614
236,0.3333333333333333,0.9554828435884885,1.0,0.2,ml100k,popularity,quota_mmr,1,0.3140674130605537
237,0.0,0.901718536566228,0.0,0.2,ml100k,popularity,quota_mmr,1,0.3486211676898748
242,0.0,0.8649794950413772,0.0,0.2,ml100k,popularity,quota_mmr,1,0.3746110421092717
244,0.0,0.8524264273082652,0.0,0.2,ml100k,popularity,quota_mmr,1,0.3812727140355048
246,0.0,0.9337278019026508,0.0,0.2,ml100k,popularity,quota_mmr,1,0.3415156738742573
253,0.0,0.9415954365917452,0.0,0.3,ml100k,popularity,quota_mmr,1,0.2218301633624263
258,0.0,0.8909819277164812,0.0,0.3,ml100k,popularity,quota_mmr,1,0.3733385774076495
267,0.0,0.8652873721550147,0.0,0.3,ml100k,popularity,quota_mmr,1,0.3581942153430228
286,0.0,0.8367402834127456,0.0,0.3,ml100k,popularity,quota_mmr,1,0.3397398965962396
287,0.0,0.8765415398204282,0.0,0.2,ml100k,popularity,quota_mmr,1,0.3643395775822614
292,0.0,0.8376212061308216,0.0,0.3,ml100k,popularity,quota_mmr,1,0.3363215244477742
294,0.0,0.8662072431465536,0.0,0.3,ml100k,popularity,quota_mmr,1,0.3619629113286253
298,0.0,0.9088919744773905,0.0,0.3,ml100k,popularity,quota_mmr,1,0.3525371392192837
302,0.0,0.8960259851872875,0.0,0.3,ml100k,popularity,quota_mmr,1,0.3508324152520791
305,0.0,0.8844249489278132,0.0,0.2,ml100k,popularity,quota_mmr,1,0.2491502743617086
306,0.0,0.8787673553516313,0.0,0.2,ml100k,popularity,quota_mmr,1,0.3707712182793568
310,0.0,0.9111590391044349,0.0,0.2,ml100k,popularity,quota_mmr,1,0.3038493159320134
314,0.0,0.91985215831432,0.0,0.2,ml100k,popularity,quota_mmr,1,0.3597178394350517
319,0.0,0.958683974812458,0.0,0.2,ml100k,popularity,quota_mmr,1,0.2925176969502834
338,0.0,0.9179815504162632,0.0,0.2,ml100k,popularity,quota_mmr,1,0.322127200782919
341,0.0,0.8527071786682708,0.0,0.2,ml100k,popularity,quota_mmr,1,0.2353152032845767
343,0.0,0.8363969292081026,0.0,0.3,ml100k,popularity,quota_mmr,1,0.32727606810895
345,0.0,0.912410616526949,0.0,0.2,ml100k,popularity,quota_mmr,1,0.3516403994825368
348,0.0,0.8850633633822645,0.0,0.2,ml100k,popularity,quota_mmr,1,0.3707712182793568
351,0.0,0.8630772644705078,0.0,0.2,ml100k,popularity,quota_mmr,1,0.3646740065330082
352,0.0,0.8285942848300665,0.0,0.2,ml100k,popularity,quota_mmr,1,0.1591962180495205
357,0.0,0.8993955165560802,0.0,0.3,ml100k,popularity,quota_mmr,1,0.3761998992135831
360,0.0,0.8476641488021615,0.0,0.3,ml100k,popularity,quota_mmr,1,0.3466625602058909
368,0.0,0.9089085866663926,0.0,0.2,ml100k,popularity,quota_mmr,1,0.2962478520409944
369,0.0,0.8351615764838295,0.0,0.2,ml100k,popularity,quota_mmr,1,0.3447401281877141
376,0.0,0.8894119727463202,0.0,0.2,ml100k,popularity,quota_mmr,1,0.3257809744522812
377,0.0,0.886992943861883,0.0,0.2,ml100k,popularity,quota_mmr,1,0.3618211113563622
381,0.0,0.9181003525575384,0.0,0.2,ml100k,popularity,quota_mmr,1,0.3349328976832973
382,0.0,0.8025228692079621,0.0,0.2,ml100k,popularity,quota_mmr,1,0.3174048874535886
392,0.0,0.8649776096900593,0.0,0.2,ml100k,popularity,quota_mmr,1,0.2775176147283513
393,0.0,0.9330488686542848,0.0,0.2,ml100k,popularity,quota_mmr,1,0.3425601869727706
406,0.0,0.9647573545200696,0.0,0.2,ml100k,popularity,quota_mmr,1,0.3495314493672927
407,0.0,0.9304702781363792,0.0,0.3,ml100k,popularity,quota_mmr,1,0.335544385694576
409,0.0,0.962156254462766,0.0,0.3,ml100k,popularity,quota_mmr,1,0.303071358570238
411,0.0,0.8974072729601826,0.0,0.3,ml100k,popularity,quota_mmr,1,0.3825211323032001
412,1.0,0.9114908073617206,1.0,0.3,ml100k,popularity,quota_mmr,1,0.3422003789204398
415,0.0,0.859165517346443,0.0,0.3,ml100k,popularity,quota_mmr,1,0.3631876933029195
418,0.0,0.8538725963063326,0.0,0.2,ml100k,popularity,quota_mmr,1,0.3656431830112053
422,0.0,0.8855149911935182,0.0,0.3,ml100k,popularity,quota_mmr,1,0.3487799725190399
425,0.0,0.870826419459287,0.0,0.2,ml100k,popularity,quota_mmr,1,0.3624177541166741
427,0.0,0.919333818612602,0.0,0.2,ml100k,popularity,quota_mmr,1,0.2918086732402639
431,0.0,0.8988180886206625,0.0,0.3,ml100k,popularity,quota_mmr,1,0.2749540845405635
432,0.0,0.8710907978379879,0.0,0.2,ml100k,popularity,quota_mmr,1,0.4311295281557002
438,0.0,0.9106603813709888,0.0,0.2,ml100k,popularity,quota_mmr,1,0.3228464833270022
458,0.0,0.8417988889503045,0.0,0.2,ml100k,popularity,quota_mmr,1,0.3499018598285458
466,0.0,0.8626865973010347,0.0,0.2,ml100k,popularity,quota_mmr,1,0.3746110421092717
471,0.0,0.9077222691980598,0.0,0.3,ml100k,popularity,quota_mmr,1,0.3628858314546837
485,0.0,0.8972791970716402,0.0,0.3,ml100k,popularity,quota_mmr,1,0.3527884660101111
489,0.0,0.9093916654952968,0.0,0.2,ml100k,popularity,quota_mmr,1,0.3253479072481501
491,0.0,0.9141413972513948,0.0,0.2,ml100k,popularity,quota_mmr,1,0.345454521228295
498,0.0,0.8739785156121782,0.0,0.3,ml100k,popularity,quota_mmr,1,0.271781589454511
504,0.0,0.9145102842878234,0.0,0.3,ml100k,popularity,quota_mmr,1,0.3568222487258071
513,0.0,0.927175888871238,0.0,0.3,ml100k,popularity,quota_mmr,1,0.2777294330919764
517,0.0,0.8623706880365511,0.0,0.2,ml100k,popularity,quota_mmr,1,0.3643395775822614
520,0.0,0.8943587063661673,0.0,0.2,ml100k,popularity,quota_mmr,1,0.3896577147700653
526,0.0,0.8973555974386928,0.0,0.3,ml100k,popularity,quota_mmr,1,0.3474097926700729
529,0.0,0.8463299316706296,0.0,0.2,ml100k,popularity,quota_mmr,1,0.3221623904085489
533,0.0,0.956044599206006,0.0,0.3,ml100k,popularity,quota_mmr,1,0.3335868096671145
561,0.0,0.89301933658109,0.0,0.2,ml100k,popularity,quota_mmr,1,0.3707712182793568
563,0.0,0.9067167373728084,0.0,0.3,ml100k,popularity,quota_mmr,1,0.2412408810284207
570,0.0,0.8631752909537068,0.0,0.3,ml100k,popularity,quota_mmr,1,0.3516572890239394
572,0.0,0.8580882326028177,0.0,0.2,ml100k,popularity,quota_mmr,1,0.328830879678939
576,0.0,0.9177241546967824,0.0,0.2,ml100k,popularity,quota_mmr,1,0.309731342184545
577,0.0,0.9190635983259628,0.0,0.3,ml100k,popularity,quota_mmr,1,0.3303324539312409
580,0.0,0.9018813347545516,0.0,0.2,ml100k,popularity,quota_mmr,1,0.3520234650486037
587,0.430676558073393,0.8987344599924274,1.0,0.3,ml100k,popularity,quota_mmr,1,0.3789931219393375
589,1.0,0.8765706183374438,1.0,0.3,ml100k,popularity,quota_mmr,1,0.3050293092082382
591,0.0,0.8629017619068924,0.0,0.3,ml100k,popularity,quota_mmr,1,0.3611209907380531
593,0.0,0.886424307217606,0.0,0.3,ml100k,popularity,quota_mmr,1,0.3508324152520791
594,0.0,0.8042870915932145,0.0,0.2,ml100k,popularity,quota_mmr,1,0.248223472194109
597,0.0,0.8683137685254376,0.0,0.3,ml100k,popularity,quota_mmr,1,0.2879247995862153
604,0.0,0.9356677308989788,0.0,0.2,ml100k,popularity,quota_mmr,1,0.335165359493889
607,0.0,0.8363969292081026,0.0,0.3,ml100k,popularity,quota_mmr,1,0.32727606810895
608,0.0,0.8215500564566733,0.0,0.2,ml100k,popularity,quota_mmr,1,0.3431617423614035
616,0.430676558073393,0.96675117586204,1.0,0.2,ml100k,popularity,quota_mmr,1,0.3118031493968979
617,0.0,0.8641813473834262,0.0,0.3,ml100k,popularity,quota_mmr,1,0.1982933855717635
626,0.0,0.9041659345488724,0.0,0.3,ml100k,popularity,quota_mmr,1,0.2674079602845504
627,0.0,0.9336478767736094,0.0,0.2,ml100k,popularity,quota_mmr,1,0.345888233832166
629,0.0,0.8931272322841181,0.0,0.2,ml100k,popularity,quota_mmr,1,0.2507992941865081
631,0.0,0.8945141613206553,0.0,0.3,ml100k,popularity,quota_mmr,1,0.3647004823966423
636,0.0,0.8780131728862404,0.0,0.2,ml100k,popularity,quota_mmr,1,0.3523663503507415
639,0.0,0.8832346829732832,0.0,0.3,ml100k,popularity,quota_mmr,1,0.3751564673395399
641,0.0,0.8553996874059941,0.0,0.3,ml100k,popularity,quota_mmr,1,0.3485565031052027
642,0.0,0.8937092804772617,0.0,0.2,ml100k,popularity,quota_mmr,1,0.3410147511507607
655,0.0,0.9368238973759162,0.0,0.3,ml100k,popularity,quota_mmr,1,0.3378632726773249
661,0.0,0.8843365745879422,0.0,0.3,ml100k,popularity,quota_mmr,1,0.3900850928532838
666,0.0,0.9021720320520484,0.0,0.2,ml100k,popularity,quota_mmr,1,0.2707048073475518
667,0.0,0.8923298741751425,0.0,0.3,ml100k,popularity,quota_mmr,1,0.3492025035637506
682,0.0,0.8618778106407087,0.0,0.2,ml100k,popularity,quota_mmr,1,0.3729317253769699
683,0.0,0.8803028504274308,0.0,0.3,ml100k,popularity,quota_mmr,1,0.3109976216950484
689,0.0,0.9539435741730092,0.0,0.3,ml100k,popularity,quota_mmr,1,0.3492587855273866
690,0.0,0.8715368902347987,0.0,0.3,ml100k,popularity,quota_mmr,1,0.3739102565391708
698,0.0,0.8668682903186543,0.0,0.2,ml100k,popularity,quota_mmr,1,0.3595573254531843
699,0.0,0.8391605065137805,0.0,0.2,ml100k,popularity,quota_mmr,1,0.3616621526202932
705,0.0,0.8598216214389165,0.0,0.3,ml100k,popularity,quota_mmr,1,0.3457411751852109
707,0.0,0.8834431767892769,0.0,0.3,ml100k,popularity,quota_mmr,1,0.3482996849513889
709,0.0,0.9730722870146808,0.0,0.3,ml100k,popularity,quota_mmr,1,0.3328953616100298
712,0.0,0.8463214883785724,0.0,0.3,ml100k,popularity,quota_mmr,1,0.3355662719264115
715,0.3562071871080222,0.8721674249955667,1.0,0.2,ml100k,popularity,quota_mmr,1,0.3511656192301846
721,0.0,0.8592655966073875,0.0,0.3,ml100k,popularity,quota_mmr,1,0.2240509888817413
722,0.0,0.8492055507416406,0.0,0.2,ml100k,popularity,quota_mmr,1,0.3296229611374868
727,0.0,0.8551772830141096,0.0,0.3,ml100k,popularity,quota_mmr,1,0.360362977147824
729,0.0,0.9290730157344376,0.0,0.3,ml100k,popularity,quota_mmr,1,0.3481991668102665
732,0.0,0.8994819397216173,0.0,0.3,ml100k,popularity,quota_mmr,1,0.3342113633750355
738,0.3154648767857287,0.9104708814325048,1.0,0.3,ml100k,popularity,quota_mmr,1,0.3275269458853977
739,0.0,0.8803886037262353,0.0,0.3,ml100k,popularity,quota_mmr,1,0.3556400339554691
740,0.0,0.861265141248421,0.0,0.3,ml100k,popularity,quota_mmr,1,0.3342719130339931
743,0.0,0.8568521876115649,0.0,0.2,ml100k,popularity,quota_mmr,1,0.3593718655650254
744,0.0,0.9235733636968292,0.0,0.3,ml100k,popularity,quota_mmr,1,0.3504912606005962
747,0.0,0.8470335807460264,0.0,0.3,ml100k,popularity,quota_mmr,1,0.3506397908605655
754,0.0,0.9199509187499616,0.0,0.3,ml100k,popularity,quota_mmr,1,0.3463492707293635
756,0.0,0.8659418684054035,0.0,0.3,ml100k,popularity,quota_mmr,1,0.3468615659706812
758,0.0,0.871029702166467,0.0,0.3,ml100k,popularity,quota_mmr,1,0.3674290198139357
762,0.0,0.935135587550292,0.0,0.3,ml100k,popularity,quota_mmr,1,0.3285134183157536
772,0.0,0.9105232825966793,0.0,0.2,ml100k,popularity,quota_mmr,1,0.3539377277521823
775,0.0,0.9141714849975612,0.0,0.3,ml100k,popularity,quota_mmr,1,0.3527560379526247
778,0.0,0.8675604802599872,0.0,0.3,ml100k,popularity,quota_mmr,1,0.3587740408481959
787,0.0,0.8483319453105863,0.0,0.3,ml100k,popularity,quota_mmr,1,0.3520180396393651
791,0.0,0.8715697152201037,0.0,0.3,ml100k,popularity,quota_mmr,1,0.3567077775595615
794,0.0,0.8896456319629787,0.0,0.2,ml100k,popularity,quota_mmr,1,0.3707712182793568
795,0.3010299956639812,0.9188305150157262,1.0,0.3,ml100k,popularity,quota_mmr,1,0.3211656158283547
796,0.430676558073393,0.8851749027034123,1.0,0.3,ml100k,popularity,quota_mmr,1,0.3698271304465933
799,0.0,0.8984062114408922,0.0,0.3,ml100k,popularity,quota_mmr,1,0.3797478567633407
808,0.0,0.7829276103431889,0.0,0.2,ml100k,popularity,quota_mmr,1,0.2901148206778217
813,0.430676558073393,0.9223360276882112,1.0,0.2,ml100k,popularity,quota_mmr,1,0.3344967197984495
815,0.0,0.938751905524696,0.0,0.3,ml100k,popularity,quota_mmr,1,0.3540987332731319
822,0.0,0.8801559551381128,0.0,0.2,ml100k,popularity,quota_mmr,1,0.312865378333584
826,0.0,0.9593785503829184,0.0,0.3,ml100k,popularity,quota_mmr,1,0.3314849005011595
835,0.0,0.9059231608200864,0.0,0.3,ml100k,popularity,quota_mmr,1,0.3567811116519779
850,0.5,0.9050574761886292,1.0,0.3,ml100k,popularity,quota_mmr,1,0.3702560575223975
855,0.0,0.9260474937092904,0.0,0.3,ml100k,popularity,quota_mmr,1,0.3454948076752236
861,0.0,0.9184161601631609,0.0,0.3,ml100k,popularity,quota_mmr,1,0.3510739210991384
869,0.0,0.9139506390052382,0.0,0.3,ml100k,popularity,quota_mmr,1,0.2887424784294358
870,0.0,0.9069676149518388,0.0,0.2,ml100k,popularity,quota_mmr,1,0.3472233082167655
872,0.0,0.9066806670607248,0.0,0.2,ml100k,popularity,quota_mmr,1,0.3412861096264234
876,0.0,0.971629877861563,0.0,0.2,ml100k,popularity,quota_mmr,1,0.3075335378523514
878,0.0,0.9250248403360783,0.0,0.3,ml100k,popularity,quota_mmr,1,0.3321826838556066
880,0.0,0.976309817192474,0.0,0.2,ml100k,popularity,quota_mmr,1,0.3266887393912567
886,0.0,0.8763881995452892,0.0,0.3,ml100k,popularity,quota_mmr,1,0.3598956544255995
889,0.0,0.8476941080993521,0.0,0.2,ml100k,popularity,quota_mmr,1,0.3191764944569373
890,0.0,0.8560017030018511,0.0,0.2,ml100k,popularity,quota_mmr,1,0.3455448829253467
893,0.0,0.9367083918415,0.0,0.3,ml100k,popularity,quota_mmr,1,0.3530108930180222
894,0.0,0.8708055210271477,0.0,0.2,ml100k,popularity,quota_mmr,1,0.3538238618754997
898,0.0,0.9545833663212449,0.0,0.3,ml100k,popularity,quota_mmr,1,0.362056192116939
901,0.0,0.9430401577137127,0.0,0.3,ml100k,popularity,quota_mmr,1,0.3148772389729831
911,0.430676558073393,0.8255978794197457,1.0,0.2,ml100k,popularity,quota_mmr,1,0.205709851268045
912,0.2890648263178879,0.8916003079682552,1.0,0.3,ml100k,popularity,quota_mmr,1,0.3794032396529544
921,0.0,0.9063270148303576,0.0,0.2,ml100k,popularity,quota_mmr,1,0.364705468997325
5,0.3868528072345416,1.0,1.0,1.5,ml100k,itemknn,none,1,
6,0.0,1.0,0.0,1.5,ml100k,itemknn,none,1,
15,0.0,1.0,0.0,0.9,ml100k,itemknn,none,1,
21,0.0,1.0,0.0,1.3,ml100k,itemknn,none,1,
23,0.0,1.0,0.0,1.3,ml100k,itemknn,none,1,
26,0.0,1.0,0.0,1.1,ml100k,itemknn,none,1,
29,0.0,1.0,0.0,1.3,ml100k,itemknn,none,1,
32,0.0,1.0,0.0,1.5,ml100k,itemknn,none,1,
37,0.0,1.0,0.0,1.3,ml100k,itemknn,none,1,
45,0.0,1.0,0.0,1.1,ml100k,itemknn,none,1,
48,0.0,1.0,0.0,1.5,ml100k,itemknn,none,1,
51,0.0,1.0,0.0,0.9,ml100k,itemknn,none,1,
57,0.0,1.0,0.0,1.1,ml100k,itemknn,none,1,
58,0.0,1.0,0.0,1.1,ml100k,itemknn,none,1,
65,0.0,1.0,0.0,1.1,ml100k,itemknn,none,1,
66,0.0,1.0,0.0,1.5,ml100k,itemknn,none,1,
69,0.0,1.0,0.0,0.9,ml100k,itemknn,none,1,
73,0.0,1.0,0.0,1.5,ml100k,itemknn,none,1,
92,0.0,1.0,0.0,1.5,ml100k,itemknn,none,1,
93,0.0,1.0,0.0,1.5,ml100k,itemknn,none,1,
95,0.0,1.0,0.0,1.3,ml100k,itemknn,none,1,
96,0.3333333333333333,1.0,1.0,1.5,ml100k,itemknn,none,1,
99,0.0,1.0,0.0,0.7,ml100k,itemknn,none,1,
104,0.0,1.0,0.0,1.1,ml100k,itemknn,none,1,
107,0.0,1.0,0.0,1.1,ml100k,itemknn,none,1,
124,0.0,1.0,0.0,1.1,ml100k,itemknn,none,1,
128,1.0,1.0,1.0,1.3,ml100k,itemknn,none,1,
133,0.0,1.0,0.0,1.5,ml100k,itemknn,none,1,
134,0.0,1.0,0.0,1.5,ml100k,itemknn,none,1,
151,0.0,1.0,0.0,0.9,ml100k,itemknn,none,1,
158,0.0,1.0,0.0,0.9,ml100k,itemknn,none,1,
162,0.0,1.0,0.0,1.5,ml100k,itemknn,none,1,
163,0.0,1.0,0.0,1.3,ml100k,itemknn,none,1,
165,0.3868528072345416,1.0,1.0,1.1,ml100k,itemknn,none,1,
177,0.0,1.0,0.0,1.5,ml100k,itemknn,none,1,
187,0.0,1.0,0.0,0.5,ml100k,itemknn,none,1,
188,0.0,1.0,0.0,1.3,ml100k,itemknn,none,1,
192,0.0,1.0,0.0,0.9,ml100k,itemknn,none,1,
194,0.0,1.0,0.0,1.5,ml100k,itemknn,none,1,
205,0.0,1.0,0.0,1.3,ml100k,itemknn,none,1,
206,0.0,1.0,0.0,1.5,ml100k,itemknn,none,1,
216,0.0,1.0,0.0,1.3,ml100k,itemknn,none,1,
220,0.0,1.0,0.0,1.1,ml100k,itemknn,none,1,
221,0.0,1.0,0.0,1.1,ml100k,itemknn,none,1,
222,0.3154648767857287,1.0,1.0,0.7,ml100k,itemknn,none,1,
233,0.0,1.0,0.0,0.6,ml100k,itemknn,none,1,
234,0.0,1.0,0.0,1.3,ml100k,itemknn,none,1,
236,0.0,1.0,0.0,1.3,ml100k,itemknn,none,1,
237,0.0,1.0,0.0,0.7,ml100k,itemknn,none,1,
242,0.0,1.0,0.0,1.0,ml100k,itemknn,none,1,
244,0.0,1.0,0.0,0.9,ml100k,itemknn,none,1,
246,0.0,1.0,0.0,1.3,ml100k,itemknn,none,1,
253,0.0,1.0,0.0,1.1,ml100k,itemknn,none,1,
258,0.0,1.0,0.0,1.3,ml100k,itemknn,none,1,
267,0.0,1.0,0.0,0.6,ml100k,itemknn,none,1,
286,0.0,1.0,0.0,1.1,ml100k,itemknn,none,1,
287,0.0,1.0,0.0,1.3,ml100k,itemknn,none,1,
292,0.0,1.0,0.0,1.1,ml100k,itemknn,none,1,
294,0.0,1.0,0.0,1.1,ml100k,itemknn,none,1,
298,0.0,1.0,0.0,1.5,ml100k,itemknn,none,1,
302,0.0,1.0,0.0,1.1,ml100k,itemknn,none,1,
305,0.0,1.0,0.0,0.8,ml100k,itemknn,none,1,
306,0.0,1.0,0.0,1.5,ml100k,itemknn,none,1,
310,0.0,1.0,0.0,1.1,ml100k,itemknn,none,1,
314,0.0,1.0,0.0,1.1,ml100k,itemknn,none,1,
319,0.0,1.0,0.0,0.8,ml100k,itemknn,none,1,
338,0.0,1.0,0.0,0.9,ml100k,itemknn,none,1,
341,0.0,1.0,0.0,1.1,ml100k,itemknn,none,1,
343,0.0,1.0,0.0,0.9,ml100k,itemknn,none,1,
345,0.0,1.0,0.0,1.3,ml100k,itemknn,none,1,
348,0.0,1.0,0.0,1.3,ml100k,itemknn,none,1,
351,0.0,1.0,0.0,1.5,ml100k,itemknn,none,1,
352,0.0,1.0,0.0,1.5,ml100k,itemknn,none,1,
357,0.0,1.0,0.0,1.5,ml100k,itemknn,none,1,
360,0.0,1.0,0.0,1.3,ml100k,itemknn,none,1,
368,0.0,1.0,0.0,1.5,ml100k,itemknn,none,1,
369,0.0,1.0,0.0,1.1,ml100k,itemknn,none,1,
376,0.0,1.0,0.0,0.7,ml100k,itemknn,none,1,
377,0.0,1.0,0.0,1.1,ml100k,itemknn,none,1,
381,0.0,1.0,0.0,1.0,ml100k,itemknn,none,1,
382,0.0,1.0,0.0,1.5,ml100k,itemknn,none,1,
392,0.0,1.0,0.0,0.9,ml100k,itemknn,none,1,
393,0.0,1.0,0.0,1.1,ml100k,itemknn,none,1,
406,0.0,1.0,0.0,1.1,ml100k,itemknn,none,1,
407,0.0,1.0,0.0,1.1,ml100k,itemknn,none,1,
409,0.0,1.0,0.0,0.9,ml100k,itemknn,none,1,
411,0.0,1.0,0.0,0.7,ml100k,itemknn,none,1,
412,1.0,1.0,1.0,1.1,ml100k,itemknn,none,1,
415,0.0,1.0,0.0,1.3,ml100k,itemknn,none,1,
418,0.0,1.0,0.0,1.5,ml100k,itemknn,none,1,
422,0.0,1.0,0.0,1.1,ml100k,itemknn,none,1,
425,0.0,1.0,0.0,1.3,ml100k,itemknn,none,1,
427,0.0,1.0,0.0,0.9,ml100k,itemknn,none,1,
431,0.0,1.0,0.0,1.1,ml100k,itemknn,none,1,
432,0.0,1.0,0.0,1.3,ml100k,itemknn,none,1,
438,0.0,1.0,0.0,1.1,ml100k,itemknn,none,1,
458,0.0,1.0,0.0,1.1,ml100k,itemknn,none,1,
466,0.0,1.0,0.0,1.0,ml100k,itemknn,none,1,
471,0.5,1.0,1.0,1.3,ml100k,itemknn,none,1,
485,0.0,1.0,0.0,0.4,ml100k,itemknn,none,1,
489,0.0,1.0,0.0,0.9,ml100k,itemknn,none,1,
491,0.0,1.0,0.0,1.0,ml100k,itemknn,none,1,
498,0.0,1.0,0.0,1.5,ml100k,itemknn,none,1,
504,0.0,1.0,0.0,1.1,ml100k,itemknn,none,1,
513,0.0,1.0,0.0,0.7,ml100k,itemknn,none,1,
517,0.0,1.0,0.0,1.1,ml100k,itemknn,none,1,
520,0.0,1.0,0.0,0.9,ml100k,itemknn,none,1,
526,0.0,1.0,0.0,1.3,ml100k,itemknn,none,1,
529,0.0,1.0,0.0,1.5,ml100k,itemknn,none,1,
533,0.0,1.0,0.0,1.1,ml100k,itemknn,none,1,
561,0.0,1.0,0.0,1.5,ml100k,itemknn,none,1,
563,0.0,1.0,0.0,0.7,ml100k,itemknn,none,1,
570,0.0,1.0,0.0,1.5,ml100k,itemknn,none,1,
572,0.0,1.0,0.0,1.3,ml100k,itemknn,none,1,
576,0.0,1.0,0.0,0.7,ml100k,itemknn,none,1,
577,0.0,1.0,0.0,1.5,ml100k,itemknn,none,1,
580,0.0,1.0,0.0,1.1,ml100k,itemknn,none,1,
587,0.3868528072345416,1.0,1.0,1.3,ml100k,itemknn,none,1,
589,0.0,1.0,0.0,1.3,ml100k,itemknn,none,1,
591,0.0,1.0,0.0,0.9,ml100k,itemknn,none,1,
593,0.0,1.0,0.0,1.3,ml100k,itemknn,none,1,
594,0.0,1.0,0.0,1.5,ml100k,itemknn,none,1,
597,0.0,1.0,0.0,1.3,ml100k,itemknn,none,1,
604,0.0,1.0,0.0,1.1,ml100k,itemknn,none,1,
607,0.0,1.0,0.0,1.1,ml100k,itemknn,none,1,
608,0.0,1.0,0.0,1.5,ml100k,itemknn,none,1,
616,0.0,1.0,0.0,1.1,ml100k,itemknn,none,1,
617,0.0,1.0,0.0,1.1,ml100k,itemknn,none,1,
626,0.0,1.0,0.0,1.1,ml100k,itemknn,none,1,
627,0.0,1.0,0.0,0.9,ml100k,itemknn,none,1,
629,0.0,1.0,0.0,0.8,ml100k,itemknn,none,1,
631,0.0,1.0,0.0,1.5,ml100k,itemknn,none,1,
636,0.0,1.0,0.0,1.3,ml100k,itemknn,none,1,
639,0.0,1.0,0.0,1.3,ml100k,itemknn,none,1,
641,0.0,1.0,0.0,1.3,ml100k,itemknn,none,1,
642,0.3333333333333333,1.0,1.0,1.1,ml100k,itemknn,none,1,
655,0.0,1.0,0.0,1.5,ml100k,itemknn,none,1,
661,0.0,1.0,0.0,0.9,ml100k,itemknn,none,1,
666,0.0,1.0,0.0,0.8,ml100k,itemknn,none,1,
667,0.0,1.0,0.0,0.9,ml100k,itemknn,none,1,
682,0.3562071871080222,1.0,1.0,0.6,ml100k,itemknn,none,1,
683,0.0,1.0,0.0,1.1,ml100k,itemknn,none,1,
689,0.0,1.0,0.0,0.6,ml100k,itemknn,none,1,
690,0.0,1.0,0.0,0.7,ml100k,itemknn,none,1,
698,0.0,1.0,0.0,1.3,ml100k,itemknn,none,1,
699,0.0,1.0,0.0,1.1,ml100k,itemknn,none,1,
705,0.0,1.0,0.0,0.7,ml100k,itemknn,none,1,
707,0.0,1.0,0.0,1.3,ml100k,itemknn,none,1,
709,0.0,1.0,0.0,1.1,ml100k,itemknn,none,1,
712,0.0,1.0,0.0,0.9,ml100k,itemknn,none,1,
715,0.0,1.0,0.0,1.3,ml100k,itemknn,none,1,
721,0.0,1.0,0.0,1.1,ml100k,itemknn,none,1,
722,0.0,1.0,0.0,1.5,ml100k,itemknn,none,1,
727,0.0,1.0,0.0,1.3,ml100k,itemknn,none,1,
729,0.0,1.0,0.0,0.9,ml100k,itemknn,none,1,
732,0.0,1.0,0.0,1.1,ml100k,itemknn,none,1,
738,0.0,1.0,0.0,1.3,ml100k,itemknn,none,1,
739,0.0,1.0,0.0,1.5,ml100k,itemknn,none,1,
740,0.0,1.0,0.0,1.1,ml100k,itemknn,none,1,
743,0.0,1.0,0.0,1.1,ml100k,itemknn,none,1,
744,0.0,1.0,0.0,0.7,ml100k,itemknn,none,1,
747,0.0,1.0,0.0,0.9,ml100k,itemknn,none,1,
754,0.0,1.0,0.0,1.3,ml100k,itemknn,none,1,
756,0.0,1.0,0.0,1.1,ml100k,itemknn,none,1,
758,0.0,1.0,0.0,1.3,ml100k,itemknn,none,1,
762,0.0,1.0,0.0,0.7,ml100k,itemknn,none,1,
772,0.0,1.0,0.0,1.3,ml100k,itemknn,none,1,
775,0.0,1.0,0.0,1.1,ml100k,itemknn,none,1,
778,0.0,1.0,0.0,1.3,ml100k,itemknn,none,1,
787,0.0,1.0,0.0,0.9,ml100k,itemknn,none,1,
791,0.0,1.0,0.0,1.1,ml100k,itemknn,none,1,
794,0.0,1.0,0.0,1.5,ml100k,itemknn,none,1,
795,0.0,1.0,0.0,0.7,ml100k,itemknn,none,1,
796,1.0,1.0,1.0,0.9,ml100k,itemknn,none,1,
799,0.0,1.0,0.0,1.3,ml100k,itemknn,none,1,
808,0.0,1.0,0.0,1.5,ml100k,itemknn,none,1,
813,0.0,1.0,0.0,1.5,ml100k,itemknn,none,1,
815,0.0,1.0,0.0,0.9,ml100k,itemknn,none,1,
822,0.0,1.0,0.0,1.5,ml100k,itemknn,none,1,
826,0.0,1.0,0.0,0.8,ml100k,itemknn,none,1,
835,0.0,1.0,0.0,1.5,ml100k,itemknn,none,1,
850,0.0,1.0,0.0,1.5,ml100k,itemknn,none,1,
855,0.0,1.0,0.0,1.3,ml100k,itemknn,none,1,
861,0.0,1.0,0.0,1.1,ml100k,itemknn,none,1,
869,0.0,1.0,0.0,0.9,ml100k,itemknn,none,1,
870,0.0,1.0,0.0,1.3,ml100k,itemknn,none,1,
872,0.0,1.0,0.0,1.1,ml100k,itemknn,none,1,
876,0.0,1.0,0.0,0.5,ml100k,itemknn,none,1,
878,0.0,1.0,0.0,0.7,ml100k,itemknn,none,1,
880,0.0,1.0,0.0,1.1,ml100k,itemknn,none,1,
886,0.0,1.0,0.0,0.8,ml100k,itemknn,none,1,
889,0.0,1.0,0.0,1.1,ml100k,itemknn,none,1,
890,0.0,1.0,0.0,1.5,ml100k,itemknn,none,1,
893,0.0,1.0,0.0,1.1,ml100k,itemknn,none,1,
894,0.0,1.0,0.0,1.5,ml100k,itemknn,none,1,
898,0.0,1.0,0.0,0.9,ml100k,itemknn,none,1,
901,0.0,1.0,0.0,1.3,ml100k,itemknn,none,1,
911,0.0,1.0,0.0,1.1,ml100k,itemknn,none,1,
912,0.430676558073393,1.0,1.0,0.7,ml100k,itemknn,none,1,
921,1.0,1.0,1.0,1.3,ml100k,itemknn,none,1,
5,0.0,0.9229763048491184,0.0,0.3,ml100k,itemknn,quota_mmr,1,0.4390309789648458
6,0.0,0.757506534557449,0.0,0.3,ml100k,itemknn,quota_mmr,1,0.2287915932143263
15,0.0,0.8345340943140229,0.0,0.3,ml100k,itemknn,quota_mmr,1,0.1884921302238981
21,0.0,0.9429477088968544,0.0,0.2,ml100k,itemknn,quota_mmr,1,0.4690275219668408
23,0.3868528072345416,0.9240912757208466,1.0,0.2,ml100k,itemknn,quota_mmr,1,0.4317932843014102
26,0.0,0.9500052382811772,0.0,0.2,ml100k,itemknn,quota_mmr,1,0.4723386292462881
29,0.0,0.8622940268577399,0.0,0.2,ml100k,itemknn,quota_mmr,1,0.3842645404975107
32,0.3868528072345416,0.7408679442058771,1.0,0.3,ml100k,itemknn,quota_mmr,1,0.2553039960128896
37,0.0,0.953667189204938,0.0,0.2,ml100k,itemknn,quota_mmr,1,0.4569776596060432
45,0.0,0.9000021168053133,0.0,0.2,ml100k,itemknn,quota_mmr,1,0.378090619765627
48,0.0,0.8061088515746483,0.0,0.2,ml100k,itemknn,quota_mmr,1,0.3568873659177018
51,0.0,0.7944820414998492,0.0,0.2,ml100k,itemknn,quota_mmr,1,0.2654387671311127
57,0.0,0.9301556025518724,0.0,0.2,ml100k,itemknn,quota_mmr,1,0.3786382595634758
58,0.0,0.8177754928141029,0.0,0.3,ml100k,itemknn,quota_mmr,1,0.2641352083222332
65,0.0,0.8199222996561408,0.0,0.3,ml100k,itemknn,quota_mmr,1,0.3065990397738645
66,0.0,0.8378988553432613,0.0,0.2,ml100k,itemknn,quota_mmr,1,0.3587276408127781
69,0.0,0.9557805526903792,0.0,0.3,ml100k,itemknn,quota_mmr,1,0.4426502549735964
73,0.0,0.8853621763466659,0.0,0.2,ml100k,itemknn,quota_mmr,1,0.4544035076307471
92,0.0,0.9121409941097908,0.0,0.3,ml100k,itemknn,quota_mmr,1,0.4057979732689627
93,0.0,0.8939828684238047,0.0,0.2,ml100k,itemknn,quota_mmr,1,0.4429732723412085
95,0.0,0.9314218762040936,0.0,0.2,ml100k,itemknn,quota_mmr,1,0.4627078654854826
96,0.0,0.8037999103791095,0.0,0.3,ml100k,itemknn,quota_mmr,1,0.3565576198101119
99,0.0,0.93167749652765,0.0,0.2,ml100k,itemknn,quota_mmr,1,0.4017500791037929
104,0.0,0.911860847242442,0.0,0.2,ml100k,itemknn,quota_mmr,1,0.4784568948113584
107,0.0,0.9079953691957444,0.0,0.2,ml100k,itemknn,quota_mmr,1,0.4512164458000356
124,0.0,0.8151369868094063,0.0,0.3,ml100k,itemknn,quota_mmr,1,0.331657385344981
128,1.0,0.8267831019236095,1.0,0.3,ml100k,itemknn,quota_mmr,1,0.3000780777265761
133,0.0,0.9259784868878016,0.0,0.2,ml100k,itemknn,quota_mmr,1,0.4794225676201312
134,0.0,0.8517024934946077,0.0,0.3,ml100k,itemknn,quota_mmr,1,0.4147622758087748
151,0.0,0.9485721531944056,0.0,0.2,ml100k,itemknn,quota_mmr,1,0.470765985913678
158,0.0,0.9673567005081396,0.0,0.2,ml100k,itemknn,quota_mmr,1,0.3059483163514804
162,0.0,0.8904288942288253,0.0,0.2,ml100k,itemknn,quota_mmr,1,0.3965684777376341
163,0.0,0.9055456571446716,0.0,0.3,ml100k,itemknn,quota_mmr,1,0.4061463993750832
165,0.5,0.8674663794975804,1.0,0.3,ml100k,itemknn,quota_mmr,1,0.3812058878695251
177,0.0,0.8861547440995583,0.0,0.2,ml100k,itemknn,quota_mmr,1,0.4727077305419795
187,0.0,0.90565068461367,0.0,0.3,ml100k,itemknn,quota_mmr,1,0.325060701043291
188,0.0,0.6174391541874278,0.0,0.2,ml100k,itemknn,quota_mmr,1,0.1421246134940903
192,0.0,0.9533624435818772,0.0,0.3,ml100k,itemknn,quota_mmr,1,0.4285052390247114
194,0.0,0.8319619693550925,0.0,0.3,ml100k,itemknn,quota_mmr,1,0.3521196486757429
205,0.0,0.8640065563726891,0.0,0.3,ml100k,itemknn,quota_mmr,1,0.2141177662927438
206,0.0,0.8082151422570045,0.0,0.2,ml100k,itemknn,quota_mmr,1,0.3734361989357072
216,0.0,0.7598771444635173,0.0,0.2,ml100k,itemknn,quota_mmr,1,0.235435051945376
220,0.0,0.8497347047132613,0.0,0.3,ml100k,itemknn,quota_mmr,1,0.3258615320442879
221,0.0,0.7777369561138584,0.0,0.2,ml100k,itemknn,quota_mmr,1,0.2792626383534307
222,0.3562071871080222,0.9409186749622366,1.0,0.2,ml100k,itemknn,quota_mmr,1,0.2825766952463358
233,0.0,0.973715076739082,0.0,0.3,ml100k,itemknn,quota_mmr,1,0.3252997376555535
234,0.0,0.8789791455395296,0.0,0.2,ml100k,itemknn,quota_mmr,1,0.381922031429288
236,0.0,0.6616019725393928,0.0,0.2,ml100k,itemknn,quota_mmr,1,0.1362710596254552
237,0.0,0.9304039038742598,0.0,0.3,ml100k,itemknn,quota_mmr,1,0.4374226543831587
242,0.0,0.9115744013585996,0.0,0.3,ml100k,itemknn,quota_mmr,1,0.2846402725386829
244,0.0,0.9074672101636466,0.0,0.3,ml100k,itemknn,quota_mmr,1,0.2946358005030504
246,0.0,0.9062465487394528,0.0,0.2,ml100k,itemknn,quota_mmr,1,0.4298301780910014
253,0.0,0.630992098176502,0.0,0.3,ml100k,itemknn,quota_mmr,1,0.1114315757401151
258,0.0,0.908490129664538,0.0,0.2,ml100k,itemknn,quota_mmr,1,0.4497664894257602
267,0.0,0.950262033165233,0.0,0.3,ml100k,itemknn,quota_mmr,1,0.3328400629084206
286,0.0,0.911114153940192,0.0,0.3,ml100k,itemknn,quota_mmr,1,0.3725613120716103
287,0.0,0.9463316458568036,0.0,0.2,ml100k,itemknn,quota_mmr,1,0.4477285278181334
292,0.0,0.9290594370564697,0.0,0.2,ml100k,itemknn,quota_mmr,1,0.2703979412739752
294,0.0,0.8863623905034939,0.0,0.3,ml100k,itemknn,quota_mmr,1,0.2688108014420457
298,0.0,0.9068807480143743,0.0,0.3,ml100k,itemknn,quota_mmr,1,0.4433959067341954
302,0.0,0.9611784780137024,0.0,0.3,ml100k,itemknn,quota_mmr,1,0.4630469372908408
305,0.0,0.7792893273736516,0.0,0.2,ml100k,itemknn,quota_mmr,1,0.1708794483401361
306,0.0,0.8965453990155793,0.0,0.2,ml100k,itemknn,quota_mmr,1,0.4754279731786923
310,0.0,0.7693101836883837,0.0,0.3,ml100k,itemknn,quota_mmr,1,0.2370040493199998
314,0.0,0.9314272477249615,0.0,0.2,ml100k,itemknn,quota_mmr,1,0.457007293326316
319,0.0,0.7788585484103685,0.0,0.3,ml100k,itemknn,quota_mmr,1,0.187874701018202
338,0.0,0.9378486252758808,0.0,0.2,ml100k,itemknn,quota_mmr,1,0.3462129963266612
341,0.0,0.4738959235840607,0.0,0.2,ml100k,itemknn,quota_mmr,1,0.1109334590415336
343,0.0,0.9294963544518418,0.0,0.2,ml100k,itemknn,quota_mmr,1,0.2539896264948638
345,0.0,0.8952081470644058,0.0,0.3,ml100k,itemknn,quota_mmr,1,0.4031015808044082
348,0.0,0.9375416178980164,0.0,0.3,ml100k,itemknn,quota_mmr,1,0.4750553791075106
351,0.0,0.8874115179120254,0.0,0.2,ml100k,itemknn,quota_mmr,1,0.4580472293156876
352,0.0,0.5697791815002347,0.0,0.2,ml100k,itemknn,quota_mmr,1,0.0782797321421426
357,0.0,0.8986732102686893,0.0,0.3,ml100k,itemknn,quota_mmr,1,0.4106822665320491
360,0.0,0.8564195458979721,0.0,0.2,ml100k,itemknn,quota_mmr,1,0.3177902234456561
368,0.0,0.8762370279272702,0.0,0.3,ml100k,itemknn,quota_mmr,1,0.4078539753935409
369,0.0,0.9199755418958526,0.0,0.2,ml100k,itemknn,quota_mmr,1,0.2782435849275999
376,0.0,0.9358048766114274,0.0,0.2,ml100k,itemknn,quota_mmr,1,0.3641187793258849
377,0.0,0.9263839926059438,0.0,0.2,ml100k,itemknn,quota_mmr,1,0.3820946760691047
381,0.0,0.9473318574212196,0.0,0.2,ml100k,itemknn,quota_mmr,1,0.4439412401892617
382,0.0,0.8529750680257555,0.0,0.2,ml100k,itemknn,quota_mmr,1,0.2828209710835883
392,0.0,0.8501543530123362,0.0,0.3,ml100k,itemknn,quota_mmr,1,0.2994415704904604
393,0.0,0.8689028921378763,0.0,0.2,ml100k,itemknn,quota_mmr,1,0.3603392219721001
406,0.0,0.9242357183051328,0.0,0.2,ml100k,itemknn,quota_mmr,1,0.4346418002785396
407,0.0,0.9171154235797117,0.0,0.2,ml100k,itemknn,quota_mmr,1,0.4030092071650354
409,0.0,0.8957851012489761,0.0,0.2,ml100k,itemknn,quota_mmr,1,0.3836164365593824
411,0.0,0.90841739557783,0.0,0.2,ml100k,itemknn,quota_mmr,1,0.2878528426020549
412,1.0,0.9233474177903886,1.0,0.3,ml100k,itemknn,quota_mmr,1,0.4021274773093592
415,0.0,0.8905908956623124,0.0,0.3,ml100k,itemknn,quota_mmr,1,0.3643763157915221
418,0.0,0.885338858383418,0.0,0.2,ml100k,itemknn,quota_mmr,1,0.4452917541290197
422,0.0,0.9576779896535296,0.0,0.2,ml100k,itemknn,quota_mmr,1,0.4590409345380559
425,0.0,0.8933386951285792,0.0,0.3,ml100k,itemknn,quota_mmr,1,0.3008575571797861
427,0.0,0.8925291158477844,0.0,0.3,ml100k,itemknn,quota_mmr,1,0.3320808414442544
431,0.0,0.6988944847716411,0.0,0.3,ml100k,itemknn,quota_mmr,1,0.1881485339484681
432,0.0,0.7075571495428931,0.0,0.2,ml100k,itemknn,quota_mmr,1,0.1511243334448584
438,0.0,0.860881088626447,0.0,0.2,ml100k,itemknn,quota_mmr,1,0.3765075690229436
458,0.0,0.8970136632852085,0.0,0.2,ml100k,itemknn,quota_mmr,1,0.280153034018512
466,0.0,0.883073523684271,0.0,0.3,ml100k,itemknn,quota_mmr,1,0.2926965472838774
471,0.0,0.893950207483025,0.0,0.2,ml100k,itemknn,quota_mmr,1,0.4376347761724466
485,0.0,0.9964319968902056,0.0,0.2,ml100k,itemknn,quota_mmr,1,0.4473010805662891
489,0.0,0.9475180595552032,0.0,0.3,ml100k,itemknn,quota_mmr,1,0.3573436421814701
491,0.0,0.926629261257434,0.0,0.3,ml100k,itemknn,quota_mmr,1,0.4472330547589977
498,0.0,0.8384650830723381,0.0,0.2,ml100k,itemknn,quota_mmr,1,0.3465528349510984
504,0.0,0.9460892467631076,0.0,0.3,ml100k,itemknn,quota_mmr,1,0.4451150187637095
513,0.0,0.8077185675561434,0.0,0.3,ml100k,itemknn,quota_mmr,1,0.1804736754280712
517,0.0,0.9700568548725113,0.0,0.3,ml100k,itemknn,quota_mmr,1,0.4226327782180571
520,0.0,0.941791157414193,0.0,0.2,ml100k,itemknn,quota_mmr,1,0.4375751353908776
526,0.3868528072345416,0.9404532563917772,1.0,0.2,ml100k,itemknn,quota_mmr,1,0.4618084002467988
529,0.0,0.9095486567459208,0.0,0.2,ml100k,itemknn,quota_mmr,1,0.4081256637405387
533,0.0,0.8212057751051576,0.0,0.3,ml100k,itemknn,quota_mmr,1,0.2977960278268716
561,0.0,0.9089832849194645,0.0,0.3,ml100k,itemknn,quota_mmr,1,0.4622543259101306
563,0.0,0.8714597153562642,0.0,0.3,ml100k,itemknn,quota_mmr,1,0.2611769073127679
570,0.0,0.8822129419660515,0.0,0.2,ml100k,itemknn,quota_mmr,1,0.3801327276284529
572,0.0,0.9056197273619148,0.0,0.3,ml100k,itemknn,quota_mmr,1,0.3593000508570279
576,0.0,0.8768382771661005,0.0,0.3,ml100k,itemknn,quota_mmr,1,0.2739592438398735
577,0.0,0.7618315284229242,0.0,0.3,ml100k,itemknn,quota_mmr,1,0.2612353719975848
580,0.0,0.8578742455181751,0.0,0.2,ml100k,itemknn,quota_mmr,1,0.3924856525334037
587,0.5,0.9367091130940124,1.0,0.2,ml100k,itemknn,quota_mmr,1,0.3318439427689293
589,0.0,0.8392736908859051,0.0,0.3,ml100k,itemknn,quota_mmr,1,0.304042950271069
591,0.0,0.8963119034696805,0.0,0.2,ml100k,itemknn,quota_mmr,1,0.2844378008197589
593,0.0,0.9344628580514032,0.0,0.2,ml100k,itemknn,quota_mmr,1,0.473180916531593
594,0.0,0.6670680399794818,0.0,0.3,ml100k,itemknn,quota_mmr,1,0.1913132386774114
597,0.0,0.8310806129893475,0.0,0.3,ml100k,itemknn,quota_mmr,1,0.3040365547895156
604,0.0,0.7475997650555676,0.0,0.3,ml100k,itemknn,quota_mmr,1,0.2477923794251484
607,0.0,0.9141900110752498,0.0,0.2,ml100k,itemknn,quota_mmr,1,0.2566186366338206
608,0.0,0.8833140071357037,0.0,0.2,ml100k,itemknn,quota_mmr,1,0.4701362369342913
616,0.0,0.8903641958480901,0.0,0.3,ml100k,itemknn,quota_mmr,1,0.3346328565246831
617,0.0,0.5001656708163054,0.0,0.3,ml100k,itemknn,quota_mmr,1,0.0610387725194195
626,0.0,0.7893169104454136,0.0,0.3,ml100k,itemknn,quota_mmr,1,0.2724571969944912
627,0.0,0.8323010046002444,0.0,0.3,ml100k,itemknn,quota_mmr,1,0.3102619799134966
629,0.0,0.8917627555553377,0.0,0.3,ml100k,itemknn,quota_mmr,1,0.2725479229479325
631,0.0,0.8038092653212954,0.0,0.3,ml100k,itemknn,quota_mmr,1,0.3030088619671471
636,0.0,0.9177524933379222,0.0,0.3,ml100k,itemknn,quota_mmr,1,0.3836063119111354
639,0.0,0.871420381042583,0.0,0.2,ml100k,itemknn,quota_mmr,1,0.2828013018801296
641,0.0,0.9195228585438744,0.0,0.3,ml100k,itemknn,quota_mmr,1,0.4025324023342889
642,0.0,0.9011505254666397,0.0,0.3,ml100k,itemknn,quota_mmr,1,0.3490404907542629
655,0.0,0.8432880085662586,0.0,0.2,ml100k,itemknn,quota_mmr,1,0.3340828498357668
661,0.0,0.9243401129760902,0.0,0.3,ml100k,itemknn,quota_mmr,1,0.2648227550759966
666,0.0,0.7849271123081902,0.0,0.3,ml100k,itemknn,quota_mmr,1,0.1588599425939554
667,0.0,0.9482668329221716,0.0,0.2,ml100k,itemknn,quota_mmr,1,0.4475802425405825
682,0.5,0.9052992497406036,1.0,0.2,ml100k,itemknn,quota_mmr,1,0.2344290684665174
683,0.0,0.8941621491340348,0.0,0.2,ml100k,itemknn,quota_mmr,1,0.3299861401969293
689,0.0,0.9578252794832224,0.0,0.3,ml100k,itemknn,quota_mmr,1,0.4361457990916738
690,0.0,0.9554120865232892,0.0,0.2,ml100k,itemknn,quota_mmr,1,0.2824025550394297
698,0.0,0.9126424478764338,0.0,0.3,ml100k,itemknn,quota_mmr,1,0.3711544541091243
699,0.3562071871080222,0.9056347914939724,1.0,0.2,ml100k,itemknn,quota_mmr,1,0.2729935592654385
705,0.0,0.9762782836295604,0.0,0.2,ml100k,itemknn,quota_mmr,1,0.4685652104615814
707,0.0,0.8945792881761757,0.0,0.3,ml100k,itemknn,quota_mmr,1,0.4125600949063238
709,0.0,0.84755255956743,0.0,0.3,ml100k,itemknn,quota_mmr,1,0.2941287637649862
712,0.0,0.938212285765734,0.0,0.2,ml100k,itemknn,quota_mmr,1,0.2695574120434211
715,0.5,0.8716525323217614,1.0,0.3,ml100k,itemknn,quota_mmr,1,0.3247539732591779
721,0.0,0.6534837777570766,0.0,0.3,ml100k,itemknn,quota_mmr,1,0.1422826839436823
722,0.0,0.8850988894290361,0.0,0.3,ml100k,itemknn,quota_mmr,1,0.3739655257662241
727,0.0,0.8881625718439652,0.0,0.2,ml100k,itemknn,quota_mmr,1,0.3709920274458651
729,0.0,0.9227695253425376,0.0,0.2,ml100k,itemknn,quota_mmr,1,0.4666865945121884
732,0.0,0.942770023025498,0.0,0.3,ml100k,itemknn,quota_mmr,1,0.3654245209425719
738,0.0,0.90502298295648,0.0,0.3,ml100k,itemknn,quota_mmr,1,0.451830334650923
739,0.0,0.9158097967759212,0.0,0.2,ml100k,itemknn,quota_mmr,1,0.3986561743461877
740,0.0,0.8352712150507222,0.0,0.2,ml100k,itemknn,quota_mmr,1,0.3601308030456467
743,0.0,0.9283758384745248,0.0,0.2,ml100k,itemknn,quota_mmr,1,0.3923757982141295
744,0.0,0.924742501990265,0.0,0.3,ml100k,itemknn,quota_mmr,1,0.4324324632381489
747,0.0,0.936251323874812,0.0,0.2,ml100k,itemknn,quota_mmr,1,0.274015500015541
754,0.0,0.92323117766914,0.0,0.2,ml100k,itemknn,quota_mmr,1,0.4145348095565116
756,0.0,0.9288804242012052,0.0,0.2,ml100k,itemknn,quota_mmr,1,0.4312072697873576
758,0.0,0.8262112481193359,0.0,0.3,ml100k,itemknn,quota_mmr,1,0.2740095487681525
762,0.0,0.9571319287221972,0.0,0.3,ml100k,itemknn,quota_mmr,1,0.4301769295787467
772,0.0,0.9208023625522788,0.0,0.3,ml100k,itemknn,quota_mmr,1,0.4555880604147935
775,0.0,0.9151225924024496,0.0,0.2,ml100k,itemknn,quota_mmr,1,0.4260347346561852
778,0.0,0.9185014261265648,0.0,0.2,ml100k,itemknn,quota_mmr,1,0.4384899920241147
787,0.0,0.9442409321994116,0.0,0.2,ml100k,itemknn,quota_mmr,1,0.290154587922265
791,0.0,0.9162688139159942,0.0,0.3,ml100k,itemknn,quota_mmr,1,0.2922213640679045
794,0.0,0.9118258253281106,0.0,0.3,ml100k,itemknn,quota_mmr,1,0.466969902700545
795,0.3010299956639812,0.902468357996158,1.0,0.3,ml100k,itemknn,quota_mmr,1,0.3565690832866626
796,1.0,0.9503902220284316,1.0,0.2,ml100k,itemknn,quota_mmr,1,0.2993075832410599
799,0.0,0.9146537493167052,0.0,0.3,ml100k,itemknn,quota_mmr,1,0.3606153232430086
808,0.0,0.8489571999446616,0.0,0.2,ml100k,itemknn,quota_mmr,1,0.2067316535007548
813,0.0,0.8123397696050821,0.0,0.2,ml100k,itemknn,quota_mmr,1,0.3139619036275738
815,0.0,0.8569176806345928,0.0,0.2,ml100k,itemknn,quota_mmr,1,0.3321311082134932
822,0.0,0.8665003540218749,0.0,0.2,ml100k,itemknn,quota_mmr,1,0.4377024945723424
826,0.0,0.9524655316771812,0.0,0.3,ml100k,itemknn,quota_mmr,1,0.3917874121106584
835,0.0,0.7580417206360875,0.0,0.3,ml100k,itemknn,quota_mmr,1,0.2504286815679045
850,0.0,0.8555728263660423,0.0,0.2,ml100k,itemknn,quota_mmr,1,0.3814189550135456
855,0.0,0.7055594943777092,0.0,0.2,ml100k,itemknn,quota_mmr,1,0.2568551817602059
861,0.0,0.946301747764188,0.0,0.3,ml100k,itemknn,quota_mmr,1,0.4549160227938138
869,0.0,0.9365101544343818,0.0,0.2,ml100k,itemknn,quota_mmr,1,0.401035192536624
870,0.0,0.8150948907985494,0.0,0.3,ml100k,itemknn,quota_mmr,1,0.2839060454734861
872,0.0,0.9376043103821328,0.0,0.2,ml100k,itemknn,quota_mmr,1,0.4151600446583011
876,0.0,0.8208426528776783,0.0,0.2,ml100k,itemknn,quota_mmr,1,0.2151976227596676
878,0.0,0.9538543637017984,0.0,0.2,ml100k,itemknn,quota_mmr,1,0.4520923664440963
880,0.0,0.82002502158771,0.0,0.3,ml100k,itemknn,quota_mmr,1,0.2298136323554096
886,0.0,0.958517242647194,0.0,0.2,ml100k,itemknn,quota_mmr,1,0.272794353895938
889,0.0,0.7266254395389201,0.0,0.3,ml100k,itemknn,quota_mmr,1,0.2124096340508874
890,0.0,0.8751066768078141,0.0,0.2,ml100k,itemknn,quota_mmr,1,0.4301722903077799
893,0.0,0.8738474281468845,0.0,0.2,ml100k,itemknn,quota_mmr,1,0.4046887413474208
894,0.0,0.9035745465600192,0.0,0.2,ml100k,itemknn,quota_mmr,1,0.4431371520855357
898,0.0,0.9823069039842094,0.0,0.2,ml100k,itemknn,quota_mmr,1,0.453113781485275
901,0.0,0.9184551936368164,0.0,0.2,ml100k,itemknn,quota_mmr,1,0.3879210695560489
911,0.0,0.6869073921893575,0.0,0.2,ml100k,itemknn,quota_mmr,1,0.1147773728144505
912,0.430676558073393,0.9545503193796542,1.0,0.3,ml100k,itemknn,quota_mmr,1,0.2498851929044669
921,1.0,0.9577728626794728,1.0,0.3,ml100k,itemknn,quota_mmr,1,0.460193984862723
5,0.0,1.0,0.0,1.1,ml100k,als,none,1,
6,0.0,1.0,0.0,0.9,ml100k,als,none,1,
15,0.0,1.0,0.0,0.7,ml100k,als,none,1,
21,0.0,1.0,0.0,1.5,ml100k,als,none,1,
23,0.0,1.0,0.0,0.8,ml100k,als,none,1,
26,0.0,1.0,0.0,0.6,ml100k,als,none,1,
29,0.0,1.0,0.0,0.8,ml100k,als,none,1,
32,0.0,1.0,0.0,0.4,ml100k,als,none,1,
37,0.0,1.0,0.0,0.4,ml100k,als,none,1,
45,0.5,1.0,1.0,0.9,ml100k,als,none,1,
48,0.0,1.0,0.0,1.3,ml100k,als,none,1,
51,0.0,1.0,0.0,0.4,ml100k,als,none,1,
57,0.0,1.0,0.0,0.8,ml100k,als,none,1,
58,0.0,1.0,0.0,0.6,ml100k,als,none,1,
65,0.0,1.0,0.0,0.6,ml100k,als,none,1,
66,0.0,1.0,0.0,1.3,ml100k,als,none,1,
69,0.0,1.0,0.0,0.2,ml100k,als,none,1,
73,0.0,1.0,0.0,1.1,ml100k,als,none,1,
92,0.0,1.0,0.0,0.7,ml100k,als,none,1,
93,0.5,1.0,1.0,1.1,ml100k,als,none,1,
95,0.0,1.0,0.0,0.7,ml100k,als,none,1,
96,0.0,1.0,0.0,1.3,ml100k,als,none,1,
99,0.0,1.0,0.0,0.4,ml100k,als,none,1,
104,0.0,1.0,0.0,0.9,ml100k,als,none,1,
107,0.0,1.0,0.0,0.8,ml100k,als,none,1,
124,0.0,1.0,0.0,1.0,ml100k,als,none,1,
128,0.0,1.0,0.0,0.7,ml100k,als,none,1,
133,0.0,1.0,0.0,0.4,ml100k,als,none,1,
134,0.0,1.0,0.0,1.1,ml100k,als,none,1,
151,0.0,1.0,0.0,0.7,ml100k,als,none,1,
158,0.5,1.0,1.0,0.7,ml100k,als,none,1,
162,0.0,1.0,0.0,1.3,ml100k,als,none,1,
163,0.0,1.0,0.0,0.9,ml100k,als,none,1,
165,0.2890648263178879,1.0,1.0,1.3,ml100k,als,none,1,
177,0.0,1.0,0.0,0.9,ml100k,als,none,1,
187,0.0,1.0,0.0,0.8,ml100k,als,none,1,
188,0.0,1.0,0.0,0.4,ml100k,als,none,1,
192,0.0,1.0,0.0,0.8,ml100k,als,none,1,
194,0.0,1.0,0.0,0.9,ml100k,als,none,1,
205,0.0,1.0,0.0,0.8,ml100k,als,none,1,
206,0.0,1.0,0.0,1.1,ml100k,als,none,1,
216,0.0,1.0,0.0,0.9,ml100k,als,none,1,
220,0.0,1.0,0.0,0.6,ml100k,als,none,1,
221,0.0,1.0,0.0,0.6,ml100k,als,none,1,
222,0.0,1.0,0.0,0.6,ml100k,als,none,1,
233,0.0,1.0,0.0,0.7,ml100k,als,none,1,
234,0.0,1.0,0.0,0.8,ml100k,als,none,1,
236,0.0,1.0,0.0,0.2,ml100k,als,none,1,
237,0.0,1.0,0.0,0.5,ml100k,als,none,1,
242,0.0,1.0,0.0,1.1,ml100k,als,none,1,
244,0.0,1.0,0.0,1.3,ml100k,als,none,1,
246,0.0,1.0,0.0,1.1,ml100k,als,none,1,
253,0.0,1.0,0.0,0.9,ml100k,als,none,1,
258,0.0,1.0,0.0,0.2,ml100k,als,none,1,
267,0.0,1.0,0.0,1.3,ml100k,als,none,1,
286,0.0,1.0,0.0,0.6,ml100k,als,none,1,
287,0.0,1.0,0.0,0.7,ml100k,als,none,1,
292,0.0,1.0,0.0,0.8,ml100k,als,none,1,
294,0.0,1.0,0.0,0.9,ml100k,als,none,1,
298,0.0,1.0,0.0,1.5,ml100k,als,none,1,
302,0.0,1.0,0.0,0.6,ml100k,als,none,1,
305,0.0,1.0,0.0,0.4,ml100k,als,none,1,
306,0.3333333333333333,1.0,1.0,1.3,ml100k,als,none,1,
310,0.0,1.0,0.0,0.8,ml100k,als,none,1,
314,0.0,1.0,0.0,1.3,ml100k,als,none,1,
319,0.3333333333333333,1.0,1.0,0.5,ml100k,als,none,1,
338,0.0,1.0,0.0,0.6,ml100k,als,none,1,
341,0.0,1.0,0.0,1.1,ml100k,als,none,1,
343,0.3333333333333333,1.0,1.0,0.8,ml100k,als,none,1,
345,0.0,1.0,0.0,1.0,ml100k,als,none,1,
348,0.0,1.0,0.0,1.1,ml100k,als,none,1,
351,0.0,1.0,0.0,0.9,ml100k,als,none,1,
352,0.0,1.0,0.0,0.2,ml100k,als,none,1,
357,0.0,1.0,0.0,0.4,ml100k,als,none,1,
360,0.0,1.0,0.0,1.1,ml100k,als,none,1,
368,0.0,1.0,0.0,0.9,ml100k,als,none,1,
369,0.0,1.0,0.0,1.1,ml100k,als,none,1,
376,0.0,1.0,0.0,0.6,ml100k,als,none,1,
377,0.0,1.0,0.0,0.8,ml100k,als,none,1,
381,0.0,1.0,0.0,1.1,ml100k,als,none,1,
382,0.0,1.0,0.0,1.1,ml100k,als,none,1,
392,0.0,1.0,0.0,0.7,ml100k,als,none,1,
393,0.0,1.0,0.0,0.7,ml100k,als,none,1,
406,0.0,1.0,0.0,0.7,ml100k,als,none,1,
407,0.0,1.0,0.0,1.3,ml100k,als,none,1,
409,0.0,1.0,0.0,1.1,ml100k,als,none,1,
411,0.0,1.0,0.0,0.9,ml100k,als,none,1,
412,0.0,1.0,0.0,0.7,ml100k,als,none,1,
415,0.0,1.0,0.0,0.5,ml100k,als,none,1,
418,0.0,1.0,0.0,0.6,ml100k,als,none,1,
422,0.0,1.0,0.0,1.1,ml100k,als,none,1,
425,0.0,1.0,0.0,1.1,ml100k,als,none,1,
427,0.0,1.0,0.0,1.1,ml100k,als,none,1,
431,0.0,1.0,0.0,1.1,ml100k,als,none,1,
432,0.0,1.0,0.0,0.4,ml100k,als,none,1,
438,0.0,1.0,0.0,1.3,ml100k,als,none,1,
458,0.0,1.0,0.0,0.6,ml100k,als,none,1,
466,0.0,1.0,0.0,0.9,ml100k,als,none,1,
471,0.0,1.0,0.0,0.5,ml100k,als,none,1,
485,0.0,1.0,0.0,1.1,ml100k,als,none,1,
489,0.6309297535714575,1.0,1.0,0.7,ml100k,als,none,1,
491,0.0,1.0,0.0,0.8,ml100k,als,none,1,
498,0.0,1.0,0.0,0.7,ml100k,als,none,1,
504,0.0,1.0,0.0,0.6,ml100k,als,none,1,
513,0.0,1.0,0.0,0.7,ml100k,als,none,1,
517,0.5,1.0,1.0,0.6,ml100k,als,none,1,
520,0.0,1.0,0.0,1.1,ml100k,als,none,1,
526,0.0,1.0,0.0,1.1,ml100k,als,none,1,
529,0.0,1.0,0.0,0.9,ml100k,als,none,1,
533,0.0,1.0,0.0,0.4,ml100k,als,none,1,
561,0.6309297535714575,1.0,1.0,1.5,ml100k,als,none,1,
563,0.0,1.0,0.0,0.9,ml100k,als,none,1,
570,0.0,1.0,0.0,1.3,ml100k,als,none,1,
572,0.0,1.0,0.0,1.0,ml100k,als,none,1,
576,0.0,1.0,0.0,0.6,ml100k,als,none,1,
577,0.0,1.0,0.0,1.3,ml100k,als,none,1,
580,0.0,1.0,0.0,0.8,ml100k,als,none,1,
587,0.6309297535714575,1.0,1.0,0.9,ml100k,als,none,1,
589,0.0,1.0,0.0,0.4,ml100k,als,none,1,
591,0.0,1.0,0.0,1.3,ml100k,als,none,1,
593,0.0,1.0,0.0,1.5,ml100k,als,none,1,
594,0.0,1.0,0.0,1.1,ml100k,als,none,1,
597,0.0,1.0,0.0,0.5,ml100k,als,none,1,
604,0.0,1.0,0.0,0.6,ml100k,als,none,1,
607,0.0,1.0,0.0,0.7,ml100k,als,none,1,
608,0.0,1.0,0.0,1.3,ml100k,als,none,1,
616,0.0,1.0,0.0,0.6,ml100k,als,none,1,
617,0.0,1.0,0.0,0.6,ml100k,als,none,1,
626,0.0,1.0,0.0,0.7,ml100k,als,none,1,
627,0.0,1.0,0.0,0.4,ml100k,als,none,1,
629,0.0,1.0,0.0,0.7,ml100k,als,none,1,
631,0.0,1.0,0.0,0.5,ml100k,als,none,1,
636,0.0,1.0,0.0,0.7,ml100k,als,none,1,
639,0.0,1.0,0.0,0.3,ml100k,als,none,1,
641,0.0,1.0,0.0,0.5,ml100k,als,none,1,
642,0.430676558073393,1.0,1.0,0.9,ml100k,als,none,1,
655,0.0,1.0,0.0,1.1,ml100k,als,none,1,
661,0.0,1.0,0.0,0.7,ml100k,als,none,1,
666,0.0,1.0,0.0,0.8,ml100k,als,none,1,
667,0.0,1.0,0.0,0.7,ml100k,als,none,1,
682,1.0,1.0,1.0,0.5,ml100k,als,none,1,
683,0.3010299956639812,1.0,1.0,1.1,ml100k,als,none,1,
689,0.0,1.0,0.0,0.7,ml100k,als,none,1,
690,0.0,1.0,0.0,0.4,ml100k,als,none,1,
698,0.430676558073393,1.0,1.0,0.4,ml100k,als,none,1,
699,0.2890648263178879,1.0,1.0,1.1,ml100k,als,none,1,
705,0.0,1.0,0.0,0.6,ml100k,als,none,1,
707,0.0,1.0,0.0,1.1,ml100k,als,none,1,
709,0.0,1.0,0.0,1.1,ml100k,als,none,1,
712,0.0,1.0,0.0,0.7,ml100k,als,none,1,
715,0.3562071871080222,1.0,1.0,0.9,ml100k,als,none,1,
721,0.0,1.0,0.0,0.9,ml100k,als,none,1,
722,0.0,1.0,0.0,0.6,ml100k,als,none,1,
727,0.0,1.0,0.0,0.9,ml100k,als,none,1,
729,0.0,1.0,0.0,1.1,ml100k,als,none,1,
732,0.0,1.0,0.0,0.3,ml100k,als,none,1,
738,0.3868528072345416,1.0,1.0,1.0,ml100k,als,none,1,
739,0.0,1.0,0.0,1.1,ml100k,als,none,1,
740,0.0,1.0,0.0,1.0,ml100k,als,none,1,
743,0.0,1.0,0.0,0.6,ml100k,als,none,1,
744,0.0,1.0,0.0,1.1,ml100k,als,none,1,
747,0.0,1.0,0.0,0.6,ml100k,als,none,1,
754,0.0,1.0,0.0,0.6,ml100k,als,none,1,
756,0.0,1.0,0.0,1.3,ml100k,als,none,1,
758,0.0,1.0,0.0,0.6,ml100k,als,none,1,
762,0.0,1.0,0.0,1.3,ml100k,als,none,1,
772,0.0,1.0,0.0,1.0,ml100k,als,none,1,
775,0.0,1.0,0.0,0.4,ml100k,als,none,1,
778,0.3010299956639812,1.0,1.0,0.8,ml100k,als,none,1,
787,0.0,1.0,0.0,0.7,ml100k,als,none,1,
791,0.0,1.0,0.0,0.9,ml100k,als,none,1,
794,0.0,1.0,0.0,1.5,ml100k,als,none,1,
795,0.0,1.0,0.0,1.3,ml100k,als,none,1,
796,0.430676558073393,1.0,1.0,0.9,ml100k,als,none,1,
799,0.0,1.0,0.0,1.1,ml100k,als,none,1,
808,0.0,1.0,0.0,0.9,ml100k,als,none,1,
813,0.0,1.0,0.0,0.7,ml100k,als,none,1,
815,0.0,1.0,0.0,1.1,ml100k,als,none,1,
822,0.0,1.0,0.0,0.9,ml100k,als,none,1,
826,0.0,1.0,0.0,0.9,ml100k,als,none,1,
835,0.0,1.0,0.0,0.9,ml100k,als,none,1,
850,0.3562071871080222,1.0,1.0,1.0,ml100k,als,none,1,
855,0.0,1.0,0.0,0.8,ml100k,als,none,1,
861,0.0,1.0,0.0,1.3,ml100k,als,none,1,
869,0.0,1.0,0.0,1.0,ml100k,als,none,1,
870,0.0,1.0,0.0,0.4,ml100k,als,none,1,
872,0.0,1.0,0.0,0.4,ml100k,als,none,1,
876,0.0,1.0,0.0,0.4,ml100k,als,none,1,
878,0.0,1.0,0.0,0.8,ml100k,als,none,1,
880,0.0,1.0,0.0,0.7,ml100k,als,none,1,
886,0.0,1.0,0.0,0.8,ml100k,als,none,1,
889,0.0,1.0,0.0,0.8,ml100k,als,none,1,
890,0.0,1.0,0.0,0.9,ml100k,als,none,1,
893,0.0,1.0,0.0,0.9,ml100k,als,none,1,
894,0.0,1.0,0.0,0.8,ml100k,als,none,1,
898,0.0,1.0,0.0,0.7,ml100k,als,none,1,
901,0.0,1.0,0.0,0.9,ml100k,als,none,1,
911,0.0,1.0,0.0,0.3,ml100k,als,none,1,
912,0.0,1.0,0.0,0.7,ml100k,als,none,1,
921,0.0,1.0,0.0,0.9,ml100k,als,none,1,
5,0.0,0.8699657985284698,0.0,0.3,ml100k,als,quota_mmr,1,0.1891629323051916
6,0.0,0.9322834641356008,0.0,0.2,ml100k,als,quota_mmr,1,0.0999079713770522
15,0.2890648263178879,0.921284764217324,1.0,0.3,ml100k,als,quota_mmr,1,0.0857172117828458
21,0.0,0.9334677095573728,0.0,0.2,ml100k,als,quota_mmr,1,0.1600301056460523
23,0.0,0.9817447618628198,0.0,0.3,ml100k,als,quota_mmr,1,0.2213349799595002
26,0.0,0.9695844737121534,0.0,0.3,ml100k,als,quota_mmr,1,0.1154629011019519
29,0.0,0.958595526166854,0.0,0.3,ml100k,als,quota_mmr,1,0.0820407995696645
32,0.0,0.9941198619335052,0.0,0.2,ml100k,als,quota_mmr,1,0.1401234052779169
37,0.0,0.9553152913369124,0.0,0.2,ml100k,als,quota_mmr,1,0.2055527525223649
45,0.5,0.9566113588923334,1.0,0.3,ml100k,als,quota_mmr,1,0.1235336655673473
48,0.430676558073393,0.920282802681614,1.0,0.2,ml100k,als,quota_mmr,1,0.1519530245682843
51,0.0,0.9856477382013514,0.0,0.3,ml100k,als,quota_mmr,1,0.0793743188922486
57,0.0,0.8762996989805999,0.0,0.3,ml100k,als,quota_mmr,1,0.1401607024551335
58,0.0,0.982504949458184,0.0,0.3,ml100k,als,quota_mmr,1,0.0869303735359821
65,0.0,0.9104849202735852,0.0,0.3,ml100k,als,quota_mmr,1,0.0791669306462826
66,0.0,0.9183854424941628,0.0,0.3,ml100k,als,quota_mmr,1,0.0517083906199892
69,0.0,0.9676279870431572,0.0,0.3,ml100k,als,quota_mmr,1,0.2274448685739045
73,0.0,0.9098769281630268,0.0,0.2,ml100k,als,quota_mmr,1,0.125089595364865
92,0.0,0.969069070470565,0.0,0.3,ml100k,als,quota_mmr,1,0.2323726843595098
93,0.6309297535714575,0.8573857004304812,1.0,0.2,ml100k,als,quota_mmr,1,0.1292540682334728
95,0.0,0.9580235359966104,0.0,0.3,ml100k,als,quota_mmr,1,0.1069660460597502
96,0.0,0.887241486560387,0.0,0.3,ml100k,als,quota_mmr,1,0.0736575538419413
99,0.0,0.9372823429830978,0.0,0.2,ml100k,als,quota_mmr,1,0.0959465316379004
104,0.0,0.966441740374438,0.0,0.3,ml100k,als,quota_mmr,1,0.1100535232013329
107,0.0,0.9340424562790728,0.0,0.3,ml100k,als,quota_mmr,1,0.1327553200353386
124,0.0,0.9641328652424164,0.0,0.3,ml100k,als,quota_mmr,1,0.1981126059810558
128,0.0,0.9627984466357332,0.0,0.3,ml100k,als,quota_mmr,1,0.1082534114035701
133,0.0,0.990223625038084,0.0,0.2,ml100k,als,quota_mmr,1,0.0997577111828841
134,0.0,0.9277829139713976,0.0,0.3,ml100k,als,quota_mmr,1,0.0760648322965578
151,0.0,0.9788596421755832,0.0,0.3,ml100k,als,quota_mmr,1,0.1297572303211872
158,0.5,0.9702129113858448,1.0,0.3,ml100k,als,quota_mmr,1,0.1623693096362989
162,0.0,0.9115339415002344,0.0,0.2,ml100k,als,quota_mmr,1,0.191547592640551
163,0.0,0.9499915983012056,0.0,0.3,ml100k,als,quota_mmr,1,0.0873083762405553
165,0.0,0.8555080199951373,0.0,0.2,ml100k,als,quota_mmr,1,0.1023042564349364
177,0.0,0.937608273614218,0.0,0.2,ml100k,als,quota_mmr,1,0.2064466223938308
187,0.0,0.976041471382672,0.0,0.2,ml100k,als,quota_mmr,1,0.060385924182237
188,0.2890648263178879,0.9880632874657612,1.0,0.3,ml100k,als,quota_mmr,1,0.06897239131415
192,0.0,0.9203170002947866,0.0,0.3,ml100k,als,quota_mmr,1,0.2120587171500694
194,0.0,0.9673755420470416,0.0,0.2,ml100k,als,quota_mmr,1,0.1709537765707034
205,0.0,0.9647964151968988,0.0,0.2,ml100k,als,quota_mmr,1,0.0950336910888931
206,0.0,0.9128693867267622,0.0,0.3,ml100k,als,quota_mmr,1,0.2292691592590262
216,0.0,0.931534894162799,0.0,0.2,ml100k,als,quota_mmr,1,0.0712203390762501
220,0.0,0.980020907937038,0.0,0.3,ml100k,als,quota_mmr,1,0.1469496124195455
221,0.0,0.9568992699660106,0.0,0.2,ml100k,als,quota_mmr,1,0.0601669782662668
222,0.0,0.9627033296858288,0.0,0.2,ml100k,als,quota_mmr,1,0.0653142467606277
233,0.0,0.9316593697588382,0.0,0.3,ml100k,als,quota_mmr,1,0.1766836997317099
234,0.0,0.9564074614353608,0.0,0.2,ml100k,als,quota_mmr,1,0.0992468175731087
236,0.0,0.9701465192244458,0.0,0.2,ml100k,als,quota_mmr,1,0.0615214127637737
237,0.0,0.9848575235545348,0.0,0.3,ml100k,als,quota_mmr,1,0.1027001970155873
242,0.0,0.8553654809319654,0.0,0.3,ml100k,als,quota_mmr,1,0.1447739708322932
244,0.3154648767857287,0.8842291719940417,1.0,0.2,ml100k,als,quota_mmr,1,0.0967958139976257
246,0.0,0.938390508063658,0.0,0.3,ml100k,als,quota_mmr,1,0.1071987029172229
253,0.0,0.9684743719602344,0.0,0.2,ml100k,als,quota_mmr,1,0.0881086952316341
258,0.0,0.9843209195733814,0.0,0.3,ml100k,als,quota_mmr,1,0.1401146912090762
267,0.0,0.8907345554629277,0.0,0.2,ml100k,als,quota_mmr,1,0.1026343890549762
286,0.0,0.972943799496876,0.0,0.3,ml100k,als,quota_mmr,1,0.0971062544418866
287,0.0,0.977645870721942,0.0,0.3,ml100k,als,quota_mmr,1,0.1174559332359181
292,0.0,0.9652177093915396,0.0,0.2,ml100k,als,quota_mmr,1,0.1933005600727761
294,0.0,0.9034323411856388,0.0,0.2,ml100k,als,quota_mmr,1,0.1058948272196189
298,0.0,0.7696375910262011,0.0,0.2,ml100k,als,quota_mmr,1,0.0781356211309517
302,0.0,0.9420447865926996,0.0,0.3,ml100k,als,quota_mmr,1,0.2870346699841299
305,0.0,0.9856999337978068,0.0,0.2,ml100k,als,quota_mmr,1,0.0778655748743905
306,0.0,0.848057706504087,0.0,0.2,ml100k,als,quota_mmr,1,0.1235253090293204
310,0.0,0.96001267871551,0.0,0.2,ml100k,als,quota_mmr,1,0.0919152053319807
314,0.0,0.9025441232792684,0.0,0.2,ml100k,als,quota_mmr,1,0.0722402887585704
319,0.3562071871080222,0.9719239555452888,1.0,0.2,ml100k,als,quota_mmr,1,0.0656584629006006
338,0.0,0.9428216954033352,0.0,0.2,ml100k,als,quota_mmr,1,0.2215229148212161
341,0.0,0.9682768480331284,0.0,0.3,ml100k,als,quota_mmr,1,0.0746394754145425
343,0.3868528072345416,0.9302007393834408,1.0,0.3,ml100k,als,quota_mmr,1,0.122117793663007
345,0.0,0.926276099619371,0.0,0.3,ml100k,als,quota_mmr,1,0.2345047482883066
348,0.0,0.9356527311234476,0.0,0.3,ml100k,als,quota_mmr,1,0.2196842245489923
351,0.0,0.93666916352338,0.0,0.3,ml100k,als,quota_mmr,1,0.2235818411886607
352,0.0,0.9930213921951782,0.0,0.2,ml100k,als,quota_mmr,1,0.0525750462469917
357,0.0,0.9868995434451022,0.0,0.3,ml100k,als,quota_mmr,1,0.1785388255142246
360,0.0,0.9520879199888752,0.0,0.3,ml100k,als,quota_mmr,1,0.1211806094406048
368,0.0,0.9557208393386012,0.0,0.2,ml100k,als,quota_mmr,1,0.1221633503695684
369,0.0,0.8726512013145251,0.0,0.3,ml100k,als,quota_mmr,1,0.1427780982692828
376,0.0,0.8702688258518393,0.0,0.2,ml100k,als,quota_mmr,1,0.1227652849899011
377,0.0,0.9096306304129326,0.0,0.2,ml100k,als,quota_mmr,1,0.1910844560982072
381,0.0,0.9196026434684136,0.0,0.3,ml100k,als,quota_mmr,1,0.0903823145696843
382,0.0,0.8654473553396335,0.0,0.3,ml100k,als,quota_mmr,1,0.1038449408254005
392,0.0,0.9803971708104132,0.0,0.2,ml100k,als,quota_mmr,1,0.1567279186340981
393,0.0,0.9894727659608802,0.0,0.3,ml100k,als,quota_mmr,1,0.1312194460828432
406,0.0,0.9493018474984428,0.0,0.3,ml100k,als,quota_mmr,1,0.1250568863511098
407,0.0,0.9128883573433182,0.0,0.2,ml100k,als,quota_mmr,1,0.0450363481506621
409,0.0,0.948439205803449,0.0,0.2,ml100k,als,quota_mmr,1,0.0990856065421376
411,0.0,0.8652268174226837,0.0,0.2,ml100k,als,quota_mmr,1,0.091807345041212
412,0.0,0.9222601241660058,0.0,0.3,ml100k,als,quota_mmr,1,0.0832034695118235
415,0.0,0.9513381114038524,0.0,0.3,ml100k,als,quota_mmr,1,0.0986974411375958
418,0.0,0.9518483020374188,0.0,0.3,ml100k,als,quota_mmr,1,0.0652157497799724
422,0.0,0.9082248779105544,0.0,0.3,ml100k,als,quota_mmr,1,0.1030183571504602
425,0.0,0.8985289762981549,0.0,0.3,ml100k,als,quota_mmr,1,0.0991595604873919
427,0.0,0.9634498989914354,0.0,0.2,ml100k,als,quota_mmr,1,0.1193039146814511
431,0.0,0.9426367932570928,0.0,0.3,ml100k,als,quota_mmr,1,0.0942108347074891
432,0.0,0.9742108639184712,0.0,0.2,ml100k,als,quota_mmr,1,0.0424362431310643
438,0.0,0.9163942173624364,0.0,0.2,ml100k,als,quota_mmr,1,0.2099512539173134
458,0.0,0.9240205952924702,0.0,0.3,ml100k,als,quota_mmr,1,0.122123634463013
466,0.0,0.9721438129320784,0.0,0.2,ml100k,als,quota_mmr,1,0.0421783368656238
471,0.0,0.9606592825384602,0.0,0.3,ml100k,als,quota_mmr,1,0.0966133235318805
485,0.0,0.955979465818848,0.0,0.2,ml100k,als,quota_mmr,1,0.0931842341662135
489,0.6309297535714575,0.9134596249465692,1.0,0.2,ml100k,als,quota_mmr,1,0.1653152688699422
491,0.0,0.9431513865090184,0.0,0.3,ml100k,als,quota_mmr,1,0.0922193269776242
498,0.0,0.9753783673400352,0.0,0.3,ml100k,als,quota_mmr,1,0.0933816202411163
504,0.0,0.983778563626318,0.0,0.3,ml100k,als,quota_mmr,1,0.1563600078356821
513,0.0,0.9583877215030084,0.0,0.3,ml100k,als,quota_mmr,1,0.0637735433935746
517,0.5,0.9672436688335568,1.0,0.2,ml100k,als,quota_mmr,1,0.0741767517650758
520,0.0,0.9379904505080782,0.0,0.3,ml100k,als,quota_mmr,1,0.1502701691896425
526,0.0,0.9300732696218093,0.0,0.2,ml100k,als,quota_mmr,1,0.1648423793826455
529,0.0,0.9132334294713188,0.0,0.2,ml100k,als,quota_mmr,1,0.185696966192856
533,0.0,0.9872363233904872,0.0,0.3,ml100k,als,quota_mmr,1,0.0997165653609134
561,0.0,0.846557244071541,0.0,0.2,ml100k,als,quota_mmr,1,0.2063958450194004
563,0.0,0.9379421159305964,0.0,0.2,ml100k,als,quota_mmr,1,0.0764169207297479
570,0.0,0.8722076226760591,0.0,0.3,ml100k,als,quota_mmr,1,0.1431344416173765
572,0.0,0.9292623363963418,0.0,0.3,ml100k,als,quota_mmr,1,0.168903759293976
576,0.0,0.966292695429822,0.0,0.3,ml100k,als,quota_mmr,1,0.1135996670902999
577,0.0,0.9024462767608432,0.0,0.3,ml100k,als,quota_mmr,1,0.0899189974454456
580,0.0,0.9668383269446984,0.0,0.3,ml100k,als,quota_mmr,1,0.0789177051953638
587,0.6309297535714575,0.8972551428877406,1.0,0.3,ml100k,als,quota_mmr,1,0.0771129087323975
589,0.0,0.9811208105946508,0.0,0.3,ml100k,als,quota_mmr,1,0.1173310347626725
591,0.0,0.9190185543931024,0.0,0.3,ml100k,als,quota_mmr,1,0.2022824821048576
593,0.0,0.8542188056912412,0.0,0.2,ml100k,als,quota_mmr,1,0.1032819353295854
594,0.0,0.9556112527991236,0.0,0.3,ml100k,als,quota_mmr,1,0.0704369115850964
597,0.0,0.9328343810349344,0.0,0.3,ml100k,als,quota_mmr,1,0.0637971371003941
604,0.0,0.9686374803034364,0.0,0.2,ml100k,als,quota_mmr,1,0.1152412262382748
607,0.0,0.9568473013160544,0.0,0.2,ml100k,als,quota_mmr,1,0.0557780187463421
608,0.0,0.952235855008078,0.0,0.2,ml100k,als,quota_mmr,1,0.1639079663975432
616,0.0,0.9701108967051932,0.0,0.2,ml100k,als,quota_mmr,1,0.1126505505860965
617,0.0,0.9829929376226252,0.0,0.3,ml100k,als,quota_mmr,1,0.0320651280144
626,0.0,0.9712537952272432,0.0,0.2,ml100k,als,quota_mmr,1,0.0700127294733083
627,0.0,0.9919768343145612,0.0,0.3,ml100k,als,quota_mmr,1,0.1346979861283391
629,0.0,0.933938842252104,0.0,0.3,ml100k,als,quota_mmr,1,0.1014181576183304
631,0.0,0.9779944308856822,0.0,0.2,ml100k,als,quota_mmr,1,0.1409260630025339
636,0.0,0.931103377129152,0.0,0.2,ml100k,als,quota_mmr,1,0.1266318980816596
639,0.0,0.9385113132541985,0.0,0.2,ml100k,als,quota_mmr,1,0.0851613524877021
641,0.0,0.9615337575978076,0.0,0.2,ml100k,als,quota_mmr,1,0.1320135527409166
642,0.5,0.8691900688971651,1.0,0.3,ml100k,als,quota_mmr,1,0.1286857673867648
655,0.0,0.9136651212537747,0.0,0.2,ml100k,als,quota_mmr,1,0.1341027576397805
661,0.0,0.9427979963214376,0.0,0.2,ml100k,als,quota_mmr,1,0.0892719812814985
666,0.0,0.9657439560772664,0.0,0.3,ml100k,als,quota_mmr,1,0.0735396104148949
667,0.0,0.9661302615721944,0.0,0.3,ml100k,als,quota_mmr,1,0.1598664286583979
682,1.0,0.9453222484126952,1.0,0.2,ml100k,als,quota_mmr,1,0.0878316368313859
683,0.6309297535714575,0.801433246466822,1.0,0.2,ml100k,als,quota_mmr,1,0.0749735660095067
689,0.0,0.9603810323909336,0.0,0.2,ml100k,als,quota_mmr,1,0.1275147371489402
690,0.0,0.938262029368235,0.0,0.3,ml100k,als,quota_mmr,1,0.069117390584157
698,0.430676558073393,0.9583193940065736,1.0,0.3,ml100k,als,quota_mmr,1,0.2358532068087864
699,0.430676558073393,0.9018501491022276,1.0,0.3,ml100k,als,quota_mmr,1,0.1176625448545021
705,0.0,0.9636409698471624,0.0,0.3,ml100k,als,quota_mmr,1,0.206774725219246
707,0.3562071871080222,0.8639259079407148,1.0,0.3,ml100k,als,quota_mmr,1,0.0444347119713383
709,0.0,0.9587916354396016,0.0,0.3,ml100k,als,quota_mmr,1,0.1548155253325027
712,0.0,0.9633035848498602,0.0,0.3,ml100k,als,quota_mmr,1,0.1574897215909466
715,0.5,0.9028423361594664,1.0,0.3,ml100k,als,quota_mmr,1,0.0821816392439426
721,0.0,0.9453448370106016,0.0,0.3,ml100k,als,quota_mmr,1,0.0876869417728771
722,0.0,0.9828663918836328,0.0,0.2,ml100k,als,quota_mmr,1,0.1103553668961007
727,0.0,0.9296142273314776,0.0,0.3,ml100k,als,quota_mmr,1,0.1134712029270299
729,0.0,0.9467809890348128,0.0,0.2,ml100k,als,quota_mmr,1,0.0863299865090466
732,0.0,0.8857162453679157,0.0,0.3,ml100k,als,quota_mmr,1,0.1349549128262144
738,0.5,0.9651271959701282,1.0,0.2,ml100k,als,quota_mmr,1,0.1900000772868448
739,0.0,0.9072786523486128,0.0,0.3,ml100k,als,quota_mmr,1,0.1726011806314012
740,0.0,0.9430153708900724,0.0,0.3,ml100k,als,quota_mmr,1,0.1169794436186692
743,0.0,0.948338173143366,0.0,0.3,ml100k,als,quota_mmr,1,0.2032957290314027
744,0.0,0.8590943222047114,0.0,0.3,ml100k,als,quota_mmr,1,0.1112010984449905
747,0.3010299956639812,0.9581866237632118,1.0,0.3,ml100k,als,quota_mmr,1,0.1476561954437666
754,0.0,0.9571887120731176,0.0,0.3,ml100k,als,quota_mmr,1,0.1866313856167431
756,0.0,0.887827146158496,0.0,0.3,ml100k,als,quota_mmr,1,0.2007889107887177
758,0.0,0.9489203410307522,0.0,0.3,ml100k,als,quota_mmr,1,0.0380239248465232
762,0.0,0.9496182995692763,0.0,0.2,ml100k,als,quota_mmr,1,0.1995328875914204
772,0.0,0.9727464804703512,0.0,0.2,ml100k,als,quota_mmr,1,0.1314328271927262
775,0.0,0.9829133426807946,0.0,0.3,ml100k,als,quota_mmr,1,0.0853778168982976
778,0.0,0.9549746426672124,0.0,0.3,ml100k,als,quota_mmr,1,0.2439065834034499
787,0.0,0.9133865202369452,0.0,0.2,ml100k,als,quota_mmr,1,0.1481720814268475
791,0.0,0.8909407792383188,0.0,0.3,ml100k,als,quota_mmr,1,0.1275289417196059
794,0.0,0.7370541635430472,0.0,0.3,ml100k,als,quota_mmr,1,0.0319972636865208
795,0.0,0.9407965583712412,0.0,0.3,ml100k,als,quota_mmr,1,0.1284814930538568
796,0.430676558073393,0.9255008399908164,1.0,0.2,ml100k,als,quota_mmr,1,0.1286771409055002
799,0.0,0.8930120564323121,0.0,0.3,ml100k,als,quota_mmr,1,0.1045827564207129
808,0.0,0.9200540631594132,0.0,0.3,ml100k,als,quota_mmr,1,0.1419647196953702
813,0.0,0.9508358469311502,0.0,0.3,ml100k,als,quota_mmr,1,0.1078021310914833
815,0.0,0.9327546513429243,0.0,0.3,ml100k,als,quota_mmr,1,0.0443984510151192
822,0.0,0.9718058167764706,0.0,0.3,ml100k,als,quota_mmr,1,0.1743710848663856
826,0.0,0.958238272929012,0.0,0.3,ml100k,als,quota_mmr,1,0.1034526041572493
835,0.0,0.9601167942399352,0.0,0.3,ml100k,als,quota_mmr,1,0.0637738149765625
850,0.0,0.9303158713447148,0.0,0.3,ml100k,als,quota_mmr,1,0.150067885109497
855,0.0,0.92301759966839,0.0,0.2,ml100k,als,quota_mmr,1,0.0681015116694787
861,0.0,0.940310157362334,0.0,0.3,ml100k,als,quota_mmr,1,0.1134153768323062
869,0.0,0.9430110562980106,0.0,0.2,ml100k,als,quota_mmr,1,0.0976351318920218
870,0.0,0.9916632746210484,0.0,0.3,ml100k,als,quota_mmr,1,0.0550912208624141
872,0.0,0.9721518058099492,0.0,0.2,ml100k,als,quota_mmr,1,0.1215541442796525
876,0.0,0.9946047866708584,0.0,0.2,ml100k,als,quota_mmr,1,0.0731680871844953
878,0.0,0.9538550770279378,0.0,0.3,ml100k,als,quota_mmr,1,0.1490066564405896
880,0.0,0.9928518850589518,0.0,0.3,ml100k,als,quota_mmr,1,0.1475049715049635
886,0.0,0.9371235802772996,0.0,0.2,ml100k,als,quota_mmr,1,0.1661599820263599
889,0.0,0.9785912985395788,0.0,0.3,ml100k,als,quota_mmr,1,0.0687490518341046
890,0.0,0.957789123172466,0.0,0.3,ml100k,als,quota_mmr,1,0.1737259856117944
893,0.0,0.9639827282563678,0.0,0.3,ml100k,als,quota_mmr,1,0.1244423039153935
894,0.0,0.9213707195322596,0.0,0.2,ml100k,als,quota_mmr,1,0.1505768062003536
898,0.0,0.9555196442723712,0.0,0.3,ml100k,als,quota_mmr,1,0.1450791219801817
901,0.0,0.9471542301566546,0.0,0.3,ml100k,als,quota_mmr,1,0.1857183920670394
911,0.0,0.973197555960602,0.0,0.2,ml100k,als,quota_mmr,1,0.0697948894867324
912,0.3333333333333333,0.9669439602344566,1.0,0.3,ml100k,als,quota_mmr,1,0.1702037592963306
921,0.0,0.93028506167054,0.0,0.3,ml100k,als,quota_mmr,1,0.2773567689536411
3,0.0,1.0,0.0,1.5,gift_cards,popularity,none,2,
4,0.0,1.0,0.0,1.5,gift_cards,popularity,none,2,
5,0.0,1.0,0.0,1.5,gift_cards,popularity,none,2,
7,0.0,1.0,0.0,1.5,gift_cards,popularity,none,2,
11,0.0,1.0,0.0,1.5,gift_cards,popularity,none,2,
13,0.0,1.0,0.0,1.5,gift_cards,popularity,none,2,
14,0.0,1.0,0.0,1.5,gift_cards,popularity,none,2,
17,0.0,1.0,0.0,1.5,gift_cards,popularity,none,2,
19,0.0,1.0,0.0,1.5,gift_cards,popularity,none,2,
21,0.0,1.0,0.0,1.5,gift_cards,popularity,none,2,
22,0.3154648767857287,1.0,1.0,1.5,gift_cards,popularity,none,2,
24,0.0,1.0,0.0,1.5,gift_cards,popularity,none,2,
25,0.0,1.0,0.0,1.5,gift_cards,popularity,none,2,
26,0.0,1.0,0.0,1.5,gift_cards,popularity,none,2,
28,0.0,1.0,0.0,1.5,gift_cards,popularity,none,2,
33,0.0,1.0,0.0,1.5,gift_cards,popularity,none,2,
35,0.0,1.0,0.0,1.5,gift_cards,popularity,none,2,
36,0.0,1.0,0.0,1.5,gift_cards,popularity,none,2,
38,0.0,1.0,0.0,1.5,gift_cards,popularity,none,2,
39,0.3333333333333333,1.0,1.0,1.5,gift_cards,popularity,none,2,
40,0.0,1.0,0.0,1.5,gift_cards,popularity,none,2,
42,0.0,1.0,0.0,1.5,gift_cards,popularity,none,2,
43,0.0,1.0,0.0,1.5,gift_cards,popularity,none,2,
45,0.0,1.0,0.0,1.5,gift_cards,popularity,none,2,
47,0.0,1.0,0.0,1.5,gift_cards,popularity,none,2,
50,0.3333333333333333,1.0,1.0,1.5,gift_cards,popularity,none,2,
55,0.0,1.0,0.0,1.5,gift_cards,popularity,none,2,
60,0.0,1.0,0.0,1.5,gift_cards,popularity,none,2,
63,0.0,1.0,0.0,1.5,gift_cards,popularity,none,2,
64,0.0,1.0,0.0,1.5,gift_cards,popularity,none,2,
67,0.6309297535714575,1.0,1.0,1.5,gift_cards,popularity,none,2,
68,0.0,1.0,0.0,1.5,gift_cards,popularity,none,2,
69,0.0,1.0,0.0,1.5,gift_cards,popularity,none,2,
71,0.0,1.0,0.0,1.5,gift_cards,popularity,none,2,
72,0.3154648767857287,1.0,1.0,1.5,gift_cards,popularity,none,2,
73,0.0,1.0,0.0,1.5,gift_cards,popularity,none,2,
75,0.0,1.0,0.0,1.5,gift_cards,popularity,none,2,
76,0.0,1.0,0.0,1.5,gift_cards,popularity,none,2,
77,0.0,1.0,0.0,1.5,gift_cards,popularity,none,2,
78,0.0,1.0,0.0,1.5,gift_cards,popularity,none,2,
84,0.6309297535714575,1.0,1.0,1.5,gift_cards,popularity,none,2,
88,0.0,1.0,0.0,1.5,gift_cards,popularity,none,2,
91,0.0,1.0,0.0,1.5,gift_cards,popularity,none,2,
93,0.0,1.0,0.0,1.5,gift_cards,popularity,none,2,
95,0.0,1.0,0.0,1.5,gift_cards,popularity,none,2,
96,1.0,1.0,1.0,1.5,gift_cards,popularity,none,2,
97,0.0,1.0,0.0,1.5,gift_cards,popularity,none,2,
98,0.0,1.0,0.0,1.5,gift_cards,popularity,none,2,
103,0.0,1.0,0.0,1.5,gift_cards,popularity,none,2,
106,0.0,1.0,0.0,1.5,gift_cards,popularity,none,2,
108,0.0,1.0,0.0,1.5,gift_cards,popularity,none,2,
111,0.0,1.0,0.0,1.5,gift_cards,popularity,none,2,
115,0.0,1.0,0.0,1.5,gift_cards,popularity,none,2,
116,0.6309297535714575,1.0,1.0,1.5,gift_cards,popularity,none,2,
117,0.430676558073393,1.0,1.0,1.5,gift_cards,popularity,none,2,
118,0.0,1.0,0.0,1.5,gift_cards,popularity,none,2,
120,0.0,1.0,0.0,1.5,gift_cards,popularity,none,2,
122,0.3333333333333333,1.0,1.0,1.5,gift_cards,popularity,none,2,
124,0.3154648767857287,1.0,1.0,1.5,gift_cards,popularity,none,2,
126,0.0,1.0,0.0,1.5,gift_cards,popularity,none,2,
133,0.0,1.0,0.0,1.5,gift_cards,popularity,none,2,
136,0.0,1.0,0.0,1.5,gift_cards,popularity,none,2,
140,0.3010299956639812,1.0,1.0,1.5,gift_cards,popularity,none,2,
143,0.0,1.0,0.0,1.5,gift_cards,popularity,none,2,
145,0.0,1.0,0.0,1.5,gift_cards,popularity,none,2,
147,0.0,1.0,0.0,1.5,gift_cards,popularity,none,2,
148,0.0,1.0,0.0,1.5,gift_cards,popularity,none,2,
149,0.0,1.0,0.0,1.5,gift_cards,popularity,none,2,
150,0.0,1.0,0.0,1.5,gift_cards,popularity,none,2,
152,0.0,1.0,0.0,1.5,gift_cards,popularity,none,2,
153,0.0,1.0,0.0,1.5,gift_cards,popularity,none,2,
156,0.0,1.0,0.0,1.5,gift_cards,popularity,none,2,
157,1.0,1.0,1.0,1.5,gift_cards,popularity,none,2,
159,0.0,1.0,0.0,1.5,gift_cards,popularity,none,2,
161,0.0,1.0,0.0,1.5,gift_cards,popularity,none,2,
163,0.0,1.0,0.0,1.5,gift_cards,popularity,none,2,
164,0.0,1.0,0.0,1.5,gift_cards,popularity,none,2,
167,0.0,1.0,0.0,1.5,gift_cards,popularity,none,2,
170,0.0,1.0,0.0,1.5,gift_cards,popularity,none,2,
171,0.0,1.0,0.0,1.5,gift_cards,popularity,none,2,
173,0.0,1.0,0.0,1.5,gift_cards,popularity,none,2,
176,0.0,1.0,0.0,1.5,gift_cards,popularity,none,2,
177,0.0,1.0,0.0,1.5,gift_cards,popularity,none,2,
181,0.0,1.0,0.0,1.5,gift_cards,popularity,none,2,
182,0.0,1.0,0.0,1.5,gift_cards,popularity,none,2,
186,0.0,1.0,0.0,1.5,gift_cards,popularity,none,2,
187,0.0,1.0,0.0,1.5,gift_cards,popularity,none,2,
190,0.0,1.0,0.0,1.5,gift_cards,popularity,none,2,
192,0.0,1.0,0.0,1.5,gift_cards,popularity,none,2,
193,0.0,1.0,0.0,1.5,gift_cards,popularity,none,2,
195,0.0,1.0,0.0,1.5,gift_cards,popularity,none,2,
196,0.0,1.0,0.0,1.5,gift_cards,popularity,none,2,
197,0.0,1.0,0.0,1.5,gift_cards,popularity,none,2,
199,0.0,1.0,0.0,1.5,gift_cards,popularity,none,2,
200,0.0,1.0,0.0,1.5,gift_cards,popularity,none,2,
203,0.0,1.0,0.0,1.5,gift_cards,popularity,none,2,
206,0.0,1.0,0.0,1.5,gift_cards,popularity,none,2,
207,0.0,1.0,0.0,1.5,gift_cards,popularity,none,2,
208,0.0,1.0,0.0,1.5,gift_cards,popularity,none,2,
210,0.0,1.0,0.0,1.5,gift_cards,popularity,none,2,
211,0.430676558073393,1.0,1.0,1.5,gift_cards,popularity,none,2,
213,1.0,1.0,1.0,1.5,gift_cards,popularity,none,2,
215,0.0,1.0,0.0,1.5,gift_cards,popularity,none,2,
216,0.0,1.0,0.0,1.5,gift_cards,popularity,none,2,
217,0.0,1.0,0.0,1.5,gift_cards,popularity,none,2,
218,0.3868528072345416,1.0,1.0,1.5,gift_cards,popularity,none,2,
219,0.0,1.0,0.0,1.5,gift_cards,popularity,none,2,
222,0.0,1.0,0.0,1.5,gift_cards,popularity,none,2,
224,0.0,1.0,0.0,1.5,gift_cards,popularity,none,2,
225,0.0,1.0,0.0,1.5,gift_cards,popularity,none,2,
230,0.0,1.0,0.0,1.5,gift_cards,popularity,none,2,
232,0.3562071871080222,1.0,1.0,1.5,gift_cards,popularity,none,2,
235,0.430676558073393,1.0,1.0,1.5,gift_cards,popularity,none,2,
238,0.3562071871080222,1.0,1.0,1.5,gift_cards,popularity,none,2,
239,0.0,1.0,0.0,1.5,gift_cards,popularity,none,2,
244,0.0,1.0,0.0,1.5,gift_cards,popularity,none,2,
245,0.0,1.0,0.0,1.5,gift_cards,popularity,none,2,
248,0.0,1.0,0.0,1.5,gift_cards,popularity,none,2,
250,0.3562071871080222,1.0,1.0,1.5,gift_cards,popularity,none,2,
251,0.0,1.0,0.0,1.5,gift_cards,popularity,none,2,
252,0.0,1.0,0.0,1.5,gift_cards,popularity,none,2,
254,0.0,1.0,0.0,1.5,gift_cards,popularity,none,2,
259,0.0,1.0,0.0,1.5,gift_cards,popularity,none,2,
263,0.0,1.0,0.0,1.5,gift_cards,popularity,none,2,
265,0.0,1.0,0.0,1.5,gift_cards,popularity,none,2,
267,0.0,1.0,0.0,1.5,gift_cards,popularity,none,2,
268,0.0,1.0,0.0,1.5,gift_cards,popularity,none,2,
269,0.0,1.0,0.0,1.5,gift_cards,popularity,none,2,
270,0.0,1.0,0.0,1.5,gift_cards,popularity,none,2,
275,0.0,1.0,0.0,1.5,gift_cards,popularity,none,2,
278,0.0,1.0,0.0,1.5,gift_cards,popularity,none,2,
280,0.0,1.0,0.0,1.5,gift_cards,popularity,none,2,
282,0.0,1.0,0.0,1.5,gift_cards,popularity,none,2,
283,0.0,1.0,0.0,1.5,gift_cards,popularity,none,2,
284,0.0,1.0,0.0,1.5,gift_cards,popularity,none,2,
285,0.0,1.0,0.0,1.5,gift_cards,popularity,none,2,
287,0.0,1.0,0.0,1.5,gift_cards,popularity,none,2,
289,0.0,1.0,0.0,1.5,gift_cards,popularity,none,2,
293,1.0,1.0,1.0,1.5,gift_cards,popularity,none,2,
295,0.2890648263178879,1.0,1.0,1.5,gift_cards,popularity,none,2,
297,0.0,1.0,0.0,1.5,gift_cards,popularity,none,2,
299,0.0,1.0,0.0,1.5,gift_cards,popularity,none,2,
301,0.0,1.0,0.0,1.5,gift_cards,popularity,none,2,
303,0.0,1.0,0.0,1.5,gift_cards,popularity,none,2,
304,0.0,1.0,0.0,1.5,gift_cards,popularity,none,2,
315,0.0,1.0,0.0,1.5,gift_cards,popularity,none,2,
323,0.0,1.0,0.0,1.5,gift_cards,popularity,none,2,
324,0.5,1.0,1.0,1.5,gift_cards,popularity,none,2,
325,0.0,1.0,0.0,1.5,gift_cards,popularity,none,2,
327,0.0,1.0,0.0,1.5,gift_cards,popularity,none,2,
328,0.0,1.0,0.0,1.5,gift_cards,popularity,none,2,
331,0.0,1.0,0.0,1.5,gift_cards,popularity,none,2,
332,0.0,1.0,0.0,1.5,gift_cards,popularity,none,2,
337,0.0,1.0,0.0,1.5,gift_cards,popularity,none,2,
339,1.0,1.0,1.0,1.5,gift_cards,popularity,none,2,
341,0.0,1.0,0.0,1.5,gift_cards,popularity,none,2,
342,0.0,1.0,0.0,1.5,gift_cards,popularity,none,2,
344,0.0,1.0,0.0,1.5,gift_cards,popularity,none,2,
346,0.6309297535714575,1.0,1.0,1.5,gift_cards,popularity,none,2,
349,0.0,1.0,0.0,1.5,gift_cards,popularity,none,2,
351,0.3868528072345416,1.0,1.0,1.5,gift_cards,popularity,none,2,
354,0.0,1.0,0.0,1.5,gift_cards,popularity,none,2,
356,0.0,1.0,0.0,1.5,gift_cards,popularity,none,2,
357,0.0,1.0,0.0,1.5,gift_cards,popularity,none,2,
358,0.0,1.0,0.0,1.5,gift_cards,popularity,none,2,
364,0.0,1.0,0.0,1.5,gift_cards,popularity,none,2,
369,0.0,1.0,0.0,1.5,gift_cards,popularity,none,2,
371,0.0,1.0,0.0,1.5,gift_cards,popularity,none,2,
373,0.0,1.0,0.0,1.5,gift_cards,popularity,none,2,
374,0.0,1.0,0.0,1.5,gift_cards,popularity,none,2,
376,0.0,1.0,0.0,1.5,gift_cards,popularity,none,2,
377,0.0,1.0,0.0,1.5,gift_cards,popularity,none,2,
388,0.0,1.0,0.0,1.5,gift_cards,popularity,none,2,
390,0.0,1.0,0.0,1.5,gift_cards,popularity,none,2,
391,0.0,1.0,0.0,1.5,gift_cards,popularity,none,2,
393,0.0,1.0,0.0,1.5,gift_cards,popularity,none,2,
395,0.0,1.0,0.0,1.5,gift_cards,popularity,none,2,
398,0.0,1.0,0.0,1.5,gift_cards,popularity,none,2,
400,0.0,1.0,0.0,1.5,gift_cards,popularity,none,2,
401,0.0,1.0,0.0,1.5,gift_cards,popularity,none,2,
408,1.0,1.0,1.0,1.5,gift_cards,popularity,none,2,
415,0.0,1.0,0.0,1.5,gift_cards,popularity,none,2,
424,0.0,1.0,0.0,1.5,gift_cards,popularity,none,2,
426,0.0,1.0,0.0,1.5,gift_cards,popularity,none,2,
428,0.0,1.0,0.0,1.5,gift_cards,popularity,none,2,
430,0.0,1.0,0.0,1.5,gift_cards,popularity,none,2,
432,0.0,1.0,0.0,1.5,gift_cards,popularity,none,2,
434,0.0,1.0,0.0,1.5,gift_cards,popularity,none,2,
437,0.0,1.0,0.0,1.5,gift_cards,popularity,none,2,
438,0.0,1.0,0.0,1.5,gift_cards,popularity,none,2,
440,0.0,1.0,0.0,1.5,gift_cards,popularity,none,2,
441,0.0,1.0,0.0,1.5,gift_cards,popularity,none,2,
442,0.0,1.0,0.0,1.5,gift_cards,popularity,none,2,
444,0.0,1.0,0.0,1.5,gift_cards,popularity,none,2,
445,0.0,1.0,0.0,1.5,gift_cards,popularity,none,2,
446,0.0,1.0,0.0,1.5,gift_cards,popularity,none,2,
447,0.0,1.0,0.0,1.5,gift_cards,popularity,none,2,
449,0.3333333333333333,1.0,1.0,1.5,gift_cards,popularity,none,2,
452,0.3154648767857287,1.0,1.0,1.5,gift_cards,popularity,none,2,
453,0.0,1.0,0.0,1.5,gift_cards,popularity,none,2,
3,0.0,0.6369886742094135,0.0,0.3,gift_cards,popularity,quota_mmr,2,0.009193771852822
4,0.0,0.6624904221724305,0.0,0.3,gift_cards,popularity,quota_mmr,2,0.0067117884252084
5,0.0,0.6231119111167037,0.0,0.3,gift_cards,popularity,quota_mmr,2,0.0078039381550976
7,0.0,0.6443560343012815,0.0,0.3,gift_cards,popularity,quota_mmr,2,0.007474892677562
11,0.0,0.6371815381756798,0.0,0.3,gift_cards,popularity,quota_mmr,2,0.0067381480043537
13,0.0,0.6316162686680329,0.0,0.3,gift_cards,popularity,quota_mmr,2,0.009193771852822
14,0.3154648767857287,0.6431317475655212,1.0,0.3,gift_cards,popularity,quota_mmr,2,0.007474892677562
17,0.0,0.6316162686680329,0.0,0.3,gift_cards,popularity,quota_mmr,2,0.009193771852822
19,0.0,0.6090755083994496,0.0,0.3,gift_cards,popularity,quota_mmr,2,0.0046211318735233
21,0.0,0.5885817410327155,0.0,0.3,gift_cards,popularity,quota_mmr,2,0.006195857800195
22,0.0,0.640170393901852,0.0,0.3,gift_cards,popularity,quota_mmr,2,0.0067117884252084
24,0.0,0.6316162686680329,0.0,0.3,gift_cards,popularity,quota_mmr,2,0.009193771852822
25,0.0,0.6563472916936841,0.0,0.3,gift_cards,popularity,quota_mmr,2,0.009193771852822
26,0.0,0.635737204169631,0.0,0.3,gift_cards,popularity,quota_mmr,2,0.009193771852822
28,0.0,0.6316162686680329,0.0,0.3,gift_cards,popularity,quota_mmr,2,0.009193771852822
33,0.0,0.6316162686680329,0.0,0.3,gift_cards,popularity,quota_mmr,2,0.009193771852822
35,0.0,0.6316162686680329,0.0,0.3,gift_cards,popularity,quota_mmr,2,0.009193771852822
36,0.0,0.6297089955535929,0.0,0.3,gift_cards,popularity,quota_mmr,2,0.0091976887248272
38,0.0,0.639587893092599,0.0,0.3,gift_cards,popularity,quota_mmr,2,0.009193771852822
39,0.0,0.6315640086161157,0.0,0.3,gift_cards,popularity,quota_mmr,2,0.0068245305896662
40,0.0,0.6393149316917065,0.0,0.3,gift_cards,popularity,quota_mmr,2,0.0068403628043473
42,0.0,0.6168125955717307,0.0,0.3,gift_cards,popularity,quota_mmr,2,0.0046211318735233
43,0.0,0.6405536829641648,0.0,0.3,gift_cards,popularity,quota_mmr,2,0.0066573319966864
45,0.0,0.6316162686680329,0.0,0.3,gift_cards,popularity,quota_mmr,2,0.009193771852822
47,0.0,0.6439897406360879,0.0,0.3,gift_cards,popularity,quota_mmr,2,0.009193771852822
50,0.0,0.6445770507583304,0.0,0.3,gift_cards,popularity,quota_mmr,2,0.0066846929373258
55,0.0,0.6231119111167037,0.0,0.3,gift_cards,popularity,quota_mmr,2,0.0078039381550976
60,0.0,0.6407777852642202,0.0,0.3,gift_cards,popularity,quota_mmr,2,0.0067117884252084
63,0.0,0.6373121871060508,0.0,0.3,gift_cards,popularity,quota_mmr,2,0.0083298708806211
64,0.0,0.6384077076045485,0.0,0.3,gift_cards,popularity,quota_mmr,2,0.009193771852822
67,0.6309297535714575,0.6218299244941905,1.0,0.3,gift_cards,popularity,quota_mmr,2,0.0071117857479281
68,0.0,0.6231119111167037,0.0,0.3,gift_cards,popularity,quota_mmr,2,0.0078039381550976
69,0.0,0.6267429472223202,0.0,0.3,gift_cards,popularity,quota_mmr,2,0.007484808875801
71,0.0,0.6316162686680329,0.0,0.3,gift_cards,popularity,quota_mmr,2,0.009193771852822
72,0.0,0.640170393901852,0.0,0.3,gift_cards,popularity,quota_mmr,2,0.0067117884252084
73,0.0,0.5885817410327155,0.0,0.3,gift_cards,popularity,quota_mmr,2,0.006195857800195
75,0.0,0.646851045291114,0.0,0.3,gift_cards,popularity,quota_mmr,2,0.0067117884252084
76,0.0,0.6297089955535929,0.0,0.3,gift_cards,popularity,quota_mmr,2,0.0091976887248272
77,0.0,0.6316162686680329,0.0,0.3,gift_cards,popularity,quota_mmr,2,0.009193771852822
78,0.0,0.6199244299337161,0.0,0.3,gift_cards,popularity,quota_mmr,2,0.007474892677562
84,0.6309297535714575,0.640170393901852,1.0,0.3,gift_cards,popularity,quota_mmr,2,0.0070970880664908
88,0.0,0.6384077076045485,0.0,0.3,gift_cards,popularity,quota_mmr,2,0.009193771852822
91,0.0,0.6316162686680329,0.0,0.3,gift_cards,popularity,quota_mmr,2,0.009193771852822
93,0.0,0.6511216195539714,0.0,0.3,gift_cards,popularity,quota_mmr,2,0.009193771852822
95,0.0,0.6316162686680329,0.0,0.3,gift_cards,popularity,quota_mmr,2,0.009193771852822
96,1.0,0.6275811817924594,1.0,0.3,gift_cards,popularity,quota_mmr,2,0.0079621419391897
97,0.0,0.6356540118600832,0.0,0.3,gift_cards,popularity,quota_mmr,2,0.0057497692880803
98,0.0,0.6172311702507357,0.0,0.3,gift_cards,popularity,quota_mmr,2,0.0046211318735233
103,0.0,0.6481720463842003,0.0,0.3,gift_cards,popularity,quota_mmr,2,0.009193771852822
106,0.0,0.6316162686680329,0.0,0.3,gift_cards,popularity,quota_mmr,2,0.009193771852822
108,0.0,0.6165045951906795,0.0,0.3,gift_cards,popularity,quota_mmr,2,0.0076864958327735
111,0.0,0.6487674407262989,0.0,0.3,gift_cards,popularity,quota_mmr,2,0.009193771852822
115,0.0,0.6297089955535929,0.0,0.3,gift_cards,popularity,quota_mmr,2,0.0089903777276234
116,0.6309297535714575,0.6369886742094135,1.0,0.3,gift_cards,popularity,quota_mmr,2,0.009193771852822
117,0.0,0.6316162686680329,0.0,0.3,gift_cards,popularity,quota_mmr,2,0.009193771852822
118,0.0,0.6369886742094135,0.0,0.3,gift_cards,popularity,quota_mmr,2,0.009193771852822
120,0.0,0.6316162686680329,0.0,0.3,gift_cards,popularity,quota_mmr,2,0.009193771852822
122,0.0,0.6445770507583304,0.0,0.3,gift_cards,popularity,quota_mmr,2,0.0066846929373258
124,0.0,0.6414115445292553,0.0,0.3,gift_cards,popularity,quota_mmr,2,0.0067117884252084
126,0.0,0.6199244299337161,0.0,0.3,gift_cards,popularity,quota_mmr,2,0.007474892677562
133,0.0,0.635737204169631,0.0,0.3,gift_cards,popularity,quota_mmr,2,0.009193771852822
136,0.0,0.6231119111167037,0.0,0.3,gift_cards,popularity,quota_mmr,2,0.0078039381550976
140,0.0,0.636674710671033,0.0,0.3,gift_cards,popularity,quota_mmr,2,0.0099876566718859
143,0.0,0.6372445925222865,0.0,0.3,gift_cards,popularity,quota_mmr,2,0.0101685462587816
145,0.0,0.6419614030698968,0.0,0.3,gift_cards,popularity,quota_mmr,2,0.009193771852822
147,0.0,0.6467118378724754,0.0,0.3,gift_cards,popularity,quota_mmr,2,0.0065305056250979
148,0.0,0.6187316133010453,0.0,0.3,gift_cards,popularity,quota_mmr,2,0.0045713131380855
149,0.0,0.6262364466136476,0.0,0.3,gift_cards,popularity,quota_mmr,2,0.007474892677562
150,0.0,0.6316162686680329,0.0,0.3,gift_cards,popularity,quota_mmr,2,0.0090196964968419
152,0.0,0.6328273607874092,0.0,0.3,gift_cards,popularity,quota_mmr,2,0.0068245305896662
153,0.0,0.6335788220910248,0.0,0.3,gift_cards,popularity,quota_mmr,2,0.0093556518761871
156,0.0,0.6316162686680329,0.0,0.3,gift_cards,popularity,quota_mmr,2,0.009193771852822
157,1.0,0.5898689834134039,1.0,0.3,gift_cards,popularity,quota_mmr,2,0.0050011860142152
159,0.0,0.643547643811801,0.0,0.3,gift_cards,popularity,quota_mmr,2,0.007454157912951
161,0.0,0.6487674407262989,0.0,0.3,gift_cards,popularity,quota_mmr,2,0.009193771852822
163,0.0,0.6640713222639426,0.0,0.3,gift_cards,popularity,quota_mmr,2,0.009193771852822
164,0.0,0.635737204169631,0.0,0.3,gift_cards,popularity,quota_mmr,2,0.009193771852822
167,0.0,0.640170393901852,0.0,0.3,gift_cards,popularity,quota_mmr,2,0.0067117884252084
170,0.0,0.6435205403851164,0.0,0.3,gift_cards,popularity,quota_mmr,2,0.0101685462587816
171,0.0,0.6321816227529956,0.0,0.3,gift_cards,popularity,quota_mmr,2,0.009193771852822
173,0.0,0.6342810688373154,0.0,0.3,gift_cards,popularity,quota_mmr,2,0.009422456173563
176,0.0,0.642400518761687,0.0,0.3,gift_cards,popularity,quota_mmr,2,0.0080659051944438
177,0.0,0.6348961931134919,0.0,0.3,gift_cards,popularity,quota_mmr,2,0.007474892677562
181,0.0,0.6487674407262989,0.0,0.3,gift_cards,popularity,quota_mmr,2,0.009193771852822
182,0.0,0.6595184802474805,0.0,0.3,gift_cards,popularity,quota_mmr,2,0.009193771852822
186,0.0,0.6199244299337161,0.0,0.3,gift_cards,popularity,quota_mmr,2,0.007474892677562
187,0.0,0.6231119111167037,0.0,0.3,gift_cards,popularity,quota_mmr,2,0.0078039381550976
190,0.0,0.6337748062580805,0.0,0.3,gift_cards,popularity,quota_mmr,2,0.007474892677562
192,0.0,0.6569578069700525,0.0,0.3,gift_cards,popularity,quota_mmr,2,0.009193771852822
193,0.0,0.6293817183785524,0.0,0.3,gift_cards,popularity,quota_mmr,2,0.0065196500725151
195,0.0,0.6102943377024012,0.0,0.3,gift_cards,popularity,quota_mmr,2,0.0042620968292916
196,0.0,0.6316162686680329,0.0,0.3,gift_cards,popularity,quota_mmr,2,0.009193771852822
197,0.0,0.6372445925222865,0.0,0.3,gift_cards,popularity,quota_mmr,2,0.0100050313557465
199,0.0,0.6542508728060007,0.0,0.3,gift_cards,popularity,quota_mmr,2,0.009193771852822
200,0.0,0.6316162686680329,0.0,0.3,gift_cards,popularity,quota_mmr,2,0.009193771852822
203,0.0,0.6533220097702663,0.0,0.3,gift_cards,popularity,quota_mmr,2,0.009193771852822
206,0.0,0.6231119111167037,0.0,0.3,gift_cards,popularity,quota_mmr,2,0.0078039381550976
207,0.0,0.6231119111167037,0.0,0.3,gift_cards,popularity,quota_mmr,2,0.0078039381550976
208,0.0,0.6700276265231074,0.0,0.3,gift_cards,popularity,quota_mmr,2,0.009193771852822
210,0.0,0.6231119111167037,0.0,0.3,gift_cards,popularity,quota_mmr,2,0.0078039381550976
211,0.0,0.6252632724999203,0.0,0.3,gift_cards,popularity,quota_mmr,2,0.0073375546317708
213,1.0,0.5958294695587619,1.0,0.3,gift_cards,popularity,quota_mmr,2,0.006195857800195
215,0.3562071871080222,0.6316162686680329,1.0,0.3,gift_cards,popularity,quota_mmr,2,0.009193771852822
216,0.0,0.6396761406523598,0.0,0.3,gift_cards,popularity,quota_mmr,2,0.009422456173563
217,0.0,0.5958294695587619,0.0,0.3,gift_cards,popularity,quota_mmr,2,0.006195857800195
218,0.5,0.6425151227644277,1.0,0.3,gift_cards,popularity,quota_mmr,2,0.007474892677562
219,0.0,0.6399807449375069,0.0,0.3,gift_cards,popularity,quota_mmr,2,0.0101753331090264
222,0.0,0.6316162686680329,0.0,0.3,gift_cards,popularity,quota_mmr,2,0.0091276429429056
224,0.0,0.6384077076045485,0.0,0.3,gift_cards,popularity,quota_mmr,2,0.009193771852822
225,0.0,0.6295085709794213,0.0,0.3,gift_cards,popularity,quota_mmr,2,0.0078039381550976
230,0.0,0.6316162686680329,0.0,0.3,gift_cards,popularity,quota_mmr,2,0.009193771852822
232,0.0,0.6511216195539714,0.0,0.3,gift_cards,popularity,quota_mmr,2,0.009193771852822
235,0.0,0.6374823980534924,0.0,0.3,gift_cards,popularity,quota_mmr,2,0.0095790714941044
238,0.0,0.6384077076045485,0.0,0.3,gift_cards,popularity,quota_mmr,2,0.009193771852822
239,0.0,0.6348961931134919,0.0,0.3,gift_cards,popularity,quota_mmr,2,0.007474892677562
244,0.0,0.6134394621088343,0.0,0.3,gift_cards,popularity,quota_mmr,2,0.0063559843331637
245,0.0,0.6231119111167037,0.0,0.3,gift_cards,popularity,quota_mmr,2,0.0078039381550976
248,0.0,0.5823306650775207,0.0,0.3,gift_cards,popularity,quota_mmr,2,0.0026642288918363
250,0.0,0.6538687131424091,0.0,0.3,gift_cards,popularity,quota_mmr,2,0.009422456173563
251,0.0,0.6354082348140857,0.0,0.3,gift_cards,popularity,quota_mmr,2,0.0064666134561417
252,0.0,0.6316162686680329,0.0,0.3,gift_cards,popularity,quota_mmr,2,0.009193771852822
254,0.0,0.6481720463842003,0.0,0.3,gift_cards,popularity,quota_mmr,2,0.009193771852822
259,0.0,0.6560220031946004,0.0,0.3,gift_cards,popularity,quota_mmr,2,0.0067117884252084
263,0.0,0.6285399663703124,0.0,0.3,gift_cards,popularity,quota_mmr,2,0.0083298708806211
265,0.0,0.6316162686680329,0.0,0.3,gift_cards,popularity,quota_mmr,2,0.009193771852822
267,0.0,0.6231119111167037,0.0,0.3,gift_cards,popularity,quota_mmr,2,0.0078039381550976
268,0.0,0.6291431791477408,0.0,0.3,gift_cards,popularity,quota_mmr,2,0.0083298708806211
269,0.0,0.5949721841246297,0.0,0.3,gift_cards,popularity,quota_mmr,2,0.006195857800195
270,0.0,0.651331122458274,0.0,0.3,gift_cards,popularity,quota_mmr,2,0.0068245305896662
275,0.0,0.6316162686680329,0.0,0.3,gift_cards,popularity,quota_mmr,2,0.009193771852822
278,0.0,0.6316162686680329,0.0,0.3,gift_cards,popularity,quota_mmr,2,0.0090196964968419
280,0.0,0.6342810688373154,0.0,0.3,gift_cards,popularity,quota_mmr,2,0.009422456173563
282,0.0,0.6297089955535929,0.0,0.3,gift_cards,popularity,quota_mmr,2,0.0091976887248272
283,0.0,0.6481720463842003,0.0,0.3,gift_cards,popularity,quota_mmr,2,0.009193771852822
284,0.0,0.6231119111167037,0.0,0.3,gift_cards,popularity,quota_mmr,2,0.0078039381550976
285,0.0,0.6369886742094135,0.0,0.3,gift_cards,popularity,quota_mmr,2,0.009193771852822
287,0.0,0.6321816227529956,0.0,0.3,gift_cards,popularity,quota_mmr,2,0.009193771852822
289,0.0,0.6316162686680329,0.0,0.3,gift_cards,popularity,quota_mmr,2,0.009193771852822
293,1.0,0.6297089955535929,1.0,0.3,gift_cards,popularity,quota_mmr,2,0.0091976887248272
295,0.0,0.6493886438321843,0.0,0.3,gift_cards,popularity,quota_mmr,2,0.009193771852822
297,0.0,0.646851045291114,0.0,0.3,gift_cards,popularity,quota_mmr,2,0.0067117884252084
299,0.0,0.6316162686680329,0.0,0.3,gift_cards,popularity,quota_mmr,2,0.009193771852822
301,0.0,0.6295085709794213,0.0,0.3,gift_cards,popularity,quota_mmr,2,0.0078039381550976
303,0.0,0.6625360442873574,0.0,0.3,gift_cards,popularity,quota_mmr,2,0.009193771852822
304,0.0,0.6326475143980858,0.0,0.3,gift_cards,popularity,quota_mmr,2,0.0089906037950142
315,0.0,0.6492545594868194,0.0,0.3,gift_cards,popularity,quota_mmr,2,0.009193771852822
323,0.0,0.6315640086161157,0.0,0.3,gift_cards,popularity,quota_mmr,2,0.0068245305896662
324,0.5,0.6316162686680329,1.0,0.3,gift_cards,popularity,quota_mmr,2,0.0090196964968419
325,0.0,0.6316162686680329,0.0,0.3,gift_cards,popularity,quota_mmr,2,0.009193771852822
327,0.0,0.635737204169631,0.0,0.3,gift_cards,popularity,quota_mmr,2,0.009193771852822
328,0.0,0.6391832608639336,0.0,0.3,gift_cards,popularity,quota_mmr,2,0.0073217510925756
331,0.0,0.6445770507583304,0.0,0.3,gift_cards,popularity,quota_mmr,2,0.0066846929373258
332,0.0,0.6321816227529956,0.0,0.3,gift_cards,popularity,quota_mmr,2,0.009193771852822
337,0.0,0.640391363336637,0.0,0.3,gift_cards,popularity,quota_mmr,2,0.0093556518761871
339,1.0,0.5969668278007347,1.0,0.3,gift_cards,popularity,quota_mmr,2,0.0050011860142152
341,0.0,0.6327479898314712,0.0,0.3,gift_cards,popularity,quota_mmr,2,0.009193771852822
342,0.0,0.6316162686680329,0.0,0.3,gift_cards,popularity,quota_mmr,2,0.009193771852822
344,0.0,0.6199244299337161,0.0,0.3,gift_cards,popularity,quota_mmr,2,0.007474892677562
346,0.6309297535714575,0.6446462833854232,1.0,0.3,gift_cards,popularity,quota_mmr,2,0.009193771852822
349,0.0,0.6425151227644277,0.0,0.3,gift_cards,popularity,quota_mmr,2,0.007474892677562
351,0.5,0.6431317475655212,1.0,0.3,gift_cards,popularity,quota_mmr,2,0.007474892677562
354,0.0,0.6335788220910248,0.0,0.3,gift_cards,popularity,quota_mmr,2,0.0093556518761871
356,0.0,0.6369886742094135,0.0,0.3,gift_cards,popularity,quota_mmr,2,0.009193771852822
357,0.0,0.6419617769986945,0.0,0.3,gift_cards,popularity,quota_mmr,2,0.009193771852822
358,0.0,0.640170393901852,0.0,0.3,gift_cards,popularity,quota_mmr,2,0.0067117884252084
364,0.0,0.640170393901852,0.0,0.3,gift_cards,popularity,quota_mmr,2,0.0067117884252084
369,0.3562071871080222,0.635737204169631,1.0,0.3,gift_cards,popularity,quota_mmr,2,0.009193771852822
371,0.0,0.646851045291114,0.0,0.3,gift_cards,popularity,quota_mmr,2,0.0067117884252084
373,0.0,0.6121802392580534,0.0,0.3,gift_cards,popularity,quota_mmr,2,0.006595385607956
374,0.0,0.6560220031946004,0.0,0.3,gift_cards,popularity,quota_mmr,2,0.0067117884252084
376,0.0,0.6315640086161157,0.0,0.3,gift_cards,popularity,quota_mmr,2,0.0068245305896662
377,0.0,0.6384077076045485,0.0,0.3,gift_cards,popularity,quota_mmr,2,0.0095790714941044
388,0.0,0.642400518761687,0.0,0.3,gift_cards,popularity,quota_mmr,2,0.0080659051944438
390,0.0,0.6384077076045485,0.0,0.3,gift_cards,popularity,quota_mmr,2,0.009193771852822
391,0.0,0.6286587903582983,0.0,0.3,gift_cards,popularity,quota_mmr,2,0.0065196500725151
393,0.3562071871080222,0.635737204169631,1.0,0.3,gift_cards,popularity,quota_mmr,2,0.009193771852822
395,0.0,0.6231119111167037,0.0,0.3,gift_cards,popularity,quota_mmr,2,0.0078039381550976
398,0.0,0.649363929902257,0.0,0.3,gift_cards,popularity,quota_mmr,2,0.009193771852822
400,0.0,0.6231119111167037,0.0,0.3,gift_cards,popularity,quota_mmr,2,0.0078039381550976
401,0.0,0.6348961931134919,0.0,0.3,gift_cards,popularity,quota_mmr,2,0.007474892677562
408,1.0,0.6231119111167037,1.0,0.3,gift_cards,popularity,quota_mmr,2,0.0078039381550976
415,0.0,0.6316162686680329,0.0,0.3,gift_cards,popularity,quota_mmr,2,0.009193771852822
424,0.0,0.640170393901852,0.0,0.3,gift_cards,popularity,quota_mmr,2,0.0067117884252084
426,0.0,0.6306849609750939,0.0,0.3,gift_cards,popularity,quota_mmr,2,0.0091913316377468
428,0.0,0.6297089955535929,0.0,0.3,gift_cards,popularity,quota_mmr,2,0.0091976887248272
430,0.0,0.6615015955632714,0.0,0.3,gift_cards,popularity,quota_mmr,2,0.009422456173563
432,0.0,0.6378338236389335,0.0,0.3,gift_cards,popularity,quota_mmr,2,0.0068245305896662
434,0.0,0.6316162686680329,0.0,0.3,gift_cards,popularity,quota_mmr,2,0.009193771852822
437,0.0,0.640170393901852,0.0,0.3,gift_cards,popularity,quota_mmr,2,0.0067117884252084
438,0.0,0.6316162686680329,0.0,0.3,gift_cards,popularity,quota_mmr,2,0.009193771852822
440,0.3154648767857287,0.6199244299337161,1.0,0.3,gift_cards,popularity,quota_mmr,2,0.007474892677562
441,0.0,0.6663121983069249,0.0,0.3,gift_cards,popularity,quota_mmr,2,0.009193771852822
442,0.0,0.6552207349887912,0.0,0.3,gift_cards,popularity,quota_mmr,2,0.009193771852822
444,0.0,0.646851045291114,0.0,0.3,gift_cards,popularity,quota_mmr,2,0.0067117884252084
445,0.0,0.636674710671033,0.0,0.3,gift_cards,popularity,quota_mmr,2,0.0101685462587816
446,0.0,0.6511216195539714,0.0,0.3,gift_cards,popularity,quota_mmr,2,0.009193771852822
447,0.0,0.642400518761687,0.0,0.3,gift_cards,popularity,quota_mmr,2,0.0080659051944438
449,0.0,0.6316162686680329,0.0,0.3,gift_cards,popularity,quota_mmr,2,0.009193771852822
452,0.0,0.640170393901852,0.0,0.3,gift_cards,popularity,quota_mmr,2,0.0067117884252084
453,0.0,0.6307216753133288,0.0,0.3,gift_cards,popularity,quota_mmr,2,0.0078039381550976
3,0.430676558073393,1.0,1.0,1.3,gift_cards,itemknn,none,2,
4,0.0,1.0,0.0,1.5,gift_cards,itemknn,none,2,
5,0.0,1.0,0.0,1.3,gift_cards,itemknn,none,2,
7,0.0,1.0,0.0,1.5,gift_cards,itemknn,none,2,
11,0.3333333333333333,1.0,1.0,1.5,gift_cards,itemknn,none,2,
13,0.0,1.0,0.0,1.1,gift_cards,itemknn,none,2,
14,0.0,1.0,0.0,1.3,gift_cards,itemknn,none,2,
17,0.0,1.0,0.0,1.5,gift_cards,itemknn,none,2,
19,0.0,1.0,0.0,1.5,gift_cards,itemknn,none,2,
21,0.0,1.0,0.0,1.3,gift_cards,itemknn,none,2,
22,0.6309297535714575,1.0,1.0,1.5,gift_cards,itemknn,none,2,
24,0.3868528072345416,1.0,1.0,1.5,gift_cards,itemknn,none,2,
25,0.0,1.0,0.0,1.5,gift_cards,itemknn,none,2,
26,0.0,1.0,0.0,1.3,gift_cards,itemknn,none,2,
28,0.0,1.0,0.0,0.4,gift_cards,itemknn,none,2,
33,0.0,1.0,0.0,1.5,gift_cards,itemknn,none,2,
35,0.3868528072345416,1.0,1.0,1.5,gift_cards,itemknn,none,2,
36,0.0,1.0,0.0,0.7,gift_cards,itemknn,none,2,
38,0.5,1.0,1.0,1.3,gift_cards,itemknn,none,2,
39,0.6309297535714575,1.0,1.0,1.5,gift_cards,itemknn,none,2,
40,0.0,1.0,0.0,1.3,gift_cards,itemknn,none,2,
42,0.0,1.0,0.0,1.5,gift_cards,itemknn,none,2,
43,0.0,1.0,0.0,1.3,gift_cards,itemknn,none,2,
45,0.0,1.0,0.0,1.3,gift_cards,itemknn,none,2,
47,0.2890648263178879,1.0,1.0,1.5,gift_cards,itemknn,none,2,
50,0.3562071871080222,1.0,1.0,1.5,gift_cards,itemknn,none,2,
55,0.3154648767857287,1.0,1.0,1.5,gift_cards,itemknn,none,2,
60,0.0,1.0,0.0,1.5,gift_cards,itemknn,none,2,
63,0.0,1.0,0.0,1.1,gift_cards,itemknn,none,2,
64,0.0,1.0,0.0,1.5,gift_cards,itemknn,none,2,
67,1.0,1.0,1.0,1.3,gift_cards,itemknn,none,2,
68,0.3154648767857287,1.0,1.0,1.5,gift_cards,itemknn,none,2,
69,0.0,1.0,0.0,1.5,gift_cards,itemknn,none,2,
71,0.0,1.0,0.0,1.5,gift_cards,itemknn,none,2,
72,0.5,1.0,1.0,1.5,gift_cards,itemknn,none,2,
73,0.0,1.0,0.0,1.3,gift_cards,itemknn,none,2,
75,0.3868528072345416,1.0,1.0,1.3,gift_cards,itemknn,none,2,
76,0.0,1.0,0.0,1.5,gift_cards,itemknn,none,2,
77,0.0,1.0,0.0,1.5,gift_cards,itemknn,none,2,
78,0.430676558073393,1.0,1.0,1.1,gift_cards,itemknn,none,2,
84,0.0,1.0,0.0,1.5,gift_cards,itemknn,none,2,
88,0.430676558073393,1.0,1.0,1.5,gift_cards,itemknn,none,2,
91,0.0,1.0,0.0,1.5,gift_cards,itemknn,none,2,
93,0.430676558073393,1.0,1.0,1.3,gift_cards,itemknn,none,2,
95,0.2890648263178879,1.0,1.0,1.5,gift_cards,itemknn,none,2,
96,0.430676558073393,1.0,1.0,1.5,gift_cards,itemknn,none,2,
97,0.0,1.0,0.0,1.3,gift_cards,itemknn,none,2,
98,0.5,1.0,1.0,1.3,gift_cards,itemknn,none,2,
103,0.0,1.0,0.0,1.5,gift_cards,itemknn,none,2,
106,0.0,1.0,0.0,1.5,gift_cards,itemknn,none,2,
108,0.0,1.0,0.0,1.5,gift_cards,itemknn,none,2,
111,0.3333333333333333,1.0,1.0,1.5,gift_cards,itemknn,none,2,
115,0.3154648767857287,1.0,1.0,0.4,gift_cards,itemknn,none,2,
116,0.6309297535714575,1.0,1.0,1.5,gift_cards,itemknn,none,2,
117,1.0,1.0,1.0,1.5,gift_cards,itemknn,none,2,
118,0.0,1.0,0.0,1.3,gift_cards,itemknn,none,2,
120,0.0,1.0,0.0,1.5,gift_cards,itemknn,none,2,
122,0.3562071871080222,1.0,1.0,1.5,gift_cards,itemknn,none,2,
124,0.430676558073393,1.0,1.0,1.5,gift_cards,itemknn,none,2,
126,0.0,1.0,0.0,1.5,gift_cards,itemknn,none,2,
133,0.0,1.0,0.0,1.5,gift_cards,itemknn,none,2,
136,0.0,1.0,0.0,1.5,gift_cards,itemknn,none,2,
140,0.430676558073393,1.0,1.0,1.5,gift_cards,itemknn,none,2,
143,0.0,1.0,0.0,1.5,gift_cards,itemknn,none,2,
145,0.0,1.0,0.0,1.5,gift_cards,itemknn,none,2,
147,0.0,1.0,0.0,1.5,gift_cards,itemknn,none,2,
148,0.3154648767857287,1.0,1.0,1.5,gift_cards,itemknn,none,2,
149,0.2890648263178879,1.0,1.0,1.3,gift_cards,itemknn,none,2,
150,0.0,1.0,0.0,0.5,gift_cards,itemknn,none,2,
152,0.0,1.0,0.0,1.5,gift_cards,itemknn,none,2,
153,0.0,1.0,0.0,0.7,gift_cards,itemknn,none,2,
156,0.0,1.0,0.0,1.5,gift_cards,itemknn,none,2,
157,0.5,1.0,1.0,1.5,gift_cards,itemknn,none,2,
159,0.0,1.0,0.0,1.5,gift_cards,itemknn,none,2,
161,0.0,1.0,0.0,1.5,gift_cards,itemknn,none,2,
163,0.0,1.0,0.0,1.5,gift_cards,itemknn,none,2,
164,0.0,1.0,0.0,1.5,gift_cards,itemknn,none,2,
167,0.0,1.0,0.0,1.5,gift_cards,itemknn,none,2,
170,0.0,1.0,0.0,1.5,gift_cards,itemknn,none,2,
171,0.0,1.0,0.0,1.5,gift_cards,itemknn,none,2,
173,0.0,1.0,0.0,1.5,gift_cards,itemknn,none,2,
176,0.0,1.0,0.0,1.3,gift_cards,itemknn,none,2,
177,0.3154648767857287,1.0,1.0,1.3,gift_cards,itemknn,none,2,
181,0.0,1.0,0.0,1.5,gift_cards,itemknn,none,2,
182,0.0,1.0,0.0,1.3,gift_cards,itemknn,none,2,
186,0.0,1.0,0.0,1.5,gift_cards,itemknn,none,2,
187,0.3868528072345416,1.0,1.0,1.5,gift_cards,itemknn,none,2,
190,0.0,1.0,0.0,1.5,gift_cards,itemknn,none,2,
192,0.0,1.0,0.0,1.5,gift_cards,itemknn,none,2,
193,0.0,1.0,0.0,1.5,gift_cards,itemknn,none,2,
195,0.0,1.0,0.0,1.3,gift_cards,itemknn,none,2,
196,0.0,1.0,0.0,1.5,gift_cards,itemknn,none,2,
197,0.3868528072345416,1.0,1.0,1.5,gift_cards,itemknn,none,2,
199,0.0,1.0,0.0,1.3,gift_cards,itemknn,none,2,
200,0.0,1.0,0.0,1.5,gift_cards,itemknn,none,2,
203,0.0,1.0,0.0,1.5,gift_cards,itemknn,none,2,
206,0.3562071871080222,1.0,1.0,1.5,gift_cards,itemknn,none,2,
207,0.0,1.0,0.0,1.5,gift_cards,itemknn,none,2,
208,0.0,1.0,0.0,1.5,gift_cards,itemknn,none,2,
210,0.0,1.0,0.0,1.5,gift_cards,itemknn,none,2,
211,1.0,1.0,1.0,1.3,gift_cards,itemknn,none,2,
213,0.430676558073393,1.0,1.0,1.3,gift_cards,itemknn,none,2,
215,0.0,1.0,0.0,1.3,gift_cards,itemknn,none,2,
216,0.3010299956639812,1.0,1.0,1.5,gift_cards,itemknn,none,2,
217,0.0,1.0,0.0,1.1,gift_cards,itemknn,none,2,
218,1.0,1.0,1.0,1.5,gift_cards,itemknn,none,2,
219,0.0,1.0,0.0,1.3,gift_cards,itemknn,none,2,
222,0.3154648767857287,1.0,1.0,1.5,gift_cards,itemknn,none,2,
224,0.0,1.0,0.0,1.5,gift_cards,itemknn,none,2,
225,0.3154648767857287,1.0,1.0,1.3,gift_cards,itemknn,none,2,
230,0.3154648767857287,1.0,1.0,1.5,gift_cards,itemknn,none,2,
232,0.6309297535714575,1.0,1.0,1.1,gift_cards,itemknn,none,2,
235,1.0,1.0,1.0,1.3,gift_cards,itemknn,none,2,
238,0.0,1.0,0.0,1.5,gift_cards,itemknn,none,2,
239,0.0,1.0,0.0,1.5,gift_cards,itemknn,none,2,
244,0.0,1.0,0.0,1.5,gift_cards,itemknn,none,2,
245,0.0,1.0,0.0,1.5,gift_cards,itemknn,none,2,
248,0.0,1.0,0.0,1.5,gift_cards,itemknn,none,2,
250,0.6309297535714575,1.0,1.0,1.3,gift_cards,itemknn,none,2,
251,0.0,1.0,0.0,1.3,gift_cards,itemknn,none,2,
252,1.0,1.0,1.0,0.5,gift_cards,itemknn,none,2,
254,0.0,1.0,0.0,1.5,gift_cards,itemknn,none,2,
259,0.3562071871080222,1.0,1.0,1.5,gift_cards,itemknn,none,2,
263,0.0,1.0,0.0,1.1,gift_cards,itemknn,none,2,
265,0.5,1.0,1.0,1.5,gift_cards,itemknn,none,2,
267,0.0,1.0,0.0,1.5,gift_cards,itemknn,none,2,
268,0.6309297535714575,1.0,1.0,1.3,gift_cards,itemknn,none,2,
269,0.2890648263178879,1.0,1.0,1.5,gift_cards,itemknn,none,2,
270,0.3010299956639812,1.0,1.0,1.3,gift_cards,itemknn,none,2,
275,0.3562071871080222,1.0,1.0,1.5,gift_cards,itemknn,none,2,
278,0.5,1.0,1.0,1.1,gift_cards,itemknn,none,2,
280,0.0,1.0,0.0,1.3,gift_cards,itemknn,none,2,
282,1.0,1.0,1.0,0.7,gift_cards,itemknn,none,2,
283,0.3868528072345416,1.0,1.0,1.5,gift_cards,itemknn,none,2,
284,0.0,1.0,0.0,1.5,gift_cards,itemknn,none,2,
285,0.0,1.0,0.0,1.3,gift_cards,itemknn,none,2,
287,0.0,1.0,0.0,1.5,gift_cards,itemknn,none,2,
289,0.0,1.0,0.0,1.3,gift_cards,itemknn,none,2,
293,0.3333333333333333,1.0,1.0,0.6,gift_cards,itemknn,none,2,
295,0.6309297535714575,1.0,1.0,1.3,gift_cards,itemknn,none,2,
297,0.0,1.0,0.0,1.5,gift_cards,itemknn,none,2,
299,0.0,1.0,0.0,0.4,gift_cards,itemknn,none,2,
301,0.3868528072345416,1.0,1.0,1.3,gift_cards,itemknn,none,2,
303,0.3333333333333333,1.0,1.0,1.3,gift_cards,itemknn,none,2,
304,0.3562071871080222,1.0,1.0,0.6,gift_cards,itemknn,none,2,
315,0.0,1.0,0.0,1.5,gift_cards,itemknn,none,2,
323,0.3010299956639812,1.0,1.0,1.5,gift_cards,itemknn,none,2,
324,0.0,1.0,0.0,1.3,gift_cards,itemknn,none,2,
325,0.0,1.0,0.0,1.3,gift_cards,itemknn,none,2,
327,0.3562071871080222,1.0,1.0,1.5,gift_cards,itemknn,none,2,
328,0.0,1.0,0.0,1.5,gift_cards,itemknn,none,2,
331,0.0,1.0,0.0,1.5,gift_cards,itemknn,none,2,
332,0.0,1.0,0.0,1.5,gift_cards,itemknn,none,2,
337,0.0,1.0,0.0,1.5,gift_cards,itemknn,none,2,
339,0.430676558073393,1.0,1.0,1.5,gift_cards,itemknn,none,2,
341,0.3010299956639812,1.0,1.0,1.5,gift_cards,itemknn,none,2,
342,0.0,1.0,0.0,0.8,gift_cards,itemknn,none,2,
344,0.0,1.0,0.0,1.5,gift_cards,itemknn,none,2,
346,0.430676558073393,1.0,1.0,1.1,gift_cards,itemknn,none,2,
349,0.0,1.0,0.0,1.3,gift_cards,itemknn,none,2,
351,1.0,1.0,1.0,1.1,gift_cards,itemknn,none,2,
354,0.0,1.0,0.0,0.9,gift_cards,itemknn,none,2,
356,0.430676558073393,1.0,1.0,1.1,gift_cards,itemknn,none,2,
357,0.0,1.0,0.0,1.5,gift_cards,itemknn,none,2,
358,0.0,1.0,0.0,1.3,gift_cards,itemknn,none,2,
364,0.0,1.0,0.0,1.5,gift_cards,itemknn,none,2,
369,0.0,1.0,0.0,1.5,gift_cards,itemknn,none,2,
371,0.0,1.0,0.0,1.5,gift_cards,itemknn,none,2,
373,0.6309297535714575,1.0,1.0,1.3,gift_cards,itemknn,none,2,
374,0.0,1.0,0.0,1.3,gift_cards,itemknn,none,2,
376,0.0,1.0,0.0,1.5,gift_cards,itemknn,none,2,
377,0.0,1.0,0.0,1.5,gift_cards,itemknn,none,2,
388,0.0,1.0,0.0,1.5,gift_cards,itemknn,none,2,
390,0.0,1.0,0.0,1.5,gift_cards,itemknn,none,2,
391,0.3154648767857287,1.0,1.0,1.3,gift_cards,itemknn,none,2,
393,0.0,1.0,0.0,1.5,gift_cards,itemknn,none,2,
395,0.0,1.0,0.0,1.3,gift_cards,itemknn,none,2,
398,0.0,1.0,0.0,1.1,gift_cards,itemknn,none,2,
400,0.0,1.0,0.0,1.5,gift_cards,itemknn,none,2,
401,0.3010299956639812,1.0,1.0,1.3,gift_cards,itemknn,none,2,
408,0.6309297535714575,1.0,1.0,1.5,gift_cards,itemknn,none,2,
415,0.0,1.0,0.0,1.5,gift_cards,itemknn,none,2,
424,0.0,1.0,0.0,1.5,gift_cards,itemknn,none,2,
426,0.0,1.0,0.0,0.9,gift_cards,itemknn,none,2,
428,0.5,1.0,1.0,0.9,gift_cards,itemknn,none,2,
430,0.6309297535714575,1.0,1.0,1.3,gift_cards,itemknn,none,2,
432,0.0,1.0,0.0,1.3,gift_cards,itemknn,none,2,
434,0.6309297535714575,1.0,1.0,1.5,gift_cards,itemknn,none,2,
437,0.0,1.0,0.0,1.5,gift_cards,itemknn,none,2,
438,0.0,1.0,0.0,0.7,gift_cards,itemknn,none,2,
440,0.0,1.0,0.0,1.3,gift_cards,itemknn,none,2,
441,0.0,1.0,0.0,1.3,gift_cards,itemknn,none,2,
442,0.430676558073393,1.0,1.0,1.3,gift_cards,itemknn,none,2,
444,0.0,1.0,0.0,1.5,gift_cards,itemknn,none,2,
445,0.0,1.0,0.0,1.5,gift_cards,itemknn,none,2,
446,0.0,1.0,0.0,1.5,gift_cards,itemknn,none,2,
447,0.0,1.0,0.0,1.5,gift_cards,itemknn,none,2,
449,0.430676558073393,1.0,1.0,1.0,gift_cards,itemknn,none,2,
452,0.5,1.0,1.0,1.5,gift_cards,itemknn,none,2,
453,0.0,1.0,0.0,1.5,gift_cards,itemknn,none,2,
3,0.0,0.6205740957605639,0.0,0.3,gift_cards,itemknn,quota_mmr,2,0.0084878241438733
4,0.0,0.6509069237924504,0.0,0.3,gift_cards,itemknn,quota_mmr,2,0.0050548600690164
5,0.3333333333333333,0.67582013575045,1.0,0.2,gift_cards,itemknn,quota_mmr,2,0.0104433273831906
7,0.0,0.647012450420801,0.0,0.2,gift_cards,itemknn,quota_mmr,2,0.0063487864164381
11,0.6309297535714575,0.7271424217782856,1.0,0.3,gift_cards,itemknn,quota_mmr,2,0.0106108452414146
13,0.3154648767857287,0.7213777721785397,1.0,0.3,gift_cards,itemknn,quota_mmr,2,0.0151380049341484
14,0.3562071871080222,0.722176458457809,1.0,0.2,gift_cards,itemknn,quota_mmr,2,0.0085333501334496
17,0.0,0.6664550085031276,0.0,0.3,gift_cards,itemknn,quota_mmr,2,0.0096157094493713
19,0.0,0.6547482927068281,0.0,0.2,gift_cards,itemknn,quota_mmr,2,0.005411260798364
21,0.0,0.5838091606898538,0.0,0.2,gift_cards,itemknn,quota_mmr,2,0.0061197172595249
22,0.0,0.668871359289323,0.0,0.3,gift_cards,itemknn,quota_mmr,2,0.0104303144145355
24,0.5,0.8046152661945624,1.0,0.2,gift_cards,itemknn,quota_mmr,2,0.0133149243904804
25,0.0,0.7426061658371015,0.0,0.3,gift_cards,itemknn,quota_mmr,2,0.0152745740113937
26,0.0,0.7369949824149973,0.0,0.3,gift_cards,itemknn,quota_mmr,2,0.0088138217326968
28,0.0,0.975607137014128,0.0,0.2,gift_cards,itemknn,quota_mmr,2,0.0215588870590288
33,0.0,0.7200476957956924,0.0,0.3,gift_cards,itemknn,quota_mmr,2,0.0178519641090656
35,0.5,0.6543033596444969,1.0,0.3,gift_cards,itemknn,quota_mmr,2,0.006749909048274
36,0.3333333333333333,0.93922927151859,1.0,0.3,gift_cards,itemknn,quota_mmr,2,0.0142758757974085
38,0.6309297535714575,0.7197877399547312,1.0,0.3,gift_cards,itemknn,quota_mmr,2,0.0163680914107261
39,0.6309297535714575,0.7802239243893782,1.0,0.3,gift_cards,itemknn,quota_mmr,2,0.0167019730478225
40,0.3333333333333333,0.8265204904389347,1.0,0.3,gift_cards,itemknn,quota_mmr,2,0.0164834733443797
42,0.0,0.680792866434661,0.0,0.3,gift_cards,itemknn,quota_mmr,2,0.00859488141857
43,0.0,0.7315757105151509,0.0,0.2,gift_cards,itemknn,quota_mmr,2,0.0074412358372677
45,0.0,0.7067456958194628,0.0,0.3,gift_cards,itemknn,quota_mmr,2,0.0094944227029427
47,0.0,0.6383412254433893,0.0,0.2,gift_cards,itemknn,quota_mmr,2,0.0080262083393312
50,0.0,0.6817497045776078,0.0,0.2,gift_cards,itemknn,quota_mmr,2,0.0075874533333671
55,0.0,0.8097779441990335,0.0,0.3,gift_cards,itemknn,quota_mmr,2,0.0098346890797903
60,0.0,0.6670085579494403,0.0,0.2,gift_cards,itemknn,quota_mmr,2,0.011895183447803
63,0.0,0.7882407765556585,0.0,0.2,gift_cards,itemknn,quota_mmr,2,0.0131096846635569
64,0.0,0.7087067980580105,0.0,0.3,gift_cards,itemknn,quota_mmr,2,0.0158833282174426
67,1.0,0.6912009235006789,1.0,0.2,gift_cards,itemknn,quota_mmr,2,0.007752030387802
68,0.0,0.7657783487114584,0.0,0.3,gift_cards,itemknn,quota_mmr,2,0.0101417292263228
69,0.0,0.701873747535759,0.0,0.3,gift_cards,itemknn,quota_mmr,2,0.0099453140927246
71,0.0,0.8012522179136515,0.0,0.3,gift_cards,itemknn,quota_mmr,2,0.0137390322188252
72,0.0,0.7032975356201988,0.0,0.3,gift_cards,itemknn,quota_mmr,2,0.0085317556710958
73,0.0,0.5911556268364083,0.0,0.3,gift_cards,itemknn,quota_mmr,2,0.0036990930298425
75,0.0,0.6227967645745225,0.0,0.2,gift_cards,itemknn,quota_mmr,2,0.0076101625597812
76,0.0,0.7818322460332103,0.0,0.3,gift_cards,itemknn,quota_mmr,2,0.0144934205398918
77,0.0,0.692780328415203,0.0,0.3,gift_cards,itemknn,quota_mmr,2,0.0140881841586406
78,0.0,0.6154136626603246,0.0,0.3,gift_cards,itemknn,quota_mmr,2,0.0054693863230364
84,0.0,0.6946039667638547,0.0,0.2,gift_cards,itemknn,quota_mmr,2,0.0098655665750979
88,0.0,0.6576127048561551,0.0,0.3,gift_cards,itemknn,quota_mmr,2,0.0167111069939214
91,0.0,0.6756992935661964,0.0,0.3,gift_cards,itemknn,quota_mmr,2,0.010370152151145
93,0.6309297535714575,0.6185672470068552,1.0,0.3,gift_cards,itemknn,quota_mmr,2,0.0063287693131485
95,0.0,0.7615486867673487,0.0,0.3,gift_cards,itemknn,quota_mmr,2,0.0152471783647192
96,0.0,0.6151799698146092,0.0,0.3,gift_cards,itemknn,quota_mmr,2,0.0035945511991597
97,0.0,0.7897755304966975,0.0,0.3,gift_cards,itemknn,quota_mmr,2,0.0136107660671522
98,0.0,0.608978046760085,0.0,0.3,gift_cards,itemknn,quota_mmr,2,0.0056479038025556
103,0.0,0.7714171164879348,0.0,0.3,gift_cards,itemknn,quota_mmr,2,0.0183230578462945
106,0.0,0.756029478611311,0.0,0.2,gift_cards,itemknn,quota_mmr,2,0.009021457033782
108,0.0,0.6390451828865346,0.0,0.2,gift_cards,itemknn,quota_mmr,2,0.004421041313856
111,0.0,0.7378716179399609,0.0,0.2,gift_cards,itemknn,quota_mmr,2,0.017323494974174
115,0.3562071871080222,0.9178562009171014,1.0,0.3,gift_cards,itemknn,quota_mmr,2,0.0119389662829384
116,0.6309297535714575,0.6957578006489298,1.0,0.2,gift_cards,itemknn,quota_mmr,2,0.0096363176730888
117,1.0,0.7130815199590831,1.0,0.2,gift_cards,itemknn,quota_mmr,2,0.0053908289437112
118,0.0,0.7048602705877236,0.0,0.3,gift_cards,itemknn,quota_mmr,2,0.008173396682743
120,0.0,0.7767157917903855,0.0,0.3,gift_cards,itemknn,quota_mmr,2,0.0109190555952925
122,0.0,0.6703951930888083,0.0,0.2,gift_cards,itemknn,quota_mmr,2,0.0046278589383738
124,0.0,0.6143797280446982,0.0,0.3,gift_cards,itemknn,quota_mmr,2,0.006310861650254
126,0.0,0.7377005984526618,0.0,0.2,gift_cards,itemknn,quota_mmr,2,0.0094485590457234
133,0.0,0.7014388692351209,0.0,0.3,gift_cards,itemknn,quota_mmr,2,0.010867547391206
136,0.0,0.7754920557740209,0.0,0.2,gift_cards,itemknn,quota_mmr,2,0.007896292672709
140,0.0,0.7274108952039763,0.0,0.3,gift_cards,itemknn,quota_mmr,2,0.0154288642717764
143,0.0,0.6862573778796476,0.0,0.3,gift_cards,itemknn,quota_mmr,2,0.0110979469397043
145,0.3154648767857287,0.728076772191845,1.0,0.2,gift_cards,itemknn,quota_mmr,2,0.0125489798093902
147,0.0,0.7045847643349066,0.0,0.3,gift_cards,itemknn,quota_mmr,2,0.0091665590925916
148,0.0,0.7844662529602889,0.0,0.3,gift_cards,itemknn,quota_mmr,2,0.0116689149601057
149,0.5,0.640855626126766,1.0,0.2,gift_cards,itemknn,quota_mmr,2,0.0054366708404458
150,0.0,0.9326430387639614,0.0,0.3,gift_cards,itemknn,quota_mmr,2,0.0138835655239099
152,0.0,0.7160693119927879,0.0,0.3,gift_cards,itemknn,quota_mmr,2,0.0136803476689422
153,0.0,0.9457610810471504,0.0,0.2,gift_cards,itemknn,quota_mmr,2,0.0127527784791432
156,0.0,0.6577219939981119,0.0,0.3,gift_cards,itemknn,quota_mmr,2,0.0123660881380609
157,0.0,0.6055751810928958,0.0,0.2,gift_cards,itemknn,quota_mmr,2,0.0052762182236238
159,0.0,0.715901169289201,0.0,0.3,gift_cards,itemknn,quota_mmr,2,0.007695787120948
161,0.0,0.7304271610361077,0.0,0.3,gift_cards,itemknn,quota_mmr,2,0.0124610366554667
163,0.0,0.7062525684279669,0.0,0.3,gift_cards,itemknn,quota_mmr,2,0.0143930059947463
164,0.0,0.5887518748851244,0.0,0.2,gift_cards,itemknn,quota_mmr,2,0.0064089002654509
167,0.0,0.6543463078289965,0.0,0.3,gift_cards,itemknn,quota_mmr,2,0.0104137886594083
170,0.0,0.7958104349526834,0.0,0.3,gift_cards,itemknn,quota_mmr,2,0.0167874124991573
171,0.0,0.676486052564526,0.0,0.2,gift_cards,itemknn,quota_mmr,2,0.0070791035480708
173,0.0,0.6658612249182339,0.0,0.3,gift_cards,itemknn,quota_mmr,2,0.0094654004488808
176,0.0,0.6782386605258621,0.0,0.3,gift_cards,itemknn,quota_mmr,2,0.0082514865437462
177,0.0,0.6252144588600045,0.0,0.3,gift_cards,itemknn,quota_mmr,2,0.0060067640606225
181,0.0,0.7206152597088039,0.0,0.3,gift_cards,itemknn,quota_mmr,2,0.0163121541582994
182,0.0,0.756061282743268,0.0,0.3,gift_cards,itemknn,quota_mmr,2,0.013750618205552
186,0.0,0.6494634544504707,0.0,0.2,gift_cards,itemknn,quota_mmr,2,0.0050800840276964
187,0.0,0.7025333270849736,0.0,0.3,gift_cards,itemknn,quota_mmr,2,0.0093996474298024
190,0.0,0.6767840793731674,0.0,0.3,gift_cards,itemknn,quota_mmr,2,0.0073017047716352
192,0.0,0.6780610789098442,0.0,0.3,gift_cards,itemknn,quota_mmr,2,0.0140568979100227
193,0.0,0.7406142500105186,0.0,0.3,gift_cards,itemknn,quota_mmr,2,0.0148748554697384
195,0.0,0.7881923713322103,0.0,0.3,gift_cards,itemknn,quota_mmr,2,0.0114077806296945
196,0.0,0.6988053520219889,0.0,0.3,gift_cards,itemknn,quota_mmr,2,0.0114994609023691
197,0.0,0.6766405135477731,0.0,0.3,gift_cards,itemknn,quota_mmr,2,0.0096522863066425
199,0.0,0.7812176246067379,0.0,0.3,gift_cards,itemknn,quota_mmr,2,0.0174611287950237
200,0.0,0.6482400715926626,0.0,0.3,gift_cards,itemknn,quota_mmr,2,0.0115339444392465
203,0.0,0.7639885964892379,0.0,0.3,gift_cards,itemknn,quota_mmr,2,0.0199936632156115
206,0.5,0.688704164899921,1.0,0.3,gift_cards,itemknn,quota_mmr,2,0.0124547747081629
207,0.0,0.7290365415969442,0.0,0.3,gift_cards,itemknn,quota_mmr,2,0.0095047620022514
208,0.0,0.5967461590275993,0.0,0.2,gift_cards,itemknn,quota_mmr,2,0.0057279662725237
210,0.0,0.7958074319052708,0.0,0.2,gift_cards,itemknn,quota_mmr,2,0.0089209138876148
211,1.0,0.6797078824128595,1.0,0.2,gift_cards,itemknn,quota_mmr,2,0.0068427748857182
213,0.0,0.6907069717354303,0.0,0.3,gift_cards,itemknn,quota_mmr,2,0.0074412358372677
215,0.0,0.8594272687985861,0.0,0.2,gift_cards,itemknn,quota_mmr,2,0.0079162702108496
216,0.0,0.6957159558167645,0.0,0.2,gift_cards,itemknn,quota_mmr,2,0.0092952961443221
217,0.0,0.726241098941262,0.0,0.3,gift_cards,itemknn,quota_mmr,2,0.0075477156029166
218,1.0,0.6988399648962279,1.0,0.2,gift_cards,itemknn,quota_mmr,2,0.0073120228369135
219,0.0,0.7909186033068116,0.0,0.3,gift_cards,itemknn,quota_mmr,2,0.011060863524711
222,0.0,0.7733663602560479,0.0,0.3,gift_cards,itemknn,quota_mmr,2,0.0139972838943975
224,0.0,0.6745655232046398,0.0,0.3,gift_cards,itemknn,quota_mmr,2,0.0142833798460831
225,0.0,0.669069717859057,0.0,0.3,gift_cards,itemknn,quota_mmr,2,0.0074412358372677
230,0.0,0.7236199578245527,0.0,0.3,gift_cards,itemknn,quota_mmr,2,0.0169644313337971
232,0.0,0.6447672996654742,0.0,0.3,gift_cards,itemknn,quota_mmr,2,0.0061053268685993
235,1.0,0.6567998851689193,1.0,0.2,gift_cards,itemknn,quota_mmr,2,0.0099256017364815
238,0.0,0.6222256409424393,0.0,0.2,gift_cards,itemknn,quota_mmr,2,0.0081838381304006
239,0.0,0.6374100612007625,0.0,0.3,gift_cards,itemknn,quota_mmr,2,0.0065644743883718
244,0.0,0.6031058439768413,0.0,0.2,gift_cards,itemknn,quota_mmr,2,0.0049673156539588
245,0.0,0.662132778182707,0.0,0.3,gift_cards,itemknn,quota_mmr,2,0.0058134886147079
248,0.0,0.6938928760935157,0.0,0.3,gift_cards,itemknn,quota_mmr,2,0.00591899601959
250,0.0,0.6086069349942719,0.0,0.2,gift_cards,itemknn,quota_mmr,2,0.0058695316261478
251,0.0,0.7139822587549184,0.0,0.3,gift_cards,itemknn,quota_mmr,2,0.0125643435651775
252,1.0,0.9678929280880216,1.0,0.2,gift_cards,itemknn,quota_mmr,2,0.0224159462020385
254,0.0,0.7090023283661108,0.0,0.3,gift_cards,itemknn,quota_mmr,2,0.0128272052071751
259,0.0,0.6033165297786715,0.0,0.3,gift_cards,itemknn,quota_mmr,2,0.004373836734651
263,0.0,0.7230409093867325,0.0,0.3,gift_cards,itemknn,quota_mmr,2,0.0067436988971516
265,0.6309297535714575,0.675657045176677,1.0,0.3,gift_cards,itemknn,quota_mmr,2,0.0111288530436561
267,0.0,0.7135053862146723,0.0,0.3,gift_cards,itemknn,quota_mmr,2,0.0100519142038774
268,0.6309297535714575,0.7526204893588863,1.0,0.3,gift_cards,itemknn,quota_mmr,2,0.0096773458796928
269,0.0,0.6797987072992031,0.0,0.3,gift_cards,itemknn,quota_mmr,2,0.0072979410938507
270,0.0,0.7409750819634516,0.0,0.3,gift_cards,itemknn,quota_mmr,2,0.0108042331491779
275,0.0,0.6650211282601659,0.0,0.2,gift_cards,itemknn,quota_mmr,2,0.0121497822024196
278,0.6309297535714575,0.9039369344243172,1.0,0.3,gift_cards,itemknn,quota_mmr,2,0.0142118003692252
280,0.0,0.745069127875306,0.0,0.3,gift_cards,itemknn,quota_mmr,2,0.01755103473986
282,1.0,0.9604895034124826,1.0,0.3,gift_cards,itemknn,quota_mmr,2,0.0186954916845853
283,0.0,0.7265960412888921,0.0,0.2,gift_cards,itemknn,quota_mmr,2,0.0161602110288555
284,0.0,0.6379076090124722,0.0,0.2,gift_cards,itemknn,quota_mmr,2,0.0078066577852913
285,0.0,0.7540254568668889,0.0,0.2,gift_cards,itemknn,quota_mmr,2,0.0126442549040107
287,0.0,0.695715169228744,0.0,0.2,gift_cards,itemknn,quota_mmr,2,0.011813528723137
289,0.0,0.7513204486549152,0.0,0.2,gift_cards,itemknn,quota_mmr,2,0.0114565355629453
293,0.3333333333333333,0.9572843534769728,1.0,0.2,gift_cards,itemknn,quota_mmr,2,0.020184163017402
295,0.6309297535714575,0.7006884401248151,1.0,0.3,gift_cards,itemknn,quota_mmr,2,0.0138312297263186
297,0.0,0.6525603053488863,0.0,0.3,gift_cards,itemknn,quota_mmr,2,0.0093632315598699
299,0.0,0.9797372643627248,0.0,0.2,gift_cards,itemknn,quota_mmr,2,0.0181750057787694
301,0.5,0.6751986816786485,1.0,0.2,gift_cards,itemknn,quota_mmr,2,0.009183101820201
303,0.0,0.7695375176241243,0.0,0.3,gift_cards,itemknn,quota_mmr,2,0.015194820146135
304,0.3562071871080222,0.9401861456644351,1.0,0.2,gift_cards,itemknn,quota_mmr,2,0.0179755375142896
315,0.0,0.6928107027681628,0.0,0.2,gift_cards,itemknn,quota_mmr,2,0.012317498370661
323,0.0,0.7287915239356756,0.0,0.3,gift_cards,itemknn,quota_mmr,2,0.0176033899324811
324,0.0,0.7914846400791355,0.0,0.3,gift_cards,itemknn,quota_mmr,2,0.0082187062263975
325,0.0,0.7952787177590307,0.0,0.3,gift_cards,itemknn,quota_mmr,2,0.005778449564336
327,0.0,0.5833014751897536,0.0,0.2,gift_cards,itemknn,quota_mmr,2,0.0061691528668523
328,0.0,0.7526097841781118,0.0,0.2,gift_cards,itemknn,quota_mmr,2,0.0107799523232903
331,0.0,0.6418729008672961,0.0,0.2,gift_cards,itemknn,quota_mmr,2,0.0047830859537121
332,0.0,0.6783267869796098,0.0,0.3,gift_cards,itemknn,quota_mmr,2,0.0114699686365882
337,0.0,0.6901097089358018,0.0,0.3,gift_cards,itemknn,quota_mmr,2,0.0129348735893045
339,0.0,0.6425689253434893,0.0,0.2,gift_cards,itemknn,quota_mmr,2,0.0055252573563579
341,0.0,0.7277432757733134,0.0,0.3,gift_cards,itemknn,quota_mmr,2,0.0163591303369675
342,0.0,0.9639146860918224,0.0,0.3,gift_cards,itemknn,quota_mmr,2,0.0148464246576488
344,0.0,0.6191311924278626,0.0,0.3,gift_cards,itemknn,quota_mmr,2,0.0081691712842366
346,0.0,0.640199010506898,0.0,0.3,gift_cards,itemknn,quota_mmr,2,0.0075777654291286
349,0.0,0.7397256278473567,0.0,0.2,gift_cards,itemknn,quota_mmr,2,0.0127985703862132
351,1.0,0.7347175727519023,1.0,0.2,gift_cards,itemknn,quota_mmr,2,0.0083752600097288
354,0.0,0.9089364036382648,0.0,0.3,gift_cards,itemknn,quota_mmr,2,0.0104243407129001
356,0.0,0.6569833224709886,0.0,0.3,gift_cards,itemknn,quota_mmr,2,0.0099740141035283
357,0.0,0.6270304900884985,0.0,0.3,gift_cards,itemknn,quota_mmr,2,0.0067771175716395
358,0.0,0.6159024858060245,0.0,0.3,gift_cards,itemknn,quota_mmr,2,0.0083316218395845
364,0.0,0.7202435571833599,0.0,0.3,gift_cards,itemknn,quota_mmr,2,0.0071788468902226
369,0.3333333333333333,0.6833718925428475,1.0,0.3,gift_cards,itemknn,quota_mmr,2,0.0098486880224095
371,0.0,0.7300788076423504,0.0,0.3,gift_cards,itemknn,quota_mmr,2,0.0135931213033166
373,0.6309297535714575,0.7674186962825296,1.0,0.3,gift_cards,itemknn,quota_mmr,2,0.0064255234122709
374,0.0,0.64905917847829,0.0,0.2,gift_cards,itemknn,quota_mmr,2,0.0087197231804423
376,0.0,0.7388331548903389,0.0,0.2,gift_cards,itemknn,quota_mmr,2,0.0138814545935414
377,0.0,0.686386080579095,0.0,0.3,gift_cards,itemknn,quota_mmr,2,0.0120394549819505
388,0.0,0.6394373786859701,0.0,0.3,gift_cards,itemknn,quota_mmr,2,0.0068868533671234
390,0.2890648263178879,0.6783045170307811,1.0,0.2,gift_cards,itemknn,quota_mmr,2,0.0079252525294073
391,0.0,0.7966928759143203,0.0,0.3,gift_cards,itemknn,quota_mmr,2,0.0156768581400155
393,0.0,0.7248320596800972,0.0,0.3,gift_cards,itemknn,quota_mmr,2,0.0098880400389938
395,0.0,0.6326000485823403,0.0,0.2,gift_cards,itemknn,quota_mmr,2,0.0097996448410162
398,0.0,0.8305694697901047,0.0,0.3,gift_cards,itemknn,quota_mmr,2,0.0199218341995177
400,0.0,0.6196479178354143,0.0,0.3,gift_cards,itemknn,quota_mmr,2,0.0077873379423358
401,0.0,0.6114520683393333,0.0,0.2,gift_cards,itemknn,quota_mmr,2,0.0065438497590032
408,0.0,0.7885375780457774,0.0,0.3,gift_cards,itemknn,quota_mmr,2,0.006336756922181
415,0.0,0.7329897921741997,0.0,0.2,gift_cards,itemknn,quota_mmr,2,0.0138271036824708
424,0.0,0.6167433110872608,0.0,0.3,gift_cards,itemknn,quota_mmr,2,0.0088463274879688
426,0.0,0.9303059475727594,0.0,0.2,gift_cards,itemknn,quota_mmr,2,0.0178422865599545
428,0.5,0.9164758693614244,1.0,0.3,gift_cards,itemknn,quota_mmr,2,0.0135738745599604
430,0.0,0.7316933491318345,0.0,0.3,gift_cards,itemknn,quota_mmr,2,0.0102480119406837
432,0.0,0.829069724708484,0.0,0.3,gift_cards,itemknn,quota_mmr,2,0.0172466834984141
434,0.6309297535714575,0.7656752757136625,1.0,0.3,gift_cards,itemknn,quota_mmr,2,0.0130493914178175
437,0.0,0.6590720063966486,0.0,0.3,gift_cards,itemknn,quota_mmr,2,0.0079822676978635
438,0.0,0.9422713078961734,0.0,0.3,gift_cards,itemknn,quota_mmr,2,0.0170452665223417
440,0.3010299956639812,0.7910190643408065,1.0,0.2,gift_cards,itemknn,quota_mmr,2,0.0086833373319671
441,0.0,0.7966423724562607,0.0,0.3,gift_cards,itemknn,quota_mmr,2,0.0167823176940155
442,0.0,0.7536413883631143,0.0,0.3,gift_cards,itemknn,quota_mmr,2,0.0182263118927247
444,0.0,0.7370721829525405,0.0,0.3,gift_cards,itemknn,quota_mmr,2,0.011802187989114
445,0.0,0.8148286266828858,0.0,0.3,gift_cards,itemknn,quota_mmr,2,0.0097596656658904
446,0.0,0.6377094913737713,0.0,0.2,gift_cards,itemknn,quota_mmr,2,0.0070951131534096
447,0.0,0.676251980760764,0.0,0.2,gift_cards,itemknn,quota_mmr,2,0.0054541712914872
449,0.0,0.7574202565309113,0.0,0.2,gift_cards,itemknn,quota_mmr,2,0.0153553695109408
452,0.0,0.7349315262378324,0.0,0.2,gift_cards,itemknn,quota_mmr,2,0.0097074200176749
453,0.0,0.7053099087877919,0.0,0.3,gift_cards,itemknn,quota_mmr,2,0.0101696495526009
3,0.3010299956639812,1.0,1.0,0.5,gift_cards,als,none,2,
4,0.0,1.0,0.0,0.6,gift_cards,als,none,2,
5,0.0,1.0,0.0,0.5,gift_cards,als,none,2,
7,0.0,1.0,0.0,0.6,gift_cards,als,none,2,
11,0.0,1.0,0.0,0.9,gift_cards,als,none,2,
13,0.3562071871080222,1.0,1.0,0.3,gift_cards,als,none,2,
14,0.3333333333333333,1.0,1.0,0.4,gift_cards,als,none,2,
17,0.0,1.0,0.0,0.5,gift_cards,als,none,2,
19,0.0,1.0,0.0,0.3,gift_cards,als,none,2,
21,0.0,1.0,0.0,0.4,gift_cards,als,none,2,
22,0.0,1.0,0.0,0.9,gift_cards,als,none,2,
24,0.0,1.0,0.0,0.9,gift_cards,als,none,2,
25,0.0,1.0,0.0,0.6,gift_cards,als,none,2,
26,0.0,1.0,0.0,0.6,gift_cards,als,none,2,
28,0.3868528072345416,1.0,1.0,0.4,gift_cards,als,none,2,
33,0.0,1.0,0.0,0.6,gift_cards,als,none,2,
35,0.430676558073393,1.0,1.0,0.7,gift_cards,als,none,2,
36,0.3868528072345416,1.0,1.0,0.8,gift_cards,als,none,2,
38,0.3562071871080222,1.0,1.0,0.2,gift_cards,als,none,2,
39,0.0,1.0,0.0,0.4,gift_cards,als,none,2,
40,0.5,1.0,1.0,0.9,gift_cards,als,none,2,
42,0.0,1.0,0.0,0.2,gift_cards,als,none,2,
43,0.3333333333333333,1.0,1.0,0.7,gift_cards,als,none,2,
45,0.0,1.0,0.0,0.2,gift_cards,als,none,2,
47,0.0,1.0,0.0,0.4,gift_cards,als,none,2,
50,0.0,1.0,0.0,0.4,gift_cards,als,none,2,
55,0.0,1.0,0.0,0.2,gift_cards,als,none,2,
60,0.0,1.0,0.0,0.5,gift_cards,als,none,2,
63,0.0,1.0,0.0,0.6,gift_cards,als,none,2,
64,0.0,1.0,0.0,0.2,gift_cards,als,none,2,
67,0.3154648767857287,1.0,1.0,0.3,gift_cards,als,none,2,
68,0.0,1.0,0.0,0.4,gift_cards,als,none,2,
69,0.0,1.0,0.0,0.4,gift_cards,als,none,2,
71,0.0,1.0,0.0,0.2,gift_cards,als,none,2,
72,0.0,1.0,0.0,0.5,gift_cards,als,none,2,
73,0.0,1.0,0.0,0.4,gift_cards,als,none,2,
75,0.430676558073393,1.0,1.0,0.6,gift_cards,als,none,2,
76,0.0,1.0,0.0,0.4,gift_cards,als,none,2,
77,0.0,1.0,0.0,0.2,gift_cards,als,none,2,
78,0.430676558073393,1.0,1.0,0.4,gift_cards,als,none,2,
84,0.0,1.0,0.0,0.6,gift_cards,als,none,2,
88,0.0,1.0,0.0,0.2,gift_cards,als,none,2,
91,0.0,1.0,0.0,0.7,gift_cards,als,none,2,
93,0.3333333333333333,1.0,1.0,0.2,gift_cards,als,none,2,
95,0.0,1.0,0.0,0.4,gift_cards,als,none,2,
96,0.0,1.0,0.0,0.6,gift_cards,als,none,2,
97,0.0,1.0,0.0,0.6,gift_cards,als,none,2,
98,0.0,1.0,0.0,0.6,gift_cards,als,none,2,
103,0.0,1.0,0.0,0.4,gift_cards,als,none,2,
106,0.0,1.0,0.0,0.4,gift_cards,als,none,2,
108,0.0,1.0,0.0,0.2,gift_cards,als,none,2,
111,0.0,1.0,0.0,0.4,gift_cards,als,none,2,
115,0.3010299956639812,1.0,1.0,0.5,gift_cards,als,none,2,
116,0.0,1.0,0.0,0.2,gift_cards,als,none,2,
117,0.0,1.0,0.0,0.4,gift_cards,als,none,2,
118,0.0,1.0,0.0,0.7,gift_cards,als,none,2,
120,0.0,1.0,0.0,0.9,gift_cards,als,none,2,
122,0.0,1.0,0.0,0.4,gift_cards,als,none,2,
124,0.0,1.0,0.0,0.3,gift_cards,als,none,2,
126,0.0,1.0,0.0,0.5,gift_cards,als,none,2,
133,0.0,1.0,0.0,0.4,gift_cards,als,none,2,
136,0.0,1.0,0.0,0.8,gift_cards,als,none,2,
140,0.0,1.0,0.0,0.6,gift_cards,als,none,2,
143,0.0,1.0,0.0,0.6,gift_cards,als,none,2,
145,0.3333333333333333,1.0,1.0,0.2,gift_cards,als,none,2,
147,0.0,1.0,0.0,0.8,gift_cards,als,none,2,
148,0.0,1.0,0.0,0.3,gift_cards,als,none,2,
149,0.3562071871080222,1.0,1.0,0.3,gift_cards,als,none,2,
150,0.0,1.0,0.0,0.8,gift_cards,als,none,2,
152,0.0,1.0,0.0,0.2,gift_cards,als,none,2,
153,0.0,1.0,0.0,0.4,gift_cards,als,none,2,
156,0.3868528072345416,1.0,1.0,0.4,gift_cards,als,none,2,
157,0.0,1.0,0.0,0.4,gift_cards,als,none,2,
159,0.0,1.0,0.0,0.4,gift_cards,als,none,2,
161,0.0,1.0,0.0,0.6,gift_cards,als,none,2,
163,0.0,1.0,0.0,0.8,gift_cards,als,none,2,
164,0.0,1.0,0.0,0.5,gift_cards,als,none,2,
167,0.0,1.0,0.0,0.9,gift_cards,als,none,2,
170,0.0,1.0,0.0,0.6,gift_cards,als,none,2,
171,0.0,1.0,0.0,0.7,gift_cards,als,none,2,
173,0.0,1.0,0.0,0.6,gift_cards,als,none,2,
176,0.0,1.0,0.0,0.4,gift_cards,als,none,2,
177,0.0,1.0,0.0,0.8,gift_cards,als,none,2,
181,0.0,1.0,0.0,0.4,gift_cards,als,none,2,
182,0.0,1.0,0.0,0.8,gift_cards,als,none,2,
186,0.0,1.0,0.0,0.4,gift_cards,als,none,2,
187,0.0,1.0,0.0,0.5,gift_cards,als,none,2,
190,0.0,1.0,0.0,0.8,gift_cards,als,none,2,
192,0.0,1.0,0.0,0.5,gift_cards,als,none,2,
193,0.0,1.0,0.0,0.6,gift_cards,als,none,2,
195,0.0,1.0,0.0,0.4,gift_cards,als,none,2,
196,0.0,1.0,0.0,0.5,gift_cards,als,none,2,
197,0.0,1.0,0.0,0.6,gift_cards,als,none,2,
199,0.0,1.0,0.0,0.2,gift_cards,als,none,2,
200,0.0,1.0,0.0,0.6,gift_cards,als,none,2,
203,0.0,1.0,0.0,0.4,gift_cards,als,none,2,
206,0.0,1.0,0.0,0.6,gift_cards,als,none,2,
207,0.0,1.0,0.0,0.2,gift_cards,als,none,2,
208,0.0,1.0,0.0,0.4,gift_cards,als,none,2,
210,0.0,1.0,0.0,0.2,gift_cards,als,none,2,
211,0.0,1.0,0.0,0.6,gift_cards,als,none,2,
213,0.0,1.0,0.0,0.3,gift_cards,als,none,2,
215,0.0,1.0,0.0,0.8,gift_cards,als,none,2,
216,0.0,1.0,0.0,0.4,gift_cards,als,none,2,
217,0.6309297535714575,1.0,1.0,0.5,gift_cards,als,none,2,
218,0.3333333333333333,1.0,1.0,0.2,gift_cards,als,none,2,
219,0.0,1.0,0.0,0.6,gift_cards,als,none,2,
222,0.0,1.0,0.0,0.4,gift_cards,als,none,2,
224,0.0,1.0,0.0,0.3,gift_cards,als,none,2,
225,0.0,1.0,0.0,0.4,gift_cards,als,none,2,
230,0.0,1.0,0.0,0.8,gift_cards,als,none,2,
232,0.0,1.0,0.0,0.5,gift_cards,als,none,2,
235,0.0,1.0,0.0,0.6,gift_cards,als,none,2,
238,0.0,1.0,0.0,0.6,gift_cards,als,none,2,
239,0.5,1.0,1.0,0.4,gift_cards,als,none,2,
244,0.0,1.0,0.0,0.4,gift_cards,als,none,2,
245,0.0,1.0,0.0,0.3,gift_cards,als,none,2,
248,0.0,1.0,0.0,0.5,gift_cards,als,none,2,
250,0.3562071871080222,1.0,1.0,0.4,gift_cards,als,none,2,
251,0.0,1.0,0.0,0.7,gift_cards,als,none,2,
252,0.6309297535714575,1.0,1.0,0.5,gift_cards,als,none,2,
254,0.0,1.0,0.0,0.5,gift_cards,als,none,2,
259,0.3868528072345416,1.0,1.0,0.6,gift_cards,als,none,2,
263,0.0,1.0,0.0,0.3,gift_cards,als,none,2,
265,0.0,1.0,0.0,0.5,gift_cards,als,none,2,
267,0.0,1.0,0.0,0.2,gift_cards,als,none,2,
268,0.0,1.0,0.0,0.4,gift_cards,als,none,2,
269,0.0,1.0,0.0,0.5,gift_cards,als,none,2,
270,0.0,1.0,0.0,0.7,gift_cards,als,none,2,
275,0.0,1.0,0.0,0.4,gift_cards,als,none,2,
278,0.3868528072345416,1.0,1.0,0.5,gift_cards,als,none,2,
280,0.0,1.0,0.0,0.2,gift_cards,als,none,2,
282,0.0,1.0,0.0,0.6,gift_cards,als,none,2,
283,0.0,1.0,0.0,0.6,gift_cards,als,none,2,
284,0.0,1.0,0.0,0.6,gift_cards,als,none,2,
285,0.0,1.0,0.0,0.4,gift_cards,als,none,2,
287,0.0,1.0,0.0,0.4,gift_cards,als,none,2,
289,0.0,1.0,0.0,0.4,gift_cards,als,none,2,
293,0.0,1.0,0.0,0.6,gift_cards,als,none,2,
295,0.0,1.0,0.0,0.7,gift_cards,als,none,2,
297,0.0,1.0,0.0,0.4,gift_cards,als,none,2,
299,0.3154648767857287,1.0,1.0,0.6,gift_cards,als,none,2,
301,0.3333333333333333,1.0,1.0,0.6,gift_cards,als,none,2,
303,0.3868528072345416,1.0,1.0,0.4,gift_cards,als,none,2,
304,0.0,1.0,0.0,0.4,gift_cards,als,none,2,
315,0.0,1.0,0.0,0.4,gift_cards,als,none,2,
323,0.430676558073393,1.0,1.0,0.2,gift_cards,als,none,2,
324,0.0,1.0,0.0,0.4,gift_cards,als,none,2,
325,0.0,1.0,0.0,0.5,gift_cards,als,none,2,
327,0.0,1.0,0.0,0.2,gift_cards,als,none,2,
328,0.0,1.0,0.0,0.4,gift_cards,als,none,2,
331,0.0,1.0,0.0,0.4,gift_cards,als,none,2,
332,0.6309297535714575,1.0,1.0,0.3,gift_cards,als,none,2,
337,0.0,1.0,0.0,0.5,gift_cards,als,none,2,
339,0.0,1.0,0.0,0.2,gift_cards,als,none,2,
341,0.0,1.0,0.0,0.3,gift_cards,als,none,2,
342,0.0,1.0,0.0,0.4,gift_cards,als,none,2,
344,0.0,1.0,0.0,0.4,gift_cards,als,none,2,
346,0.0,1.0,0.0,0.4,gift_cards,als,none,2,
349,0.0,1.0,0.0,0.6,gift_cards,als,none,2,
351,0.0,1.0,0.0,0.6,gift_cards,als,none,2,
354,0.0,1.0,0.0,0.5,gift_cards,als,none,2,
356,0.0,1.0,0.0,0.4,gift_cards,als,none,2,
357,0.0,1.0,0.0,0.6,gift_cards,als,none,2,
358,0.0,1.0,0.0,0.3,gift_cards,als,none,2,
364,0.0,1.0,0.0,0.6,gift_cards,als,none,2,
369,0.0,1.0,0.0,0.5,gift_cards,als,none,2,
371,0.0,1.0,0.0,0.2,gift_cards,als,none,2,
373,0.3333333333333333,1.0,1.0,0.5,gift_cards,als,none,2,
374,0.0,1.0,0.0,0.5,gift_cards,als,none,2,
376,0.0,1.0,0.0,0.7,gift_cards,als,none,2,
377,0.0,1.0,0.0,0.4,gift_cards,als,none,2,
388,0.0,1.0,0.0,0.5,gift_cards,als,none,2,
390,0.0,1.0,0.0,0.8,gift_cards,als,none,2,
391,0.0,1.0,0.0,0.2,gift_cards,als,none,2,
393,0.0,1.0,0.0,0.4,gift_cards,als,none,2,
395,0.0,1.0,0.0,0.2,gift_cards,als,none,2,
398,0.0,1.0,0.0,0.6,gift_cards,als,none,2,
400,0.0,1.0,0.0,0.4,gift_cards,als,none,2,
401,0.0,1.0,0.0,0.4,gift_cards,als,none,2,
408,0.0,1.0,0.0,0.6,gift_cards,als,none,2,
415,0.0,1.0,0.0,0.2,gift_cards,als,none,2,
424,0.0,1.0,0.0,0.5,gift_cards,als,none,2,
426,0.0,1.0,0.0,0.7,gift_cards,als,none,2,
428,0.3154648767857287,1.0,1.0,1.0,gift_cards,als,none,2,
430,0.0,1.0,0.0,0.2,gift_cards,als,none,2,
432,0.0,1.0,0.0,1.0,gift_cards,als,none,2,
434,0.3562071871080222,1.0,1.0,0.4,gift_cards,als,none,2,
437,0.0,1.0,0.0,0.3,gift_cards,als,none,2,
438,0.0,1.0,0.0,0.6,gift_cards,als,none,2,
440,0.0,1.0,0.0,0.8,gift_cards,als,none,2,
441,0.0,1.0,0.0,0.5,gift_cards,als,none,2,
442,0.6309297535714575,1.0,1.0,0.3,gift_cards,als,none,2,
444,0.0,1.0,0.0,0.4,gift_cards,als,none,2,
445,0.0,1.0,0.0,0.6,gift_cards,als,none,2,
446,0.0,1.0,0.0,0.2,gift_cards,als,none,2,
447,0.0,1.0,0.0,0.6,gift_cards,als,none,2,
449,0.0,1.0,0.0,0.4,gift_cards,als,none,2,
452,0.0,1.0,0.0,0.5,gift_cards,als,none,2,
453,0.2890648263178879,1.0,1.0,0.3,gift_cards,als,none,2,
3,0.0,0.9625218932575308,0.0,0.2,gift_cards,als,quota_mmr,2,0.0041886827142238
4,0.0,0.9705274625894896,0.0,0.3,gift_cards,als,quota_mmr,2,0.0030579241910046
5,0.0,0.9749175347677776,0.0,0.2,gift_cards,als,quota_mmr,2,0.002489555585232
7,0.0,0.9507435974703764,0.0,0.3,gift_cards,als,quota_mmr,2,0.0012134455027449
11,0.0,0.9630212196036946,0.0,0.3,gift_cards,als,quota_mmr,2,0.001203924157231
13,0.3562071871080222,1.0,1.0,0.3,gift_cards,als,quota_mmr,2,0.0029491794689015
14,0.3333333333333333,0.962644294608415,1.0,0.3,gift_cards,als,quota_mmr,2,0.0006195579955687
17,0.0,0.9891266560441712,0.0,0.2,gift_cards,als,quota_mmr,2,0.003898928638443
19,0.0,0.9953687206240174,0.0,0.2,gift_cards,als,quota_mmr,2,0.0024241887867807
21,0.0,0.9836357870853067,0.0,0.3,gift_cards,als,quota_mmr,2,0.0017898611500484
22,0.0,0.9449450154230408,0.0,0.2,gift_cards,als,quota_mmr,2,0.0038052550795907
24,0.0,0.9435699000540216,0.0,0.2,gift_cards,als,quota_mmr,2,0.0027300028829229
25,0.0,0.9849816762831934,0.0,0.3,gift_cards,als,quota_mmr,2,0.0046522854530084
26,0.0,0.9804083110430776,0.0,0.3,gift_cards,als,quota_mmr,2,0.0032393319875374
28,0.3868528072345416,0.9968641687342736,1.0,0.3,gift_cards,als,quota_mmr,2,0.0034389696523324
33,0.0,0.971957837231356,0.0,0.3,gift_cards,als,quota_mmr,2,0.0034364582137989
35,0.6309297535714575,0.8910692593863418,1.0,0.3,gift_cards,als,quota_mmr,2,0.0026666638033262
36,0.3868528072345416,0.9243455318624298,1.0,0.3,gift_cards,als,quota_mmr,2,0.0050969173277864
38,0.3562071871080222,0.9970924971893,1.0,0.2,gift_cards,als,quota_mmr,2,0.0038368671970741
39,0.0,0.996201424263104,0.0,0.3,gift_cards,als,quota_mmr,2,0.0033083131604365
40,0.5,0.9031896925805848,1.0,0.3,gift_cards,als,quota_mmr,2,0.0052247437772011
42,0.0,0.997001025025542,0.0,0.3,gift_cards,als,quota_mmr,2,0.0021987900022789
43,0.0,0.944014502778216,0.0,0.3,gift_cards,als,quota_mmr,2,0.0013496191092474
45,0.0,0.9954723944196088,0.0,0.3,gift_cards,als,quota_mmr,2,0.0031930221951495
47,0.0,0.9506253079197552,0.0,0.3,gift_cards,als,quota_mmr,2,0.0011243825664122
50,0.0,0.9933826048031964,0.0,0.3,gift_cards,als,quota_mmr,2,0.0024772712954694
55,0.0,0.9933557745205732,0.0,0.3,gift_cards,als,quota_mmr,2,0.0044168714865192
60,0.0,0.9845842794654476,0.0,0.3,gift_cards,als,quota_mmr,2,0.002684825706985
63,0.0,0.981464183564806,0.0,0.3,gift_cards,als,quota_mmr,2,0.0008161296944649
64,0.0,0.9979252595774328,0.0,0.3,gift_cards,als,quota_mmr,2,0.0038193642164124
67,0.3154648767857287,0.963191638036362,1.0,0.3,gift_cards,als,quota_mmr,2,0.0025990091687947
68,0.0,0.9900664926860911,0.0,0.3,gift_cards,als,quota_mmr,2,0.0032450623691402
69,0.0,0.9776422465865972,0.0,0.2,gift_cards,als,quota_mmr,2,0.0017328275852224
71,0.0,0.9727761235366076,0.0,0.3,gift_cards,als,quota_mmr,2,0.0022206654300867
72,0.0,0.9873472118231604,0.0,0.2,gift_cards,als,quota_mmr,2,0.0023316751202073
73,0.0,0.967051957612422,0.0,0.2,gift_cards,als,quota_mmr,2,0.0018313782894284
75,0.430676558073393,0.976948315661644,1.0,0.2,gift_cards,als,quota_mmr,2,0.0026939647536212
76,0.0,0.969372902673686,0.0,0.2,gift_cards,als,quota_mmr,2,0.0021551438424696
77,0.0,1.0,0.0,0.2,gift_cards,als,quota_mmr,2,0.0038006931320482
78,0.430676558073393,0.9884787363259052,1.0,0.2,gift_cards,als,quota_mmr,2,0.0034916658431482
84,0.0,0.9816367544077276,0.0,0.3,gift_cards,als,quota_mmr,2,0.0037060083255526
88,0.0,0.9899348440044244,0.0,0.2,gift_cards,als,quota_mmr,2,0.0031433912678729
91,0.0,0.9393058718984552,0.0,0.2,gift_cards,als,quota_mmr,2,0.0024537601526857
93,0.3333333333333333,0.990935018776126,1.0,0.2,gift_cards,als,quota_mmr,2,0.0018103920314816
95,0.0,0.9833741803132694,0.0,0.2,gift_cards,als,quota_mmr,2,0.001508527314898
96,0.0,0.9820768017370148,0.0,0.3,gift_cards,als,quota_mmr,2,0.0025398909046698
97,0.0,0.9480838267721212,0.0,0.3,gift_cards,als,quota_mmr,2,0.0006117438790361
98,0.0,0.976577140824904,0.0,0.3,gift_cards,als,quota_mmr,2,0.0017860670477392
103,0.0,0.9903047824365137,0.0,0.2,gift_cards,als,quota_mmr,2,0.0051302546289796
106,0.0,0.9888724402538364,0.0,0.3,gift_cards,als,quota_mmr,2,0.0021838606320224
108,0.0,0.989517020308386,0.0,0.2,gift_cards,als,quota_mmr,2,0.0036163795374789
111,0.0,0.9898617655628014,0.0,0.3,gift_cards,als,quota_mmr,2,0.0048668761972874
115,0.3333333333333333,0.9465159165510616,1.0,0.3,gift_cards,als,quota_mmr,2,0.0072998025358379
116,0.0,0.9951870565703278,0.0,0.2,gift_cards,als,quota_mmr,2,0.002888052473065
117,0.0,0.9888516395959868,0.0,0.3,gift_cards,als,quota_mmr,2,0.002830140138105
118,0.0,0.957043102459296,0.0,0.3,gift_cards,als,quota_mmr,2,0.0007918250604303
120,0.0,0.9561690644056864,0.0,0.2,gift_cards,als,quota_mmr,2,0.003312249744458
122,0.0,0.994826184677276,0.0,0.3,gift_cards,als,quota_mmr,2,0.0030292822641055
124,0.0,0.9871830660080329,0.0,0.2,gift_cards,als,quota_mmr,2,0.0026020024818994
126,0.0,0.9682800277071772,0.0,0.2,gift_cards,als,quota_mmr,2,0.0029391334264197
133,0.0,0.9810551314865537,0.0,0.3,gift_cards,als,quota_mmr,2,0.0037876021908376
136,0.0,0.9470806293337064,0.0,0.3,gift_cards,als,quota_mmr,2,0.001628238459667
140,0.0,0.9886793262659666,0.0,0.3,gift_cards,als,quota_mmr,2,0.0023899120248451
143,0.0,0.974878308987622,0.0,0.3,gift_cards,als,quota_mmr,2,0.0028492863458907
145,0.3333333333333333,0.9935558644042132,1.0,0.2,gift_cards,als,quota_mmr,2,0.0027126111165614
147,0.0,0.9818579822688748,0.0,0.3,gift_cards,als,quota_mmr,2,0.0011681802580191
148,0.0,0.9834446399233556,0.0,0.3,gift_cards,als,quota_mmr,2,0.001408839621053
149,0.3868528072345416,0.9604599220334208,1.0,0.3,gift_cards,als,quota_mmr,2,0.0006079000850401
150,0.0,0.9616805706272908,0.0,0.3,gift_cards,als,quota_mmr,2,0.003222844356205
152,0.0,0.9903033345612732,0.0,0.3,gift_cards,als,quota_mmr,2,0.0032384716986999
153,0.0,0.9866421475448354,0.0,0.3,gift_cards,als,quota_mmr,2,0.0040978833995345
156,0.3868528072345416,0.983132115183476,1.0,0.3,gift_cards,als,quota_mmr,2,0.0015878840864616
157,0.0,0.9660533672271704,0.0,0.3,gift_cards,als,quota_mmr,2,0.0014241744122712
159,0.0,0.9949821320781884,0.0,0.3,gift_cards,als,quota_mmr,2,0.0030090632360192
161,0.0,0.9717847767051384,0.0,0.3,gift_cards,als,quota_mmr,2,0.001404993731661
163,0.0,0.9778503700435156,0.0,0.2,gift_cards,als,quota_mmr,2,0.0035637563773317
164,0.0,0.9866101790559296,0.0,0.3,gift_cards,als,quota_mmr,2,0.0021931831948982
167,0.0,0.9180309097692018,0.0,0.3,gift_cards,als,quota_mmr,2,0.0026257819340985
170,0.0,0.9643252807360454,0.0,0.3,gift_cards,als,quota_mmr,2,0.0041684249100176
171,0.0,0.9274381285473556,0.0,0.3,gift_cards,als,quota_mmr,2,0.0035967592462837
173,0.0,0.9780930411543112,0.0,0.3,gift_cards,als,quota_mmr,2,0.0006061454374926
176,0.0,0.9893196756324932,0.0,0.2,gift_cards,als,quota_mmr,2,0.0021653197825074
177,0.0,0.9481177684961896,0.0,0.3,gift_cards,als,quota_mmr,2,0.0022681747531405
181,0.0,0.9881064179507164,0.0,0.3,gift_cards,als,quota_mmr,2,0.0045483759278072
182,0.0,0.936348621532633,0.0,0.3,gift_cards,als,quota_mmr,2,0.003424056375333
186,0.0,0.9702008755385264,0.0,0.3,gift_cards,als,quota_mmr,2,0.0015977291425851
187,0.0,0.9658081906573378,0.0,0.3,gift_cards,als,quota_mmr,2,0.0020334682546758
190,0.0,0.9824254710686274,0.0,0.3,gift_cards,als,quota_mmr,2,0.0021325693986506
192,0.0,0.9805653773892034,0.0,0.2,gift_cards,als,quota_mmr,2,0.0018242578239581
193,0.0,0.985662761115598,0.0,0.3,gift_cards,als,quota_mmr,2,0.0026108633871548
195,0.0,0.995037685508702,0.0,0.3,gift_cards,als,quota_mmr,2,0.0031974603200892
196,0.0,0.9938841411686224,0.0,0.3,gift_cards,als,quota_mmr,2,0.0021435284629546
197,0.0,0.9845387303126332,0.0,0.3,gift_cards,als,quota_mmr,2,0.0017554847034373
199,0.0,0.9972496800305808,0.0,0.2,gift_cards,als,quota_mmr,2,0.002511632528439
200,0.0,0.9658276813019372,0.0,0.3,gift_cards,als,quota_mmr,2,0.0011968527237913
203,0.0,0.9829601203973072,0.0,0.3,gift_cards,als,quota_mmr,2,0.0028315080498092
206,0.0,0.94781222484869,0.0,0.3,gift_cards,als,quota_mmr,2,0.0031678951037374
207,0.0,0.9920785968025012,0.0,0.3,gift_cards,als,quota_mmr,2,0.0024138320271857
208,0.0,0.9907549838230132,0.0,0.3,gift_cards,als,quota_mmr,2,0.0044160825533902
210,0.0,0.9935118477116698,0.0,0.2,gift_cards,als,quota_mmr,2,0.0016546584680618
211,0.0,0.9671090440743008,0.0,0.3,gift_cards,als,quota_mmr,2,0.0019471029554958
213,0.0,0.9685231787023968,0.0,0.3,gift_cards,als,quota_mmr,2,0.0009525615196675
215,0.0,0.9639144085277058,0.0,0.3,gift_cards,als,quota_mmr,2,0.0031738384889446
216,0.0,0.9958121606183602,0.0,0.2,gift_cards,als,quota_mmr,2,0.0027824755190275
217,0.6309297535714575,0.982523965672928,1.0,0.2,gift_cards,als,quota_mmr,2,0.0023648728939869
218,0.0,0.9721738780028836,0.0,0.2,gift_cards,als,quota_mmr,2,0.0014085709263294
219,0.0,0.9851826479697876,0.0,0.3,gift_cards,als,quota_mmr,2,0.0019386337306825
222,0.0,0.9945052879063616,0.0,0.3,gift_cards,als,quota_mmr,2,0.0017819602177954
224,0.0,1.0,0.0,0.3,gift_cards,als,quota_mmr,2,0.0039155071947711
225,0.0,0.993698211148551,0.0,0.3,gift_cards,als,quota_mmr,2,0.000994343075673
230,0.0,0.936784150009654,0.0,0.3,gift_cards,als,quota_mmr,2,0.0018256379570671
232,0.0,0.9659540443855894,0.0,0.3,gift_cards,als,quota_mmr,2,0.002082379140496
235,0.0,0.9772380291302978,0.0,0.3,gift_cards,als,quota_mmr,2,0.0015530525335897
238,0.0,0.9771897900628516,0.0,0.2,gift_cards,als,quota_mmr,2,0.0049670438041768
239,0.5,0.9876237278938862,1.0,0.3,gift_cards,als,quota_mmr,2,0.0034081299004285
244,0.0,0.9904555424974444,0.0,0.3,gift_cards,als,quota_mmr,2,0.0024058860936159
245,0.0,0.9890732338915206,0.0,0.2,gift_cards,als,quota_mmr,2,0.0034671654266985
248,0.0,0.9591242108900516,0.0,0.2,gift_cards,als,quota_mmr,2,0.0009770643774694
250,0.0,0.9831802742294288,0.0,0.2,gift_cards,als,quota_mmr,2,0.0033410406091811
251,0.0,0.9385321860385558,0.0,0.2,gift_cards,als,quota_mmr,2,0.0029116452228182
252,0.6309297535714575,0.9776027570642324,1.0,0.3,gift_cards,als,quota_mmr,2,0.0022180225133659
254,0.0,0.9993529270754138,0.0,0.3,gift_cards,als,quota_mmr,2,0.0024251761904658
259,0.430676558073393,0.9373501558251074,1.0,0.2,gift_cards,als,quota_mmr,2,0.0022990026036114
263,0.0,0.996248997427754,0.0,0.3,gift_cards,als,quota_mmr,2,0.0029979638605189
265,0.0,0.9901674396724268,0.0,0.3,gift_cards,als,quota_mmr,2,0.0023973272983183
267,0.0,0.9908306909189148,0.0,0.3,gift_cards,als,quota_mmr,2,0.0030022326469106
268,0.0,0.9900852950564956,0.0,0.3,gift_cards,als,quota_mmr,2,0.0030480375460789
269,0.0,0.9798436412587396,0.0,0.3,gift_cards,als,quota_mmr,2,0.0013902283860557
270,0.0,0.9478321442129444,0.0,0.2,gift_cards,als,quota_mmr,2,0.0061418723248962
275,0.0,0.992646889474254,0.0,0.3,gift_cards,als,quota_mmr,2,0.0025641279337474
278,0.430676558073393,0.9295730371061286,1.0,0.2,gift_cards,als,quota_mmr,2,0.002518008375138
280,0.0,0.9774912524157104,0.0,0.2,gift_cards,als,quota_mmr,2,0.0023441493918191
282,0.0,0.969861232479302,0.0,0.3,gift_cards,als,quota_mmr,2,0.004259494632185
283,0.0,0.9650041896974288,0.0,0.3,gift_cards,als,quota_mmr,2,0.0008138169046688
284,0.0,0.9642881289027514,0.0,0.3,gift_cards,als,quota_mmr,2,0.0011544501756925
285,0.0,0.9977282828242297,0.0,0.3,gift_cards,als,quota_mmr,2,0.0022061014615482
287,0.0,0.9911058238498316,0.0,0.2,gift_cards,als,quota_mmr,2,0.0020591772563825
289,0.0,0.971344740368215,0.0,0.2,gift_cards,als,quota_mmr,2,0.0043004704980898
293,0.0,0.9588731424613612,0.0,0.2,gift_cards,als,quota_mmr,2,0.0052206555728566
295,0.0,0.9498197350612066,0.0,0.3,gift_cards,als,quota_mmr,2,0.0012162981017921
297,0.0,0.9919495316382586,0.0,0.2,gift_cards,als,quota_mmr,2,0.0019602761649176
299,0.0,0.9744982734814585,0.0,0.3,gift_cards,als,quota_mmr,2,0.0060262879951876
301,0.3333333333333333,0.9828438414038704,1.0,0.3,gift_cards,als,quota_mmr,2,0.0027604906165045
303,0.0,0.9848580677676022,0.0,0.2,gift_cards,als,quota_mmr,2,0.0044223738473709
304,0.0,0.9649590749203484,0.0,0.3,gift_cards,als,quota_mmr,2,0.0044470896179803
315,0.0,0.9778578764455892,0.0,0.2,gift_cards,als,quota_mmr,2,0.0013125325750659
323,0.430676558073393,0.9882734142395024,1.0,0.2,gift_cards,als,quota_mmr,2,0.0025467174334044
324,0.0,0.962457868959516,0.0,0.2,gift_cards,als,quota_mmr,2,0.0015622367495153
325,0.0,0.9847808547261984,0.0,0.3,gift_cards,als,quota_mmr,2,0.0028518096713107
327,0.0,1.0,0.0,0.2,gift_cards,als,quota_mmr,2,0.0033885416047812
328,0.0,0.9893391333769012,0.0,0.3,gift_cards,als,quota_mmr,2,0.002217842737163
331,0.0,0.9908575325265596,0.0,0.2,gift_cards,als,quota_mmr,2,0.0038494547962703
332,0.6309297535714575,0.9920484037967696,1.0,0.2,gift_cards,als,quota_mmr,2,0.0028582170145142
337,0.0,0.9810256510623708,0.0,0.3,gift_cards,als,quota_mmr,2,0.0030118953007545
339,0.0,0.9900916729160628,0.0,0.3,gift_cards,als,quota_mmr,2,0.0026162188845269
341,0.0,1.0,0.0,0.3,gift_cards,als,quota_mmr,2,0.0034080734775874
342,0.0,0.9882901726346524,0.0,0.3,gift_cards,als,quota_mmr,2,0.0041586602873458
344,0.0,0.9701225426086364,0.0,0.2,gift_cards,als,quota_mmr,2,0.0041223949868332
346,0.0,0.9716750285914154,0.0,0.3,gift_cards,als,quota_mmr,2,0.0025048359975143
349,0.0,0.9814835921817712,0.0,0.2,gift_cards,als,quota_mmr,2,0.000767168848952
351,0.0,0.9666211531679124,0.0,0.3,gift_cards,als,quota_mmr,2,0.0005790521102293
354,0.0,0.9938378954297494,0.0,0.3,gift_cards,als,quota_mmr,2,0.0054049756464312
356,0.0,0.9853762549326872,0.0,0.3,gift_cards,als,quota_mmr,2,0.002595387803961
357,0.0,0.9762393230091044,0.0,0.2,gift_cards,als,quota_mmr,2,0.0018777285634074
358,0.0,0.9963559637682192,0.0,0.2,gift_cards,als,quota_mmr,2,0.0018059113767789
364,0.0,0.975887861008838,0.0,0.3,gift_cards,als,quota_mmr,2,0.0009600440381808
369,0.0,0.9720992547368584,0.0,0.3,gift_cards,als,quota_mmr,2,0.0031841535117489
371,0.0,1.0,0.0,0.2,gift_cards,als,quota_mmr,2,0.0039293995421526
373,0.3562071871080222,0.956727964978176,1.0,0.2,gift_cards,als,quota_mmr,2,0.0022148042928635
374,0.0,0.9796572896395402,0.0,0.3,gift_cards,als,quota_mmr,2,0.001609592617693
376,0.0,0.9776290603170524,0.0,0.3,gift_cards,als,quota_mmr,2,0.0027321174486424
377,0.0,0.9914127377861958,0.0,0.3,gift_cards,als,quota_mmr,2,0.0014033287276261
388,0.0,0.9807608892063449,0.0,0.2,gift_cards,als,quota_mmr,2,0.0036262787982034
390,0.0,0.9748872485248936,0.0,0.2,gift_cards,als,quota_mmr,2,0.0019455018476281
391,0.0,0.98111207282582,0.0,0.2,gift_cards,als,quota_mmr,2,0.0007361926959341
393,0.0,0.994723840781591,0.0,0.2,gift_cards,als,quota_mmr,2,0.0039823719543687
395,0.0,0.9900014302350888,0.0,0.2,gift_cards,als,quota_mmr,2,0.0018967993844955
398,0.0,0.9904604824417912,0.0,0.2,gift_cards,als,quota_mmr,2,0.0025564084748121
400,0.0,0.9977983675798556,0.0,0.2,gift_cards,als,quota_mmr,2,0.0041708254451174
401,0.0,0.9756013328925022,0.0,0.2,gift_cards,als,quota_mmr,2,0.0024682328190869
408,0.0,0.9791046646320282,0.0,0.2,gift_cards,als,quota_mmr,2,0.0035316481643488
415,0.0,0.9927722281234332,0.0,0.2,gift_cards,als,quota_mmr,2,0.0031126560141146
424,0.0,0.9796342717382156,0.0,0.3,gift_cards,als,quota_mmr,2,0.005463943841215
426,0.0,0.9454958593257484,0.0,0.3,gift_cards,als,quota_mmr,2,0.0034630013029355
428,0.0,0.9519672058758144,0.0,0.3,gift_cards,als,quota_mmr,2,0.0036028604033833
430,0.0,0.9573393740383777,0.0,0.2,gift_cards,als,quota_mmr,2,0.0014819083542506
432,0.0,0.9141648808863432,0.0,0.2,gift_cards,als,quota_mmr,2,0.0041390161083322
434,0.0,0.9692171100160328,0.0,0.2,gift_cards,als,quota_mmr,2,0.0021589499930501
437,0.0,0.9821183752288468,0.0,0.3,gift_cards,als,quota_mmr,2,0.0032310624141309
438,0.0,0.9817006566336748,0.0,0.3,gift_cards,als,quota_mmr,2,0.0057263396260775
440,0.0,0.946573301410077,0.0,0.3,gift_cards,als,quota_mmr,2,0.0031534577182575
441,0.0,0.9793538966773502,0.0,0.2,gift_cards,als,quota_mmr,2,0.0035060767212995
442,0.6309297535714575,0.9972805309969024,1.0,0.3,gift_cards,als,quota_mmr,2,0.0036103507727228
444,0.0,0.9941402631571452,0.0,0.3,gift_cards,als,quota_mmr,2,0.0030131111330462
445,0.0,0.9673472153409072,0.0,0.2,gift_cards,als,quota_mmr,2,0.001742170615164
446,0.0,1.0,0.0,0.2,gift_cards,als,quota_mmr,2,0.0029387406509044
447,0.0,0.9962889868265216,0.0,0.3,gift_cards,als,quota_mmr,2,0.0013820933761176
449,0.0,0.9727770685951584,0.0,0.2,gift_cards,als,quota_mmr,2,0.0019922842864455
452,0.0,0.9766857415524484,0.0,0.2,gift_cards,als,quota_mmr,2,0.0039833514732123
453,0.2890648263178879,1.0,1.0,0.3,gift_cards,als,quota_mmr,2,0.0039950940064921
6,0.0,1.0,0.0,1.5,ml100k,popularity,none,2,
8,0.0,1.0,0.0,1.3,ml100k,popularity,none,2,
11,0.0,1.0,0.0,0.8,ml100k,popularity,none,2,
17,0.0,1.0,0.0,1.3,ml100k,popularity,none,2,
31,0.0,1.0,0.0,1.3,ml100k,popularity,none,2,
32,0.0,1.0,0.0,0.9,ml100k,popularity,none,2,
38,0.0,1.0,0.0,1.5,ml100k,popularity,none,2,
41,0.0,1.0,0.0,1.3,ml100k,popularity,none,2,
45,0.0,1.0,0.0,1.1,ml100k,popularity,none,2,
47,0.0,1.0,0.0,1.3,ml100k,popularity,none,2,
48,0.0,1.0,0.0,1.5,ml100k,popularity,none,2,
53,0.0,1.0,0.0,1.3,ml100k,popularity,none,2,
63,0.0,1.0,0.0,1.3,ml100k,popularity,none,2,
69,0.0,1.0,0.0,1.1,ml100k,popularity,none,2,
77,0.0,1.0,0.0,1.1,ml100k,popularity,none,2,
80,0.0,1.0,0.0,1.3,ml100k,popularity,none,2,
81,0.0,1.0,0.0,1.3,ml100k,popularity,none,2,
83,0.0,1.0,0.0,1.3,ml100k,popularity,none,2,
84,0.0,1.0,0.0,1.3,ml100k,popularity,none,2,
85,0.0,1.0,0.0,1.3,ml100k,popularity,none,2,
87,0.0,1.0,0.0,0.8,ml100k,popularity,none,2,
91,0.0,1.0,0.0,1.3,ml100k,popularity,none,2,
98,0.0,1.0,0.0,0.9,ml100k,popularity,none,2,
101,0.0,1.0,0.0,1.5,ml100k,popularity,none,2,
115,0.0,1.0,0.0,1.3,ml100k,popularity,none,2,
137,0.0,1.0,0.0,0.4,ml100k,popularity,none,2,
139,0.0,1.0,0.0,1.5,ml100k,popularity,none,2,
142,0.0,1.0,0.0,1.3,ml100k,popularity,none,2,
146,1.0,1.0,1.0,1.3,ml100k,popularity,none,2,
148,0.3154648767857287,1.0,1.0,1.3,ml100k,popularity,none,2,
153,0.3010299956639812,1.0,1.0,1.3,ml100k,popularity,none,2,
157,0.0,1.0,0.0,1.3,ml100k,popularity,none,2,
162,0.0,1.0,0.0,1.3,ml100k,popularity,none,2,
169,0.0,1.0,0.0,1.1,ml100k,popularity,none,2,
170,0.0,1.0,0.0,1.3,ml100k,popularity,none,2,
171,0.0,1.0,0.0,1.3,ml100k,popularity,none,2,
175,0.0,1.0,0.0,1.3,ml100k,popularity,none,2,
178,0.0,1.0,0.0,1.3,ml100k,popularity,none,2,
181,0.0,1.0,0.0,1.1,ml100k,popularity,none,2,
194,0.0,1.0,0.0,1.3,ml100k,popularity,none,2,
197,0.0,1.0,0.0,1.3,ml100k,popularity,none,2,
199,0.2890648263178879,1.0,1.0,0.8,ml100k,popularity,none,2,
203,0.0,1.0,0.0,1.5,ml100k,popularity,none,2,
209,0.0,1.0,0.0,1.3,ml100k,popularity,none,2,
217,0.0,1.0,0.0,0.7,ml100k,popularity,none,2,
222,0.5,1.0,1.0,1.5,ml100k,popularity,none,2,
226,0.0,1.0,0.0,1.5,ml100k,popularity,none,2,
230,0.0,1.0,0.0,1.3,ml100k,popularity,none,2,
233,0.0,1.0,0.0,1.3,ml100k,popularity,none,2,
235,0.5,1.0,1.0,1.3,ml100k,popularity,none,2,
244,0.0,1.0,0.0,1.3,ml100k,popularity,none,2,
251,0.0,1.0,0.0,1.1,ml100k,popularity,none,2,
252,0.0,1.0,0.0,1.3,ml100k,popularity,none,2,
261,0.0,1.0,0.0,0.3,ml100k,popularity,none,2,
268,0.0,1.0,0.0,1.3,ml100k,popularity,none,2,
271,0.0,1.0,0.0,0.9,ml100k,popularity,none,2,
273,0.0,1.0,0.0,1.1,ml100k,popularity,none,2,
283,0.0,1.0,0.0,1.1,ml100k,popularity,none,2,
295,0.0,1.0,0.0,1.5,ml100k,popularity,none,2,
296,0.0,1.0,0.0,1.3,ml100k,popularity,none,2,
305,0.0,1.0,0.0,0.9,ml100k,popularity,none,2,
309,0.0,1.0,0.0,0.5,ml100k,popularity,none,2,
312,0.0,1.0,0.0,0.9,ml100k,popularity,none,2,
326,0.0,1.0,0.0,0.9,ml100k,popularity,none,2,
328,0.6309297535714575,1.0,1.0,1.3,ml100k,popularity,none,2,
331,0.0,1.0,0.0,1.1,ml100k,popularity,none,2,
332,0.0,1.0,0.0,0.7,ml100k,popularity,none,2,
333,0.0,1.0,0.0,1.5,ml100k,popularity,none,2,
338,0.0,1.0,0.0,1.1,ml100k,popularity,none,2,
342,0.5,1.0,1.0,0.6,ml100k,popularity,none,2,
350,0.6309297535714575,1.0,1.0,1.5,ml100k,popularity,none,2,
360,0.0,1.0,0.0,1.3,ml100k,popularity,none,2,
361,0.0,1.0,0.0,1.3,ml100k,popularity,none,2,
363,0.0,1.0,0.0,1.3,ml100k,popularity,none,2,
368,0.0,1.0,0.0,1.3,ml100k,popularity,none,2,
369,0.0,1.0,0.0,1.5,ml100k,popularity,none,2,
375,0.0,1.0,0.0,0.9,ml100k,popularity,none,2,
378,0.0,1.0,0.0,0.9,ml100k,popularity,none,2,
382,0.0,1.0,0.0,1.5,ml100k,popularity,none,2,
386,0.0,1.0,0.0,0.9,ml100k,popularity,none,2,
394,0.0,1.0,0.0,0.6,ml100k,popularity,none,2,
396,1.0,1.0,1.0,1.0,ml100k,popularity,none,2,
400,0.0,1.0,0.0,1.3,ml100k,popularity,none,2,
402,0.0,1.0,0.0,1.5,ml100k,popularity,none,2,
404,0.0,1.0,0.0,1.3,ml100k,popularity,none,2,
413,0.0,1.0,0.0,1.3,ml100k,popularity,none,2,
421,0.0,1.0,0.0,0.6,ml100k,popularity,none,2,
422,0.0,1.0,0.0,1.3,ml100k,popularity,none,2,
424,0.0,1.0,0.0,1.3,ml100k,popularity,none,2,
427,0.0,1.0,0.0,0.9,ml100k,popularity,none,2,
430,0.0,1.0,0.0,0.7,ml100k,popularity,none,2,
437,0.0,1.0,0.0,0.3,ml100k,popularity,none,2,
440,0.0,1.0,0.0,1.1,ml100k,popularity,none,2,
446,0.430676558073393,1.0,1.0,0.9,ml100k,popularity,none,2,
451,0.0,1.0,0.0,0.9,ml100k,popularity,none,2,
453,0.0,1.0,0.0,1.3,ml100k,popularity,none,2,
454,1.0,1.0,1.0,1.3,ml100k,popularity,none,2,
455,1.0,1.0,1.0,1.5,ml100k,popularity,none,2,
465,0.0,1.0,0.0,1.3,ml100k,popularity,none,2,
471,0.3010299956639812,1.0,1.0,1.3,ml100k,popularity,none,2,
473,0.0,1.0,0.0,1.3,ml100k,popularity,none,2,
482,0.0,1.0,0.0,0.8,ml100k,popularity,none,2,
484,1.0,1.0,1.0,0.9,ml100k,popularity,none,2,
486,0.0,1.0,0.0,0.7,ml100k,popularity,none,2,
490,0.0,1.0,0.0,1.1,ml100k,popularity,none,2,
492,0.0,1.0,0.0,1.1,ml100k,popularity,none,2,
501,0.0,1.0,0.0,1.5,ml100k,popularity,none,2,
507,0.0,1.0,0.0,1.5,ml100k,popularity,none,2,
511,0.0,1.0,0.0,0.7,ml100k,popularity,none,2,
516,0.0,1.0,0.0,1.1,ml100k,popularity,none,2,
522,0.0,1.0,0.0,1.1,ml100k,popularity,none,2,
523,0.0,1.0,0.0,1.3,ml100k,popularity,none,2,
524,0.0,1.0,0.0,1.3,ml100k,popularity,none,2,
527,0.6309297535714575,1.0,1.0,1.3,ml100k,popularity,none,2,
532,0.0,1.0,0.0,1.1,ml100k,popularity,none,2,
545,0.0,1.0,0.0,1.3,ml100k,popularity,none,2,
547,0.0,1.0,0.0,0.5,ml100k,popularity,none,2,
549,0.0,1.0,0.0,1.3,ml100k,popularity,none,2,
550,0.0,1.0,0.0,1.5,ml100k,popularity,none,2,
551,0.0,1.0,0.0,1.3,ml100k,popularity,none,2,
552,0.0,1.0,0.0,1.3,ml100k,popularity,none,2,
554,0.0,1.0,0.0,1.5,ml100k,popularity,none,2,
560,0.0,1.0,0.0,1.3,ml100k,popularity,none,2,
561,0.0,1.0,0.0,1.1,ml100k,popularity,none,2,
575,0.0,1.0,0.0,1.3,ml100k,popularity,none,2,
576,0.0,1.0,0.0,0.9,ml100k,popularity,none,2,
587,0.3868528072345416,1.0,1.0,1.3,ml100k,popularity,none,2,
592,1.0,1.0,1.0,1.1,ml100k,popularity,none,2,
593,0.0,1.0,0.0,1.3,ml100k,popularity,none,2,
609,0.0,1.0,0.0,0.8,ml100k,popularity,none,2,
613,0.0,1.0,0.0,1.5,ml100k,popularity,none,2,
620,0.0,1.0,0.0,1.1,ml100k,popularity,none,2,
623,0.0,1.0,0.0,0.7,ml100k,popularity,none,2,
641,0.0,1.0,0.0,1.5,ml100k,popularity,none,2,
643,0.0,1.0,0.0,1.1,ml100k,popularity,none,2,
657,0.0,1.0,0.0,1.5,ml100k,popularity,none,2,
667,0.0,1.0,0.0,1.1,ml100k,popularity,none,2,
672,0.0,1.0,0.0,1.3,ml100k,popularity,none,2,
675,0.0,1.0,0.0,1.5,ml100k,popularity,none,2,
682,0.0,1.0,0.0,1.3,ml100k,popularity,none,2,
687,0.0,1.0,0.0,1.3,ml100k,popularity,none,2,
688,0.0,1.0,0.0,1.5,ml100k,popularity,none,2,
692,0.0,1.0,0.0,1.5,ml100k,popularity,none,2,
703,0.0,1.0,0.0,1.5,ml100k,popularity,none,2,
707,0.0,1.0,0.0,1.5,ml100k,popularity,none,2,
708,0.0,1.0,0.0,1.3,ml100k,popularity,none,2,
710,0.0,1.0,0.0,1.1,ml100k,popularity,none,2,
713,0.0,1.0,0.0,1.1,ml100k,popularity,none,2,
714,0.3010299956639812,1.0,1.0,1.5,ml100k,popularity,none,2,
720,0.0,1.0,0.0,1.1,ml100k,popularity,none,2,
725,0.0,1.0,0.0,1.5,ml100k,popularity,none,2,
728,0.0,1.0,0.0,1.5,ml100k,popularity,none,2,
729,0.0,1.0,0.0,1.1,ml100k,popularity,none,2,
732,0.0,1.0,0.0,1.3,ml100k,popularity,none,2,
734,0.0,1.0,0.0,1.3,ml100k,popularity,none,2,
736,0.0,1.0,0.0,1.3,ml100k,popularity,none,2,
748,0.0,1.0,0.0,0.9,ml100k,popularity,none,2,
750,0.0,1.0,0.0,1.3,ml100k,popularity,none,2,
751,0.0,1.0,0.0,1.1,ml100k,popularity,none,2,
759,0.0,1.0,0.0,1.5,ml100k,popularity,none,2,
760,0.0,1.0,0.0,1.3,ml100k,popularity,none,2,
762,0.0,1.0,0.0,0.7,ml100k,popularity,none,2,
770,0.0,1.0,0.0,1.3,ml100k,popularity,none,2,
773,0.0,1.0,0.0,0.6,ml100k,popularity,none,2,
786,0.0,1.0,0.0,0.7,ml100k,popularity,none,2,
790,0.0,1.0,0.0,1.5,ml100k,popularity,none,2,
816,0.0,1.0,0.0,1.5,ml100k,popularity,none,2,
831,0.0,1.0,0.0,1.3,ml100k,popularity,none,2,
832,0.0,1.0,0.0,1.3,ml100k,popularity,none,2,
841,0.0,1.0,0.0,1.5,ml100k,popularity,none,2,
842,0.0,1.0,0.0,1.3,ml100k,popularity,none,2,
845,0.0,1.0,0.0,1.5,ml100k,popularity,none,2,
846,0.0,1.0,0.0,1.5,ml100k,popularity,none,2,
847,0.0,1.0,0.0,0.5,ml100k,popularity,none,2,
856,0.0,1.0,0.0,0.9,ml100k,popularity,none,2,
859,0.0,1.0,0.0,1.5,ml100k,popularity,none,2,
865,0.0,1.0,0.0,1.5,ml100k,popularity,none,2,
871,0.0,1.0,0.0,1.3,ml100k,popularity,none,2,
875,0.0,1.0,0.0,1.3,ml100k,popularity,none,2,
880,0.0,1.0,0.0,0.5,ml100k,popularity,none,2,
881,0.0,1.0,0.0,1.3,ml100k,popularity,none,2,
887,0.0,1.0,0.0,1.1,ml100k,popularity,none,2,
888,0.0,1.0,0.0,1.5,ml100k,popularity,none,2,
897,0.0,1.0,0.0,1.3,ml100k,popularity,none,2,
899,0.3868528072345416,1.0,1.0,1.3,ml100k,popularity,none,2,
901,0.0,1.0,0.0,1.1,ml100k,popularity,none,2,
902,0.0,1.0,0.0,1.3,ml100k,popularity,none,2,
903,0.0,1.0,0.0,1.3,ml100k,popularity,none,2,
904,1.0,1.0,1.0,0.9,ml100k,popularity,none,2,
907,0.0,1.0,0.0,0.7,ml100k,popularity,none,2,
908,0.0,1.0,0.0,1.3,ml100k,popularity,none,2,
913,0.0,1.0,0.0,1.5,ml100k,popularity,none,2,
914,0.0,1.0,0.0,1.1,ml100k,popularity,none,2,
915,0.0,1.0,0.0,1.3,ml100k,popularity,none,2,
926,0.0,1.0,0.0,0.6,ml100k,popularity,none,2,
929,0.0,1.0,0.0,1.5,ml100k,popularity,none,2,
931,0.0,1.0,0.0,1.3,ml100k,popularity,none,2,
932,0.0,1.0,0.0,1.3,ml100k,popularity,none,2,
933,0.0,1.0,0.0,0.4,ml100k,popularity,none,2,
936,0.0,1.0,0.0,1.3,ml100k,popularity,none,2,
6,0.0,0.8281128992524611,0.0,0.2,ml100k,popularity,quota_mmr,2,0.289183874851909
8,0.3562071871080222,0.8873626382009202,1.0,0.3,ml100k,popularity,quota_mmr,2,0.3656319829137881
11,0.0,0.930846159923732,0.0,0.3,ml100k,popularity,quota_mmr,2,0.2598691087047132
17,0.0,0.8710818605622458,0.0,0.2,ml100k,popularity,quota_mmr,2,0.371271612345286
31,0.0,0.8991453519508636,0.0,0.3,ml100k,popularity,quota_mmr,2,0.377296034345171
32,0.2890648263178879,0.925435103990409,1.0,0.2,ml100k,popularity,quota_mmr,2,0.3112480241814281
38,0.0,0.8338157861903941,0.0,0.3,ml100k,popularity,quota_mmr,2,0.3286959663402732
41,0.0,0.838725710958434,0.0,0.3,ml100k,popularity,quota_mmr,2,0.3317162933776534
45,0.3562071871080222,0.9261060625807762,1.0,0.3,ml100k,popularity,quota_mmr,2,0.3427975337406453
47,0.0,0.870518117965363,0.0,0.2,ml100k,popularity,quota_mmr,2,0.2853998025922242
48,0.0,0.8589936967985805,0.0,0.2,ml100k,popularity,quota_mmr,2,0.3470304386403174
53,0.3010299956639812,0.855670379630881,1.0,0.3,ml100k,popularity,quota_mmr,2,0.3457447344491273
63,0.0,0.8727720014266026,0.0,0.3,ml100k,popularity,quota_mmr,2,0.3654174160089048
69,0.0,0.919980914091555,0.0,0.2,ml100k,popularity,quota_mmr,2,0.3565634181578607
77,0.0,0.9248918388632292,0.0,0.3,ml100k,popularity,quota_mmr,2,0.3611828612365342
80,0.0,0.8739130526646608,0.0,0.3,ml100k,popularity,quota_mmr,2,0.369633900231091
81,0.0,0.8623706880365511,0.0,0.2,ml100k,popularity,quota_mmr,2,0.3643395775822614
83,0.0,0.8984627476973724,0.0,0.2,ml100k,popularity,quota_mmr,2,0.3453559995247718
84,0.0,0.8961827354451815,0.0,0.3,ml100k,popularity,quota_mmr,2,0.3602189457958473
85,0.0,0.9018199054964524,0.0,0.2,ml100k,popularity,quota_mmr,2,0.3261749299384208
87,0.0,0.9197249801700316,0.0,0.2,ml100k,popularity,quota_mmr,2,0.2094940615059531
91,0.0,0.8616471393848767,0.0,0.3,ml100k,popularity,quota_mmr,2,0.350281343767624
98,0.0,0.9384426103312004,0.0,0.2,ml100k,popularity,quota_mmr,2,0.3357787341120862
101,0.0,0.8376784449611946,0.0,0.3,ml100k,popularity,quota_mmr,2,0.3357209813012374
115,0.0,0.8904392410073553,0.0,0.3,ml100k,popularity,quota_mmr,2,0.3751564673395399
137,0.0,0.8033550960653544,0.0,0.3,ml100k,popularity,quota_mmr,2,0.152690578535531
139,0.0,0.8252622527661774,0.0,0.3,ml100k,popularity,quota_mmr,2,0.3268348773143764
142,0.0,0.8908171581772774,0.0,0.3,ml100k,popularity,quota_mmr,2,0.3311863006244826
146,1.0,0.8660307358590463,1.0,0.2,ml100k,popularity,quota_mmr,2,0.3145676709752871
148,0.0,0.8764490686183272,0.0,0.2,ml100k,popularity,quota_mmr,2,0.3183364311809101
153,0.0,0.8901932855897459,0.0,0.3,ml100k,popularity,quota_mmr,2,0.3734674359236974
157,0.0,0.8804995708175486,0.0,0.3,ml100k,popularity,quota_mmr,2,0.3858846690386548
162,0.0,0.9161122415808894,0.0,0.3,ml100k,popularity,quota_mmr,2,0.3611828612365342
169,0.3333333333333333,0.8997136914991671,1.0,0.2,ml100k,popularity,quota_mmr,2,0.3072819492740934
170,0.0,0.906811912268059,0.0,0.3,ml100k,popularity,quota_mmr,2,0.380997875590546
171,0.0,0.887213936437189,0.0,0.2,ml100k,popularity,quota_mmr,2,0.336800199986522
175,0.0,0.9020596208105816,0.0,0.2,ml100k,popularity,quota_mmr,2,0.3417227992277321
178,0.0,0.7939866172146925,0.0,0.2,ml100k,popularity,quota_mmr,2,0.2467371298292445
181,0.0,0.938034956159862,0.0,0.2,ml100k,popularity,quota_mmr,2,0.3276595942744676
194,0.0,0.882893479085541,0.0,0.2,ml100k,popularity,quota_mmr,2,0.3078749100050184
197,0.0,0.8961822401371832,0.0,0.3,ml100k,popularity,quota_mmr,2,0.3190953945596051
199,0.3562071871080222,0.9261352088872652,1.0,0.3,ml100k,popularity,quota_mmr,2,0.3319509235302549
203,0.0,0.869872696927805,0.0,0.3,ml100k,popularity,quota_mmr,2,0.3546607183694119
209,0.0,0.9019578131145088,0.0,0.2,ml100k,popularity,quota_mmr,2,0.318557760707147
217,0.0,0.9098285231777766,0.0,0.3,ml100k,popularity,quota_mmr,2,0.3423803069541723
222,0.0,0.8689438131977862,0.0,0.3,ml100k,popularity,quota_mmr,2,0.3530729879010503
226,0.0,0.8397977157614933,0.0,0.2,ml100k,popularity,quota_mmr,2,0.3471604245130196
230,0.0,0.8785882002072536,0.0,0.2,ml100k,popularity,quota_mmr,2,0.355884311640784
233,0.0,0.8984062114408922,0.0,0.3,ml100k,popularity,quota_mmr,2,0.3797478567633407
235,0.5,0.901809208683172,1.0,0.3,ml100k,popularity,quota_mmr,2,0.3541653547725225
244,0.0,0.8524264273082652,0.0,0.2,ml100k,popularity,quota_mmr,2,0.3812727140355048
251,0.0,0.9093464194036486,0.0,0.2,ml100k,popularity,quota_mmr,2,0.3493580431893132
252,0.0,0.8909925825967857,0.0,0.2,ml100k,popularity,quota_mmr,2,0.3478165471184723
261,0.0,0.8890190229577744,0.0,0.2,ml100k,popularity,quota_mmr,2,0.2289216466144455
268,0.0,0.9095832475818464,0.0,0.3,ml100k,popularity,quota_mmr,2,0.3665116545246799
271,0.0,0.9117418979281368,0.0,0.2,ml100k,popularity,quota_mmr,2,0.3012304316747875
273,0.0,0.8792621185865795,0.0,0.2,ml100k,popularity,quota_mmr,2,0.2463799463575962
283,0.0,0.8965488763996873,0.0,0.2,ml100k,popularity,quota_mmr,2,0.3349044127516895
295,0.0,0.8588939346220839,0.0,0.3,ml100k,popularity,quota_mmr,2,0.3326207382382194
296,0.0,0.8764379085902648,0.0,0.2,ml100k,popularity,quota_mmr,2,0.3707712182793568
305,0.0,0.8844249489278132,0.0,0.2,ml100k,popularity,quota_mmr,2,0.2491502743617086
309,0.0,0.9175824868885342,0.0,0.2,ml100k,popularity,quota_mmr,2,0.2147417839214064
312,0.0,0.955666427406018,0.0,0.3,ml100k,popularity,quota_mmr,2,0.3403784441530186
326,0.0,0.8660935002173642,0.0,0.3,ml100k,popularity,quota_mmr,2,0.2642386649686198
328,0.6309297535714575,0.9284489489225588,1.0,0.3,ml100k,popularity,quota_mmr,2,0.3344320899001398
331,0.0,0.8987864755030899,0.0,0.2,ml100k,popularity,quota_mmr,2,0.3438392129279601
332,0.0,0.9007059762453873,0.0,0.3,ml100k,popularity,quota_mmr,2,0.2848653324732527
333,0.0,0.8959072308476702,0.0,0.3,ml100k,popularity,quota_mmr,2,0.3572076462495843
338,0.0,0.9179815504162632,0.0,0.2,ml100k,popularity,quota_mmr,2,0.322127200782919
342,0.5,0.9577313663493128,1.0,0.2,ml100k,popularity,quota_mmr,2,0.3064057341849048
350,0.6309297535714575,0.8481443069598866,1.0,0.3,ml100k,popularity,quota_mmr,2,0.3380715505981291
360,0.0,0.8476641488021615,0.0,0.3,ml100k,popularity,quota_mmr,2,0.3466625602058909
361,0.0,0.8848951034188809,0.0,0.3,ml100k,popularity,quota_mmr,2,0.3027219781384674
363,0.0,0.8944773379042027,0.0,0.2,ml100k,popularity,quota_mmr,2,0.364705468997325
368,0.0,0.9089085866663926,0.0,0.2,ml100k,popularity,quota_mmr,2,0.2962478520409944
369,0.0,0.8351615764838295,0.0,0.2,ml100k,popularity,quota_mmr,2,0.3447401281877141
375,0.0,0.9099021608784804,0.0,0.2,ml100k,popularity,quota_mmr,2,0.3193065227957143
378,0.0,0.8964734565531839,0.0,0.2,ml100k,popularity,quota_mmr,2,0.3043829559435023
382,0.0,0.8025228692079621,0.0,0.2,ml100k,popularity,quota_mmr,2,0.3174048874535886
386,0.0,0.9372897668242332,0.0,0.3,ml100k,popularity,quota_mmr,2,0.2795168927823369
394,0.0,0.9591868176216772,0.0,0.3,ml100k,popularity,quota_mmr,2,0.3269213548543876
396,1.0,0.9202962607935614,1.0,0.3,ml100k,popularity,quota_mmr,2,0.3246073257148685
400,0.0,0.8810864736984558,0.0,0.2,ml100k,popularity,quota_mmr,2,0.340626239842607
402,0.0,0.8468212417422858,0.0,0.2,ml100k,popularity,quota_mmr,2,0.3534381053747106
404,0.0,0.8849510113308616,0.0,0.3,ml100k,popularity,quota_mmr,2,0.3018526836379583
413,0.0,0.8904549416614266,0.0,0.3,ml100k,popularity,quota_mmr,2,0.3671912062127916
421,0.0,0.9420591812888176,0.0,0.3,ml100k,popularity,quota_mmr,2,0.301898429150209
422,0.0,0.8855149911935182,0.0,0.3,ml100k,popularity,quota_mmr,2,0.3487799725190399
424,0.0,0.8920840531626713,0.0,0.3,ml100k,popularity,quota_mmr,2,0.3525371392192837
427,0.0,0.919333818612602,0.0,0.2,ml100k,popularity,quota_mmr,2,0.2918086732402639
430,0.0,0.956529963123539,0.0,0.2,ml100k,popularity,quota_mmr,2,0.277913908092955
437,0.0,0.9632368059799624,0.0,0.2,ml100k,popularity,quota_mmr,2,0.3041129430612828
440,0.0,0.9107776714509742,0.0,0.3,ml100k,popularity,quota_mmr,2,0.3658428975914916
446,0.430676558073393,0.9244058004259568,1.0,0.2,ml100k,popularity,quota_mmr,2,0.2726334236944454
451,0.0,0.9303065705969594,0.0,0.3,ml100k,popularity,quota_mmr,2,0.2969863175595837
453,0.0,0.8791688657786754,0.0,0.3,ml100k,popularity,quota_mmr,2,0.3486639758993026
454,1.0,0.8748634176332879,1.0,0.2,ml100k,popularity,quota_mmr,2,0.3578555014005304
455,1.0,0.899746912346872,1.0,0.3,ml100k,popularity,quota_mmr,2,0.3625954301227373
465,0.0,0.8865336010402085,0.0,0.3,ml100k,popularity,quota_mmr,2,0.3583599781836873
471,0.0,0.9077222691980598,0.0,0.3,ml100k,popularity,quota_mmr,2,0.3628858314546837
473,0.3333333333333333,0.914404077875044,1.0,0.3,ml100k,popularity,quota_mmr,2,0.3601840200376521
482,0.0,0.8703326319074086,0.0,0.2,ml100k,popularity,quota_mmr,2,0.2276361234700841
484,1.0,0.9343601533832736,1.0,0.3,ml100k,popularity,quota_mmr,2,0.3266080013986283
486,0.0,0.9542828762842492,0.0,0.2,ml100k,popularity,quota_mmr,2,0.2660147063730423
490,0.0,0.8844438487354319,0.0,0.3,ml100k,popularity,quota_mmr,2,0.2756880664970318
492,0.0,0.9187847702630564,0.0,0.3,ml100k,popularity,quota_mmr,2,0.3488432982752232
501,0.0,0.8479628831098465,0.0,0.2,ml100k,popularity,quota_mmr,2,0.2998250131107258
507,0.0,0.867534290404014,0.0,0.3,ml100k,popularity,quota_mmr,2,0.3581942153430228
511,0.0,0.93786762312221,0.0,0.2,ml100k,popularity,quota_mmr,2,0.30901044881203
516,0.0,0.9115921948298767,0.0,0.3,ml100k,popularity,quota_mmr,2,0.3526752024379876
522,0.0,0.9171913105317384,0.0,0.3,ml100k,popularity,quota_mmr,2,0.3185636317698586
523,0.0,0.890012578183297,0.0,0.3,ml100k,popularity,quota_mmr,2,0.3736883015565381
524,0.0,0.8746167221713985,0.0,0.2,ml100k,popularity,quota_mmr,2,0.3643395775822614
527,0.6309297535714575,0.8945171644376468,1.0,0.3,ml100k,popularity,quota_mmr,2,0.3825413086232783
532,0.0,0.8809861770892807,0.0,0.3,ml100k,popularity,quota_mmr,2,0.3184532290739122
545,0.0,0.8654107199899224,0.0,0.3,ml100k,popularity,quota_mmr,2,0.3568328657456592
547,0.0,0.8890382726712248,0.0,0.2,ml100k,popularity,quota_mmr,2,0.220622516848231
549,0.0,0.8949570843404587,0.0,0.2,ml100k,popularity,quota_mmr,2,0.3452411275476827
550,0.0,0.8962422165471451,0.0,0.2,ml100k,popularity,quota_mmr,2,0.3279045095269854
551,0.0,0.8813363700791454,0.0,0.3,ml100k,popularity,quota_mmr,2,0.3339656395193941
552,0.0,0.9010594086804472,0.0,0.3,ml100k,popularity,quota_mmr,2,0.3477023658518017
554,0.0,0.8308154725130152,0.0,0.3,ml100k,popularity,quota_mmr,2,0.3361815114834873
560,0.0,0.8835368869560395,0.0,0.2,ml100k,popularity,quota_mmr,2,0.3385265977337516
561,0.0,0.89301933658109,0.0,0.2,ml100k,popularity,quota_mmr,2,0.3707712182793568
575,0.0,0.8542032669044753,0.0,0.2,ml100k,popularity,quota_mmr,2,0.3478393545802548
576,0.0,0.9177241546967824,0.0,0.2,ml100k,popularity,quota_mmr,2,0.309731342184545
587,0.430676558073393,0.8987344599924274,1.0,0.3,ml100k,popularity,quota_mmr,2,0.3789931219393375
592,1.0,0.9197150294664228,1.0,0.2,ml100k,popularity,quota_mmr,2,0.3442691022050387
593,0.0,0.886424307217606,0.0,0.3,ml100k,popularity,quota_mmr,2,0.3508324152520791
609,0.0,0.9461821900613064,0.0,0.3,ml100k,popularity,quota_mmr,2,0.3085443725762323
613,0.0,0.8539995780255091,0.0,0.2,ml100k,popularity,quota_mmr,2,0.3612609982926388
620,0.0,0.9154994681971392,0.0,0.3,ml100k,popularity,quota_mmr,2,0.361539505897538
623,0.0,0.8944703867531724,0.0,0.3,ml100k,popularity,quota_mmr,2,0.3225383586157288
641,0.0,0.8553996874059941,0.0,0.3,ml100k,popularity,quota_mmr,2,0.3485565031052027
643,0.0,0.9022105926960798,0.0,0.2,ml100k,popularity,quota_mmr,2,0.3155337324995582
657,0.0,0.8586440590059576,0.0,0.3,ml100k,popularity,quota_mmr,2,0.3491563856436305
667,0.0,0.8923298741751425,0.0,0.3,ml100k,popularity,quota_mmr,2,0.3492025035637506
672,0.0,0.9089046892429709,0.0,0.2,ml100k,popularity,quota_mmr,2,0.3684338391766445
675,0.0,0.8356566739014666,0.0,0.2,ml100k,popularity,quota_mmr,2,0.3341202456816832
682,0.0,0.8618778106407087,0.0,0.2,ml100k,popularity,quota_mmr,2,0.3729317253769699
687,0.0,0.865396808204179,0.0,0.2,ml100k,popularity,quota_mmr,2,0.3643395775822614
688,0.0,0.8544878391233375,0.0,0.3,ml100k,popularity,quota_mmr,2,0.335831099029292
692,0.0,0.8559212519687744,0.0,0.3,ml100k,popularity,quota_mmr,2,0.3420928826307229
703,0.0,0.8710766026797233,0.0,0.3,ml100k,popularity,quota_mmr,2,0.3619629113286253
707,0.0,0.8834431767892769,0.0,0.3,ml100k,popularity,quota_mmr,2,0.3482996849513889
708,0.0,0.8980681445730705,0.0,0.3,ml100k,popularity,quota_mmr,2,0.3702560575223975
710,0.0,0.9083324648559664,0.0,0.2,ml100k,popularity,quota_mmr,2,0.3628990998813344
713,0.0,0.9117624372579084,0.0,0.3,ml100k,popularity,quota_mmr,2,0.3575187680998955
714,0.0,0.9008399610098328,0.0,0.2,ml100k,popularity,quota_mmr,2,0.32824219820841
720,0.0,0.9198610344711162,0.0,0.3,ml100k,popularity,quota_mmr,2,0.331589547090233
725,0.0,0.8379438713951031,0.0,0.2,ml100k,popularity,quota_mmr,2,0.3850104731411184
728,0.3333333333333333,0.86848655778035,1.0,0.3,ml100k,popularity,quota_mmr,2,0.359132501199881
729,0.0,0.9290730157344376,0.0,0.3,ml100k,popularity,quota_mmr,2,0.3481991668102665
732,0.0,0.8994819397216173,0.0,0.3,ml100k,popularity,quota_mmr,2,0.3342113633750355
734,0.0,0.8790136396318562,0.0,0.3,ml100k,popularity,quota_mmr,2,0.3275413399328046
736,0.0,0.8681208994946804,0.0,0.2,ml100k,popularity,quota_mmr,2,0.3675025827370858
748,0.0,0.9586239704590384,0.0,0.3,ml100k,popularity,quota_mmr,2,0.3245703955223641
750,0.0,0.8737653161089315,0.0,0.3,ml100k,popularity,quota_mmr,2,0.3668000567055272
751,0.0,0.8986678011382024,0.0,0.3,ml100k,popularity,quota_mmr,2,0.3658428975914916
759,0.0,0.8535638359314252,0.0,0.3,ml100k,popularity,quota_mmr,2,0.3272022868073979
760,0.0,0.8759494317966905,0.0,0.3,ml100k,popularity,quota_mmr,2,0.3739102565391708
762,0.0,0.935135587550292,0.0,0.3,ml100k,popularity,quota_mmr,2,0.3285134183157536
770,0.0,0.9029941941467706,0.0,0.2,ml100k,popularity,quota_mmr,2,0.3232991696566317
773,0.0,0.7779657878443134,0.0,0.3,ml100k,popularity,quota_mmr,2,0.171432142195074
786,0.0,0.9310311142829132,0.0,0.3,ml100k,popularity,quota_mmr,2,0.3456709991181629
790,0.0,0.8510456499315439,0.0,0.2,ml100k,popularity,quota_mmr,2,0.345539617163129
816,0.0,0.8112868872807584,0.0,0.3,ml100k,popularity,quota_mmr,2,0.2660549936810303
831,0.0,0.8721242143062218,0.0,0.3,ml100k,popularity,quota_mmr,2,0.3369437120367252
832,0.0,0.8812629595727782,0.0,0.2,ml100k,popularity,quota_mmr,2,0.3707712182793568
841,0.0,0.8502459816247829,0.0,0.3,ml100k,popularity,quota_mmr,2,0.34487694920946
842,0.0,0.8963452295960558,0.0,0.3,ml100k,popularity,quota_mmr,2,0.3685071544920686
845,0.0,0.855441616429082,0.0,0.3,ml100k,popularity,quota_mmr,2,0.3609079636137128
846,0.0,0.8599604529005099,0.0,0.3,ml100k,popularity,quota_mmr,2,0.3563086644354753
847,0.0,0.9608377653447788,0.0,0.3,ml100k,popularity,quota_mmr,2,0.3315718326709172
856,0.0,0.9441342993474736,0.0,0.3,ml100k,popularity,quota_mmr,2,0.3271796250753128
859,0.0,0.8408906503984109,0.0,0.3,ml100k,popularity,quota_mmr,2,0.3280084253233728
865,0.0,0.8751901985781608,0.0,0.3,ml100k,popularity,quota_mmr,2,0.3316421182411526
871,0.0,0.8881892670738524,0.0,0.3,ml100k,popularity,quota_mmr,2,0.3675197030128655
875,0.0,0.866952163419244,0.0,0.3,ml100k,popularity,quota_mmr,2,0.3585350004843619
880,0.0,0.976309817192474,0.0,0.2,ml100k,popularity,quota_mmr,2,0.3266887393912567
881,0.0,0.8852607644001375,0.0,0.3,ml100k,popularity,quota_mmr,2,0.3060102853560197
887,0.0,0.8908224264703647,0.0,0.3,ml100k,popularity,quota_mmr,2,0.3276067027061666
888,0.0,0.870663580785392,0.0,0.3,ml100k,popularity,quota_mmr,2,0.3545069696714502
897,0.0,0.8427916545527192,0.0,0.2,ml100k,popularity,quota_mmr,2,0.2756847171067078
899,0.5,0.8783100296105866,1.0,0.2,ml100k,popularity,quota_mmr,2,0.3708442818455787
901,0.0,0.9430401577137127,0.0,0.3,ml100k,popularity,quota_mmr,2,0.3148772389729831
902,0.0,0.8490018390742506,0.0,0.2,ml100k,popularity,quota_mmr,2,0.3576333923614201
903,0.0,0.8623706880365511,0.0,0.2,ml100k,popularity,quota_mmr,2,0.3643395775822614
904,1.0,0.9213514814291096,1.0,0.2,ml100k,popularity,quota_mmr,2,0.3308467358879821
907,0.0,0.957806753530057,0.0,0.2,ml100k,popularity,quota_mmr,2,0.3305653226500823
908,0.0,0.8840975785237547,0.0,0.2,ml100k,popularity,quota_mmr,2,0.3484736166208521
913,0.0,0.8548949786853237,0.0,0.3,ml100k,popularity,quota_mmr,2,0.3088597261243068
914,0.0,0.9045442219834738,0.0,0.2,ml100k,popularity,quota_mmr,2,0.3117530551970378
915,0.3868528072345416,0.9044728592233292,1.0,0.3,ml100k,popularity,quota_mmr,2,0.3281602572562123
926,0.0,0.9404519903055698,0.0,0.3,ml100k,popularity,quota_mmr,2,0.3359693637168645
929,0.0,0.8203814233338964,0.0,0.2,ml100k,popularity,quota_mmr,2,0.2525492433889881
931,0.0,0.8652710330693317,0.0,0.2,ml100k,popularity,quota_mmr,2,0.2742730332476122
932,0.0,0.8627944677499708,0.0,0.3,ml100k,popularity,quota_mmr,2,0.357251345180521
933,0.0,0.8602303815550559,0.0,0.3,ml100k,popularity,quota_mmr,2,0.2184088234773523
936,0.0,0.8911819572490868,0.0,0.3,ml100k,popularity,quota_mmr,2,0.3709538106192187
6,0.0,1.0,0.0,1.5,ml100k,itemknn,none,2,
8,0.0,1.0,0.0,1.3,ml100k,itemknn,none,2,
11,0.0,1.0,0.0,1.1,ml100k,itemknn,none,2,
17,0.0,1.0,0.0,1.1,ml100k,itemknn,none,2,
31,0.0,1.0,0.0,1.5,ml100k,itemknn,none,2,
32,0.0,1.0,0.0,1.5,ml100k,itemknn,none,2,
38,0.0,1.0,0.0,1.1,ml100k,itemknn,none,2,
41,0.0,1.0,0.0,1.5,ml100k,itemknn,none,2,
45,0.0,1.0,0.0,1.1,ml100k,itemknn,none,2,
47,0.0,1.0,0.0,1.1,ml100k,itemknn,none,2,
48,0.0,1.0,0.0,1.5,ml100k,itemknn,none,2,
53,0.3333333333333333,1.0,1.0,0.5,ml100k,itemknn,none,2,
63,0.0,1.0,0.0,1.5,ml100k,itemknn,none,2,
69,0.0,1.0,0.0,0.9,ml100k,itemknn,none,2,
77,0.0,1.0,0.0,1.3,ml100k,itemknn,none,2,
80,0.0,1.0,0.0,0.9,ml100k,itemknn,none,2,
81,0.0,1.0,0.0,1.5,ml100k,itemknn,none,2,
83,0.0,1.0,0.0,1.5,ml100k,itemknn,none,2,
84,0.0,1.0,0.0,1.3,ml100k,itemknn,none,2,
85,0.0,1.0,0.0,1.1,ml100k,itemknn,none,2,
87,0.0,1.0,0.0,0.9,ml100k,itemknn,none,2,
91,0.0,1.0,0.0,1.5,ml100k,itemknn,none,2,
98,0.0,1.0,0.0,1.1,ml100k,itemknn,none,2,
101,0.0,1.0,0.0,1.3,ml100k,itemknn,none,2,
115,0.0,1.0,0.0,1.1,ml100k,itemknn,none,2,
137,0.0,1.0,0.0,1.1,ml100k,itemknn,none,2,
139,0.0,1.0,0.0,1.5,ml100k,itemknn,none,2,
142,0.0,1.0,0.0,1.1,ml100k,itemknn,none,2,
146,0.430676558073393,1.0,1.0,1.3,ml100k,itemknn,none,2,
148,0.0,1.0,0.0,0.9,ml100k,itemknn,none,2,
153,1.0,1.0,1.0,1.1,ml100k,itemknn,none,2,
157,0.0,1.0,0.0,1.1,ml100k,itemknn,none,2,
162,0.0,1.0,0.0,1.5,ml100k,itemknn,none,2,
169,0.0,1.0,0.0,1.5,ml100k,itemknn,none,2,
170,0.0,1.0,0.0,1.3,ml100k,itemknn,none,2,
171,0.0,1.0,0.0,1.3,ml100k,itemknn,none,2,
175,0.0,1.0,0.0,1.5,ml100k,itemknn,none,2,
178,0.0,1.0,0.0,1.5,ml100k,itemknn,none,2,
181,0.0,1.0,0.0,0.7,ml100k,itemknn,none,2,
194,0.0,1.0,0.0,1.5,ml100k,itemknn,none,2,
197,0.0,1.0,0.0,1.1,ml100k,itemknn,none,2,
199,0.0,1.0,0.0,0.9,ml100k,itemknn,none,2,
203,0.0,1.0,0.0,0.9,ml100k,itemknn,none,2,
209,0.0,1.0,0.0,1.3,ml100k,itemknn,none,2,
217,0.0,1.0,0.0,0.9,ml100k,itemknn,none,2,
222,0.3154648767857287,1.0,1.0,0.7,ml100k,itemknn,none,2,
226,0.0,1.0,0.0,1.1,ml100k,itemknn,none,2,
230,0.0,1.0,0.0,0.9,ml100k,itemknn,none,2,
233,0.0,1.0,0.0,0.6,ml100k,itemknn,none,2,
235,0.0,1.0,0.0,1.3,ml100k,itemknn,none,2,
244,0.0,1.0,0.0,0.9,ml100k,itemknn,none,2,
251,0.0,1.0,0.0,1.1,ml100k,itemknn,none,2,
252,0.0,1.0,0.0,0.7,ml100k,itemknn,none,2,
261,0.0,1.0,0.0,0.7,ml100k,itemknn,none,2,
268,0.0,1.0,0.0,0.9,ml100k,itemknn,none,2,
271,0.0,1.0,0.0,1.1,ml100k,itemknn,none,2,
273,0.0,1.0,0.0,1.3,ml100k,itemknn,none,2,
283,0.0,1.0,0.0,1.3,ml100k,itemknn,none,2,
295,0.0,1.0,0.0,1.3,ml100k,itemknn,none,2,
296,0.0,1.0,0.0,1.5,ml100k,itemknn,none,2,
305,0.0,1.0,0.0,0.8,ml100k,itemknn,none,2,
309,0.0,1.0,0.0,1.1,ml100k,itemknn,none,2,
312,0.0,1.0,0.0,1.0,ml100k,itemknn,none,2,
326,0.0,1.0,0.0,1.1,ml100k,itemknn,none,2,
328,0.0,1.0,0.0,1.5,ml100k,itemknn,none,2,
331,0.0,1.0,0.0,1.1,ml100k,itemknn,none,2,
332,0.0,1.0,0.0,1.0,ml100k,itemknn,none,2,
333,0.0,1.0,0.0,1.5,ml100k,itemknn,none,2,
338,0.0,1.0,0.0,0.9,ml100k,itemknn,none,2,
342,0.3333333333333333,1.0,1.0,0.9,ml100k,itemknn,none,2,
350,0.3562071871080222,1.0,1.0,1.3,ml100k,itemknn,none,2,
360,0.0,1.0,0.0,1.3,ml100k,itemknn,none,2,
361,0.0,1.0,0.0,1.3,ml100k,itemknn,none,2,
363,0.0,1.0,0.0,1.3,ml100k,itemknn,none,2,
368,0.0,1.0,0.0,1.5,ml100k,itemknn,none,2,
369,0.0,1.0,0.0,1.1,ml100k,itemknn,none,2,
375,0.0,1.0,0.0,0.9,ml100k,itemknn,none,2,
378,0.3868528072345416,1.0,1.0,1.1,ml100k,itemknn,none,2,
382,0.0,1.0,0.0,1.5,ml100k,itemknn,none,2,
386,0.0,1.0,0.0,0.9,ml100k,itemknn,none,2,
394,0.0,1.0,0.0,1.1,ml100k,itemknn,none,2,
396,0.0,1.0,0.0,1.3,ml100k,itemknn,none,2,
400,0.0,1.0,0.0,1.3,ml100k,itemknn,none,2,
402,0.0,1.0,0.0,1.3,ml100k,itemknn,none,2,
404,0.0,1.0,0.0,1.1,ml100k,itemknn,none,2,
413,0.3562071871080222,1.0,1.0,1.1,ml100k,itemknn,none,2,
421,0.0,1.0,0.0,1.1,ml100k,itemknn,none,2,
422,0.0,1.0,0.0,1.1,ml100k,itemknn,none,2,
424,0.3010299956639812,1.0,1.0,1.1,ml100k,itemknn,none,2,
427,0.0,1.0,0.0,0.9,ml100k,itemknn,none,2,
430,0.0,1.0,0.0,1.0,ml100k,itemknn,none,2,
437,0.0,1.0,0.0,0.8,ml100k,itemknn,none,2,
440,0.0,1.0,0.0,1.1,ml100k,itemknn,none,2,
446,0.0,1.0,0.0,1.3,ml100k,itemknn,none,2,
451,0.0,1.0,0.0,0.7,ml100k,itemknn,none,2,
453,0.0,1.0,0.0,1.3,ml100k,itemknn,none,2,
454,0.6309297535714575,1.0,1.0,1.1,ml100k,itemknn,none,2,
455,1.0,1.0,1.0,0.9,ml100k,itemknn,none,2,
465,0.0,1.0,0.0,0.7,ml100k,itemknn,none,2,
471,0.5,1.0,1.0,1.3,ml100k,itemknn,none,2,
473,0.0,1.0,0.0,1.3,ml100k,itemknn,none,2,
482,0.0,1.0,0.0,1.1,ml100k,itemknn,none,2,
484,0.0,1.0,0.0,1.1,ml100k,itemknn,none,2,
486,0.0,1.0,0.0,0.6,ml100k,itemknn,none,2,
490,0.0,1.0,0.0,1.3,ml100k,itemknn,none,2,
492,0.0,1.0,0.0,1.3,ml100k,itemknn,none,2,
501,0.0,1.0,0.0,1.5,ml100k,itemknn,none,2,
507,0.3562071871080222,1.0,1.0,1.5,ml100k,itemknn,none,2,
511,0.0,1.0,0.0,1.3,ml100k,itemknn,none,2,
516,0.0,1.0,0.0,1.1,ml100k,itemknn,none,2,
522,0.0,1.0,0.0,1.3,ml100k,itemknn,none,2,
523,0.0,1.0,0.0,0.9,ml100k,itemknn,none,2,
524,0.0,1.0,0.0,1.3,ml100k,itemknn,none,2,
527,0.3333333333333333,1.0,1.0,0.7,ml100k,itemknn,none,2,
532,0.0,1.0,0.0,1.3,ml100k,itemknn,none,2,
545,0.0,1.0,0.0,1.3,ml100k,itemknn,none,2,
547,0.0,1.0,0.0,0.9,ml100k,itemknn,none,2,
549,0.0,1.0,0.0,1.5,ml100k,itemknn,none,2,
550,0.0,1.0,0.0,1.3,ml100k,itemknn,none,2,
551,0.0,1.0,0.0,1.3,ml100k,itemknn,none,2,
552,0.0,1.0,0.0,1.3,ml100k,itemknn,none,2,
554,0.0,1.0,0.0,1.1,ml100k,itemknn,none,2,
560,0.0,1.0,0.0,1.3,ml100k,itemknn,none,2,
561,0.0,1.0,0.0,1.5,ml100k,itemknn,none,2,
575,0.0,1.0,0.0,1.3,ml100k,itemknn,none,2,
576,0.0,1.0,0.0,0.7,ml100k,itemknn,none,2,
587,0.3868528072345416,1.0,1.0,1.3,ml100k,itemknn,none,2,
592,0.0,1.0,0.0,0.7,ml100k,itemknn,none,2,
593,0.0,1.0,0.0,1.3,ml100k,itemknn,none,2,
609,0.0,1.0,0.0,1.1,ml100k,itemknn,none,2,
613,0.0,1.0,0.0,1.1,ml100k,itemknn,none,2,
620,0.0,1.0,0.0,1.1,ml100k,itemknn,none,2,
623,0.0,1.0,0.0,1.1,ml100k,itemknn,none,2,
641,0.0,1.0,0.0,1.3,ml100k,itemknn,none,2,
643,0.0,1.0,0.0,1.1,ml100k,itemknn,none,2,
657,0.0,1.0,0.0,1.3,ml100k,itemknn,none,2,
667,0.0,1.0,0.0,0.9,ml100k,itemknn,none,2,
672,0.0,1.0,0.0,0.9,ml100k,itemknn,none,2,
675,0.0,1.0,0.0,1.3,ml100k,itemknn,none,2,
682,0.3562071871080222,1.0,1.0,0.6,ml100k,itemknn,none,2,
687,0.0,1.0,0.0,0.7,ml100k,itemknn,none,2,
688,0.0,1.0,0.0,1.5,ml100k,itemknn,none,2,
692,0.0,1.0,0.0,1.1,ml100k,itemknn,none,2,
703,0.0,1.0,0.0,0.8,ml100k,itemknn,none,2,
707,0.0,1.0,0.0,1.3,ml100k,itemknn,none,2,
708,0.0,1.0,0.0,1.3,ml100k,itemknn,none,2,
710,0.0,1.0,0.0,1.5,ml100k,itemknn,none,2,
713,0.0,1.0,0.0,0.9,ml100k,itemknn,none,2,
714,0.5,1.0,1.0,1.3,ml100k,itemknn,none,2,
720,0.0,1.0,0.0,0.9,ml100k,itemknn,none,2,
725,0.0,1.0,0.0,1.5,ml100k,itemknn,none,2,
728,0.5,1.0,1.0,1.0,ml100k,itemknn,none,2,
729,0.0,1.0,0.0,0.9,ml100k,itemknn,none,2,
732,0.0,1.0,0.0,1.1,ml100k,itemknn,none,2,
734,0.0,1.0,0.0,1.5,ml100k,itemknn,none,2,
736,0.0,1.0,0.0,1.5,ml100k,itemknn,none,2,
748,0.0,1.0,0.0,1.3,ml100k,itemknn,none,2,
750,0.0,1.0,0.0,0.5,ml100k,itemknn,none,2,
751,0.0,1.0,0.0,1.5,ml100k,itemknn,none,2,
759,0.0,1.0,0.0,1.0,ml100k,itemknn,none,2,
760,0.3010299956639812,1.0,1.0,0.7,ml100k,itemknn,none,2,
762,0.0,1.0,0.0,0.7,ml100k,itemknn,none,2,
770,0.0,1.0,0.0,1.1,ml100k,itemknn,none,2,
773,0.0,1.0,0.0,1.1,ml100k,itemknn,none,2,
786,0.0,1.0,0.0,0.6,ml100k,itemknn,none,2,
790,0.0,1.0,0.0,1.1,ml100k,itemknn,none,2,
816,0.0,1.0,0.0,1.5,ml100k,itemknn,none,2,
831,0.0,1.0,0.0,1.1,ml100k,itemknn,none,2,
832,0.0,1.0,0.0,1.5,ml100k,itemknn,none,2,
841,0.0,1.0,0.0,1.3,ml100k,itemknn,none,2,
842,0.0,1.0,0.0,1.1,ml100k,itemknn,none,2,
845,0.0,1.0,0.0,1.5,ml100k,itemknn,none,2,
846,0.0,1.0,0.0,1.3,ml100k,itemknn,none,2,
847,0.0,1.0,0.0,1.1,ml100k,itemknn,none,2,
856,0.0,1.0,0.0,1.3,ml100k,itemknn,none,2,
859,0.0,1.0,0.0,1.1,ml100k,itemknn,none,2,
865,0.0,1.0,0.0,1.5,ml100k,itemknn,none,2,
871,0.0,1.0,0.0,1.3,ml100k,itemknn,none,2,
875,0.0,1.0,0.0,1.3,ml100k,itemknn,none,2,
880,0.0,1.0,0.0,1.1,ml100k,itemknn,none,2,
881,0.0,1.0,0.0,1.5,ml100k,itemknn,none,2,
887,0.0,1.0,0.0,1.3,ml100k,itemknn,none,2,
888,0.0,1.0,0.0,1.5,ml100k,itemknn,none,2,
897,0.0,1.0,0.0,1.3,ml100k,itemknn,none,2,
899,0.0,1.0,0.0,1.3,ml100k,itemknn,none,2,
901,0.0,1.0,0.0,1.3,ml100k,itemknn,none,2,
902,0.0,1.0,0.0,1.3,ml100k,itemknn,none,2,
903,0.0,1.0,0.0,1.3,ml100k,itemknn,none,2,
904,0.0,1.0,0.0,0.6,ml100k,itemknn,none,2,
907,0.0,1.0,0.0,1.1,ml100k,itemknn,none,2,
908,0.0,1.0,0.0,1.1,ml100k,itemknn,none,2,
913,0.2890648263178879,1.0,1.0,1.3,ml100k,itemknn,none,2,
914,0.0,1.0,0.0,1.1,ml100k,itemknn,none,2,
915,0.0,1.0,0.0,1.1,ml100k,itemknn,none,2,
926,0.0,1.0,0.0,1.5,ml100k,itemknn,none,2,
929,0.0,1.0,0.0,1.5,ml100k,itemknn,none,2,
931,0.0,1.0,0.0,1.1,ml100k,itemknn,none,2,
932,0.0,1.0,0.0,1.1,ml100k,itemknn,none,2,
933,0.0,1.0,0.0,0.5,ml100k,itemknn,none,2,
936,0.0,1.0,0.0,1.5,ml100k,itemknn,none,2,
6,0.0,0.757506534557449,0.0,0.3,ml100k,itemknn,quota_mmr,2,0.2287915932143263
8,0.0,0.9008168058166623,0.0,0.2,ml100k,itemknn,quota_mmr,2,0.44842087878665
11,0.0,0.7594644410320844,0.0,0.3,ml100k,itemknn,quota_mmr,2,0.1819037441909174
17,0.0,0.929227807428854,0.0,0.3,ml100k,itemknn,quota_mmr,2,0.4380991099238207
31,0.0,0.7965607918845986,0.0,0.3,ml100k,itemknn,quota_mmr,2,0.3127621844283144
32,0.3868528072345416,0.7408679442058771,1.0,0.3,ml100k,itemknn,quota_mmr,2,0.2553039960128896
38,0.0,0.9361840581924926,0.0,0.2,ml100k,itemknn,quota_mmr,2,0.2762077825799392
41,0.0,0.8850916763820331,0.0,0.2,ml100k,itemknn,quota_mmr,2,0.4030411475340996
45,0.0,0.9000021168053133,0.0,0.2,ml100k,itemknn,quota_mmr,2,0.378090619765627
47,0.0,0.8099388564649256,0.0,0.2,ml100k,itemknn,quota_mmr,2,0.2825950070641376
48,0.0,0.8061088515746483,0.0,0.2,ml100k,itemknn,quota_mmr,2,0.3568873659177018
53,0.430676558073393,0.950503873927568,1.0,0.2,ml100k,itemknn,quota_mmr,2,0.2766725830534619
63,0.0,0.9077721288129154,0.0,0.3,ml100k,itemknn,quota_mmr,2,0.4573236954997619
69,0.0,0.9557805526903792,0.0,0.3,ml100k,itemknn,quota_mmr,2,0.4426502549735964
77,0.0,0.9448580795361692,0.0,0.2,ml100k,itemknn,quota_mmr,2,0.4507365404797003
80,0.0,0.93665205770425,0.0,0.3,ml100k,itemknn,quota_mmr,2,0.2776796572448839
81,0.0,0.9480385834818712,0.0,0.2,ml100k,itemknn,quota_mmr,2,0.4435393351981948
83,0.0,0.824851701267738,0.0,0.2,ml100k,itemknn,quota_mmr,2,0.3482058422753776
84,0.0,0.9185877637544072,0.0,0.3,ml100k,itemknn,quota_mmr,2,0.4611812040061487
85,0.0,0.8753191853000399,0.0,0.3,ml100k,itemknn,quota_mmr,2,0.3252881912373751
87,0.0,0.6703694066383965,0.0,0.2,ml100k,itemknn,quota_mmr,2,0.1282758290859263
91,0.0,0.710605428945193,0.0,0.3,ml100k,itemknn,quota_mmr,2,0.2676748187152872
98,0.0,0.9340661028185508,0.0,0.2,ml100k,itemknn,quota_mmr,2,0.4323050642345133
101,0.0,0.8250874728673928,0.0,0.2,ml100k,itemknn,quota_mmr,2,0.3020095347486264
115,0.0,0.9264979795525998,0.0,0.2,ml100k,itemknn,quota_mmr,2,0.4732617863805622
137,0.0,0.5334908280694405,0.0,0.3,ml100k,itemknn,quota_mmr,2,0.0820647589728318
139,0.0,0.8823029608298679,0.0,0.2,ml100k,itemknn,quota_mmr,2,0.4712045556596952
142,0.0,0.9056329803036433,0.0,0.3,ml100k,itemknn,quota_mmr,2,0.363272809306506
146,0.6309297535714575,0.8586726801472597,1.0,0.3,ml100k,itemknn,quota_mmr,2,0.3696716941958973
148,0.0,0.8994722062874057,0.0,0.2,ml100k,itemknn,quota_mmr,2,0.3756677836627878
153,1.0,0.9277668287215964,1.0,0.3,ml100k,itemknn,quota_mmr,2,0.4413919477120379
157,0.0,0.8888908942541556,0.0,0.2,ml100k,itemknn,quota_mmr,2,0.2519838706394763
162,0.0,0.8904288942288253,0.0,0.2,ml100k,itemknn,quota_mmr,2,0.3965684777376341
169,0.3154648767857287,0.8507776575357309,1.0,0.2,ml100k,itemknn,quota_mmr,2,0.3871859377033979
170,0.0,0.9148267913177152,0.0,0.3,ml100k,itemknn,quota_mmr,2,0.3851501981051206
171,0.0,0.8939978607154112,0.0,0.3,ml100k,itemknn,quota_mmr,2,0.4485667526264664
175,0.0,0.9183668936084346,0.0,0.2,ml100k,itemknn,quota_mmr,2,0.3895487341816826
178,0.0,0.685665278081719,0.0,0.3,ml100k,itemknn,quota_mmr,2,0.2321477403317839
181,0.0,0.957931095211604,0.0,0.2,ml100k,itemknn,quota_mmr,2,0.4399350509257493
194,0.0,0.8319619693550925,0.0,0.3,ml100k,itemknn,quota_mmr,2,0.3521196486757429
197,0.0,0.906206093439434,0.0,0.2,ml100k,itemknn,quota_mmr,2,0.3248686526467755
199,0.0,0.7563626836012012,0.0,0.3,ml100k,itemknn,quota_mmr,2,0.2312192690149615
203,0.0,0.93920357914056,0.0,0.3,ml100k,itemknn,quota_mmr,2,0.2927810036286251
209,0.0,0.8495981724595222,0.0,0.3,ml100k,itemknn,quota_mmr,2,0.3537991087332487
217,0.0,0.9166251125387972,0.0,0.3,ml100k,itemknn,quota_mmr,2,0.385043889353987
222,0.3562071871080222,0.9409186749622366,1.0,0.2,ml100k,itemknn,quota_mmr,2,0.2825766952463358
226,0.0,0.9314429232000804,0.0,0.3,ml100k,itemknn,quota_mmr,2,0.3266625712566861
230,0.0,0.9470289508124934,0.0,0.3,ml100k,itemknn,quota_mmr,2,0.385417112714239
233,0.0,0.973715076739082,0.0,0.3,ml100k,itemknn,quota_mmr,2,0.3252997376555535
235,0.3868528072345416,0.940166815110684,1.0,0.3,ml100k,itemknn,quota_mmr,2,0.4202631620003589
244,0.0,0.9074672101636466,0.0,0.3,ml100k,itemknn,quota_mmr,2,0.2946358005030504
251,0.0,0.9496746660189512,0.0,0.2,ml100k,itemknn,quota_mmr,2,0.4610717658970376
252,0.0,0.9062321455382084,0.0,0.3,ml100k,itemknn,quota_mmr,2,0.3674199913598746
261,0.0,0.81062376470599,0.0,0.3,ml100k,itemknn,quota_mmr,2,0.2366793872536366
268,0.0,0.9528558540583226,0.0,0.2,ml100k,itemknn,quota_mmr,2,0.4563241190904729
271,0.0,0.7540479660276502,0.0,0.3,ml100k,itemknn,quota_mmr,2,0.2696627281915421
273,0.0,0.6643655783464718,0.0,0.2,ml100k,itemknn,quota_mmr,2,0.15998797486855
283,0.0,0.7710106648792068,0.0,0.3,ml100k,itemknn,quota_mmr,2,0.28754997779797
295,0.0,0.8676331280721024,0.0,0.3,ml100k,itemknn,quota_mmr,2,0.3524678090145519
296,0.0,0.908236828298803,0.0,0.3,ml100k,itemknn,quota_mmr,2,0.4546856388330819
305,0.0,0.7792893273736516,0.0,0.2,ml100k,itemknn,quota_mmr,2,0.1708794483401361
309,0.0,0.6187942313513491,0.0,0.2,ml100k,itemknn,quota_mmr,2,0.0902703057032672
312,0.0,0.8358594562694306,0.0,0.3,ml100k,itemknn,quota_mmr,2,0.3288355425276631
326,0.0,0.5343838551594677,0.0,0.3,ml100k,itemknn,quota_mmr,2,0.0899483422278872
328,0.0,0.8743926667859409,0.0,0.3,ml100k,itemknn,quota_mmr,2,0.4050701043737965
331,0.0,0.8454031535658532,0.0,0.2,ml100k,itemknn,quota_mmr,2,0.3495209518025488
332,0.0,0.8077997228726489,0.0,0.3,ml100k,itemknn,quota_mmr,2,0.247302590588156
333,0.0,0.8588398266377728,0.0,0.3,ml100k,itemknn,quota_mmr,2,0.3020306529991904
338,0.0,0.9378486252758808,0.0,0.2,ml100k,itemknn,quota_mmr,2,0.3462129963266612
342,0.0,0.7238914206279526,0.0,0.2,ml100k,itemknn,quota_mmr,2,0.188682120603696
350,0.0,0.8636874275582791,0.0,0.2,ml100k,itemknn,quota_mmr,2,0.2648569970212687
360,0.0,0.8564195458979721,0.0,0.2,ml100k,itemknn,quota_mmr,2,0.3177902234456561
361,0.5,0.7914754292020206,1.0,0.3,ml100k,itemknn,quota_mmr,2,0.2952516650695885
363,0.3868528072345416,0.9290552237925744,1.0,0.2,ml100k,itemknn,quota_mmr,2,0.4236042051540539
368,0.0,0.8762370279272702,0.0,0.3,ml100k,itemknn,quota_mmr,2,0.4078539753935409
369,0.0,0.9199755418958526,0.0,0.2,ml100k,itemknn,quota_mmr,2,0.2782435849275999
375,0.0,0.7662987937821935,0.0,0.2,ml100k,itemknn,quota_mmr,2,0.2417166602216736
378,0.0,0.7748092105364132,0.0,0.2,ml100k,itemknn,quota_mmr,2,0.2650287477176761
382,0.0,0.8529750680257555,0.0,0.2,ml100k,itemknn,quota_mmr,2,0.2828209710835883
386,0.0,0.9459912032748128,0.0,0.2,ml100k,itemknn,quota_mmr,2,0.4554895980937224
394,0.0,0.7585643686131647,0.0,0.2,ml100k,itemknn,quota_mmr,2,0.1971469435063592
396,0.0,0.904261951965826,0.0,0.2,ml100k,itemknn,quota_mmr,2,0.4130809974691262
400,0.0,0.8704396368990934,0.0,0.3,ml100k,itemknn,quota_mmr,2,0.3028782230001922
402,0.3154648767857287,0.8821939987860711,1.0,0.3,ml100k,itemknn,quota_mmr,2,0.3097065257054497
404,0.0,0.9016985486603444,0.0,0.2,ml100k,itemknn,quota_mmr,2,0.3990039827032995
413,0.6309297535714575,0.9132922668440712,1.0,0.3,ml100k,itemknn,quota_mmr,2,0.4314469792884106
421,0.0,0.7946015137122986,0.0,0.2,ml100k,itemknn,quota_mmr,2,0.2586523867365561
422,0.0,0.9576779896535296,0.0,0.2,ml100k,itemknn,quota_mmr,2,0.4590409345380559
424,0.430676558073393,0.9084069004323976,1.0,0.3,ml100k,itemknn,quota_mmr,2,0.4695302967876861
427,0.0,0.8925291158477844,0.0,0.3,ml100k,itemknn,quota_mmr,2,0.3320808414442544
430,0.0,0.751066241388963,0.0,0.2,ml100k,itemknn,quota_mmr,2,0.2020177332396897
437,0.0,0.9619280990812868,0.0,0.2,ml100k,itemknn,quota_mmr,2,0.4069088726385311
440,0.0,0.9237769577573336,0.0,0.2,ml100k,itemknn,quota_mmr,2,0.4458915822179236
446,0.0,0.7647704453103897,0.0,0.3,ml100k,itemknn,quota_mmr,2,0.2934066208255583
451,0.0,0.9695819951425798,0.0,0.2,ml100k,itemknn,quota_mmr,2,0.42683045726577
453,0.0,0.8272740919036837,0.0,0.2,ml100k,itemknn,quota_mmr,2,0.2654864318881991
454,0.0,0.901591937479288,0.0,0.2,ml100k,itemknn,quota_mmr,2,0.4036860003461289
455,1.0,0.9385241097040912,1.0,0.2,ml100k,itemknn,quota_mmr,2,0.3128054513177117
465,0.0,0.9132896471246856,0.0,0.2,ml100k,itemknn,quota_mmr,2,0.3509188957632438
471,0.0,0.893950207483025,0.0,0.2,ml100k,itemknn,quota_mmr,2,0.4376347761724466
473,0.0,0.8885241226190723,0.0,0.2,ml100k,itemknn,quota_mmr,2,0.3453812325913991
482,0.0,0.6829192567361348,0.0,0.2,ml100k,itemknn,quota_mmr,2,0.1605205578915476
484,0.0,0.7140945887701351,0.0,0.3,ml100k,itemknn,quota_mmr,2,0.224225417566448
486,0.0,0.5548506988217554,0.0,0.3,ml100k,itemknn,quota_mmr,2,0.0591023830106114
490,0.0,0.8711041653390742,0.0,0.2,ml100k,itemknn,quota_mmr,2,0.3333026716934318
492,0.0,0.8452566659855912,0.0,0.2,ml100k,itemknn,quota_mmr,2,0.3496001276114324
501,0.0,0.9065326455819542,0.0,0.3,ml100k,itemknn,quota_mmr,2,0.3803724719737974
507,0.0,0.9080627814996142,0.0,0.3,ml100k,itemknn,quota_mmr,2,0.4626058302018052
511,0.0,0.7509246684530279,0.0,0.3,ml100k,itemknn,quota_mmr,2,0.2275657698644502
516,0.0,0.9336811061342922,0.0,0.2,ml100k,itemknn,quota_mmr,2,0.4076329576053109
522,0.0,0.7964802452358102,0.0,0.2,ml100k,itemknn,quota_mmr,2,0.31083424814085
523,0.3562071871080222,0.9343427230160049,1.0,0.2,ml100k,itemknn,quota_mmr,2,0.2951360187259934
524,0.0,0.9171885879961394,0.0,0.2,ml100k,itemknn,quota_mmr,2,0.4373990750438595
527,0.0,0.9292212047367332,0.0,0.2,ml100k,itemknn,quota_mmr,2,0.2563739799942093
532,0.0,0.8810518630420839,0.0,0.3,ml100k,itemknn,quota_mmr,2,0.424517875876794
545,0.3562071871080222,0.8829836433202237,1.0,0.2,ml100k,itemknn,quota_mmr,2,0.3615405484943281
547,0.0,0.5471311085661174,0.0,0.2,ml100k,itemknn,quota_mmr,2,0.0865745748167602
549,0.0,0.9156486814518768,0.0,0.2,ml100k,itemknn,quota_mmr,2,0.3797044708761948
550,0.0,0.8637502547139456,0.0,0.2,ml100k,itemknn,quota_mmr,2,0.3326076426751436
551,0.0,0.8558557893633697,0.0,0.3,ml100k,itemknn,quota_mmr,2,0.3082852158767272
552,0.0,0.8910956371639795,0.0,0.3,ml100k,itemknn,quota_mmr,2,0.3864700081275142
554,0.0,0.8692009995132466,0.0,0.3,ml100k,itemknn,quota_mmr,2,0.3439700442493217
560,0.3333333333333333,0.919223263647658,1.0,0.2,ml100k,itemknn,quota_mmr,2,0.4546580423534322
561,0.0,0.9089832849194645,0.0,0.3,ml100k,itemknn,quota_mmr,2,0.4622543259101306
575,0.0,0.9103650188594712,0.0,0.2,ml100k,itemknn,quota_mmr,2,0.4662773183726974
576,0.0,0.8768382771661005,0.0,0.3,ml100k,itemknn,quota_mmr,2,0.2739592438398735
587,0.5,0.9367091130940124,1.0,0.2,ml100k,itemknn,quota_mmr,2,0.3318439427689293
592,0.0,0.97563863596631,0.0,0.3,ml100k,itemknn,quota_mmr,2,0.4051092550855342
593,0.0,0.9344628580514032,0.0,0.2,ml100k,itemknn,quota_mmr,2,0.473180916531593
609,0.0,0.7374927822739277,0.0,0.3,ml100k,itemknn,quota_mmr,2,0.1978825802980041
613,0.0,0.8649879945940292,0.0,0.3,ml100k,itemknn,quota_mmr,2,0.2670186121112813
620,0.0,0.9428746663469888,0.0,0.2,ml100k,itemknn,quota_mmr,2,0.4561439063406227
623,0.0,0.6781093650209843,0.0,0.2,ml100k,itemknn,quota_mmr,2,0.163102507131794
641,0.0,0.9195228585438744,0.0,0.3,ml100k,itemknn,quota_mmr,2,0.4025324023342889
643,0.0,0.8972067830995034,0.0,0.2,ml100k,itemknn,quota_mmr,2,0.4201397619956309
657,0.0,0.9147408659222872,0.0,0.3,ml100k,itemknn,quota_mmr,2,0.4797150272008036
667,0.0,0.9482668329221716,0.0,0.2,ml100k,itemknn,quota_mmr,2,0.4475802425405825
672,0.0,0.9434390106899624,0.0,0.2,ml100k,itemknn,quota_mmr,2,0.4455949243705016
675,0.0,0.8145401346376749,0.0,0.3,ml100k,itemknn,quota_mmr,2,0.3565335437341855
682,0.5,0.9052992497406036,1.0,0.2,ml100k,itemknn,quota_mmr,2,0.2344290684665174
687,0.0,0.9187370333722884,0.0,0.3,ml100k,itemknn,quota_mmr,2,0.3935013569785396
688,0.0,0.8936760943834237,0.0,0.3,ml100k,itemknn,quota_mmr,2,0.4571321071858543
692,0.0,0.9046768095867724,0.0,0.3,ml100k,itemknn,quota_mmr,2,0.3600998561791572
703,0.2890648263178879,0.9249129139823348,1.0,0.2,ml100k,itemknn,quota_mmr,2,0.2919288967329965
707,0.0,0.8945792881761757,0.0,0.3,ml100k,itemknn,quota_mmr,2,0.4125600949063238
708,0.0,0.9167355687534408,0.0,0.3,ml100k,itemknn,quota_mmr,2,0.464246516416912
710,0.0,0.9095321464757734,0.0,0.2,ml100k,itemknn,quota_mmr,2,0.4298515860312858
713,0.0,0.9592419188574418,0.0,0.2,ml100k,itemknn,quota_mmr,2,0.4246331157517699
714,0.0,0.919911540757466,0.0,0.2,ml100k,itemknn,quota_mmr,2,0.3728212754986275
720,0.0,0.8899353709575069,0.0,0.2,ml100k,itemknn,quota_mmr,2,0.3660528936450705
725,0.0,0.7762620098026333,0.0,0.3,ml100k,itemknn,quota_mmr,2,0.1684308671619153
728,0.5,0.9338065650594556,1.0,0.3,ml100k,itemknn,quota_mmr,2,0.2499648919701645
729,0.0,0.9227695253425376,0.0,0.2,ml100k,itemknn,quota_mmr,2,0.4666865945121884
732,0.0,0.942770023025498,0.0,0.3,ml100k,itemknn,quota_mmr,2,0.3654245209425719
734,0.0,0.904846959730621,0.0,0.2,ml100k,itemknn,quota_mmr,2,0.4350418627720864
736,0.0,0.8835226659489728,0.0,0.2,ml100k,itemknn,quota_mmr,2,0.4009300232671667
748,0.0,0.79860825910806,0.0,0.3,ml100k,itemknn,quota_mmr,2,0.3550847026394447
750,0.0,0.9548680743489296,0.0,0.2,ml100k,itemknn,quota_mmr,2,0.2616438442502178
751,0.0,0.903744133396119,0.0,0.3,ml100k,itemknn,quota_mmr,2,0.452641082002098
759,0.0,0.9095630305575038,0.0,0.3,ml100k,itemknn,quota_mmr,2,0.2519497133715279
760,0.3333333333333333,0.9507385392746776,1.0,0.2,ml100k,itemknn,quota_mmr,2,0.2695586140950897
762,0.0,0.9571319287221972,0.0,0.3,ml100k,itemknn,quota_mmr,2,0.4301769295787467
770,0.0,0.9315171690288016,0.0,0.2,ml100k,itemknn,quota_mmr,2,0.3370353455525931
773,0.0,0.7025167681957337,0.0,0.3,ml100k,itemknn,quota_mmr,2,0.1401898415733698
786,0.0,0.9621073874334362,0.0,0.2,ml100k,itemknn,quota_mmr,2,0.4554818497770787
790,0.0,0.9006621142910036,0.0,0.3,ml100k,itemknn,quota_mmr,2,0.2598638610047947
816,0.0,0.8383359465411572,0.0,0.3,ml100k,itemknn,quota_mmr,2,0.294187423463022
831,0.0,0.8843750208208497,0.0,0.3,ml100k,itemknn,quota_mmr,2,0.4089399141707427
832,0.0,0.9089658963325998,0.0,0.2,ml100k,itemknn,quota_mmr,2,0.4780958284784767
841,0.0,0.9049065555609382,0.0,0.2,ml100k,itemknn,quota_mmr,2,0.3510030096537485
842,0.0,0.8846736132584998,0.0,0.2,ml100k,itemknn,quota_mmr,2,0.3122452546062764
845,0.0,0.8063630340729393,0.0,0.3,ml100k,itemknn,quota_mmr,2,0.2975271052980789
846,0.0,0.913020234384441,0.0,0.2,ml100k,itemknn,quota_mmr,2,0.4440476521593069
847,0.0,0.7981820477463777,0.0,0.2,ml100k,itemknn,quota_mmr,2,0.2993017366571448
856,0.0,0.7969848151959201,0.0,0.2,ml100k,itemknn,quota_mmr,2,0.2788422255936783
859,0.0,0.9478926048807496,0.0,0.3,ml100k,itemknn,quota_mmr,2,0.2918476089632618
865,0.430676558073393,0.8813735003131347,1.0,0.3,ml100k,itemknn,quota_mmr,2,0.3584221557482736
871,0.0,0.8886070755398232,0.0,0.2,ml100k,itemknn,quota_mmr,2,0.4332535653718246
875,0.0,0.928479134625618,0.0,0.3,ml100k,itemknn,quota_mmr,2,0.4460443542342049
880,0.0,0.82002502158771,0.0,0.3,ml100k,itemknn,quota_mmr,2,0.2298136323554096
881,0.0,0.8755550195373832,0.0,0.2,ml100k,itemknn,quota_mmr,2,0.3936918114474966
887,0.0,0.8621532679805476,0.0,0.3,ml100k,itemknn,quota_mmr,2,0.3762772477700457
888,0.0,0.8688945634759898,0.0,0.2,ml100k,itemknn,quota_mmr,2,0.3944856937740063
897,0.0,0.8427954156757453,0.0,0.3,ml100k,itemknn,quota_mmr,2,0.3609442276794423
899,0.0,0.903326631430663,0.0,0.2,ml100k,itemknn,quota_mmr,2,0.3642109577166141
901,0.0,0.9184551936368164,0.0,0.2,ml100k,itemknn,quota_mmr,2,0.3879210695560489
902,0.0,0.9126117412805316,0.0,0.3,ml100k,itemknn,quota_mmr,2,0.4306861304235981
903,0.0,0.931228949333722,0.0,0.3,ml100k,itemknn,quota_mmr,2,0.4381712753062114
904,0.0,0.9922800478917446,0.0,0.3,ml100k,itemknn,quota_mmr,2,0.408620738230438
907,0.0,0.7966197599189475,0.0,0.3,ml100k,itemknn,quota_mmr,2,0.2249255359690896
908,0.0,0.9024281480367552,0.0,0.3,ml100k,itemknn,quota_mmr,2,0.3533274251342628
913,0.0,0.8681407205159636,0.0,0.2,ml100k,itemknn,quota_mmr,2,0.3758677624897383
914,0.0,0.9278080310486676,0.0,0.2,ml100k,itemknn,quota_mmr,2,0.4157063322628347
915,0.0,0.914448787596856,0.0,0.2,ml100k,itemknn,quota_mmr,2,0.3465327029115701
926,0.0,0.5919326979443537,0.0,0.2,ml100k,itemknn,quota_mmr,2,0.1481978064337328
929,0.0,0.7983121831481651,0.0,0.3,ml100k,itemknn,quota_mmr,2,0.2793779622999061
931,0.0,0.8698793079478887,0.0,0.3,ml100k,itemknn,quota_mmr,2,0.330882205297518
932,0.0,0.9378400868754262,0.0,0.3,ml100k,itemknn,quota_mmr,2,0.4041077315369428
933,0.0,0.7369572377771708,0.0,0.2,ml100k,itemknn,quota_mmr,2,0.1143660038021852
936,0.0,0.9205185817524072,0.0,0.2,ml100k,itemknn,quota_mmr,2,0.4711183972480919
6,0.0,1.0,0.0,0.9,ml100k,als,none,2,
8,0.0,1.0,0.0,0.3,ml100k,als,none,2,
11,0.0,1.0,0.0,0.6,ml100k,als,none,2,
17,0.3868528072345416,1.0,1.0,0.9,ml100k,als,none,2,
31,0.0,1.0,0.0,0.8,ml100k,als,none,2,
32,0.0,1.0,0.0,0.4,ml100k,als,none,2,
38,0.0,1.0,0.0,0.8,ml100k,als,none,2,
41,0.0,1.0,0.0,1.1,ml100k,als,none,2,
45,0.5,1.0,1.0,0.9,ml100k,als,none,2,
47,0.0,1.0,0.0,0.4,ml100k,als,none,2,
48,0.0,1.0,0.0,1.3,ml100k,als,none,2,
53,0.5,1.0,1.0,0.4,ml100k,als,none,2,
63,0.0,1.0,0.0,1.1,ml100k,als,none,2,
69,0.0,1.0,0.0,0.2,ml100k,als,none,2,
77,0.0,1.0,0.0,0.8,ml100k,als,none,2,
80,0.2890648263178879,1.0,1.0,0.4,ml100k,als,none,2,
81,0.0,1.0,0.0,0.6,ml100k,als,none,2,
83,0.0,1.0,0.0,0.3,ml100k,als,none,2,
84,0.0,1.0,0.0,0.9,ml100k,als,none,2,
85,0.0,1.0,0.0,1.3,ml100k,als,none,2,
87,0.0,1.0,0.0,0.6,ml100k,als,none,2,
91,0.0,1.0,0.0,0.7,ml100k,als,none,2,
98,0.0,1.0,0.0,1.0,ml100k,als,none,2,
101,0.0,1.0,0.0,1.3,ml100k,als,none,2,
115,0.0,1.0,0.0,1.3,ml100k,als,none,2,
137,0.0,1.0,0.0,1.1,ml100k,als,none,2,
139,0.0,1.0,0.0,0.4,ml100k,als,none,2,
142,0.0,1.0,0.0,1.0,ml100k,als,none,2,
146,0.0,1.0,0.0,1.3,ml100k,als,none,2,
148,0.0,1.0,0.0,0.8,ml100k,als,none,2,
153,0.0,1.0,0.0,0.7,ml100k,als,none,2,
157,0.0,1.0,0.0,1.1,ml100k,als,none,2,
162,0.0,1.0,0.0,1.3,ml100k,als,none,2,
169,0.430676558073393,1.0,1.0,1.1,ml100k,als,none,2,
170,0.0,1.0,0.0,1.1,ml100k,als,none,2,
171,0.0,1.0,0.0,1.1,ml100k,als,none,2,
175,0.0,1.0,0.0,0.6,ml100k,als,none,2,
178,0.0,1.0,0.0,1.1,ml100k,als,none,2,
181,0.0,1.0,0.0,0.2,ml100k,als,none,2,
194,0.0,1.0,0.0,0.9,ml100k,als,none,2,
197,0.0,1.0,0.0,0.6,ml100k,als,none,2,
199,0.0,1.0,0.0,0.9,ml100k,als,none,2,
203,0.0,1.0,0.0,0.7,ml100k,als,none,2,
209,0.0,1.0,0.0,0.6,ml100k,als,none,2,
217,0.0,1.0,0.0,0.4,ml100k,als,none,2,
222,0.0,1.0,0.0,0.6,ml100k,als,none,2,
226,0.0,1.0,0.0,1.3,ml100k,als,none,2,
230,0.0,1.0,0.0,0.7,ml100k,als,none,2,
233,0.0,1.0,0.0,0.7,ml100k,als,none,2,
235,0.3154648767857287,1.0,1.0,0.5,ml100k,als,none,2,
244,0.0,1.0,0.0,1.3,ml100k,als,none,2,
251,0.0,1.0,0.0,0.6,ml100k,als,none,2,
252,0.0,1.0,0.0,0.6,ml100k,als,none,2,
261,0.0,1.0,0.0,0.3,ml100k,als,none,2,
268,0.0,1.0,0.0,0.4,ml100k,als,none,2,
271,0.0,1.0,0.0,0.8,ml100k,als,none,2,
273,0.0,1.0,0.0,0.4,ml100k,als,none,2,
283,0.0,1.0,0.0,0.3,ml100k,als,none,2,
295,0.6309297535714575,1.0,1.0,0.7,ml100k,als,none,2,
296,0.3333333333333333,1.0,1.0,1.5,ml100k,als,none,2,
305,0.0,1.0,0.0,0.4,ml100k,als,none,2,
309,0.0,1.0,0.0,0.8,ml100k,als,none,2,
312,0.0,1.0,0.0,0.8,ml100k,als,none,2,
326,0.0,1.0,0.0,0.5,ml100k,als,none,2,
328,0.0,1.0,0.0,0.9,ml100k,als,none,2,
331,0.0,1.0,0.0,0.9,ml100k,als,none,2,
332,0.0,1.0,0.0,0.5,ml100k,als,none,2,
333,0.0,1.0,0.0,1.3,ml100k,als,none,2,
338,0.0,1.0,0.0,0.6,ml100k,als,none,2,
342,0.0,1.0,0.0,0.8,ml100k,als,none,2,
350,0.0,1.0,0.0,1.1,ml100k,als,none,2,
360,0.0,1.0,0.0,1.1,ml100k,als,none,2,
361,0.0,1.0,0.0,0.6,ml100k,als,none,2,
363,0.0,1.0,0.0,0.4,ml100k,als,none,2,
368,0.0,1.0,0.0,0.9,ml100k,als,none,2,
369,0.0,1.0,0.0,1.1,ml100k,als,none,2,
375,0.0,1.0,0.0,0.5,ml100k,als,none,2,
378,0.0,1.0,0.0,0.5,ml100k,als,none,2,
382,0.0,1.0,0.0,1.1,ml100k,als,none,2,
386,0.0,1.0,0.0,1.1,ml100k,als,none,2,
394,0.0,1.0,0.0,0.8,ml100k,als,none,2,
396,0.0,1.0,0.0,0.6,ml100k,als,none,2,
400,0.0,1.0,0.0,0.6,ml100k,als,none,2,
402,0.0,1.0,0.0,1.3,ml100k,als,none,2,
404,0.0,1.0,0.0,0.9,ml100k,als,none,2,
413,0.3562071871080222,1.0,1.0,1.3,ml100k,als,none,2,
421,0.0,1.0,0.0,1.1,ml100k,als,none,2,
422,0.0,1.0,0.0,1.1,ml100k,als,none,2,
424,1.0,1.0,1.0,0.4,ml100k,als,none,2,
427,0.0,1.0,0.0,1.1,ml100k,als,none,2,
430,0.0,1.0,0.0,0.7,ml100k,als,none,2,
437,0.0,1.0,0.0,1.1,ml100k,als,none,2,
440,0.0,1.0,0.0,1.1,ml100k,als,none,2,
446,0.0,1.0,0.0,0.7,ml100k,als,none,2,
451,0.0,1.0,0.0,1.0,ml100k,als,none,2,
453,0.2890648263178879,1.0,1.0,1.3,ml100k,als,none,2,
454,0.0,1.0,0.0,1.1,ml100k,als,none,2,
455,0.0,1.0,0.0,1.3,ml100k,als,none,2,
465,0.0,1.0,0.0,0.8,ml100k,als,none,2,
471,0.0,1.0,0.0,0.5,ml100k,als,none,2,
473,0.0,1.0,0.0,0.7,ml100k,als,none,2,
482,0.0,1.0,0.0,0.6,ml100k,als,none,2,
484,0.0,1.0,0.0,0.6,ml100k,als,none,2,
486,0.0,1.0,0.0,0.6,ml100k,als,none,2,
490,0.0,1.0,0.0,1.1,ml100k,als,none,2,
492,0.0,1.0,0.0,0.6,ml100k,als,none,2,
501,0.0,1.0,0.0,1.1,ml100k,als,none,2,
507,0.0,1.0,0.0,1.1,ml100k,als,none,2,
511,0.0,1.0,0.0,0.9,ml100k,als,none,2,
516,0.0,1.0,0.0,0.9,ml100k,als,none,2,
522,0.0,1.0,0.0,0.7,ml100k,als,none,2,
523,0.0,1.0,0.0,1.1,ml100k,als,none,2,
524,0.0,1.0,0.0,1.3,ml100k,als,none,2,
527,0.0,1.0,0.0,0.5,ml100k,als,none,2,
532,0.0,1.0,0.0,0.9,ml100k,als,none,2,
545,0.3333333333333333,1.0,1.0,0.7,ml100k,als,none,2,
547,0.0,1.0,0.0,0.7,ml100k,als,none,2,
549,0.0,1.0,0.0,0.9,ml100k,als,none,2,
550,0.0,1.0,0.0,0.9,ml100k,als,none,2,
551,0.0,1.0,0.0,0.7,ml100k,als,none,2,
552,0.0,1.0,0.0,0.8,ml100k,als,none,2,
554,0.0,1.0,0.0,1.1,ml100k,als,none,2,
560,0.0,1.0,0.0,1.3,ml100k,als,none,2,
561,0.6309297535714575,1.0,1.0,1.5,ml100k,als,none,2,
575,0.0,1.0,0.0,1.3,ml100k,als,none,2,
576,0.0,1.0,0.0,0.6,ml100k,als,none,2,
587,0.6309297535714575,1.0,1.0,0.9,ml100k,als,none,2,
592,0.0,1.0,0.0,0.7,ml100k,als,none,2,
593,0.0,1.0,0.0,1.5,ml100k,als,none,2,
609,0.0,1.0,0.0,0.9,ml100k,als,none,2,
613,0.0,1.0,0.0,1.1,ml100k,als,none,2,
620,0.0,1.0,0.0,0.9,ml100k,als,none,2,
623,0.0,1.0,0.0,0.9,ml100k,als,none,2,
641,0.0,1.0,0.0,0.5,ml100k,als,none,2,
643,0.0,1.0,0.0,0.8,ml100k,als,none,2,
657,0.0,1.0,0.0,1.3,ml100k,als,none,2,
667,0.0,1.0,0.0,0.7,ml100k,als,none,2,
672,0.0,1.0,0.0,0.6,ml100k,als,none,2,
675,0.0,1.0,0.0,0.6,ml100k,als,none,2,
682,1.0,1.0,1.0,0.5,ml100k,als,none,2,
687,0.0,1.0,0.0,0.7,ml100k,als,none,2,
688,0.0,1.0,0.0,0.5,ml100k,als,none,2,
692,0.3333333333333333,1.0,1.0,0.7,ml100k,als,none,2,
703,0.3868528072345416,1.0,1.0,0.7,ml100k,als,none,2,
707,0.0,1.0,0.0,1.1,ml100k,als,none,2,
708,0.0,1.0,0.0,1.1,ml100k,als,none,2,
710,0.0,1.0,0.0,1.3,ml100k,als,none,2,
713,0.0,1.0,0.0,1.0,ml100k,als,none,2,
714,0.3333333333333333,1.0,1.0,0.7,ml100k,als,none,2,
720,0.0,1.0,0.0,0.7,ml100k,als,none,2,
725,0.0,1.0,0.0,1.1,ml100k,als,none,2,
728,0.3562071871080222,1.0,1.0,0.8,ml100k,als,none,2,
729,0.0,1.0,0.0,1.1,ml100k,als,none,2,
732,0.0,1.0,0.0,0.3,ml100k,als,none,2,
734,0.0,1.0,0.0,0.7,ml100k,als,none,2,
736,0.0,1.0,0.0,0.6,ml100k,als,none,2,
748,0.0,1.0,0.0,0.7,ml100k,als,none,2,
750,0.0,1.0,0.0,0.3,ml100k,als,none,2,
751,0.0,1.0,0.0,1.3,ml100k,als,none,2,
759,0.0,1.0,0.0,1.0,ml100k,als,none,2,
760,0.3010299956639812,1.0,1.0,0.6,ml100k,als,none,2,
762,0.0,1.0,0.0,1.3,ml100k,als,none,2,
770,0.0,1.0,0.0,0.6,ml100k,als,none,2,
773,0.0,1.0,0.0,0.6,ml100k,als,none,2,
786,0.2890648263178879,1.0,1.0,0.8,ml100k,als,none,2,
790,0.0,1.0,0.0,1.3,ml100k,als,none,2,
816,0.0,1.0,0.0,0.9,ml100k,als,none,2,
831,0.0,1.0,0.0,0.9,ml100k,als,none,2,
832,0.0,1.0,0.0,1.3,ml100k,als,none,2,
841,0.0,1.0,0.0,0.6,ml100k,als,none,2,
842,0.0,1.0,0.0,0.9,ml100k,als,none,2,
845,0.0,1.0,0.0,0.6,ml100k,als,none,2,
846,0.0,1.0,0.0,0.8,ml100k,als,none,2,
847,0.0,1.0,0.0,1.1,ml100k,als,none,2,
856,0.0,1.0,0.0,0.8,ml100k,als,none,2,
859,0.0,1.0,0.0,1.1,ml100k,als,none,2,
865,0.0,1.0,0.0,0.9,ml100k,als,none,2,
871,0.0,1.0,0.0,0.5,ml100k,als,none,2,
875,0.0,1.0,0.0,0.6,ml100k,als,none,2,
880,0.0,1.0,0.0,0.7,ml100k,als,none,2,
881,0.0,1.0,0.0,0.8,ml100k,als,none,2,
887,0.0,1.0,0.0,0.7,ml100k,als,none,2,
888,0.0,1.0,0.0,0.9,ml100k,als,none,2,
897,0.0,1.0,0.0,0.5,ml100k,als,none,2,
899,0.3868528072345416,1.0,1.0,0.6,ml100k,als,none,2,
901,0.0,1.0,0.0,0.9,ml100k,als,none,2,
902,0.0,1.0,0.0,0.9,ml100k,als,none,2,
903,0.0,1.0,0.0,0.9,ml100k,als,none,2,
904,0.0,1.0,0.0,1.1,ml100k,als,none,2,
907,0.0,1.0,0.0,0.4,ml100k,als,none,2,
908,0.0,1.0,0.0,0.4,ml100k,als,none,2,
913,0.0,1.0,0.0,0.6,ml100k,als,none,2,
914,0.0,1.0,0.0,1.5,ml100k,als,none,2,
915,0.0,1.0,0.0,0.7,ml100k,als,none,2,
926,0.0,1.0,0.0,1.1,ml100k,als,none,2,
929,0.5,1.0,1.0,0.7,ml100k,als,none,2,
931,0.0,1.0,0.0,0.4,ml100k,als,none,2,
932,0.0,1.0,0.0,0.9,ml100k,als,none,2,
933,0.0,1.0,0.0,0.6,ml100k,als,none,2,
936,0.0,1.0,0.0,0.9,ml100k,als,none,2,
6,0.0,0.9322834641356009,0.0,0.2,ml100k,als,quota_mmr,2,0.09990797137705221
8,0.0,0.9795918767529956,0.0,0.3,ml100k,als,quota_mmr,2,0.09543718647923226
11,0.0,0.9759026131525379,0.0,0.3,ml100k,als,quota_mmr,2,0.09701716880412464
17,0.0,0.9669957445826706,0.0,0.3,ml100k,als,quota_mmr,2,0.21394271852037797
31,0.0,0.9228778883668403,0.0,0.2,ml100k,als,quota_mmr,2,0.08335154787327598
32,0.0,0.9941198619335051,0.0,0.2,ml100k,als,quota_mmr,2,0.14012340527791697
38,0.0,0.9447638940885058,0.0,0.3,ml100k,als,quota_mmr,2,0.1940805206265553
41,0.0,0.9158882406519138,0.0,0.2,ml100k,als,quota_mmr,2,0.133039148399021
45,0.5,0.9566113588923334,1.0,0.3,ml100k,als,quota_mmr,2,0.12353366556734732
47,0.0,0.9476493754037073,0.0,0.3,ml100k,als,quota_mmr,2,0.06606822497219726
48,0.43067655807339306,0.9202828026816139,1.0,0.2,ml100k,als,quota_mmr,2,0.1519530245682843
53,0.5,0.9751913711616574,1.0,0.2,ml100k,als,quota_mmr,2,0.15410656968988207
63,0.0,0.9264761235300552,0.0,0.3,ml100k,als,quota_mmr,2,0.2225087612295842
69,0.0,0.9676279870431571,0.0,0.3,ml100k,als,quota_mmr,2,0.22744486857390453
77,0.0,0.9095528728939629,0.0,0.2,ml100k,als,quota_mmr,2,0.10747089200479712
80,0.3562071871080222,0.9487778063352125,1.0,0.2,ml100k,als,quota_mmr,2,0.1504409065904384
81,0.0,0.9516923766052203,0.0,0.2,ml100k,als,quota_mmr,2,0.08412305497727401
83,0.0,0.9738759850749537,0.0,0.3,ml100k,als,quota_mmr,2,0.09327043448275919
84,0.0,0.9267884095885852,0.0,0.3,ml100k,als,quota_mmr,2,0.21731886749429832
85,0.0,0.8656841487699936,0.0,0.2,ml100k,als,quota_mmr,2,0.06437023304510353
87,0.0,0.9801644302928538,0.0,0.3,ml100k,als,quota_mmr,2,0.07883369260119802
91,0.0,0.9870165525100789,0.0,0.2,ml100k,als,quota_mmr,2,0.041628242248891625
98,0.0,0.935232471838528,0.0,0.2,ml100k,als,quota_mmr,2,0.11991255763956658
101,0.0,0.8763972131766297,0.0,0.2,ml100k,als,quota_mmr,2,0.08953350288917843
115,0.0,0.8381960582040436,0.0,0.2,ml100k,als,quota_mmr,2,0.18153898836252896
137,0.2890648263178879,0.9226044004368089,1.0,0.2,ml100k,als,quota_mmr,2,0.05069584920242371
139,0.0,0.9754494526577344,0.0,0.3,ml100k,als,quota_mmr,2,0.10062263376703018
142,0.0,0.9211122515297507,0.0,0.3,ml100k,als,quota_mmr,2,0.08364061959882758
146,0.0,0.9233348106825274,0.0,0.3,ml100k,als,quota_mmr,2,0.1319557376987358
148,0.0,0.9477336646633946,0.0,0.3,ml100k,als,quota_mmr,2,0.13139220026850723
153,0.0,0.9425166674340896,0.0,0.2,ml100k,als,quota_mmr,2,0.19394728408026177
157,0.0,0.8564949148247937,0.0,0.2,ml100k,als,quota_mmr,2,0.10565626430962245
162,0.0,0.9115339415002345,0.0,0.2,ml100k,als,quota_mmr,2,0.19154759264055102
169,0.43067655807339306,0.9287180809809424,1.0,0.2,ml100k,als,quota_mmr,2,0.130704208862019
170,0.0,0.8585977982681803,0.0,0.2,ml100k,als,quota_mmr,2,0.13754467140979662
171,0.0,0.9395083383306454,0.0,0.3,ml100k,als,quota_mmr,2,0.12257609315066305
175,0.0,0.9700922134909123,0.0,0.3,ml100k,als,quota_mmr,2,0.08972250921026416
178,0.0,0.9434532393223448,0.0,0.2,ml100k,als,quota_mmr,2,0.08570976846911796
181,0.0,0.9738250665933821,0.0,0.3,ml100k,als,quota_mmr,2,0.07983241398694473
194,0.0,0.9673755420470417,0.0,0.2,ml100k,als,quota_mmr,2,0.17095377657070346
197,0.0,0.9267443119586255,0.0,0.2,ml100k,als,quota_mmr,2,0.11858677839529774
199,0.0,0.9673258432313684,0.0,0.3,ml100k,als,quota_mmr,2,0.05729627635389157
203,0.0,0.9421773476997272,0.0,0.3,ml100k,als,quota_mmr,2,0.1602761869250881
209,0.0,0.9061294168049201,0.0,0.3,ml100k,als,quota_mmr,2,0.06820274347795549
217,0.0,0.9850994493349495,0.0,0.2,ml100k,als,quota_mmr,2,0.11938270072892962
222,0.0,0.9627033296858287,0.0,0.2,ml100k,als,quota_mmr,2,0.06531424676062779
226,0.0,0.844137946319904,0.0,0.2,ml100k,als,quota_mmr,2,0.11013032645417692
230,0.0,0.9289436132586137,0.0,0.2,ml100k,als,quota_mmr,2,0.13845645737309345
233,0.0,0.9316593697588382,0.0,0.3,ml100k,als,quota_mmr,2,0.17668369973170994
235,0.0,0.8689294834064564,0.0,0.3,ml100k,als,quota_mmr,2,0.06844551793876959
244,0.31546487678572877,0.8842291719940417,1.0,0.2,ml100k,als,quota_mmr,2,0.0967958139976257
251,0.0,0.9814157266597278,0.0,0.2,ml100k,als,quota_mmr,2,0.11755538817044434
252,0.0,0.9503499386274655,0.0,0.3,ml100k,als,quota_mmr,2,0.11657687307907214
261,0.0,0.9970942991958881,0.0,0.2,ml100k,als,quota_mmr,2,0.09668190176226336
268,0.0,0.9737335163062514,0.0,0.2,ml100k,als,quota_mmr,2,0.2140372058144288
271,0.0,0.9642130420263872,0.0,0.2,ml100k,als,quota_mmr,2,0.0840230829857766
273,0.0,0.9827621885804784,0.0,0.3,ml100k,als,quota_mmr,2,0.07972593784529144
283,0.0,0.9884166142889815,0.0,0.2,ml100k,als,quota_mmr,2,0.08151070547729164
295,0.6309297535714575,0.9528531316044405,1.0,0.3,ml100k,als,quota_mmr,2,0.13758055798042218
296,0.0,0.7896876255380535,0.0,0.3,ml100k,als,quota_mmr,2,0.056407902388006914
305,0.0,0.9856999337978068,0.0,0.2,ml100k,als,quota_mmr,2,0.07786557487439051
309,0.0,0.9815130211355216,0.0,0.3,ml100k,als,quota_mmr,2,0.0491545373408047
312,0.0,0.9762298041038665,0.0,0.2,ml100k,als,quota_mmr,2,0.11794192691360877
326,0.0,0.9893833388529817,0.0,0.3,ml100k,als,quota_mmr,2,0.05910709854266322
328,0.0,0.932172096114803,0.0,0.2,ml100k,als,quota_mmr,2,0.16045522307648463
331,0.0,0.9667093127005282,0.0,0.3,ml100k,als,quota_mmr,2,0.19318082212534324
332,0.0,0.9827850577921278,0.0,0.2,ml100k,als,quota_mmr,2,0.07599710399999918
333,0.0,0.9057279835065166,0.0,0.2,ml100k,als,quota_mmr,2,0.05203612684059727
338,0.0,0.9428216954033353,0.0,0.2,ml100k,als,quota_mmr,2,0.22152291482121614
342,0.0,0.9841795369360418,0.0,0.3,ml100k,als,quota_mmr,2,0.09418133709734774
350,0.0,0.9190958572245274,0.0,0.3,ml100k,als,quota_mmr,2,0.13471653445709836
360,0.0,0.9520879199888751,0.0,0.3,ml100k,als,quota_mmr,2,0.12118060944060485
361,0.0,0.9201065870301898,0.0,0.2,ml100k,als,quota_mmr,2,0.059514775185663206
363,0.0,0.9871149749313216,0.0,0.3,ml100k,als,quota_mmr,2,0.14019619180315035
368,0.0,0.9557208393386013,0.0,0.2,ml100k,als,quota_mmr,2,0.12216335036956849
369,0.0,0.8726512013145251,0.0,0.3,ml100k,als,quota_mmr,2,0.14277809826928287
375,0.0,0.9820749512494134,0.0,0.2,ml100k,als,quota_mmr,2,0.11218531660084652
378,0.0,0.9615082273531794,0.0,0.3,ml100k,als,quota_mmr,2,0.13796736682147992
382,0.0,0.8654473553396335,0.0,0.3,ml100k,als,quota_mmr,2,0.1038449408254005
386,0.0,0.9581130131168577,0.0,0.2,ml100k,als,quota_mmr,2,0.12666008666675596
394,0.0,0.9842883540096486,0.0,0.3,ml100k,als,quota_mmr,2,0.10771524256841179
396,0.0,0.9826855774602531,0.0,0.2,ml100k,als,quota_mmr,2,0.0805071818283756
400,0.0,0.8879507302663938,0.0,0.2,ml100k,als,quota_mmr,2,0.08703582553314891
402,0.0,0.7789795656168128,0.0,0.2,ml100k,als,quota_mmr,2,0.0655815046946701
404,0.0,0.9379044812673981,0.0,0.2,ml100k,als,quota_mmr,2,0.062009664894963804
413,0.0,0.8541056282040623,0.0,0.2,ml100k,als,quota_mmr,2,0.09695047309957829
421,0.0,0.958158401425672,0.0,0.2,ml100k,als,quota_mmr,2,0.09841659556301757
422,0.0,0.9082248779105547,0.0,0.3,ml100k,als,quota_mmr,2,0.10301835715046022
424,1.0,0.9548183495587228,1.0,0.2,ml100k,als,quota_mmr,2,0.1577730585401045
427,0.0,0.9634498989914354,0.0,0.2,ml100k,als,quota_mmr,2,0.11930391468145118
430,0.0,0.96369747276059,0.0,0.3,ml100k,als,quota_mmr,2,0.11753084504317293
437,0.0,0.9334940342715329,0.0,0.2,ml100k,als,quota_mmr,2,0.10870575394363584
440,0.0,0.9334214470798861,0.0,0.2,ml100k,als,quota_mmr,2,0.08158064723630382
446,0.0,0.9785682856341195,0.0,0.3,ml100k,als,quota_mmr,2,0.06477250954483972
451,0.0,0.9508141631516083,0.0,0.3,ml100k,als,quota_mmr,2,0.1182999109706542
453,0.0,0.8844152591005421,0.0,0.3,ml100k,als,quota_mmr,2,0.06244733566260053
454,0.0,0.913107738789715,0.0,0.2,ml100k,als,quota_mmr,2,0.11110946529406499
455,0.0,0.9011670891344038,0.0,0.3,ml100k,als,quota_mmr,2,0.12227337910644512
465,0.0,0.9386421645381868,0.0,0.3,ml100k,als,quota_mmr,2,0.0771200118320793
471,0.0,0.9606592825384602,0.0,0.3,ml100k,als,quota_mmr,2,0.09661332353188057
473,0.0,0.976760099657233,0.0,0.2,ml100k,als,quota_mmr,2,0.1571566193609259
482,0.0,0.9694004382788786,0.0,0.2,ml100k,als,quota_mmr,2,0.06101757310606847
484,0.0,0.9875779076321245,0.0,0.2,ml100k,als,quota_mmr,2,0.1017264909202815
486,0.0,0.9846920529667619,0.0,0.2,ml100k,als,quota_mmr,2,0.04445676735645466
490,0.0,0.9357272058958707,0.0,0.2,ml100k,als,quota_mmr,2,0.11080129953881948
492,0.0,0.9966690331653997,0.0,0.3,ml100k,als,quota_mmr,2,0.13750183494098814
501,0.0,0.9398592664568158,0.0,0.2,ml100k,als,quota_mmr,2,0.13803528331181228
507,0.0,0.9117929480882642,0.0,0.3,ml100k,als,quota_mmr,2,0.17349632590548064
511,0.0,0.9504698899091897,0.0,0.3,ml100k,als,quota_mmr,2,0.10972461933068357
516,0.0,0.9066180538432324,0.0,0.2,ml100k,als,quota_mmr,2,0.10418318619323358
522,0.0,0.9657666048377445,0.0,0.2,ml100k,als,quota_mmr,2,0.08891675607324499
523,0.0,0.8750578472927819,0.0,0.3,ml100k,als,quota_mmr,2,0.11821630696202613
524,0.0,0.8216835195834541,0.0,0.3,ml100k,als,quota_mmr,2,0.12844450588113285
527,0.0,0.9295383256154713,0.0,0.2,ml100k,als,quota_mmr,2,0.05261351533951417
532,0.0,0.9564562998648221,0.0,0.3,ml100k,als,quota_mmr,2,0.17990203118014947
545,0.38685280723454163,0.9410948954364565,1.0,0.3,ml100k,als,quota_mmr,2,0.1498585881447196
547,0.0,0.9656559002002891,0.0,0.3,ml100k,als,quota_mmr,2,0.041391920581596346
549,0.0,0.9457533949205865,0.0,0.3,ml100k,als,quota_mmr,2,0.17962213943565927
550,0.0,0.9402653510016975,0.0,0.2,ml100k,als,quota_mmr,2,0.09751038000706898
551,0.0,0.8813891902651614,0.0,0.2,ml100k,als,quota_mmr,2,0.15980067735664685
552,0.0,0.9056537158468222,0.0,0.2,ml100k,als,quota_mmr,2,0.1355163871325659
554,0.0,0.9470334219250612,0.0,0.2,ml100k,als,quota_mmr,2,0.09203058328243
560,0.0,0.8679612363054419,0.0,0.3,ml100k,als,quota_mmr,2,0.12466250804818367
561,0.0,0.846557244071541,0.0,0.2,ml100k,als,quota_mmr,2,0.2063958450194004
575,0.0,0.8636919471499288,0.0,0.3,ml100k,als,quota_mmr,2,0.08324914133353653
576,0.0,0.9662926954298221,0.0,0.3,ml100k,als,quota_mmr,2,0.11359966709029999
587,0.6309297535714575,0.8972551428877406,1.0,0.3,ml100k,als,quota_mmr,2,0.07711290873239754
592,0.0,0.9754809242177281,0.0,0.3,ml100k,als,quota_mmr,2,0.14177354657093758
593,0.0,0.8542188056912412,0.0,0.2,ml100k,als,quota_mmr,2,0.10328193532958548
609,0.0,0.9717561088594115,0.0,0.3,ml100k,als,quota_mmr,2,0.06668583697906832
613,0.0,0.8293444036578748,0.0,0.2,ml100k,als,quota_mmr,2,0.07971552134385579
620,0.0,0.9603777338268996,0.0,0.2,ml100k,als,quota_mmr,2,0.13062255840576623
623,0.0,0.9699711867901277,0.0,0.3,ml100k,als,quota_mmr,2,0.1186379590819212
641,0.0,0.9615337575978077,0.0,0.2,ml100k,als,quota_mmr,2,0.13201355274091667
643,0.0,0.9481658326775999,0.0,0.3,ml100k,als,quota_mmr,2,0.1643408700500775
657,0.0,0.873452580414079,0.0,0.3,ml100k,als,quota_mmr,2,0.09269671081158776
667,0.0,0.9661302615721943,0.0,0.3,ml100k,als,quota_mmr,2,0.15986642865839792
672,0.0,0.9643561177641795,0.0,0.3,ml100k,als,quota_mmr,2,0.11612440055640551
675,0.0,0.9776769028893803,0.0,0.2,ml100k,als,quota_mmr,2,0.10106119983536768
682,1.0,0.9453222484126951,1.0,0.2,ml100k,als,quota_mmr,2,0.08783163683138594
687,0.0,0.9439131201631255,0.0,0.3,ml100k,als,quota_mmr,2,0.1563358451594652
688,0.0,0.9618841595469259,0.0,0.2,ml100k,als,quota_mmr,2,0.15625896594106414
692,0.38685280723454163,0.943639699204114,1.0,0.2,ml100k,als,quota_mmr,2,0.20423613579399366
703,0.43067655807339306,0.9038390890276257,1.0,0.2,ml100k,als,quota_mmr,2,0.09896647344683668
707,0.3562071871080222,0.8639259079407148,1.0,0.3,ml100k,als,quota_mmr,2,0.04443471197133834
708,0.0,0.9598376865827053,0.0,0.3,ml100k,als,quota_mmr,2,0.2575031444920606
710,0.0,0.8809132481281617,0.0,0.3,ml100k,als,quota_mmr,2,0.17634682006729524
713,0.0,0.9428123699951576,0.0,0.3,ml100k,als,quota_mmr,2,0.18227944511243296
714,0.0,0.9527089217628838,0.0,0.2,ml100k,als,quota_mmr,2,0.2722825916308558
720,0.3562071871080222,0.9406227198770077,1.0,0.3,ml100k,als,quota_mmr,2,0.16779128807727822
725,0.0,0.9390372921196162,0.0,0.3,ml100k,als,quota_mmr,2,0.042583970397014545
728,0.3562071871080222,0.9653739104864391,1.0,0.3,ml100k,als,quota_mmr,2,0.12411526200454905
729,0.0,0.9467809890348127,0.0,0.2,ml100k,als,quota_mmr,2,0.08632998650904664
732,0.0,0.8857162453679157,0.0,0.3,ml100k,als,quota_mmr,2,0.13495491282621444
734,0.0,0.957133740621642,0.0,0.2,ml100k,als,quota_mmr,2,0.13693926213949906
736,0.0,0.9927028178543958,0.0,0.3,ml100k,als,quota_mmr,2,0.12422906260575828
748,0.0,0.9515452039038178,0.0,0.3,ml100k,als,quota_mmr,2,0.09001643085981673
750,0.0,0.9620949226319369,0.0,0.3,ml100k,als,quota_mmr,2,0.11313599859226596
751,0.0,0.8843963976516064,0.0,0.3,ml100k,als,quota_mmr,2,0.04869576191155527
759,0.0,0.9536215950992287,0.0,0.3,ml100k,als,quota_mmr,2,0.18159670242150924
760,0.0,0.95290318752347,0.0,0.2,ml100k,als,quota_mmr,2,0.11426626991783323
762,0.0,0.9496182995692765,0.0,0.2,ml100k,als,quota_mmr,2,0.19953288759142043
770,0.0,0.9318893317795948,0.0,0.2,ml100k,als,quota_mmr,2,0.1322304657498643
773,0.0,0.9704210089196093,0.0,0.2,ml100k,als,quota_mmr,2,0.08012830706026221
786,0.0,0.9623510780764633,0.0,0.3,ml100k,als,quota_mmr,2,0.11704853777542958
790,0.0,0.8844251170769931,0.0,0.3,ml100k,als,quota_mmr,2,0.11547610614262059
816,0.0,0.8806757019503431,0.0,0.3,ml100k,als,quota_mmr,2,0.09808015058389703
831,0.0,0.955940848253171,0.0,0.2,ml100k,als,quota_mmr,2,0.10512765795466814
832,0.0,0.863034171258602,0.0,0.2,ml100k,als,quota_mmr,2,0.172494592788968
841,0.0,0.9243956273668767,0.0,0.2,ml100k,als,quota_mmr,2,0.11940194426881308
842,0.0,0.8672723133283152,0.0,0.2,ml100k,als,quota_mmr,2,0.1136678253922505
845,0.0,0.9332546100033697,0.0,0.2,ml100k,als,quota_mmr,2,0.10432971415049598
846,0.0,0.955536570854528,0.0,0.3,ml100k,als,quota_mmr,2,0.10487581796851572
847,0.0,0.9150408394885189,0.0,0.2,ml100k,als,quota_mmr,2,0.09313014060226878
856,0.0,0.9538021156059253,0.0,0.3,ml100k,als,quota_mmr,2,0.08090979865583559
859,0.0,0.9028322266907581,0.0,0.3,ml100k,als,quota_mmr,2,0.1306957049567634
865,0.3562071871080222,0.9256999044365439,1.0,0.3,ml100k,als,quota_mmr,2,0.2583265262406246
871,0.0,0.9814655689246897,0.0,0.2,ml100k,als,quota_mmr,2,0.09980015554788765
875,0.0,0.9765849238665237,0.0,0.2,ml100k,als,quota_mmr,2,0.24890742777631555
880,0.0,0.9928518850589518,0.0,0.3,ml100k,als,quota_mmr,2,0.14750497150496353
881,0.0,0.9487382351111051,0.0,0.2,ml100k,als,quota_mmr,2,0.09792603182014135
887,0.0,0.9686274430016543,0.0,0.2,ml100k,als,quota_mmr,2,0.1878376585149287
888,0.0,0.9059842825976034,0.0,0.2,ml100k,als,quota_mmr,2,0.13556877703597664
897,0.0,0.9918632224096886,0.0,0.2,ml100k,als,quota_mmr,2,0.07841031867882127
899,0.0,0.9339394228548149,0.0,0.2,ml100k,als,quota_mmr,2,0.08230328423905771
901,0.0,0.9471542301566546,0.0,0.3,ml100k,als,quota_mmr,2,0.1857183920670394
902,0.0,0.9555440694373031,0.0,0.3,ml100k,als,quota_mmr,2,0.10734678177311989
903,0.0,0.9511861140456788,0.0,0.2,ml100k,als,quota_mmr,2,0.21457360090726998
904,0.0,0.9336959863436665,0.0,0.3,ml100k,als,quota_mmr,2,0.10137089266289419
907,0.0,0.9830566321048213,0.0,0.3,ml100k,als,quota_mmr,2,0.09011438339251647
908,0.0,0.9488976426219594,0.0,0.3,ml100k,als,quota_mmr,2,0.17797845149383495
913,0.0,0.9569259550829855,0.0,0.2,ml100k,als,quota_mmr,2,0.1048069726693616
914,0.0,0.9298493882903089,0.0,0.3,ml100k,als,quota_mmr,2,0.14884109595145875
915,0.0,0.9612683220141923,0.0,0.3,ml100k,als,quota_mmr,2,0.1494358434715303
926,0.0,0.9507630086796286,0.0,0.3,ml100k,als,quota_mmr,2,0.11484477338212652
929,0.5,0.9407674153203193,1.0,0.2,ml100k,als,quota_mmr,2,0.06738059296072772
931,0.0,0.9587818092843015,0.0,0.3,ml100k,als,quota_mmr,2,0.09653570733139737
932,0.0,0.9374564885854955,0.0,0.3,ml100k,als,quota_mmr,2,0.13185538144578526
933,0.0,0.9759927867645544,0.0,0.2,ml100k,als,quota_mmr,2,0.07878562024733234
936,0.0,0.9678362842179891,0.0,0.2,ml100k,als,quota_mmr,2,0.1267705006556109
