user_row,ndcg,ndcg_vs_retrieval,recall,exposure_parity,dataset,family,reranker,repeat,n_candidates,intra_list_similarity
2,0.0,1.0,0.0,1.5,ml100k,popularity,none,0,100,
4,0.0,1.0,0.0,0.9,ml100k,popularity,none,0,100,
7,0.0,1.0,0.0,1.3,ml100k,popularity,none,0,100,
14,0.0,1.0,0.0,1.3,ml100k,popularity,none,0,100,
19,0.0,1.0,0.0,1.3,ml100k,popularity,none,0,100,
25,0.0,1.0,0.0,1.5,ml100k,popularity,none,0,100,
29,0.0,1.0,0.0,1.1,ml100k,popularity,none,0,100,
34,0.0,1.0,0.0,0.8,ml100k,popularity,none,0,100,
45,0.0,1.0,0.0,1.1,ml100k,popularity,none,0,100,
63,0.0,1.0,0.0,1.3,ml100k,popularity,none,0,100,
67,0.0,1.0,0.0,1.3,ml100k,popularity,none,0,100,
70,0.0,1.0,0.0,1.5,ml100k,popularity,none,0,100,
78,0.0,1.0,0.0,1.5,ml100k,popularity,none,0,100,
79,0.0,1.0,0.0,1.5,ml100k,popularity,none,0,100,
110,0.0,1.0,0.0,1.3,ml100k,popularity,none,0,100,
122,0.6309297535714575,1.0,1.0,1.3,ml100k,popularity,none,0,100,
149,0.0,1.0,0.0,1.1,ml100k,popularity,none,0,100,
153,0.3010299956639812,1.0,1.0,1.3,ml100k,popularity,none,0,100,
212,0.0,1.0,0.0,1.1,ml100k,popularity,none,0,100,
228,0.0,1.0,0.0,1.5,ml100k,popularity,none,0,100,
229,0.0,1.0,0.0,0.5,ml100k,popularity,none,0,100,
235,0.5,1.0,1.0,1.3,ml100k,popularity,none,0,100,
239,0.0,1.0,0.0,1.5,ml100k,popularity,none,0,100,
247,0.0,1.0,0.0,1.1,ml100k,popularity,none,0,100,
261,0.0,1.0,0.0,0.3,ml100k,popularity,none,0,100,
264,0.0,1.0,0.0,1.3,ml100k,popularity,none,0,100,
283,0.0,1.0,0.0,1.1,ml100k,popularity,none,0,100,
298,0.3154648767857287,1.0,1.0,1.1,ml100k,popularity,none,0,100,
306,0.0,1.0,0.0,1.3,ml100k,popularity,none,0,100,
314,0.0,1.0,0.0,1.1,ml100k,popularity,none,0,100,
330,0.0,1.0,0.0,1.1,ml100k,popularity,none,0,100,
341,0.0,1.0,0.0,0.9,ml100k,popularity,none,0,100,
342,0.5,1.0,1.0,0.6,ml100k,popularity,none,0,100,
343,0.0,1.0,0.0,1.5,ml100k,popularity,none,0,100,
352,0.0,1.0,0.0,1.3,ml100k,popularity,none,0,100,
355,0.0,1.0,0.0,1.1,ml100k,popularity,none,0,100,
356,0.0,1.0,0.0,1.3,ml100k,popularity,none,0,100,
365,0.0,1.0,0.0,1.5,ml100k,popularity,none,0,100,
373,0.0,1.0,0.0,0.6,ml100k,popularity,none,0,100,
387,0.0,1.0,0.0,1.3,ml100k,popularity,none,0,100,
412,1.0,1.0,1.0,1.3,ml100k,popularity,none,0,100,
424,0.0,1.0,0.0,1.3,ml100k,popularity,none,0,100,
431,0.0,1.0,0.0,1.1,ml100k,popularity,none,0,100,
432,0.0,1.0,0.0,1.5,ml100k,popularity,none,0,100,
445,0.0,1.0,0.0,1.3,ml100k,popularity,none,0,100,
467,0.0,1.0,0.0,1.3,ml100k,popularity,none,0,100,
468,0.0,1.0,0.0,1.5,ml100k,popularity,none,0,100,
469,0.0,1.0,0.0,0.4,ml100k,popularity,none,0,100,
475,0.0,1.0,0.0,1.1,ml100k,popularity,none,0,100,
479,0.0,1.0,0.0,1.3,ml100k,popularity,none,0,100,
482,0.0,1.0,0.0,0.8,ml100k,popularity,none,0,100,
489,0.0,1.0,0.0,1.3,ml100k,popularity,none,0,100,
519,0.0,1.0,0.0,1.1,ml100k,popularity,none,0,100,
526,0.0,1.0,0.0,1.3,ml100k,popularity,none,0,100,
528,0.0,1.0,0.0,1.5,ml100k,popularity,none,0,100,
538,0.0,1.0,0.0,1.3,ml100k,popularity,none,0,100,
543,0.0,1.0,0.0,1.5,ml100k,popularity,none,0,100,
549,0.0,1.0,0.0,1.3,ml100k,popularity,none,0,100,
552,0.0,1.0,0.0,1.3,ml100k,popularity,none,0,100,
554,0.0,1.0,0.0,1.5,ml100k,popularity,none,0,100,
576,0.0,1.0,0.0,0.9,ml100k,popularity,none,0,100,
580,0.3868528072345416,1.0,1.0,1.1,ml100k,popularity,none,0,100,
585,0.0,1.0,0.0,1.5,ml100k,popularity,none,0,100,
587,0.3868528072345416,1.0,1.0,1.3,ml100k,popularity,none,0,100,
596,0.0,1.0,0.0,1.3,ml100k,popularity,none,0,100,
617,0.0,1.0,0.0,0.9,ml100k,popularity,none,0,100,
621,0.0,1.0,0.0,1.3,ml100k,popularity,none,0,100,
623,0.0,1.0,0.0,0.7,ml100k,popularity,none,0,100,
626,0.0,1.0,0.0,1.1,ml100k,popularity,none,0,100,
636,0.0,1.0,0.0,1.3,ml100k,popularity,none,0,100,
637,0.0,1.0,0.0,1.5,ml100k,popularity,none,0,100,
657,0.0,1.0,0.0,1.5,ml100k,popularity,none,0,100,
659,0.0,1.0,0.0,0.9,ml100k,popularity,none,0,100,
666,0.0,1.0,0.0,0.8,ml100k,popularity,none,0,100,
667,0.0,1.0,0.0,1.1,ml100k,popularity,none,0,100,
669,0.0,1.0,0.0,1.3,ml100k,popularity,none,0,100,
683,0.0,1.0,0.0,1.3,ml100k,popularity,none,0,100,
693,0.0,1.0,0.0,1.3,ml100k,popularity,none,0,100,
705,0.3333333333333333,1.0,1.0,1.3,ml100k,popularity,none,0,100,
708,0.0,1.0,0.0,1.3,ml100k,popularity,none,0,100,
717,0.0,1.0,0.0,0.9,ml100k,popularity,none,0,100,
722,0.0,1.0,0.0,1.5,ml100k,popularity,none,0,100,
739,0.0,1.0,0.0,1.3,ml100k,popularity,none,0,100,
745,0.0,1.0,0.0,1.1,ml100k,popularity,none,0,100,
757,0.0,1.0,0.0,1.1,ml100k,popularity,none,0,100,
759,0.0,1.0,0.0,1.5,ml100k,popularity,none,0,100,
771,0.0,1.0,0.0,1.1,ml100k,popularity,none,0,100,
780,0.0,1.0,0.0,1.5,ml100k,popularity,none,0,100,
785,0.0,1.0,0.0,0.7,ml100k,popularity,none,0,100,
794,0.0,1.0,0.0,1.3,ml100k,popularity,none,0,100,
806,0.0,1.0,0.0,1.3,ml100k,popularity,none,0,100,
817,0.0,1.0,0.0,1.5,ml100k,popularity,none,0,100,
832,0.0,1.0,0.0,1.3,ml100k,popularity,none,0,100,
856,0.0,1.0,0.0,0.9,ml100k,popularity,none,0,100,
860,0.0,1.0,0.0,1.3,ml100k,popularity,none,0,100,
869,0.0,1.0,0.0,0.7,ml100k,popularity,none,0,100,
881,0.0,1.0,0.0,1.3,ml100k,popularity,none,0,100,
894,0.0,1.0,0.0,1.3,ml100k,popularity,none,0,100,
913,0.0,1.0,0.0,1.5,ml100k,popularity,none,0,100,
934,0.0,1.0,0.0,1.3,ml100k,popularity,none,0,100,
2,0.0,1.0,0.0,1.5,ml100k,popularity,greedy_topk,0,100,0.5438269742339117
4,0.0,1.0,0.0,0.9,ml100k,popularity,greedy_topk,0,100,0.4030551621947433
7,0.0,1.0,0.0,1.3,ml100k,popularity,greedy_topk,0,100,0.494854693571831
14,0.0,1.0,0.0,1.3,ml100k,popularity,greedy_topk,0,100,0.4827714806992631
19,0.0,1.0,0.0,1.3,ml100k,popularity,greedy_topk,0,100,0.5025495877749062
25,0.0,1.0,0.0,1.5,ml100k,popularity,greedy_topk,0,100,0.4197972142725361
29,0.0,1.0,0.0,1.1,ml100k,popularity,greedy_topk,0,100,0.4228580777051972
34,0.0,1.0,0.0,0.8,ml100k,popularity,greedy_topk,0,100,0.2954800800383333
45,0.0,1.0,0.0,1.1,ml100k,popularity,greedy_topk,0,100,0.4200230730924827
63,0.0,1.0,0.0,1.3,ml100k,popularity,greedy_topk,0,100,0.4654009296664574
67,0.0,1.0,0.0,1.3,ml100k,popularity,greedy_topk,0,100,0.4678650101448984
70,0.0,1.0,0.0,1.5,ml100k,popularity,greedy_topk,0,100,0.4293677778997288
78,0.0,1.0,0.0,1.5,ml100k,popularity,greedy_topk,0,100,0.4743321806133987
79,0.0,1.0,0.0,1.5,ml100k,popularity,greedy_topk,0,100,0.5122360593745131
110,0.0,1.0,0.0,1.3,ml100k,popularity,greedy_topk,0,100,0.4731337970277884
122,0.6309297535714575,1.0,1.0,1.3,ml100k,popularity,greedy_topk,0,100,0.451758639549724
149,0.0,1.0,0.0,1.1,ml100k,popularity,greedy_topk,0,100,0.4443568431666296
153,0.3010299956639812,1.0,1.0,1.3,ml100k,popularity,greedy_topk,0,100,0.4761640309039405
212,0.0,1.0,0.0,1.1,ml100k,popularity,greedy_topk,0,100,0.4338915488083033
228,0.0,1.0,0.0,1.5,ml100k,popularity,greedy_topk,0,100,0.5246389787825264
229,0.0,1.0,0.0,0.5,ml100k,popularity,greedy_topk,0,100,0.3285383290759506
235,0.5,1.0,1.0,1.3,ml100k,popularity,greedy_topk,0,100,0.4360837705641265
239,0.0,1.0,0.0,1.5,ml100k,popularity,greedy_topk,0,100,0.4753960547579856
247,0.0,1.0,0.0,1.1,ml100k,popularity,greedy_topk,0,100,0.4560489351635006
261,0.0,1.0,0.0,0.3,ml100k,popularity,greedy_topk,0,100,0.3707341597877527
264,0.0,1.0,0.0,1.3,ml100k,popularity,greedy_topk,0,100,0.4409240032337336
283,0.0,1.0,0.0,1.1,ml100k,popularity,greedy_topk,0,100,0.4353814789476176
298,0.3154648767857287,1.0,1.0,1.1,ml100k,popularity,greedy_topk,0,100,0.435645889621165
306,0.0,1.0,0.0,1.3,ml100k,popularity,greedy_topk,0,100,0.4908261763632746
314,0.0,1.0,0.0,1.1,ml100k,popularity,greedy_topk,0,100,0.4580044404703357
330,0.0,1.0,0.0,1.1,ml100k,popularity,greedy_topk,0,100,0.4410264127048698
341,0.0,1.0,0.0,0.9,ml100k,popularity,greedy_topk,0,100,0.3571089681610812
342,0.5,1.0,1.0,0.6,ml100k,popularity,greedy_topk,0,100,0.3618531858851668
343,0.0,1.0,0.0,1.5,ml100k,popularity,greedy_topk,0,100,0.5438269742339117
352,0.0,1.0,0.0,1.3,ml100k,popularity,greedy_topk,0,100,0.3345842140039288
355,0.0,1.0,0.0,1.1,ml100k,popularity,greedy_topk,0,100,0.4492296623494529
356,0.0,1.0,0.0,1.3,ml100k,popularity,greedy_topk,0,100,0.418559948108642
365,0.0,1.0,0.0,1.5,ml100k,popularity,greedy_topk,0,100,0.5246389787825264
373,0.0,1.0,0.0,0.6,ml100k,popularity,greedy_topk,0,100,0.2959661692835381
387,0.0,1.0,0.0,1.3,ml100k,popularity,greedy_topk,0,100,0.494854693571831
412,1.0,1.0,1.0,1.3,ml100k,popularity,greedy_topk,0,100,0.4734783114547611
424,0.0,1.0,0.0,1.3,ml100k,popularity,greedy_topk,0,100,0.4295474042147403
431,0.0,1.0,0.0,1.1,ml100k,popularity,greedy_topk,0,100,0.4147950214118276
432,0.0,1.0,0.0,1.5,ml100k,popularity,greedy_topk,0,100,0.5438269742339117
445,0.0,1.0,0.0,1.3,ml100k,popularity,greedy_topk,0,100,0.4817974382824916
467,0.0,1.0,0.0,1.3,ml100k,popularity,greedy_topk,0,100,0.4669119597653027
468,0.0,1.0,0.0,1.5,ml100k,popularity,greedy_topk,0,100,0.4993831007601783
469,0.0,1.0,0.0,0.4,ml100k,popularity,greedy_topk,0,100,0.3435366475920399
475,0.0,1.0,0.0,1.1,ml100k,popularity,greedy_topk,0,100,0.4453580739431327
479,0.0,1.0,0.0,1.3,ml100k,popularity,greedy_topk,0,100,0.439491629093617
482,0.0,1.0,0.0,0.8,ml100k,popularity,greedy_topk,0,100,0.3411083554096511
489,0.0,1.0,0.0,1.3,ml100k,popularity,greedy_topk,0,100,0.4428446440245034
519,0.0,1.0,0.0,1.1,ml100k,popularity,greedy_topk,0,100,0.4230589161380504
526,0.0,1.0,0.0,1.3,ml100k,popularity,greedy_topk,0,100,0.4655407529995957
528,0.0,1.0,0.0,1.5,ml100k,popularity,greedy_topk,0,100,0.4430954055613779
538,0.0,1.0,0.0,1.3,ml100k,popularity,greedy_topk,0,100,0.4360837705641265
543,0.0,1.0,0.0,1.5,ml100k,popularity,greedy_topk,0,100,0.5438269742339117
549,0.0,1.0,0.0,1.3,ml100k,popularity,greedy_topk,0,100,0.4468159978686837
552,0.0,1.0,0.0,1.3,ml100k,popularity,greedy_topk,0,100,0.4733116343171371
554,0.0,1.0,0.0,1.5,ml100k,popularity,greedy_topk,0,100,0.4748939646107228
576,0.0,1.0,0.0,0.9,ml100k,popularity,greedy_topk,0,100,0.3762268426968862
580,0.3868528072345416,1.0,1.0,1.1,ml100k,popularity,greedy_topk,0,100,0.414872203960005
585,0.0,1.0,0.0,1.5,ml100k,popularity,greedy_topk,0,100,0.5079891267889785
587,0.3868528072345416,1.0,1.0,1.3,ml100k,popularity,greedy_topk,0,100,0.497442605306669
596,0.0,1.0,0.0,1.3,ml100k,popularity,greedy_topk,0,100,0.4531890207103664
617,0.0,1.0,0.0,0.9,ml100k,popularity,greedy_topk,0,100,0.284953986897963
621,0.0,1.0,0.0,1.3,ml100k,popularity,greedy_topk,0,100,0.4341989709594758
623,0.0,1.0,0.0,0.7,ml100k,popularity,greedy_topk,0,100,0.3736855368347875
626,0.0,1.0,0.0,1.1,ml100k,popularity,greedy_topk,0,100,0.4225138939702079
636,0.0,1.0,0.0,1.3,ml100k,popularity,greedy_topk,0,100,0.441151067051816
637,0.0,1.0,0.0,1.5,ml100k,popularity,greedy_topk,0,100,0.5438269742339117
657,0.0,1.0,0.0,1.5,ml100k,popularity,greedy_topk,0,100,0.4478753853344303
659,0.0,1.0,0.0,0.9,ml100k,popularity,greedy_topk,0,100,0.4286188568936476
666,0.0,1.0,0.0,0.8,ml100k,popularity,greedy_topk,0,100,0.3365133088222372
667,0.0,1.0,0.0,1.1,ml100k,popularity,greedy_topk,0,100,0.4412870086304233
669,0.0,1.0,0.0,1.3,ml100k,popularity,greedy_topk,0,100,0.4740176736950994
683,0.0,1.0,0.0,1.3,ml100k,popularity,greedy_topk,0,100,0.4251587964878257
693,0.0,1.0,0.0,1.3,ml100k,popularity,greedy_topk,0,100,0.4574341725787708
705,0.3333333333333333,1.0,1.0,1.3,ml100k,popularity,greedy_topk,0,100,0.4595356703029806
708,0.0,1.0,0.0,1.3,ml100k,popularity,greedy_topk,0,100,0.4590968932041709
717,0.0,1.0,0.0,0.9,ml100k,popularity,greedy_topk,0,100,0.4168841230686564
722,0.0,1.0,0.0,1.5,ml100k,popularity,greedy_topk,0,100,0.4547421235165571
739,0.0,1.0,0.0,1.3,ml100k,popularity,greedy_topk,0,100,0.4627999877923043
745,0.0,1.0,0.0,1.1,ml100k,popularity,greedy_topk,0,100,0.4368547485825834
757,0.0,1.0,0.0,1.1,ml100k,popularity,greedy_topk,0,100,0.4400381433579726
759,0.0,1.0,0.0,1.5,ml100k,popularity,greedy_topk,0,100,0.5438269742339117
771,0.0,1.0,0.0,1.1,ml100k,popularity,greedy_topk,0,100,0.4385800186861142
780,0.0,1.0,0.0,1.5,ml100k,popularity,greedy_topk,0,100,0.4997447550822193
785,0.0,1.0,0.0,0.7,ml100k,popularity,greedy_topk,0,100,0.3409830755899676
794,0.0,1.0,0.0,1.3,ml100k,popularity,greedy_topk,0,100,0.4686152284700159
806,0.0,1.0,0.0,1.3,ml100k,popularity,greedy_topk,0,100,0.4278453872956191
817,0.0,1.0,0.0,1.5,ml100k,popularity,greedy_topk,0,100,0.4720533477341276
832,0.0,1.0,0.0,1.3,ml100k,popularity,greedy_topk,0,100,0.467931400095214
856,0.0,1.0,0.0,0.9,ml100k,popularity,greedy_topk,0,100,0.4202830815900223
860,0.0,1.0,0.0,1.3,ml100k,popularity,greedy_topk,0,100,0.4761640309039405
869,0.0,1.0,0.0,0.7,ml100k,popularity,greedy_topk,0,100,0.3538564647778144
881,0.0,1.0,0.0,1.3,ml100k,popularity,greedy_topk,0,100,0.4374548183792778
894,0.0,1.0,0.0,1.3,ml100k,popularity,greedy_topk,0,100,0.4750982715216493
913,0.0,1.0,0.0,1.5,ml100k,popularity,greedy_topk,0,100,0.432554881138053
934,0.0,1.0,0.0,1.3,ml100k,popularity,greedy_topk,0,100,0.4625094294990642
2,0.0,0.9888790184573706,0.0,1.1,ml100k,popularity,mmr,0,100,0.49427132323217
4,0.0,0.9409351718497486,0.0,0.9,ml100k,popularity,mmr,0,100,0.279757395931109
7,0.0,0.9947809324388792,0.0,1.1,ml100k,popularity,mmr,0,100,0.4865880265240311
14,0.0,0.9926864788087588,0.0,1.1,ml100k,popularity,mmr,0,100,0.4786798255425452
19,0.0,0.9767254724318536,0.0,1.3,ml100k,popularity,mmr,0,100,0.4525374056299623
25,0.0,0.9844897926491848,0.0,0.9,ml100k,popularity,mmr,0,100,0.3668996335322637
29,0.0,0.988342204287808,0.0,1.1,ml100k,popularity,mmr,0,100,0.3878606442481923
34,0.0,0.9260634173666884,0.0,0.9,ml100k,popularity,mmr,0,100,0.2021151950713165
45,0.2890648263178879,0.9934104892368708,1.0,0.7,ml100k,popularity,mmr,0,100,0.3938208615018704
63,0.0,0.9950957851328628,0.0,1.1,ml100k,popularity,mmr,0,100,0.4645077989752521
67,0.0,0.96974921103325,0.0,0.8,ml100k,popularity,mmr,0,100,0.3732995041323948
70,0.0,0.9932260542302132,0.0,1.3,ml100k,popularity,mmr,0,100,0.4055983253121051
78,0.0,0.9945254776411008,0.0,1.3,ml100k,popularity,mmr,0,100,0.449673969257733
79,0.0,0.9749637690295626,0.0,1.0,ml100k,popularity,mmr,0,100,0.4426129719963442
110,0.0,0.9874030947466834,0.0,1.3,ml100k,popularity,mmr,0,100,0.435832678337814
122,0.6309297535714575,0.9925133803591272,1.0,0.9,ml100k,popularity,mmr,0,100,0.4298564034880539
149,0.3010299956639812,0.9871861049350384,1.0,0.9,ml100k,popularity,mmr,0,100,0.4144178360920525
153,0.0,0.9885499969424152,0.0,0.9,ml100k,popularity,mmr,0,100,0.4566768723473947
212,0.0,0.9935701241226836,0.0,0.9,ml100k,popularity,mmr,0,100,0.4199544853527878
228,0.0,0.9891606868831032,0.0,1.3,ml100k,popularity,mmr,0,100,0.4803188404515361
229,0.0,0.9825293623621906,0.0,0.7,ml100k,popularity,mmr,0,100,0.3091423479410808
235,0.5,0.993339565605979,1.0,1.1,ml100k,popularity,mmr,0,100,0.4185445467216314
239,0.0,0.9875078353107424,0.0,1.1,ml100k,popularity,mmr,0,100,0.4340647372766015
247,0.0,0.9959519252291034,0.0,0.9,ml100k,popularity,mmr,0,100,0.4331454035337759
261,0.0,0.9488651102109034,0.0,0.4,ml100k,popularity,mmr,0,100,0.2827897507263173
264,0.0,0.9919926890941496,0.0,0.9,ml100k,popularity,mmr,0,100,0.4251803171510226
283,0.0,0.9801963638589506,0.0,0.9,ml100k,popularity,mmr,0,100,0.3915574617972485
298,0.3154648767857287,0.9984441453631404,1.0,1.1,ml100k,popularity,mmr,0,100,0.4302487175261146
306,0.0,0.9865437420749504,0.0,0.9,ml100k,popularity,mmr,0,100,0.4656950057311501
314,0.0,0.9875577099557152,0.0,0.7,ml100k,popularity,mmr,0,100,0.4039659710597562
330,0.0,0.987061088888586,0.0,0.7,ml100k,popularity,mmr,0,100,0.3984256562797646
341,0.0,0.975130124884223,0.0,0.9,ml100k,popularity,mmr,0,100,0.3173863442379254
342,0.5,0.991870500603226,1.0,0.6,ml100k,popularity,mmr,0,100,0.3335247406809993
343,0.0,0.988204315651214,0.0,1.1,ml100k,popularity,mmr,0,100,0.4853766390986552
352,0.0,0.8880910116755426,0.0,0.5,ml100k,popularity,mmr,0,100,0.1850413098983257
355,0.0,0.9922841800834232,0.0,0.9,ml100k,popularity,mmr,0,100,0.4203577903298037
356,0.0,1.0,0.0,1.3,ml100k,popularity,mmr,0,100,0.418559948108642
365,0.0,0.9986781325467198,0.0,1.3,ml100k,popularity,mmr,0,100,0.5163502611547269
373,0.0,0.8945912095892138,0.0,0.9,ml100k,popularity,mmr,0,100,0.2276440215899483
387,0.0,0.985927568265906,0.0,0.9,ml100k,popularity,mmr,0,100,0.4605369336443258
412,1.0,0.9753316126119788,1.0,0.8,ml100k,popularity,mmr,0,100,0.3803414081062665
424,0.0,0.9997223486199668,0.0,1.3,ml100k,popularity,mmr,0,100,0.4320649724335987
431,0.0,0.989255868115162,0.0,1.0,ml100k,popularity,mmr,0,100,0.3595568591641165
432,0.0,0.9993252971938432,0.0,1.3,ml100k,popularity,mmr,0,100,0.5337506556818484
445,0.0,0.9856352244261872,0.0,0.9,ml100k,popularity,mmr,0,100,0.4599831355873502
467,0.0,0.9945276492441492,0.0,1.1,ml100k,popularity,mmr,0,100,0.4408528472440063
468,0.0,0.985476254349482,0.0,1.1,ml100k,popularity,mmr,0,100,0.4643767032819951
469,0.0,0.9975635133934492,0.0,0.5,ml100k,popularity,mmr,0,100,0.3338088484743102
475,0.0,0.9879149768116776,0.0,0.7,ml100k,popularity,mmr,0,100,0.400278682049598
479,0.0,0.995946702944008,0.0,1.1,ml100k,popularity,mmr,0,100,0.4224119524410754
482,0.0,0.956155299492948,0.0,0.9,ml100k,popularity,mmr,0,100,0.2636700136352998
489,0.0,0.9696316290706828,0.0,0.7,ml100k,popularity,mmr,0,100,0.3748292518489318
519,0.0,0.9953772847624331,0.0,0.9,ml100k,popularity,mmr,0,100,0.413255487143233
526,0.0,0.9826459754922052,0.0,0.9,ml100k,popularity,mmr,0,100,0.4110238795681447
528,0.0,0.991916244497098,0.0,1.1,ml100k,popularity,mmr,0,100,0.4238404192458986
538,0.0,0.9983348914014948,0.0,1.1,ml100k,popularity,mmr,0,100,0.4353789405679009
543,0.0,0.9728800370235846,0.0,0.9,ml100k,popularity,mmr,0,100,0.4483803063089254
549,0.0,0.9941919656933864,0.0,1.1,ml100k,popularity,mmr,0,100,0.4275884493882884
552,0.0,0.979659575160797,0.0,0.9,ml100k,popularity,mmr,0,100,0.4069932807521236
554,0.0,0.9901278928580528,0.0,1.3,ml100k,popularity,mmr,0,100,0.4489538898210657
576,0.0,0.9582785756075332,0.0,0.7,ml100k,popularity,mmr,0,100,0.3295230556184514
580,0.3868528072345416,0.9812338510979204,1.0,0.7,ml100k,popularity,mmr,0,100,0.3923709900050655
585,0.0,0.983456215203752,0.0,1.1,ml100k,popularity,mmr,0,100,0.4566843477331386
587,0.3868528072345416,0.9860501365422196,1.0,0.9,ml100k,popularity,mmr,0,100,0.4611902580992242
596,0.0,0.9945528111116788,0.0,1.1,ml100k,popularity,mmr,0,100,0.4446432292779337
617,0.0,0.9827805344089084,0.0,1.1,ml100k,popularity,mmr,0,100,0.260998020659161
621,0.0,0.9938104288804526,0.0,0.9,ml100k,popularity,mmr,0,100,0.4027611352348965
623,0.0,0.9926806893988058,0.0,0.7,ml100k,popularity,mmr,0,100,0.364921137094454
626,0.0,0.990774520284506,0.0,0.9,ml100k,popularity,mmr,0,100,0.3398594081393667
636,0.0,0.99346238618731,0.0,1.1,ml100k,popularity,mmr,0,100,0.429666370173111
637,0.0,0.9888790184573706,0.0,1.1,ml100k,popularity,mmr,0,100,0.49427132323217
657,0.0,0.998636560948955,0.0,1.3,ml100k,popularity,mmr,0,100,0.4435180908057684
659,0.0,0.9777228403774408,0.0,0.6,ml100k,popularity,mmr,0,100,0.3557013862991278
666,0.0,0.9835950249610158,0.0,0.8,ml100k,popularity,mmr,0,100,0.3152154344773706
667,0.0,0.9982967441840694,0.0,1.1,ml100k,popularity,mmr,0,100,0.4436469519739902
669,0.0,0.9984489945038252,0.0,1.3,ml100k,popularity,mmr,0,100,0.4708875059637186
683,0.0,0.9789987629637812,0.0,1.1,ml100k,popularity,mmr,0,100,0.3735402203925619
693,0.0,0.9825274913157868,0.0,0.9,ml100k,popularity,mmr,0,100,0.4053246335972986
705,0.3333333333333333,1.0,1.0,1.3,ml100k,popularity,mmr,0,100,0.4595356703029806
708,0.0,0.9922856946615348,0.0,0.9,ml100k,popularity,mmr,0,100,0.4417411196563391
717,0.0,0.9862950610965402,0.0,0.6,ml100k,popularity,mmr,0,100,0.3823979504919512
722,0.0,0.9945778311398148,0.0,1.3,ml100k,popularity,mmr,0,100,0.4381434411556181
739,0.0,1.0,0.0,1.3,ml100k,popularity,mmr,0,100,0.4627999877923042
745,0.0,0.982738888981133,0.0,0.7,ml100k,popularity,mmr,0,100,0.383535158783662
757,0.0,0.9944552730707172,0.0,0.9,ml100k,popularity,mmr,0,100,0.3982577041547406
759,0.0,0.9779110493450618,0.0,1.0,ml100k,popularity,mmr,0,100,0.4569389090283005
771,0.0,0.9895087371995536,0.0,0.9,ml100k,popularity,mmr,0,100,0.4205247820629124
780,0.0,0.9948492879994588,0.0,1.3,ml100k,popularity,mmr,0,100,0.4908309371537707
785,0.0,0.9834683412953192,0.0,0.4,ml100k,popularity,mmr,0,100,0.3183536203785455
794,0.0,0.9863771668204524,0.0,0.9,ml100k,popularity,mmr,0,100,0.4503988511828253
806,0.0,0.9588906890384632,0.0,0.7,ml100k,popularity,mmr,0,100,0.3209438924287796
817,0.0,0.9637998788409204,0.0,1.3,ml100k,popularity,mmr,0,100,0.3829082041206979
832,0.0,0.9899087360010674,0.0,0.9,ml100k,popularity,mmr,0,100,0.4534451639980736
856,0.0,0.9841394597163402,0.0,0.6,ml100k,popularity,mmr,0,100,0.362775158499063
860,0.0,0.9946185349334916,0.0,1.1,ml100k,popularity,mmr,0,100,0.4770993954620055
869,0.0,0.991451039032971,0.0,0.9,ml100k,popularity,mmr,0,100,0.3424566319164569
881,0.0,0.9865454134724174,0.0,0.9,ml100k,popularity,mmr,0,100,0.3885674990103733
894,0.0,0.9901142587736628,0.0,1.1,ml100k,popularity,mmr,0,100,0.447837750740068
913,0.0,0.983478831831791,0.0,1.1,ml100k,popularity,mmr,0,100,0.3960531097797314
934,0.0,0.989087457050953,0.0,1.1,ml100k,popularity,mmr,0,100,0.4055566609855047
2,0.0,0.8643205410072209,0.0,0.3,ml100k,popularity,quota_mmr,0,100,0.3762230791781399
4,0.0,0.9003751933236233,0.0,0.2,ml100k,popularity,quota_mmr,0,100,0.2657274678919532
7,0.0,0.883456292012797,0.0,0.3,ml100k,popularity,quota_mmr,0,100,0.3956594620461998
14,0.0,0.8812825096081855,0.0,0.3,ml100k,popularity,quota_mmr,0,100,0.3813548906990908
19,0.0,0.9109389846859148,0.0,0.2,ml100k,popularity,quota_mmr,0,100,0.4243902397276178
25,0.0,0.9124307644470396,0.0,0.2,ml100k,popularity,quota_mmr,0,100,0.325234014710232
29,0.0,0.9010283760257486,0.0,0.3,ml100k,popularity,quota_mmr,0,100,0.3325038756327479
34,0.0,0.9441510965098334,0.0,0.3,ml100k,popularity,quota_mmr,0,100,0.2517378686646699
45,0.3333333333333333,0.9363082546455326,1.0,0.3,ml100k,popularity,quota_mmr,0,100,0.3496115732298785
63,0.0,0.8727720014266026,0.0,0.3,ml100k,popularity,quota_mmr,0,100,0.3654174160089048
67,0.0,0.9010821557299646,0.0,0.3,ml100k,popularity,quota_mmr,0,100,0.3351924447886608
70,0.0,0.8798842913623015,0.0,0.2,ml100k,popularity,quota_mmr,0,100,0.3326752146693105
78,0.0,0.8511181803014989,0.0,0.3,ml100k,popularity,quota_mmr,0,100,0.3334766031092652
79,0.0,0.8807074938323379,0.0,0.3,ml100k,popularity,quota_mmr,0,100,0.3625954301227373
110,0.0,0.861613818127824,0.0,0.3,ml100k,popularity,quota_mmr,0,100,0.339003198507213
122,0.6309297535714575,0.920297491714089,1.0,0.3,ml100k,popularity,quota_mmr,0,100,0.3799081374133105
149,0.3562071871080222,0.9190909567940534,1.0,0.2,ml100k,popularity,quota_mmr,0,100,0.3784906402880272
153,0.0,0.8901932855897459,0.0,0.3,ml100k,popularity,quota_mmr,0,100,0.3734674359236974
212,0.0,0.9032397885991212,0.0,0.3,ml100k,popularity,quota_mmr,0,100,0.3570288483720971
228,0.0,0.8520861119567525,0.0,0.3,ml100k,popularity,quota_mmr,0,100,0.3499928969384318
229,0.0,0.9841507686907894,0.0,0.3,ml100k,popularity,quota_mmr,0,100,0.3205271149401821
235,0.5,0.901809208683172,1.0,0.3,ml100k,popularity,quota_mmr,0,100,0.3541653547725225
239,0.0,0.8418240644295641,0.0,0.3,ml100k,popularity,quota_mmr,0,100,0.3299778974712216
247,0.0,0.9160649780592997,0.0,0.3,ml100k,popularity,quota_mmr,0,100,0.3627346969656888
261,0.0,0.9537425372219878,0.0,0.2,ml100k,popularity,quota_mmr,0,100,0.2926034613097412
264,0.0,0.9048708950430951,0.0,0.3,ml100k,popularity,quota_mmr,0,100,0.3665116545246799
283,0.0,0.8965488763996873,0.0,0.2,ml100k,popularity,quota_mmr,0,100,0.3349044127516895
298,0.0,0.9155455716531664,0.0,0.3,ml100k,popularity,quota_mmr,0,100,0.3637771890705374
306,0.0,0.8837858061021632,0.0,0.3,ml100k,popularity,quota_mmr,0,100,0.3778976966756232
314,0.0,0.91985215831432,0.0,0.2,ml100k,popularity,quota_mmr,0,100,0.3597178394350517
330,0.0,0.9362333526823792,0.0,0.3,ml100k,popularity,quota_mmr,0,100,0.3573675707391677
341,0.0,0.9065223288261652,0.0,0.2,ml100k,popularity,quota_mmr,0,100,0.2941447182827544
342,0.5,0.953170508494574,1.0,0.2,ml100k,popularity,quota_mmr,0,100,0.3052866446014255
343,0.0,0.8664578143547164,0.0,0.3,ml100k,popularity,quota_mmr,0,100,0.3777754404244463
352,0.0,0.8413694456112542,0.0,0.2,ml100k,popularity,quota_mmr,0,100,0.1736916175328917
355,0.0,0.9275592604380742,0.0,0.2,ml100k,popularity,quota_mmr,0,100,0.3576431196001802
356,0.0,0.8529610289469821,0.0,0.3,ml100k,popularity,quota_mmr,0,100,0.3205798997336119
365,0.0,0.8680383636705441,0.0,0.2,ml100k,popularity,quota_mmr,0,100,0.3897781561053453
373,0.0,0.9587783695132646,0.0,0.2,ml100k,popularity,quota_mmr,0,100,0.2777462956686323
387,0.0,0.8974072729601826,0.0,0.3,ml100k,popularity,quota_mmr,0,100,0.3825211323032001
412,1.0,0.9114908073617206,1.0,0.3,ml100k,popularity,quota_mmr,0,100,0.3422003789204398
424,0.0,0.8986146069615325,0.0,0.3,ml100k,popularity,quota_mmr,0,100,0.3637771890705374
431,0.0,0.9226321001787692,0.0,0.2,ml100k,popularity,quota_mmr,0,100,0.3065911976436926
432,0.0,0.8710907978379879,0.0,0.2,ml100k,popularity,quota_mmr,0,100,0.4311295281557002
445,0.0,0.8950299155772338,0.0,0.3,ml100k,popularity,quota_mmr,0,100,0.3726359516186276
467,0.0,0.8815780146733322,0.0,0.3,ml100k,popularity,quota_mmr,0,100,0.3467514417940646
468,0.0,0.8733006815223298,0.0,0.3,ml100k,popularity,quota_mmr,0,100,0.3590576440936038
469,0.0,0.9824403358048492,0.0,0.3,ml100k,popularity,quota_mmr,0,100,0.3231019395154987
475,0.0,0.9261212492309764,0.0,0.3,ml100k,popularity,quota_mmr,0,100,0.369215920530965
479,0.0,0.897985894383961,0.0,0.3,ml100k,popularity,quota_mmr,0,100,0.3534542444361936
482,0.0,0.8703326319074086,0.0,0.2,ml100k,popularity,quota_mmr,0,100,0.2276361234700841
489,0.0,0.9093916654952968,0.0,0.2,ml100k,popularity,quota_mmr,0,100,0.3253479072481501
519,0.0,0.9239690596963124,0.0,0.3,ml100k,popularity,quota_mmr,0,100,0.3583892675476828
526,0.0,0.8973555974386928,0.0,0.3,ml100k,popularity,quota_mmr,0,100,0.3474097926700729
528,0.2890648263178879,0.8716301178336479,1.0,0.2,ml100k,popularity,quota_mmr,0,100,0.3520403017435777
538,0.0,0.8987396675606893,0.0,0.3,ml100k,popularity,quota_mmr,0,100,0.3552638131142251
543,0.0,0.8756186092133287,0.0,0.3,ml100k,popularity,quota_mmr,0,100,0.3821476479273732
549,0.0,0.8949570843404587,0.0,0.2,ml100k,popularity,quota_mmr,0,100,0.3452411275476827
552,0.0,0.9010594086804472,0.0,0.3,ml100k,popularity,quota_mmr,0,100,0.3477023658518017
554,0.0,0.8362624408067467,0.0,0.2,ml100k,popularity,quota_mmr,0,100,0.3420312976346891
576,0.0,0.9177241546967824,0.0,0.2,ml100k,popularity,quota_mmr,0,100,0.309731342184545
580,0.0,0.9018813347545516,0.0,0.2,ml100k,popularity,quota_mmr,0,100,0.3520234650486037
585,0.0,0.8628201291919168,0.0,0.3,ml100k,popularity,quota_mmr,0,100,0.3721060655455755
587,0.430676558073393,0.8987344599924274,1.0,0.3,ml100k,popularity,quota_mmr,0,100,0.3789931219393375
596,0.0,0.8945051242964286,0.0,0.3,ml100k,popularity,quota_mmr,0,100,0.361378468610038
617,0.0,0.920564671266607,0.0,0.3,ml100k,popularity,quota_mmr,0,100,0.2754688512243906
621,0.0,0.8964809174855842,0.0,0.3,ml100k,popularity,quota_mmr,0,100,0.3347941021681028
623,0.0,0.8944703867531724,0.0,0.3,ml100k,popularity,quota_mmr,0,100,0.3225383586157288
626,0.0,0.9384762022546952,0.0,0.3,ml100k,popularity,quota_mmr,0,100,0.3297853742522607
636,0.0,0.8780131728862404,0.0,0.2,ml100k,popularity,quota_mmr,0,100,0.3523663503507415
637,0.0,0.8737513386366875,0.0,0.2,ml100k,popularity,quota_mmr,0,100,0.4065218096799149
657,0.0,0.8586440590059576,0.0,0.3,ml100k,popularity,quota_mmr,0,100,0.3491563856436305
659,0.0,0.9714173213651862,0.0,0.3,ml100k,popularity,quota_mmr,0,100,0.3554123173505198
666,0.0,0.9021720320520484,0.0,0.2,ml100k,popularity,quota_mmr,0,100,0.2707048073475518
667,0.0,0.9090675171754126,0.0,0.3,ml100k,popularity,quota_mmr,0,100,0.3682826603771758
669,0.2890648263178879,0.9021566196044984,1.0,0.2,ml100k,popularity,quota_mmr,0,100,0.3593005282761181
683,0.0,0.8803028504274308,0.0,0.3,ml100k,popularity,quota_mmr,0,100,0.3109976216950484
693,0.0,0.9121691515672332,0.0,0.3,ml100k,popularity,quota_mmr,0,100,0.3660739972365923
705,0.0,0.8598216214389165,0.0,0.3,ml100k,popularity,quota_mmr,0,100,0.3457411751852109
708,0.0,0.8980681445730705,0.0,0.3,ml100k,popularity,quota_mmr,0,100,0.3702560575223975
717,0.0,0.94344101234957,0.0,0.2,ml100k,popularity,quota_mmr,0,100,0.3430811694072507
722,0.0,0.8554551822323884,0.0,0.2,ml100k,popularity,quota_mmr,0,100,0.3398762203445659
739,0.0,0.8803886037262353,0.0,0.3,ml100k,popularity,quota_mmr,0,100,0.3556400339554691
745,0.0,0.9251174561635948,0.0,0.2,ml100k,popularity,quota_mmr,0,100,0.3514972626584211
757,0.0,0.9181512125467476,0.0,0.3,ml100k,popularity,quota_mmr,0,100,0.3288570273686387
759,0.0,0.8861004689865464,0.0,0.2,ml100k,popularity,quota_mmr,0,100,0.3952943464378584
771,0.0,0.9210938660891128,0.0,0.2,ml100k,popularity,quota_mmr,0,100,0.3711745964591624
780,0.0,0.8571841092413288,0.0,0.3,ml100k,popularity,quota_mmr,0,100,0.3626671724763759
785,0.0,0.9832846564546832,0.0,0.2,ml100k,popularity,quota_mmr,0,100,0.3184532769069902
794,0.0,0.8947262062039797,0.0,0.3,ml100k,popularity,quota_mmr,0,100,0.3778976966756232
806,0.0,0.9289225101510497,0.0,0.2,ml100k,popularity,quota_mmr,0,100,0.2981080078545471
817,0.0,0.8681820270757978,0.0,0.3,ml100k,popularity,quota_mmr,0,100,0.3226860681364516
832,0.0,0.8862956621805285,0.0,0.3,ml100k,popularity,quota_mmr,0,100,0.3778976966756232
856,0.0,0.9441342993474736,0.0,0.3,ml100k,popularity,quota_mmr,0,100,0.3271796250753128
860,0.0,0.8738020581191717,0.0,0.2,ml100k,popularity,quota_mmr,0,100,0.3662804842941978
869,0.0,0.9389110084532836,0.0,0.2,ml100k,popularity,quota_mmr,0,100,0.3118957220864151
881,0.0,0.9035210528746586,0.0,0.3,ml100k,popularity,quota_mmr,0,100,0.3293170374455773
894,0.0,0.8848163996388817,0.0,0.3,ml100k,popularity,quota_mmr,0,100,0.3677561699772822
913,0.0,0.8742220020023876,0.0,0.2,ml100k,popularity,quota_mmr,0,100,0.3271168139824101
934,0.0,0.917211183005667,0.0,0.3,ml100k,popularity,quota_mmr,0,100,0.3664998016107084
2,0.0,0.7264782236276945,0.0,0.2,ml100k,popularity,qubo_feasible,0,100,0.2875998974518634
4,0.0,0.6917287158246633,0.0,0.2,ml100k,popularity,qubo_feasible,0,100,0.1908446571814152
7,0.0,0.804740905641196,0.0,0.2,ml100k,popularity,qubo_feasible,0,100,0.314750025395186
14,0.0,0.8435675219329624,0.0,0.2,ml100k,popularity,qubo_feasible,0,100,0.3605724491539924
19,0.0,0.8179629642841749,0.0,0.2,ml100k,popularity,qubo_feasible,0,100,0.3339806361596215
25,0.0,0.8651796688042336,0.0,0.2,ml100k,popularity,qubo_feasible,0,100,0.2902901219113679
29,0.0,0.789582330255149,0.0,0.2,ml100k,popularity,qubo_feasible,0,100,0.2583981671436016
34,0.0,0.7619006870226324,0.0,0.2,ml100k,popularity,qubo_feasible,0,100,0.1561621729667102
45,0.430676558073393,0.8059521657890414,1.0,0.2,ml100k,popularity,qubo_feasible,0,100,0.2684066138358502
63,0.0,0.7760719813855663,0.0,0.2,ml100k,popularity,qubo_feasible,0,100,0.2919004845073247
67,0.0,0.8134972492992869,0.0,0.2,ml100k,popularity,qubo_feasible,0,100,0.2773026843385304
70,0.0,0.8212927078861358,0.0,0.2,ml100k,popularity,qubo_feasible,0,100,0.2975606713214507
78,0.0,0.7816755434146384,0.0,0.2,ml100k,popularity,qubo_feasible,0,100,0.2988672417309252
79,0.0,0.7882130724933462,0.0,0.2,ml100k,popularity,qubo_feasible,0,100,0.3077290161589946
110,0.0,0.7639994987179818,0.0,0.2,ml100k,popularity,qubo_feasible,0,100,0.2987327085010302
122,1.0,0.8825592399270875,1.0,0.2,ml100k,popularity,qubo_feasible,0,100,0.3490967323294778
149,0.0,0.8127150688987315,0.0,0.2,ml100k,popularity,qubo_feasible,0,100,0.2855152361631789
153,0.0,0.8095715440874233,0.0,0.2,ml100k,popularity,qubo_feasible,0,100,0.3075402962482406
212,0.0,0.8531548288138225,0.0,0.2,ml100k,popularity,qubo_feasible,0,100,0.3235691954501556
228,0.0,0.747804360095088,0.0,0.2,ml100k,popularity,qubo_feasible,0,100,0.2982761507385035
229,0.0,0.8826115766990487,0.0,0.2,ml100k,popularity,qubo_feasible,0,100,0.2335606888424243
235,0.6309297535714575,0.8536795599520985,1.0,0.2,ml100k,popularity,qubo_feasible,0,100,0.3379147825867188
239,0.0,0.7225289954548526,0.0,0.2,ml100k,popularity,qubo_feasible,0,100,0.2601772501588393
247,0.0,0.8135327249825104,0.0,0.2,ml100k,popularity,qubo_feasible,0,100,0.2988189641279695
261,0.3333333333333333,0.8384413529598236,1.0,0.2,ml100k,popularity,qubo_feasible,0,100,0.2358879252167767
264,0.0,0.8504509183993342,0.0,0.2,ml100k,popularity,qubo_feasible,0,100,0.3369458517568148
283,0.0,0.8451379450709647,0.0,0.2,ml100k,popularity,qubo_feasible,0,100,0.3029819368245861
298,0.5,0.8378425532562914,1.0,0.2,ml100k,popularity,qubo_feasible,0,100,0.3266818643138298
306,0.0,0.8151409876678906,0.0,0.2,ml100k,popularity,qubo_feasible,0,100,0.3195874812136406
314,0.0,0.8872495680407687,0.0,0.2,ml100k,popularity,qubo_feasible,0,100,0.3389320741064188
330,0.0,0.8879894370136148,0.0,0.2,ml100k,popularity,qubo_feasible,0,100,0.3163908861551545
341,0.0,0.8025326232553277,0.0,0.2,ml100k,popularity,qubo_feasible,0,100,0.2225591177438643
342,0.0,0.7972889585646762,0.0,0.2,ml100k,popularity,qubo_feasible,0,100,0.213303599786018
343,0.0,0.7759237185177449,0.0,0.2,ml100k,popularity,qubo_feasible,0,100,0.3055443800488196
352,0.0,0.7562595339671303,0.0,0.2,ml100k,popularity,qubo_feasible,0,100,0.1391453803244263
355,0.0,0.8852912286654133,0.0,0.2,ml100k,popularity,qubo_feasible,0,100,0.3293420195276196
356,0.0,0.7790200229556944,0.0,0.2,ml100k,popularity,qubo_feasible,0,100,0.2651977894483033
365,0.0,0.7643183157988352,0.0,0.2,ml100k,popularity,qubo_feasible,0,100,0.3113033324532464
373,0.3868528072345416,0.7719345450052126,1.0,0.2,ml100k,popularity,qubo_feasible,0,100,0.1732407700906466
387,0.0,0.84283570039788,0.0,0.2,ml100k,popularity,qubo_feasible,0,100,0.345687177256539
412,1.0,0.8631568197156996,1.0,0.2,ml100k,popularity,qubo_feasible,0,100,0.3060174424195421
424,0.0,0.8564832886947336,0.0,0.2,ml100k,popularity,qubo_feasible,0,100,0.323997001594544
431,0.0,0.8222193616167122,0.0,0.2,ml100k,popularity,qubo_feasible,0,100,0.2450583072971134
432,0.0,0.8481767403977127,0.0,0.2,ml100k,popularity,qubo_feasible,0,100,0.3983947777577715
445,0.0,0.829249325563795,0.0,0.2,ml100k,popularity,qubo_feasible,0,100,0.322961384477321
467,0.0,0.8313809452211974,0.0,0.2,ml100k,popularity,qubo_feasible,0,100,0.3142224983288034
468,0.0,0.7480455813010183,0.0,0.2,ml100k,popularity,qubo_feasible,0,100,0.2892224166520792
469,0.0,0.8395235241434125,0.0,0.2,ml100k,popularity,qubo_feasible,0,100,0.2378845570851067
475,0.0,0.8173760468009749,0.0,0.2,ml100k,popularity,qubo_feasible,0,100,0.2902665424979371
479,0.0,0.848317548367281,0.0,0.2,ml100k,popularity,qubo_feasible,0,100,0.328575335635046
482,0.0,0.8017397605159704,0.0,0.2,ml100k,popularity,qubo_feasible,0,100,0.1891440949826035
489,0.0,0.8753457861244958,0.0,0.2,ml100k,popularity,qubo_feasible,0,100,0.3058951296427317
519,0.0,0.8601301002688433,0.0,0.2,ml100k,popularity,qubo_feasible,0,100,0.3233092526711764
526,0.0,0.8443228996014274,0.0,0.2,ml100k,popularity,qubo_feasible,0,100,0.3190826418042299
528,0.3333333333333333,0.832988139330478,1.0,0.2,ml100k,popularity,qubo_feasible,0,100,0.3217154118505326
538,0.0,0.815118990946252,0.0,0.2,ml100k,popularity,qubo_feasible,0,100,0.3024245561431903
543,0.0,0.8237450938150421,0.0,0.2,ml100k,popularity,qubo_feasible,0,100,0.3419114797923307
549,0.0,0.8759621959778308,0.0,0.2,ml100k,popularity,qubo_feasible,0,100,0.3374944598341181
552,0.0,0.854576089116757,0.0,0.2,ml100k,popularity,qubo_feasible,0,100,0.3290812717513682
554,0.0,0.7901235495405473,0.0,0.2,ml100k,popularity,qubo_feasible,0,100,0.3082308359440275
576,0.0,0.8056686487330859,0.0,0.2,ml100k,popularity,qubo_feasible,0,100,0.2294616869983974
580,0.0,0.8631521426508177,0.0,0.2,ml100k,popularity,qubo_feasible,0,100,0.3199240453631984
585,0.0,0.8249562421438708,0.0,0.2,ml100k,popularity,qubo_feasible,0,100,0.3342605254064617
587,0.430676558073393,0.8645317591824252,1.0,0.2,ml100k,popularity,qubo_feasible,0,100,0.3358272458719368
596,0.0,0.8468686843979213,0.0,0.2,ml100k,popularity,qubo_feasible,0,100,0.3241950738727858
617,0.0,0.8138047904015434,0.0,0.2,ml100k,popularity,qubo_feasible,0,100,0.1814033142499365
621,0.0,0.8026097387929664,0.0,0.2,ml100k,popularity,qubo_feasible,0,100,0.2669733168568658
623,0.0,0.7247968213596822,0.0,0.2,ml100k,popularity,qubo_feasible,0,100,0.2104312547025194
626,0.0,0.8535815617858097,0.0,0.2,ml100k,popularity,qubo_feasible,0,100,0.2551251897619472
636,0.0,0.8556781814272396,0.0,0.2,ml100k,popularity,qubo_feasible,0,100,0.3462425772355048
637,0.0,0.7868535639396985,0.0,0.2,ml100k,popularity,qubo_feasible,0,100,0.3304876623545046
657,0.0,0.8065530207120771,0.0,0.2,ml100k,popularity,qubo_feasible,0,100,0.3150265192774225
659,0.0,0.8336453505135545,0.0,0.2,ml100k,popularity,qubo_feasible,0,100,0.2612873292545997
666,0.0,0.8357129785625235,0.0,0.2,ml100k,popularity,qubo_feasible,0,100,0.2274423456451345
667,0.0,0.8361620929286309,0.0,0.2,ml100k,popularity,qubo_feasible,0,100,0.3060304816443095
669,0.3868528072345416,0.8461822524064756,1.0,0.2,ml100k,popularity,qubo_feasible,0,100,0.3167033155491339
683,0.0,0.8737356175336034,0.0,0.2,ml100k,popularity,qubo_feasible,0,100,0.3046519345526978
693,0.0,0.8152687776010996,0.0,0.2,ml100k,popularity,qubo_feasible,0,100,0.3036563558159567
705,0.0,0.7768308969487816,0.0,0.2,ml100k,popularity,qubo_feasible,0,100,0.2887400121136855
708,0.0,0.8602643158741476,0.0,0.2,ml100k,popularity,qubo_feasible,0,100,0.3386228679851943
717,0.0,0.8874652166394099,0.0,0.2,ml100k,popularity,qubo_feasible,0,100,0.311616502903449
722,0.0,0.8196965714777177,0.0,0.2,ml100k,popularity,qubo_feasible,0,100,0.3135940326079933
739,0.0,0.8330405026477504,0.0,0.2,ml100k,popularity,qubo_feasible,0,100,0.3244554787465759
745,0.0,0.9156141810927982,0.0,0.2,ml100k,popularity,qubo_feasible,0,100,0.346299268166891
757,0.0,0.8843065646503364,0.0,0.2,ml100k,popularity,qubo_feasible,0,100,0.3117096934315281
759,0.0,0.8035018448452182,0.0,0.2,ml100k,popularity,qubo_feasible,0,100,0.3124973182991211
771,0.0,0.877524324851894,0.0,0.2,ml100k,popularity,qubo_feasible,0,100,0.3414777758686422
780,0.0,0.7547289688002545,0.0,0.2,ml100k,popularity,qubo_feasible,0,100,0.2896184669263171
785,0.0,0.92641680502557,0.0,0.2,ml100k,popularity,qubo_feasible,0,100,0.2846636258834795
794,0.0,0.8572817288618513,0.0,0.2,ml100k,popularity,qubo_feasible,0,100,0.3463749192573339
806,0.0,0.8609465597100485,0.0,0.2,ml100k,popularity,qubo_feasible,0,100,0.2668528162832576
817,0.0,0.7860594444729012,0.0,0.2,ml100k,popularity,qubo_feasible,0,100,0.2795342077093046
832,0.0,0.7961645813839431,0.0,0.2,ml100k,popularity,qubo_feasible,0,100,0.3053761759327603
856,0.0,0.8598058617925002,0.0,0.2,ml100k,popularity,qubo_feasible,0,100,0.2720309195692826
860,0.0,0.7982191987061523,0.0,0.2,ml100k,popularity,qubo_feasible,0,100,0.3017262660668464
869,0.0,0.8361195608081888,0.0,0.2,ml100k,popularity,qubo_feasible,0,100,0.2431644525849272
881,0.0,0.8422232092159604,0.0,0.2,ml100k,popularity,qubo_feasible,0,100,0.2945730553078259
894,0.0,0.8213550706992857,0.0,0.2,ml100k,popularity,qubo_feasible,0,100,0.3349531239913151
913,0.0,0.8042393305905914,0.0,0.2,ml100k,popularity,qubo_feasible,0,100,0.2801203353504232
934,0.0,0.7945142750668822,0.0,0.2,ml100k,popularity,qubo_feasible,0,100,0.2608718236317108
2,0.0,0.7944714239094979,0.0,0.2,ml100k,popularity,qubo_tabu,0,100,0.3033380951300666
4,0.0,0.8073296568804768,0.0,0.2,ml100k,popularity,qubo_tabu,0,100,0.1988922626893175
7,0.0,0.8545530370379746,0.0,0.2,ml100k,popularity,qubo_tabu,0,100,0.3418796462595837
14,0.0,0.8559762203415643,0.0,0.2,ml100k,popularity,qubo_tabu,0,100,0.3441331362617518
19,0.0,0.8410061052553449,0.0,0.2,ml100k,popularity,qubo_tabu,0,100,0.3422852915120207
25,0.0,0.8952974641125063,0.0,0.2,ml100k,popularity,qubo_tabu,0,100,0.297573350271396
29,0.0,0.8612330481191549,0.0,0.2,ml100k,popularity,qubo_tabu,0,100,0.2905664390856776
34,0.0,0.6859156674260148,0.0,0.2,ml100k,popularity,qubo_tabu,0,100,0.1160736295658338
45,0.3562071871080222,0.8827834484443497,1.0,0.2,ml100k,popularity,qubo_tabu,0,100,0.2936732340036374
63,0.0,0.8431684444277917,0.0,0.2,ml100k,popularity,qubo_tabu,0,100,0.32730247578555
67,0.0,0.8840713908865067,0.0,0.2,ml100k,popularity,qubo_tabu,0,100,0.2970862768093585
70,0.0,0.8641545989278816,0.0,0.2,ml100k,popularity,qubo_tabu,0,100,0.3154914006622008
78,0.0,0.8153447774384306,0.0,0.2,ml100k,popularity,qubo_tabu,0,100,0.2990027561134061
79,0.0,0.853093746113229,0.0,0.2,ml100k,popularity,qubo_tabu,0,100,0.3299521047193783
110,0.0,0.8515613501710133,0.0,0.2,ml100k,popularity,qubo_tabu,0,100,0.3193297606435148
122,1.0,0.8808817333349808,1.0,0.2,ml100k,popularity,qubo_tabu,0,100,0.3364264904938831
149,0.0,0.8414421133846572,0.0,0.2,ml100k,popularity,qubo_tabu,0,100,0.2857241266714169
153,0.0,0.8614679634806841,0.0,0.2,ml100k,popularity,qubo_tabu,0,100,0.3341931735250218
212,0.0,0.8407720726647036,0.0,0.2,ml100k,popularity,qubo_tabu,0,100,0.2944372717976782
228,0.0,0.7930684287509859,0.0,0.2,ml100k,popularity,qubo_tabu,0,100,0.3020803603646686
229,0.0,0.8611917026357174,0.0,0.2,ml100k,popularity,qubo_tabu,0,100,0.2119565444176038
235,0.6309297535714575,0.8775379419722762,1.0,0.2,ml100k,popularity,qubo_tabu,0,100,0.3384512953431462
239,0.0,0.8320248453103193,0.0,0.2,ml100k,popularity,qubo_tabu,0,100,0.3160078783342163
247,0.0,0.893426191440798,0.0,0.2,ml100k,popularity,qubo_tabu,0,100,0.3337468169235317
261,0.0,0.8416820839153911,0.0,0.2,ml100k,popularity,qubo_tabu,0,100,0.2104696900295864
264,0.0,0.8860915625881454,0.0,0.2,ml100k,popularity,qubo_tabu,0,100,0.3512556428958302
283,0.0,0.8498036134937001,0.0,0.2,ml100k,popularity,qubo_tabu,0,100,0.2861721085269587
298,0.0,0.902059223007832,0.0,0.2,ml100k,popularity,qubo_tabu,0,100,0.3440033322663876
306,0.0,0.8764708535945599,0.0,0.2,ml100k,popularity,qubo_tabu,0,100,0.360350083694774
314,0.0,0.8936163282796432,0.0,0.2,ml100k,popularity,qubo_tabu,0,100,0.3313461127934357
330,0.0,0.9065848298512542,0.0,0.2,ml100k,popularity,qubo_tabu,0,100,0.3190937145882643
341,0.0,0.740001810511322,0.0,0.2,ml100k,popularity,qubo_tabu,0,100,0.1851369096042095
342,0.5,0.7853019717839868,1.0,0.2,ml100k,popularity,qubo_tabu,0,100,0.1910076306963612
343,0.0,0.7559894103676501,0.0,0.2,ml100k,popularity,qubo_tabu,0,100,0.2847855231545177
352,0.0,0.8441185837946485,0.0,0.2,ml100k,popularity,qubo_tabu,0,100,0.1565497892224663
355,0.0,0.909469347151674,0.0,0.2,ml100k,popularity,qubo_tabu,0,100,0.3333746258309332
356,0.0,0.8194757909263717,0.0,0.2,ml100k,popularity,qubo_tabu,0,100,0.2798004730110039
365,0.0,0.7732556083650258,0.0,0.2,ml100k,popularity,qubo_tabu,0,100,0.3054739138608693
373,0.0,0.7850555539584967,0.0,0.2,ml100k,popularity,qubo_tabu,0,100,0.1668527395718063
387,0.0,0.8637951903226875,0.0,0.2,ml100k,popularity,qubo_tabu,0,100,0.341387582474572
412,1.0,0.8759111767811852,1.0,0.2,ml100k,popularity,qubo_tabu,0,100,0.3120933457903527
424,0.0,0.8802874219547778,0.0,0.2,ml100k,popularity,qubo_tabu,0,100,0.3343873623334329
431,0.0,0.8951164012718839,0.0,0.2,ml100k,popularity,qubo_tabu,0,100,0.2764155889125455
432,0.0,0.7767062094278461,0.0,0.2,ml100k,popularity,qubo_tabu,0,100,0.3401136936696345
445,0.0,0.8783410190019587,0.0,0.2,ml100k,popularity,qubo_tabu,0,100,0.351333109756981
467,0.0,0.8886927077258457,0.0,0.2,ml100k,popularity,qubo_tabu,0,100,0.3463305228846478
468,0.0,0.8603148467658311,0.0,0.2,ml100k,popularity,qubo_tabu,0,100,0.333050883246904
469,0.0,0.9156309397442032,0.0,0.2,ml100k,popularity,qubo_tabu,0,100,0.2664631055100607
475,0.0,0.8949440346759215,0.0,0.2,ml100k,popularity,qubo_tabu,0,100,0.3262978606307981
479,0.0,0.8888701974197223,0.0,0.2,ml100k,popularity,qubo_tabu,0,100,0.3356349651028329
482,0.0,0.841324386715525,0.0,0.2,ml100k,popularity,qubo_tabu,0,100,0.1950853903352073
489,0.0,0.925046369855504,0.0,0.2,ml100k,popularity,qubo_tabu,0,100,0.3347408173660688
519,0.0,0.9092661090471872,0.0,0.2,ml100k,popularity,qubo_tabu,0,100,0.3399451003009595
526,0.0,0.8773569047475132,0.0,0.2,ml100k,popularity,qubo_tabu,0,100,0.3350706634996671
528,0.0,0.858722913203193,0.0,0.2,ml100k,popularity,qubo_tabu,0,100,0.3330296008000649
538,0.0,0.8943223524033327,0.0,0.2,ml100k,popularity,qubo_tabu,0,100,0.3482392262412832
543,0.0,0.835501701278364,0.0,0.2,ml100k,popularity,qubo_tabu,0,100,0.332551160264819
549,0.0,0.8905656437671655,0.0,0.2,ml100k,popularity,qubo_tabu,0,100,0.3350767648036626
552,0.0,0.8897873439350817,0.0,0.2,ml100k,popularity,qubo_tabu,0,100,0.3281080081346813
554,0.0,0.812223743679475,0.0,0.2,ml100k,popularity,qubo_tabu,0,100,0.3112960318835964
576,0.0,0.8345980976638402,0.0,0.2,ml100k,popularity,qubo_tabu,0,100,0.2344016396149292
580,0.0,0.892770276261077,0.0,0.2,ml100k,popularity,qubo_tabu,0,100,0.318136597492178
585,0.0,0.8382568901546958,0.0,0.2,ml100k,popularity,qubo_tabu,0,100,0.3288873020065489
587,0.430676558073393,0.8811207315781011,1.0,0.2,ml100k,popularity,qubo_tabu,0,100,0.3482812188993266
596,0.0,0.8632760553377197,0.0,0.2,ml100k,popularity,qubo_tabu,0,100,0.3276717353024371
617,0.0,0.8558082037323578,0.0,0.2,ml100k,popularity,qubo_tabu,0,100,0.2010950941110881
621,0.0,0.8016256150321405,0.0,0.2,ml100k,popularity,qubo_tabu,0,100,0.2520802400042334
623,0.0,0.8287106856244055,0.0,0.2,ml100k,popularity,qubo_tabu,0,100,0.2421060119248789
626,0.0,0.8811419375711379,0.0,0.2,ml100k,popularity,qubo_tabu,0,100,0.2504187743417514
636,0.0,0.8523886852433428,0.0,0.2,ml100k,popularity,qubo_tabu,0,100,0.3314298047115253
637,0.0,0.7454193303496726,0.0,0.2,ml100k,popularity,qubo_tabu,0,100,0.2971674346696666
657,0.0,0.8484138548995016,0.0,0.2,ml100k,popularity,qubo_tabu,0,100,0.3298129499492537
659,0.0,0.9302171566186868,0.0,0.2,ml100k,popularity,qubo_tabu,0,100,0.3115982611477105
666,0.0,0.8830580025242964,0.0,0.2,ml100k,popularity,qubo_tabu,0,100,0.235225019251204
667,0.0,0.8526136752110138,0.0,0.2,ml100k,popularity,qubo_tabu,0,100,0.3027544863913201
669,0.3154648767857287,0.8829157808963066,1.0,0.2,ml100k,popularity,qubo_tabu,0,100,0.3291392370424578
683,0.0,0.882105779162384,0.0,0.2,ml100k,popularity,qubo_tabu,0,100,0.3030098064210257
693,0.0,0.8814787631520989,0.0,0.2,ml100k,popularity,qubo_tabu,0,100,0.3323409960681729
705,0.0,0.8427016661616061,0.0,0.2,ml100k,popularity,qubo_tabu,0,100,0.3164929487903863
708,0.0,0.8904193435954412,0.0,0.2,ml100k,popularity,qubo_tabu,0,100,0.3535239188001982
717,0.0,0.9260977022581398,0.0,0.2,ml100k,popularity,qubo_tabu,0,100,0.3223395145685197
722,0.0,0.8573832162383136,0.0,0.2,ml100k,popularity,qubo_tabu,0,100,0.3362565164321577
739,0.0,0.8620477502952852,0.0,0.2,ml100k,popularity,qubo_tabu,0,100,0.3350356995948578
745,0.0,0.90750614991162,0.0,0.2,ml100k,popularity,qubo_tabu,0,100,0.3217450377750895
757,0.0,0.9229748314081522,0.0,0.2,ml100k,popularity,qubo_tabu,0,100,0.3202480813203187
759,0.0,0.8257814013397675,0.0,0.2,ml100k,popularity,qubo_tabu,0,100,0.3276589862257837
771,0.0,0.904016420469008,0.0,0.2,ml100k,popularity,qubo_tabu,0,100,0.3372682276544355
780,0.0,0.8361143852276071,0.0,0.2,ml100k,popularity,qubo_tabu,0,100,0.3320080951736736
785,0.0,0.9404087526115312,0.0,0.2,ml100k,popularity,qubo_tabu,0,100,0.2802429738168837
794,0.0,0.8867780481443575,0.0,0.2,ml100k,popularity,qubo_tabu,0,100,0.3598643969128974
806,0.0,0.9236108208997746,0.0,0.2,ml100k,popularity,qubo_tabu,0,100,0.2920305416479162
817,0.0,0.8435096676610695,0.0,0.2,ml100k,popularity,qubo_tabu,0,100,0.2996187139912961
832,0.0,0.8678967759129357,0.0,0.2,ml100k,popularity,qubo_tabu,0,100,0.3504238666565786
856,0.0,0.8835563572186003,0.0,0.2,ml100k,popularity,qubo_tabu,0,100,0.2746748982965657
860,0.0,0.8567984779845396,0.0,0.2,ml100k,popularity,qubo_tabu,0,100,0.3375280199777932
869,0.0,0.813803988157572,0.0,0.2,ml100k,popularity,qubo_tabu,0,100,0.2229446648942925
881,0.0,0.8919898050071323,0.0,0.2,ml100k,popularity,qubo_tabu,0,100,0.3158016114401129
894,0.0,0.8709466531446552,0.0,0.2,ml100k,popularity,qubo_tabu,0,100,0.3417832621479089
913,0.0,0.8520959947353673,0.0,0.2,ml100k,popularity,qubo_tabu,0,100,0.3000850352650576
934,0.0,0.8496628482185183,0.0,0.2,ml100k,popularity,qubo_tabu,0,100,0.2786326794426434
2,0.0,1.0,0.0,1.1,ml100k,itemknn,none,0,100,
4,0.0,1.0,0.0,0.7,ml100k,itemknn,none,0,100,
7,0.0,1.0,0.0,1.1,ml100k,itemknn,none,0,100,
14,0.3868528072345416,1.0,1.0,0.9,ml100k,itemknn,none,0,100,
19,0.0,1.0,0.0,1.5,ml100k,itemknn,none,0,100,
25,0.0,1.0,0.0,1.1,ml100k,itemknn,none,0,100,
29,0.0,1.0,0.0,1.3,ml100k,itemknn,none,0,100,
34,0.0,1.0,0.0,0.9,ml100k,itemknn,none,0,100,
45,0.0,1.0,0.0,1.1,ml100k,itemknn,none,0,100,
63,0.0,1.0,0.0,1.5,ml100k,itemknn,none,0,100,
67,0.0,1.0,0.0,1.1,ml100k,itemknn,none,0,100,
70,0.0,1.0,0.0,1.5,ml100k,itemknn,none,0,100,
78,0.0,1.0,0.0,1.3,ml100k,itemknn,none,0,100,
79,0.0,1.0,0.0,1.1,ml100k,itemknn,none,0,100,
110,0.0,1.0,0.0,1.3,ml100k,itemknn,none,0,100,
122,0.6309297535714575,1.0,1.0,1.1,ml100k,itemknn,none,0,100,
149,0.0,1.0,0.0,1.3,ml100k,itemknn,none,0,100,
153,1.0,1.0,1.0,1.1,ml100k,itemknn,none,0,100,
212,0.0,1.0,0.0,1.1,ml100k,itemknn,none,0,100,
228,0.0,1.0,0.0,1.3,ml100k,itemknn,none,0,100,
229,0.0,1.0,0.0,1.1,ml100k,itemknn,none,0,100,
235,0.0,1.0,0.0,1.3,ml100k,itemknn,none,0,100,
239,0.0,1.0,0.0,1.5,ml100k,itemknn,none,0,100,
247,0.0,1.0,0.0,1.1,ml100k,itemknn,none,0,100,
261,0.0,1.0,0.0,0.7,ml100k,itemknn,none,0,100,
264,0.0,1.0,0.0,1.5,ml100k,itemknn,none,0,100,
283,0.0,1.0,0.0,1.3,ml100k,itemknn,none,0,100,
298,0.0,1.0,0.0,1.5,ml100k,itemknn,none,0,100,
306,0.0,1.0,0.0,1.5,ml100k,itemknn,none,0,100,
314,0.0,1.0,0.0,1.1,ml100k,itemknn,none,0,100,
330,0.0,1.0,0.0,1.1,ml100k,itemknn,none,0,100,
341,0.0,1.0,0.0,1.1,ml100k,itemknn,none,0,100,
342,0.3333333333333333,1.0,1.0,0.9,ml100k,itemknn,none,0,100,
343,0.0,1.0,0.0,0.9,ml100k,itemknn,none,0,100,
352,0.0,1.0,0.0,1.5,ml100k,itemknn,none,0,100,
355,0.0,1.0,0.0,1.1,ml100k,itemknn,none,0,100,
356,0.0,1.0,0.0,1.1,ml100k,itemknn,none,0,100,
365,0.3562071871080222,1.0,1.0,1.3,ml100k,itemknn,none,0,100,
373,0.0,1.0,0.0,0.8,ml100k,itemknn,none,0,100,
387,0.0,1.0,0.0,0.7,ml100k,itemknn,none,0,100,
412,1.0,1.0,1.0,1.1,ml100k,itemknn,none,0,100,
424,0.3010299956639812,1.0,1.0,1.1,ml100k,itemknn,none,0,100,
431,0.0,1.0,0.0,1.1,ml100k,itemknn,none,0,100,
432,0.0,1.0,0.0,1.3,ml100k,itemknn,none,0,100,
445,0.0,1.0,0.0,1.1,ml100k,itemknn,none,0,100,
467,0.0,1.0,0.0,1.5,ml100k,itemknn,none,0,100,
468,0.0,1.0,0.0,1.3,ml100k,itemknn,none,0,100,
469,0.0,1.0,0.0,0.9,ml100k,itemknn,none,0,100,
475,0.0,1.0,0.0,1.1,ml100k,itemknn,none,0,100,
479,0.0,1.0,0.0,1.1,ml100k,itemknn,none,0,100,
482,0.0,1.0,0.0,1.1,ml100k,itemknn,none,0,100,
489,0.0,1.0,0.0,0.9,ml100k,itemknn,none,0,100,
519,0.0,1.0,0.0,0.7,ml100k,itemknn,none,0,100,
526,0.0,1.0,0.0,1.3,ml100k,itemknn,none,0,100,
528,0.0,1.0,0.0,1.3,ml100k,itemknn,none,0,100,
538,0.0,1.0,0.0,1.5,ml100k,itemknn,none,0,100,
543,0.0,1.0,0.0,0.9,ml100k,itemknn,none,0,100,
549,0.0,1.0,0.0,1.5,ml100k,itemknn,none,0,100,
552,0.0,1.0,0.0,1.3,ml100k,itemknn,none,0,100,
554,0.0,1.0,0.0,1.1,ml100k,itemknn,none,0,100,
576,0.0,1.0,0.0,0.7,ml100k,itemknn,none,0,100,
580,0.0,1.0,0.0,1.1,ml100k,itemknn,none,0,100,
585,0.0,1.0,0.0,1.1,ml100k,itemknn,none,0,100,
587,0.3868528072345416,1.0,1.0,1.3,ml100k,itemknn,none,0,100,
596,0.0,1.0,0.0,1.3,ml100k,itemknn,none,0,100,
617,0.0,1.0,0.0,1.1,ml100k,itemknn,none,0,100,
621,0.0,1.0,0.0,1.1,ml100k,itemknn,none,0,100,
623,0.0,1.0,0.0,1.1,ml100k,itemknn,none,0,100,
626,0.0,1.0,0.0,1.1,ml100k,itemknn,none,0,100,
636,0.0,1.0,0.0,1.3,ml100k,itemknn,none,0,100,
637,0.0,1.0,0.0,1.3,ml100k,itemknn,none,0,100,
657,0.0,1.0,0.0,1.3,ml100k,itemknn,none,0,100,
659,0.0,1.0,0.0,0.9,ml100k,itemknn,none,0,100,
666,0.0,1.0,0.0,0.8,ml100k,itemknn,none,0,100,
667,0.0,1.0,0.0,0.9,ml100k,itemknn,none,0,100,
669,0.0,1.0,0.0,1.1,ml100k,itemknn,none,0,100,
683,0.0,1.0,0.0,1.1,ml100k,itemknn,none,0,100,
693,0.0,1.0,0.0,1.5,ml100k,itemknn,none,0,100,
705,0.0,1.0,0.0,0.7,ml100k,itemknn,none,0,100,
708,0.0,1.0,0.0,1.3,ml100k,itemknn,none,0,100,
717,0.0,1.0,0.0,1.3,ml100k,itemknn,none,0,100,
722,0.0,1.0,0.0,1.5,ml100k,itemknn,none,0,100,
739,0.0,1.0,0.0,1.5,ml100k,itemknn,none,0,100,
745,0.0,1.0,0.0,0.9,ml100k,itemknn,none,0,100,
757,0.0,1.0,0.0,1.1,ml100k,itemknn,none,0,100,
759,0.0,1.0,0.0,1.0,ml100k,itemknn,none,0,100,
771,0.0,1.0,0.0,1.1,ml100k,itemknn,none,0,100,
780,0.0,1.0,0.0,1.1,ml100k,itemknn,none,0,100,
785,0.0,1.0,0.0,1.1,ml100k,itemknn,none,0,100,
794,0.0,1.0,0.0,1.5,ml100k,itemknn,none,0,100,
806,0.0,1.0,0.0,1.5,ml100k,itemknn,none,0,100,
817,0.0,1.0,0.0,1.1,ml100k,itemknn,none,0,100,
832,0.0,1.0,0.0,1.5,ml100k,itemknn,none,0,100,
856,0.0,1.0,0.0,1.3,ml100k,itemknn,none,0,100,
860,0.0,1.0,0.0,1.5,ml100k,itemknn,none,0,100,
869,0.0,1.0,0.0,0.9,ml100k,itemknn,none,0,100,
881,0.0,1.0,0.0,1.5,ml100k,itemknn,none,0,100,
894,0.0,1.0,0.0,1.5,ml100k,itemknn,none,0,100,
913,0.2890648263178879,1.0,1.0,1.3,ml100k,itemknn,none,0,100,
934,0.0,1.0,0.0,1.3,ml100k,itemknn,none,0,100,
2,0.0,1.0,0.0,1.1,ml100k,itemknn,greedy_topk,0,100,0.2891046400171092
4,0.0,1.0,0.0,0.7,ml100k,itemknn,greedy_topk,0,100,0.4713038184673448
7,0.0,1.0,0.0,1.1,ml100k,itemknn,greedy_topk,0,100,0.3512654087487653
14,0.3868528072345416,1.0,1.0,0.9,ml100k,itemknn,greedy_topk,0,100,0.3570190571949464
19,0.0,1.0,0.0,1.5,ml100k,itemknn,greedy_topk,0,100,0.5138268962228765
25,0.0,1.0,0.0,1.1,ml100k,itemknn,greedy_topk,0,100,0.4992336525412868
29,0.0,1.0,0.0,1.3,ml100k,itemknn,greedy_topk,0,100,0.4537659074051418
34,0.0,1.0,0.0,0.9,ml100k,itemknn,greedy_topk,0,100,0.2904350672154139
45,0.0,1.0,0.0,1.1,ml100k,itemknn,greedy_topk,0,100,0.4700137309639987
63,0.0,1.0,0.0,1.5,ml100k,itemknn,greedy_topk,0,100,0.5728045554055956
67,0.0,1.0,0.0,1.1,ml100k,itemknn,greedy_topk,0,100,0.4849171307214763
70,0.0,1.0,0.0,1.5,ml100k,itemknn,greedy_topk,0,100,0.5200090125165379
78,0.0,1.0,0.0,1.3,ml100k,itemknn,greedy_topk,0,100,0.4709191971130143
79,0.0,1.0,0.0,1.1,ml100k,itemknn,greedy_topk,0,100,0.3588738585683063
110,0.0,1.0,0.0,1.3,ml100k,itemknn,greedy_topk,0,100,0.4958458196943663
122,0.6309297535714575,1.0,1.0,1.1,ml100k,itemknn,greedy_topk,0,100,0.4659768251357147
149,0.0,1.0,0.0,1.3,ml100k,itemknn,greedy_topk,0,100,0.5026277073906598
153,1.0,1.0,1.0,1.1,ml100k,itemknn,greedy_topk,0,100,0.5411246421201759
212,0.0,1.0,0.0,1.1,ml100k,itemknn,greedy_topk,0,100,0.4588018719595046
228,0.0,1.0,0.0,1.3,ml100k,itemknn,greedy_topk,0,100,0.5033820857569059
229,0.0,1.0,0.0,1.1,ml100k,itemknn,greedy_topk,0,100,0.4289780075798678
235,0.0,1.0,0.0,1.3,ml100k,itemknn,greedy_topk,0,100,0.5039035085393191
239,0.0,1.0,0.0,1.5,ml100k,itemknn,greedy_topk,0,100,0.561993489831925
247,0.0,1.0,0.0,1.1,ml100k,itemknn,greedy_topk,0,100,0.5344754688975609
261,0.0,1.0,0.0,0.7,ml100k,itemknn,greedy_topk,0,100,0.4416368209203319
264,0.0,1.0,0.0,1.5,ml100k,itemknn,greedy_topk,0,100,0.535697802462821
283,0.0,1.0,0.0,1.3,ml100k,itemknn,greedy_topk,0,100,0.5020940635281275
298,0.0,1.0,0.0,1.5,ml100k,itemknn,greedy_topk,0,100,0.5413360986229996
306,0.0,1.0,0.0,1.5,ml100k,itemknn,greedy_topk,0,100,0.5726619180755951
314,0.0,1.0,0.0,1.1,ml100k,itemknn,greedy_topk,0,100,0.5398118844052758
330,0.0,1.0,0.0,1.1,ml100k,itemknn,greedy_topk,0,100,0.5010411398248534
341,0.0,1.0,0.0,1.1,ml100k,itemknn,greedy_topk,0,100,0.4138690325193175
342,0.3333333333333333,1.0,1.0,0.9,ml100k,itemknn,greedy_topk,0,100,0.405193527097926
343,0.0,1.0,0.0,0.9,ml100k,itemknn,greedy_topk,0,100,0.3126654023426506
352,0.0,1.0,0.0,1.5,ml100k,itemknn,greedy_topk,0,100,0.3927814154540253
355,0.0,1.0,0.0,1.1,ml100k,itemknn,greedy_topk,0,100,0.530593032021688
356,0.0,1.0,0.0,1.1,ml100k,itemknn,greedy_topk,0,100,0.4309458904930346
365,0.3562071871080222,1.0,1.0,1.3,ml100k,itemknn,greedy_topk,0,100,0.3475476644227573
373,0.0,1.0,0.0,0.8,ml100k,itemknn,greedy_topk,0,100,0.3712161377407127
387,0.0,1.0,0.0,0.7,ml100k,itemknn,greedy_topk,0,100,0.3572037861221588
412,1.0,1.0,1.0,1.1,ml100k,itemknn,greedy_topk,0,100,0.4823739234775364
424,0.3010299956639812,1.0,1.0,1.1,ml100k,itemknn,greedy_topk,0,100,0.5421738093016798
431,0.0,1.0,0.0,1.1,ml100k,itemknn,greedy_topk,0,100,0.4277771960568745
432,0.0,1.0,0.0,1.3,ml100k,itemknn,greedy_topk,0,100,0.4648585117752856
445,0.0,1.0,0.0,1.1,ml100k,itemknn,greedy_topk,0,100,0.5029927891938251
467,0.0,1.0,0.0,1.5,ml100k,itemknn,greedy_topk,0,100,0.5370249737666608
468,0.0,1.0,0.0,1.3,ml100k,itemknn,greedy_topk,0,100,0.498070038528612
469,0.0,1.0,0.0,0.9,ml100k,itemknn,greedy_topk,0,100,0.4293136406990816
475,0.0,1.0,0.0,1.1,ml100k,itemknn,greedy_topk,0,100,0.4770500966681192
479,0.0,1.0,0.0,1.1,ml100k,itemknn,greedy_topk,0,100,0.4918574063289854
482,0.0,1.0,0.0,1.1,ml100k,itemknn,greedy_topk,0,100,0.4377474117928119
489,0.0,1.0,0.0,0.9,ml100k,itemknn,greedy_topk,0,100,0.442687939106651
519,0.0,1.0,0.0,0.7,ml100k,itemknn,greedy_topk,0,100,0.5074998485626268
526,0.0,1.0,0.0,1.3,ml100k,itemknn,greedy_topk,0,100,0.5411999990694908
528,0.0,1.0,0.0,1.3,ml100k,itemknn,greedy_topk,0,100,0.5400177232874197
538,0.0,1.0,0.0,1.5,ml100k,itemknn,greedy_topk,0,100,0.5399859154857838
543,0.0,1.0,0.0,0.9,ml100k,itemknn,greedy_topk,0,100,0.3894708170385786
549,0.0,1.0,0.0,1.5,ml100k,itemknn,greedy_topk,0,100,0.4997104926653124
552,0.0,1.0,0.0,1.3,ml100k,itemknn,greedy_topk,0,100,0.4711344187243179
554,0.0,1.0,0.0,1.1,ml100k,itemknn,greedy_topk,0,100,0.4983564414118254
576,0.0,1.0,0.0,0.7,ml100k,itemknn,greedy_topk,0,100,0.3767321208454953
580,0.0,1.0,0.0,1.1,ml100k,itemknn,greedy_topk,0,100,0.5246957318226717
585,0.0,1.0,0.0,1.1,ml100k,itemknn,greedy_topk,0,100,0.3180391027455265
587,0.3868528072345416,1.0,1.0,1.3,ml100k,itemknn,greedy_topk,0,100,0.4568125430551524
596,0.0,1.0,0.0,1.3,ml100k,itemknn,greedy_topk,0,100,0.5037524263588915
617,0.0,1.0,0.0,1.1,ml100k,itemknn,greedy_topk,0,100,0.3754623999614261
621,0.0,1.0,0.0,1.1,ml100k,itemknn,greedy_topk,0,100,0.4286556604264379
623,0.0,1.0,0.0,1.1,ml100k,itemknn,greedy_topk,0,100,0.4129989649048337
626,0.0,1.0,0.0,1.1,ml100k,itemknn,greedy_topk,0,100,0.489938246155657
636,0.0,1.0,0.0,1.3,ml100k,itemknn,greedy_topk,0,100,0.4899780427111948
637,0.0,1.0,0.0,1.3,ml100k,itemknn,greedy_topk,0,100,0.3485024734666969
657,0.0,1.0,0.0,1.3,ml100k,itemknn,greedy_topk,0,100,0.5514113714814383
659,0.0,1.0,0.0,0.9,ml100k,itemknn,greedy_topk,0,100,0.4711962535438175
666,0.0,1.0,0.0,0.8,ml100k,itemknn,greedy_topk,0,100,0.3476836422714
667,0.0,1.0,0.0,0.9,ml100k,itemknn,greedy_topk,0,100,0.4765965004208904
669,0.0,1.0,0.0,1.1,ml100k,itemknn,greedy_topk,0,100,0.4541891275395842
683,0.0,1.0,0.0,1.1,ml100k,itemknn,greedy_topk,0,100,0.4020082260429666
693,0.0,1.0,0.0,1.5,ml100k,itemknn,greedy_topk,0,100,0.5202172158130143
705,0.0,1.0,0.0,0.7,ml100k,itemknn,greedy_topk,0,100,0.483770726438307
708,0.0,1.0,0.0,1.3,ml100k,itemknn,greedy_topk,0,100,0.5556950185750582
717,0.0,1.0,0.0,1.3,ml100k,itemknn,greedy_topk,0,100,0.5122113929572176
722,0.0,1.0,0.0,1.5,ml100k,itemknn,greedy_topk,0,100,0.5134936885230759
739,0.0,1.0,0.0,1.5,ml100k,itemknn,greedy_topk,0,100,0.5277348229495392
745,0.0,1.0,0.0,0.9,ml100k,itemknn,greedy_topk,0,100,0.4503481712025441
757,0.0,1.0,0.0,1.1,ml100k,itemknn,greedy_topk,0,100,0.4847263481338222
759,0.0,1.0,0.0,1.0,ml100k,itemknn,greedy_topk,0,100,0.306202933567399
771,0.0,1.0,0.0,1.1,ml100k,itemknn,greedy_topk,0,100,0.5002563635860575
780,0.0,1.0,0.0,1.1,ml100k,itemknn,greedy_topk,0,100,0.3531434069207416
785,0.0,1.0,0.0,1.1,ml100k,itemknn,greedy_topk,0,100,0.4627740782942587
794,0.0,1.0,0.0,1.5,ml100k,itemknn,greedy_topk,0,100,0.5594039653402448
806,0.0,1.0,0.0,1.5,ml100k,itemknn,greedy_topk,0,100,0.5070996275838335
817,0.0,1.0,0.0,1.1,ml100k,itemknn,greedy_topk,0,100,0.5081451551255577
832,0.0,1.0,0.0,1.5,ml100k,itemknn,greedy_topk,0,100,0.5504345788208229
856,0.0,1.0,0.0,1.3,ml100k,itemknn,greedy_topk,0,100,0.462516974438766
860,0.0,1.0,0.0,1.5,ml100k,itemknn,greedy_topk,0,100,0.5291471519739697
869,0.0,1.0,0.0,0.9,ml100k,itemknn,greedy_topk,0,100,0.4252965472991489
881,0.0,1.0,0.0,1.5,ml100k,itemknn,greedy_topk,0,100,0.5134720393412313
894,0.0,1.0,0.0,1.5,ml100k,itemknn,greedy_topk,0,100,0.5526249916930195
913,0.2890648263178879,1.0,1.0,1.3,ml100k,itemknn,greedy_topk,0,100,0.505765540530551
934,0.0,1.0,0.0,1.3,ml100k,itemknn,greedy_topk,0,100,0.4653864955818762
2,0.2890648263178879,0.9669355248804106,1.0,1.1,ml100k,itemknn,mmr,0,100,0.2497379418004853
4,0.0,0.9952033097328246,0.0,0.7,ml100k,itemknn,mmr,0,100,0.4635782138587393
7,0.0,0.987206834363466,0.0,1.1,ml100k,itemknn,mmr,0,100,0.3233116947030257
14,0.430676558073393,0.9587846579241392,1.0,0.9,ml100k,itemknn,mmr,0,100,0.2609636132341875
19,0.0,0.9463489754942536,0.0,1.5,ml100k,itemknn,mmr,0,100,0.3921967411369026
25,0.0,0.9933356414176672,0.0,1.1,ml100k,itemknn,mmr,0,100,0.4797911970954155
29,0.0,0.997287149757275,0.0,1.3,ml100k,itemknn,mmr,0,100,0.4373143751043843
34,0.0,0.7908685883574322,0.0,1.0,ml100k,itemknn,mmr,0,100,0.1240797995198571
45,0.0,0.9866455770459254,0.0,0.9,ml100k,itemknn,mmr,0,100,0.4545692640115931
63,0.0,0.9845046846913982,0.0,1.3,ml100k,itemknn,mmr,0,100,0.5119565738546016
67,0.0,0.974584023905416,0.0,0.9,ml100k,itemknn,mmr,0,100,0.4641498237743136
70,0.0,0.9901294630129548,0.0,1.3,ml100k,itemknn,mmr,0,100,0.5025632327586014
78,0.3010299956639812,0.9356130440223182,1.0,0.9,ml100k,itemknn,mmr,0,100,0.3820816135594543
79,0.0,0.976523504054048,0.0,0.8,ml100k,itemknn,mmr,0,100,0.2916200408728987
110,0.3010299956639812,0.964649097447954,1.0,0.9,ml100k,itemknn,mmr,0,100,0.4191133093645231
122,0.6309297535714575,0.9849132427919596,1.0,0.9,ml100k,itemknn,mmr,0,100,0.4231292598798313
149,0.0,0.9702792015799928,0.0,1.1,ml100k,itemknn,mmr,0,100,0.4496260537912496
153,1.0,0.955749436817649,1.0,1.1,ml100k,itemknn,mmr,0,100,0.4555840460706462
212,0.0,0.9932589907279206,0.0,0.9,ml100k,itemknn,mmr,0,100,0.4561307783193359
228,0.0,0.9441207972798582,0.0,1.3,ml100k,itemknn,mmr,0,100,0.3759559177434665
229,0.0,0.9911896169093924,0.0,1.5,ml100k,itemknn,mmr,0,100,0.4034200637719352
235,0.3154648767857287,0.9809435334971216,1.0,0.7,ml100k,itemknn,mmr,0,100,0.4532578046261477
239,0.0,0.9772476928500424,0.0,1.5,ml100k,itemknn,mmr,0,100,0.5379750492647898
247,0.0,0.9721923925829078,0.0,1.1,ml100k,itemknn,mmr,0,100,0.4704355192730911
261,0.0,0.9917075759912282,0.0,0.9,ml100k,itemknn,mmr,0,100,0.4306614099215138
264,0.0,0.980337772772006,0.0,1.1,ml100k,itemknn,mmr,0,100,0.4876790386352317
283,0.0,0.9868678665408622,0.0,1.1,ml100k,itemknn,mmr,0,100,0.4672676653153708
298,0.0,0.9786499145403608,0.0,1.5,ml100k,itemknn,mmr,0,100,0.4786554069779214
306,0.0,0.9867971999473076,0.0,1.3,ml100k,itemknn,mmr,0,100,0.5294357058536249
314,0.0,0.9846660478455516,0.0,0.9,ml100k,itemknn,mmr,0,100,0.500799987756748
330,0.0,0.9925566558424672,0.0,1.1,ml100k,itemknn,mmr,0,100,0.4884477255577208
341,0.0,0.8578716369689712,0.0,1.1,ml100k,itemknn,mmr,0,100,0.2766177639229905
342,0.3333333333333333,0.994785348657796,1.0,1.1,ml100k,itemknn,mmr,0,100,0.3867456784090846
343,0.0,0.9915541900140664,0.0,0.9,ml100k,itemknn,mmr,0,100,0.2841100823758158
352,0.0,0.8275747733883588,0.0,1.1,ml100k,itemknn,mmr,0,100,0.1775320739792173
355,0.0,0.9883246146403082,0.0,1.1,ml100k,itemknn,mmr,0,100,0.4907994305287964
356,0.0,0.994053621454111,0.0,1.3,ml100k,itemknn,mmr,0,100,0.4223249845838789
365,0.3868528072345416,0.9707256074725064,1.0,1.3,ml100k,itemknn,mmr,0,100,0.2864816064324867
373,0.0,0.8944327665019637,0.0,0.8,ml100k,itemknn,mmr,0,100,0.2427757778885449
387,0.0,0.9899245819847532,0.0,0.9,ml100k,itemknn,mmr,0,100,0.3184451217177219
412,1.0,0.9880106945854792,1.0,0.9,ml100k,itemknn,mmr,0,100,0.4449468583221161
424,0.3333333333333333,0.9768337880501416,1.0,0.9,ml100k,itemknn,mmr,0,100,0.501404502819415
431,0.2890648263178879,0.9958842081744826,1.0,1.3,ml100k,itemknn,mmr,0,100,0.4210307536025232
432,0.0,0.9402106261049412,0.0,1.1,ml100k,itemknn,mmr,0,100,0.3508869353385039
445,0.0,0.9788998604808494,0.0,1.1,ml100k,itemknn,mmr,0,100,0.4438595673794801
467,0.0,0.9555566732113008,0.0,1.1,ml100k,itemknn,mmr,0,100,0.4660204587813895
468,0.0,0.9766719258757488,0.0,0.8,ml100k,itemknn,mmr,0,100,0.4298173864546531
469,0.0,0.9961337285941648,0.0,0.7,ml100k,itemknn,mmr,0,100,0.4269596351948077
475,0.0,0.995831604155072,0.0,1.3,ml100k,itemknn,mmr,0,100,0.4670277004318227
479,0.0,0.9888273268439952,0.0,1.1,ml100k,itemknn,mmr,0,100,0.4644125713822639
482,0.0,0.9507700812138274,0.0,1.1,ml100k,itemknn,mmr,0,100,0.3736698666485832
489,0.0,0.9637066248822812,0.0,0.4,ml100k,itemknn,mmr,0,100,0.355946505790867
519,0.0,0.9843851186433288,0.0,0.9,ml100k,itemknn,mmr,0,100,0.4744667837538513
526,0.0,0.9594077305938816,0.0,1.1,ml100k,itemknn,mmr,0,100,0.4623624002365499
528,0.0,0.9931047330262128,0.0,1.1,ml100k,itemknn,mmr,0,100,0.519987084880946
538,0.0,0.9860839297299404,0.0,1.3,ml100k,itemknn,mmr,0,100,0.5032953987756604
543,0.0,0.912072589078784,0.0,1.1,ml100k,itemknn,mmr,0,100,0.2364380650726123
549,0.0,0.9701839873400412,0.0,0.9,ml100k,itemknn,mmr,0,100,0.411442383306282
552,0.0,0.9943983380264232,0.0,1.3,ml100k,itemknn,mmr,0,100,0.4600148122673386
554,0.0,0.984121998322248,0.0,0.9,ml100k,itemknn,mmr,0,100,0.4558340965600946
576,0.0,0.9907415903769562,0.0,0.7,ml100k,itemknn,mmr,0,100,0.3723593176825672
580,0.0,0.9830332624923108,0.0,1.3,ml100k,itemknn,mmr,0,100,0.4965911304506371
585,0.0,0.9842933360638412,0.0,0.9,ml100k,itemknn,mmr,0,100,0.2872000853832522
587,0.5,0.9508136783054404,1.0,0.8,ml100k,itemknn,mmr,0,100,0.3342547562082508
596,0.0,0.9635482573960532,0.0,1.0,ml100k,itemknn,mmr,0,100,0.4372693580066171
617,0.0,0.7663513069764614,0.0,0.9,ml100k,itemknn,mmr,0,100,0.1707744092644216
621,0.0,0.9922754738502324,0.0,1.1,ml100k,itemknn,mmr,0,100,0.4194960523390733
623,0.0,0.9976811687400068,0.0,1.3,ml100k,itemknn,mmr,0,100,0.4055744163669528
626,0.0,0.9922857816653572,0.0,1.3,ml100k,itemknn,mmr,0,100,0.467657780015541
636,0.0,0.9897745528329458,0.0,1.1,ml100k,itemknn,mmr,0,100,0.4603174259148102
637,0.0,0.9499914073271674,0.0,1.3,ml100k,itemknn,mmr,0,100,0.2604696226297981
657,0.0,0.9826511133653836,0.0,1.3,ml100k,itemknn,mmr,0,100,0.5057163376498494
659,0.0,0.9827032246739672,0.0,1.1,ml100k,itemknn,mmr,0,100,0.44935724347376
666,0.0,0.9397112365396488,0.0,0.9,ml100k,itemknn,mmr,0,100,0.2917070074495662
667,0.0,0.9914396261586778,0.0,0.9,ml100k,itemknn,mmr,0,100,0.4661202680583858
669,0.3154648767857287,0.9413125229015286,1.0,0.3,ml100k,itemknn,mmr,0,100,0.3207320930620064
683,0.0,0.9781716118738648,0.0,1.1,ml100k,itemknn,mmr,0,100,0.3619921486367898
693,0.0,0.9964693711939396,0.0,1.3,ml100k,itemknn,mmr,0,100,0.5205923418166994
705,0.0,0.995128331473058,0.0,0.7,ml100k,itemknn,mmr,0,100,0.4739487423215364
708,0.0,0.9897494979965124,0.0,1.3,ml100k,itemknn,mmr,0,100,0.529048769631548
717,0.0,0.983062003930722,0.0,0.9,ml100k,itemknn,mmr,0,100,0.4838213900495175
722,0.0,0.9261081320996164,0.0,0.9,ml100k,itemknn,mmr,0,100,0.3933481920111613
739,0.0,0.9711925043038576,0.0,0.9,ml100k,itemknn,mmr,0,100,0.4480022842923997
745,0.0,0.9769387043525825,0.0,0.8,ml100k,itemknn,mmr,0,100,0.3942808515824452
757,0.0,0.9955544748308004,0.0,1.1,ml100k,itemknn,mmr,0,100,0.4752103695582021
759,0.0,0.9998321861380124,0.0,1.0,ml100k,itemknn,mmr,0,100,0.2986951436522418
771,0.0,0.9873561177836272,0.0,0.9,ml100k,itemknn,mmr,0,100,0.4485844353384932
780,0.0,0.985074538514936,0.0,0.7,ml100k,itemknn,mmr,0,100,0.3062632218111432
785,0.0,0.993757298775668,0.0,0.9,ml100k,itemknn,mmr,0,100,0.451666820426869
794,0.0,0.9883466231743108,0.0,1.5,ml100k,itemknn,mmr,0,100,0.5242723437399881
806,0.0,0.9773853661310056,0.0,1.3,ml100k,itemknn,mmr,0,100,0.4270124144460401
817,0.0,0.9843729647527296,0.0,0.5,ml100k,itemknn,mmr,0,100,0.4821343078224246
832,0.0,0.9882429493531504,0.0,1.5,ml100k,itemknn,mmr,0,100,0.5400228133027348
856,0.0,0.9877523144351172,0.0,1.3,ml100k,itemknn,mmr,0,100,0.449724626667998
860,0.0,0.9735499124564012,0.0,1.3,ml100k,itemknn,mmr,0,100,0.4716735551534082
869,0.0,0.996335034677462,0.0,0.9,ml100k,itemknn,mmr,0,100,0.420908829461461
881,0.0,0.9946449474247188,0.0,1.5,ml100k,itemknn,mmr,0,100,0.4875950332362277
894,0.0,0.9820864096679144,0.0,1.1,ml100k,itemknn,mmr,0,100,0.5119185440928958
913,0.3154648767857287,0.9953239927815386,1.0,1.3,ml100k,itemknn,mmr,0,100,0.4865811166353255
934,0.0,0.9989229950777874,0.0,1.3,ml100k,itemknn,mmr,0,100,0.4645304916731876
2,0.0,0.8730942836921808,0.0,0.3,ml100k,itemknn,quota_mmr,0,100,0.2126040848332822
4,0.0,0.8864867953356348,0.0,0.3,ml100k,itemknn,quota_mmr,0,100,0.3774297553515829
7,0.0,0.90952799802594,0.0,0.3,ml100k,itemknn,quota_mmr,0,100,0.268965163114142
14,0.3868528072345416,0.9658620797118128,1.0,0.2,ml100k,itemknn,quota_mmr,0,100,0.2795643888425976
19,0.0,0.837783720460751,0.0,0.3,ml100k,itemknn,quota_mmr,0,100,0.3461271907400811
25,0.0,0.9410192447668744,0.0,0.2,ml100k,itemknn,quota_mmr,0,100,0.4596810265795273
29,0.0,0.8622940268577399,0.0,0.2,ml100k,itemknn,quota_mmr,0,100,0.3842645404975107
34,0.0,0.6767701463141613,0.0,0.3,ml100k,itemknn,quota_mmr,0,100,0.1074817090467678
45,0.0,0.9373059772962818,0.0,0.3,ml100k,itemknn,quota_mmr,0,100,0.432808003313336
63,0.0,0.9311916005384692,0.0,0.3,ml100k,itemknn,quota_mmr,0,100,0.483279242023573
67,0.0,0.9148767145897057,0.0,0.2,ml100k,itemknn,quota_mmr,0,100,0.4392403712251644
70,0.0,0.9159594134191392,0.0,0.2,ml100k,itemknn,quota_mmr,0,100,0.4429580408744276
78,0.0,0.8899293427691556,0.0,0.3,ml100k,itemknn,quota_mmr,0,100,0.3617312134077381
79,0.0,0.94762221294432,0.0,0.2,ml100k,itemknn,quota_mmr,0,100,0.2849758048743126
110,0.3562071871080222,0.9118936673677372,1.0,0.3,ml100k,itemknn,quota_mmr,0,100,0.4022809393306167
122,0.6309297535714575,0.9256634911198982,1.0,0.2,ml100k,itemknn,quota_mmr,0,100,0.3899751173397962
149,0.0,0.8565685285416758,0.0,0.2,ml100k,itemknn,quota_mmr,0,100,0.3940551974210489
153,1.0,0.9277668287215964,1.0,0.3,ml100k,itemknn,quota_mmr,0,100,0.4413919477120379
212,0.0,0.8387184006747532,0.0,0.2,ml100k,itemknn,quota_mmr,0,100,0.3877927833063864
228,0.0,0.8784460351637883,0.0,0.2,ml100k,itemknn,quota_mmr,0,100,0.3379677971764426
229,0.0,0.860879303174022,0.0,0.2,ml100k,itemknn,quota_mmr,0,100,0.3286208060259993
235,0.3868528072345416,0.9485695001399164,1.0,0.3,ml100k,itemknn,quota_mmr,0,100,0.4275422128603205
239,0.0,0.7743175195331959,0.0,0.3,ml100k,itemknn,quota_mmr,0,100,0.4063397026844528
247,0.0,0.930296929558614,0.0,0.2,ml100k,itemknn,quota_mmr,0,100,0.4418508858719923
261,0.0,0.9424858916194188,0.0,0.3,ml100k,itemknn,quota_mmr,0,100,0.4115725596451927
264,0.0,0.9306454908717148,0.0,0.2,ml100k,itemknn,quota_mmr,0,100,0.4544568303953311
283,0.0,0.838038967178638,0.0,0.3,ml100k,itemknn,quota_mmr,0,100,0.391859622601145
298,0.0,0.9068807480143743,0.0,0.3,ml100k,itemknn,quota_mmr,0,100,0.4433959067341954
306,0.0,0.8965453990155793,0.0,0.2,ml100k,itemknn,quota_mmr,0,100,0.4754279731786923
314,0.0,0.9466799557013869,0.0,0.2,ml100k,itemknn,quota_mmr,0,100,0.4807123864537486
330,0.0,0.9620194798781888,0.0,0.2,ml100k,itemknn,quota_mmr,0,100,0.4871729496566912
341,0.0,0.7647637228588625,0.0,0.2,ml100k,itemknn,quota_mmr,0,100,0.235657366836502
342,0.0,0.8089000842044008,0.0,0.3,ml100k,itemknn,quota_mmr,0,100,0.29063425454208
343,0.0,0.9343474232810652,0.0,0.2,ml100k,itemknn,quota_mmr,0,100,0.2586199918322537
352,0.0,0.6256559726686552,0.0,0.3,ml100k,itemknn,quota_mmr,0,100,0.1247209841857166
355,0.0,0.9508266912130012,0.0,0.2,ml100k,itemknn,quota_mmr,0,100,0.4617625604442636
356,0.0,0.8409672500536818,0.0,0.3,ml100k,itemknn,quota_mmr,0,100,0.3403284977965618
365,0.0,0.8172341021412205,0.0,0.2,ml100k,itemknn,quota_mmr,0,100,0.2054607646430009
373,0.0,0.8377124613723739,0.0,0.2,ml100k,itemknn,quota_mmr,0,100,0.2126248254914195
387,0.0,0.9650073865255808,0.0,0.2,ml100k,itemknn,quota_mmr,0,100,0.3004764795178739
412,1.0,0.9233474177903886,1.0,0.3,ml100k,itemknn,quota_mmr,0,100,0.4021274773093592
424,0.3868528072345416,0.9161353304038706,1.0,0.3,ml100k,itemknn,quota_mmr,0,100,0.4761431750840248
431,0.0,0.8408654677635572,0.0,0.2,ml100k,itemknn,quota_mmr,0,100,0.3251980548869914
432,0.0,0.7504293755888467,0.0,0.3,ml100k,itemknn,quota_mmr,0,100,0.1944725246238834
445,0.0,0.9105670780061188,0.0,0.3,ml100k,itemknn,quota_mmr,0,100,0.3738811967984181
467,0.0,0.8908556629470098,0.0,0.2,ml100k,itemknn,quota_mmr,0,100,0.4023332905143651
468,0.0,0.9082304693284132,0.0,0.3,ml100k,itemknn,quota_mmr,0,100,0.3530711169313292
469,0.0,0.9166464834728888,0.0,0.2,ml100k,itemknn,quota_mmr,0,100,0.3908870519835741
475,0.0,0.8626629476176396,0.0,0.3,ml100k,itemknn,quota_mmr,0,100,0.4168215297487747
479,0.0,0.9487723650124438,0.0,0.3,ml100k,itemknn,quota_mmr,0,100,0.4493453418321368
482,0.0,0.7331228216873342,0.0,0.2,ml100k,itemknn,quota_mmr,0,100,0.2433234094541157
489,0.0,0.9482396943927632,0.0,0.3,ml100k,itemknn,quota_mmr,0,100,0.3585786479336065
519,0.0,0.9715233765337415,0.0,0.2,ml100k,itemknn,quota_mmr,0,100,0.4815223180949028
526,0.3868528072345416,0.9404532563917772,1.0,0.2,ml100k,itemknn,quota_mmr,0,100,0.4618084002467988
528,0.0,0.9288164141134612,0.0,0.2,ml100k,itemknn,quota_mmr,0,100,0.47468914487746
538,0.0,0.932492269805854,0.0,0.3,ml100k,itemknn,quota_mmr,0,100,0.4712927581171032
543,0.0,0.904860491645913,0.0,0.2,ml100k,itemknn,quota_mmr,0,100,0.242369008139967
549,0.0,0.9180642413193378,0.0,0.2,ml100k,itemknn,quota_mmr,0,100,0.375441039036155
552,0.0,0.9084833175183512,0.0,0.3,ml100k,itemknn,quota_mmr,0,100,0.4065671296589001
554,0.0,0.8869088675423986,0.0,0.2,ml100k,itemknn,quota_mmr,0,100,0.3693192822001874
576,0.0,0.9476861043039132,0.0,0.2,ml100k,itemknn,quota_mmr,0,100,0.3580725100858415
580,0.0,0.9148514558160096,0.0,0.2,ml100k,itemknn,quota_mmr,0,100,0.4795135117727717
585,0.0,0.8973557495396666,0.0,0.2,ml100k,itemknn,quota_mmr,0,100,0.2594488892631842
587,0.5,0.9367091130940124,1.0,0.2,ml100k,itemknn,quota_mmr,0,100,0.3318439427689293
596,0.0,0.9225614284650344,0.0,0.2,ml100k,itemknn,quota_mmr,0,100,0.396150169838936
617,0.0,0.7195316760106785,0.0,0.3,ml100k,itemknn,quota_mmr,0,100,0.1868537627530146
621,0.0,0.8586966495783733,0.0,0.3,ml100k,itemknn,quota_mmr,0,100,0.3676528342802131
623,0.0,0.8135335912699413,0.0,0.3,ml100k,itemknn,quota_mmr,0,100,0.3319374694149031
626,0.0,0.8865748152287559,0.0,0.2,ml100k,itemknn,quota_mmr,0,100,0.4057309918977602
636,0.0,0.9177524933379222,0.0,0.3,ml100k,itemknn,quota_mmr,0,100,0.3836063119111354
637,0.0,0.8770113475119565,0.0,0.3,ml100k,itemknn,quota_mmr,0,100,0.2378513205851526
657,0.0,0.9171434647601217,0.0,0.3,ml100k,itemknn,quota_mmr,0,100,0.4745619768791237
659,0.0,0.9282895780008548,0.0,0.3,ml100k,itemknn,quota_mmr,0,100,0.4393727481792257
666,0.0,0.8115399184996959,0.0,0.2,ml100k,itemknn,quota_mmr,0,100,0.2286176357607847
667,0.0,0.9482668329221716,0.0,0.2,ml100k,itemknn,quota_mmr,0,100,0.4475802425405825
669,0.3333333333333333,0.9244598676372552,1.0,0.2,ml100k,itemknn,quota_mmr,0,100,0.2986013136150991
683,0.0,0.8941621491340348,0.0,0.2,ml100k,itemknn,quota_mmr,0,100,0.3299861401969293
693,0.0,0.9112931907702696,0.0,0.2,ml100k,itemknn,quota_mmr,0,100,0.4531420008752595
705,0.0,0.9762782836295604,0.0,0.2,ml100k,itemknn,quota_mmr,0,100,0.4685652104615814
708,0.0,0.9226543980694318,0.0,0.3,ml100k,itemknn,quota_mmr,0,100,0.4626531895600846
717,0.0,0.9304400450800728,0.0,0.2,ml100k,itemknn,quota_mmr,0,100,0.4443228712552765
722,0.0,0.8850988894290361,0.0,0.3,ml100k,itemknn,quota_mmr,0,100,0.3739655257662241
739,0.0,0.9271661181907672,0.0,0.2,ml100k,itemknn,quota_mmr,0,100,0.417520026607872
745,0.0,0.913570010594199,0.0,0.2,ml100k,itemknn,quota_mmr,0,100,0.3706130996710367
757,0.0,0.9482120052027342,0.0,0.2,ml100k,itemknn,quota_mmr,0,100,0.4545096987412917
759,0.0,0.9404414378108832,0.0,0.3,ml100k,itemknn,quota_mmr,0,100,0.2798236294221956
771,0.0,0.9445774292900684,0.0,0.3,ml100k,itemknn,quota_mmr,0,100,0.4100652047107335
780,0.0,0.9545203225680609,0.0,0.3,ml100k,itemknn,quota_mmr,0,100,0.2917769216179474
785,0.0,0.8773633291334155,0.0,0.2,ml100k,itemknn,quota_mmr,0,100,0.4056445479538805
794,0.0,0.9118258253281106,0.0,0.3,ml100k,itemknn,quota_mmr,0,100,0.466969902700545
806,0.0,0.8408450484787677,0.0,0.2,ml100k,itemknn,quota_mmr,0,100,0.3346737995189545
817,0.0,0.9442429493306184,0.0,0.2,ml100k,itemknn,quota_mmr,0,100,0.4565020582663471
832,0.0,0.9089658963325998,0.0,0.2,ml100k,itemknn,quota_mmr,0,100,0.4780958284784767
856,0.0,0.822761400743263,0.0,0.3,ml100k,itemknn,quota_mmr,0,100,0.3548988867712076
860,0.0,0.8834797767416397,0.0,0.2,ml100k,itemknn,quota_mmr,0,100,0.3827583075971194
869,0.0,0.9365101544343818,0.0,0.2,ml100k,itemknn,quota_mmr,0,100,0.401035192536624
881,0.0,0.8872670684335816,0.0,0.2,ml100k,itemknn,quota_mmr,0,100,0.4005280886890497
894,0.0,0.9110670305270768,0.0,0.2,ml100k,itemknn,quota_mmr,0,100,0.4545809495326715
913,0.0,0.9204481690262116,0.0,0.3,ml100k,itemknn,quota_mmr,0,100,0.4473833052149805
934,0.0,0.8864093277910257,0.0,0.3,ml100k,itemknn,quota_mmr,0,100,0.4086574789827618
2,0.0,0.8291153956388619,0.0,0.2,ml100k,itemknn,qubo_feasible,0,100,0.1870557187054869
4,0.0,0.6502999232887333,0.0,0.2,ml100k,itemknn,qubo_feasible,0,100,0.2234016763431565
7,0.0,0.7864761566108287,0.0,0.2,ml100k,itemknn,qubo_feasible,0,100,0.2147217704299233
14,0.0,0.8747989348295291,0.0,0.2,ml100k,itemknn,qubo_feasible,0,100,0.2318520192683882
19,0.0,0.7206298677691212,0.0,0.2,ml100k,itemknn,qubo_feasible,0,100,0.2724278142327816
25,0.0,0.7691917132605675,0.0,0.2,ml100k,itemknn,qubo_feasible,0,100,0.3311375320105053
29,0.0,0.761056634267777,0.0,0.2,ml100k,itemknn,qubo_feasible,0,100,0.3477588919509752
34,0.0,0.4887805907021744,0.0,0.2,ml100k,itemknn,qubo_feasible,0,100,0.0880687607150779
45,0.0,0.8194974394234151,0.0,0.2,ml100k,itemknn,qubo_feasible,0,100,0.3535024437631806
63,0.0,0.8552773616499001,0.0,0.2,ml100k,itemknn,qubo_feasible,0,100,0.4255805665299135
67,0.0,0.8150471876660792,0.0,0.2,ml100k,itemknn,qubo_feasible,0,100,0.3796314166791014
70,0.0,0.812915009045569,0.0,0.2,ml100k,itemknn,qubo_feasible,0,100,0.3602112945809666
78,0.0,0.7367582272785471,0.0,0.2,ml100k,itemknn,qubo_feasible,0,100,0.281321183231536
79,0.0,0.8414691076609373,0.0,0.2,ml100k,itemknn,qubo_feasible,0,100,0.2306188367618593
110,0.0,0.7767587841733178,0.0,0.2,ml100k,itemknn,qubo_feasible,0,100,0.2900748545277089
122,0.6309297535714575,0.7969247727482399,1.0,0.2,ml100k,itemknn,qubo_feasible,0,100,0.2818294591558272
149,0.0,0.7801982472923835,0.0,0.2,ml100k,itemknn,qubo_feasible,0,100,0.3439260574766307
153,0.0,0.8248041725481531,0.0,0.2,ml100k,itemknn,qubo_feasible,0,100,0.3789501608857734
212,0.0,0.6979333459210424,0.0,0.2,ml100k,itemknn,qubo_feasible,0,100,0.3046829315364442
228,0.0,0.7801902408137464,0.0,0.2,ml100k,itemknn,qubo_feasible,0,100,0.2517573085378517
229,0.0,0.6995729965018948,0.0,0.2,ml100k,itemknn,qubo_feasible,0,100,0.2449083015795194
235,1.0,0.8330802133313355,1.0,0.2,ml100k,itemknn,qubo_feasible,0,100,0.3610535646230756
239,0.0,0.6602009512604501,0.0,0.2,ml100k,itemknn,qubo_feasible,0,100,0.3109475499247548
247,0.0,0.8215501983243096,0.0,0.2,ml100k,itemknn,qubo_feasible,0,100,0.3699442664163502
261,0.0,0.6715027733430582,0.0,0.2,ml100k,itemknn,qubo_feasible,0,100,0.2179515596309955
264,0.0,0.857205237650652,0.0,0.2,ml100k,itemknn,qubo_feasible,0,100,0.3899483277710574
283,0.0,0.7496513644583875,0.0,0.2,ml100k,itemknn,qubo_feasible,0,100,0.3036557219553946
298,0.0,0.8417926645322851,0.0,0.2,ml100k,itemknn,qubo_feasible,0,100,0.3990492244629965
306,0.0,0.8415386057442142,0.0,0.2,ml100k,itemknn,qubo_feasible,0,100,0.4420671174629988
314,0.0,0.8223485985822372,0.0,0.2,ml100k,itemknn,qubo_feasible,0,100,0.3880782466829924
330,0.0,0.804806047132491,0.0,0.2,ml100k,itemknn,qubo_feasible,0,100,0.358841401541229
341,0.0,0.5665408904600838,0.0,0.2,ml100k,itemknn,qubo_feasible,0,100,0.1774801842097624
342,0.0,0.6490927578109582,0.0,0.2,ml100k,itemknn,qubo_feasible,0,100,0.2353932247130622
343,0.0,0.8901800478483038,0.0,0.2,ml100k,itemknn,qubo_feasible,0,100,0.2392610454182124
352,0.0,0.479133694260254,0.0,0.2,ml100k,itemknn,qubo_feasible,0,100,0.1053964730691646
355,0.0,0.8844437651358743,0.0,0.2,ml100k,itemknn,qubo_feasible,0,100,0.4052689680988431
356,0.0,0.6518478822080369,0.0,0.2,ml100k,itemknn,qubo_feasible,0,100,0.2611028694880541
365,0.0,0.7090769520496941,0.0,0.2,ml100k,itemknn,qubo_feasible,0,100,0.1713597384676338
373,0.0,0.6626982616213672,0.0,0.2,ml100k,itemknn,qubo_feasible,0,100,0.1732219143878046
387,0.0,0.8244443049405112,0.0,0.2,ml100k,itemknn,qubo_feasible,0,100,0.212184174236415
412,0.0,0.8497911211605785,0.0,0.2,ml100k,itemknn,qubo_feasible,0,100,0.3422561970558141
424,1.0,0.7873343345490004,1.0,0.2,ml100k,itemknn,qubo_feasible,0,100,0.3829182110823831
431,0.0,0.6316669159499985,0.0,0.2,ml100k,itemknn,qubo_feasible,0,100,0.2267752612389466
432,0.0,0.6183686920085696,0.0,0.2,ml100k,itemknn,qubo_feasible,0,100,0.1642316886725085
445,0.0,0.8252661523104248,0.0,0.2,ml100k,itemknn,qubo_feasible,0,100,0.3064030592298574
467,0.0,0.7771478085453202,0.0,0.2,ml100k,itemknn,qubo_feasible,0,100,0.3542737930507221
468,0.0,0.8309149371174583,0.0,0.2,ml100k,itemknn,qubo_feasible,0,100,0.2864240963152742
469,0.0,0.6872635642061717,0.0,0.2,ml100k,itemknn,qubo_feasible,0,100,0.2754467492851816
475,0.0,0.7013895918888522,0.0,0.2,ml100k,itemknn,qubo_feasible,0,100,0.3224612812818077
479,0.0,0.8350148815714424,0.0,0.2,ml100k,itemknn,qubo_feasible,0,100,0.3759446978226121
482,0.0,0.626501743170305,0.0,0.2,ml100k,itemknn,qubo_feasible,0,100,0.1986134047349647
489,0.0,0.9059821274261728,0.0,0.2,ml100k,itemknn,qubo_feasible,0,100,0.3333338861624636
519,0.0,0.7697385604867634,0.0,0.2,ml100k,itemknn,qubo_feasible,0,100,0.3446972444433149
526,0.0,0.8567320768780329,0.0,0.2,ml100k,itemknn,qubo_feasible,0,100,0.3988707634647
528,0.0,0.828326915865377,0.0,0.2,ml100k,itemknn,qubo_feasible,0,100,0.4047166150658462
538,0.0,0.8481002317881635,0.0,0.2,ml100k,itemknn,qubo_feasible,0,100,0.4123027015072829
543,0.0,0.8239665724358889,0.0,0.2,ml100k,itemknn,qubo_feasible,0,100,0.2102516229956472
549,0.0,0.8278355496873077,0.0,0.2,ml100k,itemknn,qubo_feasible,0,100,0.3301530529278543
552,0.0,0.777437832251892,0.0,0.2,ml100k,itemknn,qubo_feasible,0,100,0.3113671450994731
554,0.0,0.8091057650526179,0.0,0.2,ml100k,itemknn,qubo_feasible,0,100,0.317218188129013
576,0.0,0.6660004454216093,0.0,0.2,ml100k,itemknn,qubo_feasible,0,100,0.219877104619704
580,0.0,0.8180953270521731,0.0,0.2,ml100k,itemknn,qubo_feasible,0,100,0.382398711717489
585,0.0,0.8114905157598558,0.0,0.2,ml100k,itemknn,qubo_feasible,0,100,0.2323037313461511
587,0.6309297535714575,0.8669919735072465,1.0,0.2,ml100k,itemknn,qubo_feasible,0,100,0.2734424339567315
596,0.3333333333333333,0.7488215581555223,1.0,0.2,ml100k,itemknn,qubo_feasible,0,100,0.3040896614533649
617,0.0,0.5366668724231924,0.0,0.2,ml100k,itemknn,qubo_feasible,0,100,0.1364276754443891
621,0.0,0.7881623273102396,0.0,0.2,ml100k,itemknn,qubo_feasible,0,100,0.3257137854226299
623,0.0,0.5850070390635808,0.0,0.2,ml100k,itemknn,qubo_feasible,0,100,0.2311330999724944
626,0.0,0.7145554583212077,0.0,0.2,ml100k,itemknn,qubo_feasible,0,100,0.2728421486617358
636,0.0,0.8117781003679467,0.0,0.2,ml100k,itemknn,qubo_feasible,0,100,0.3357372254641708
637,0.0,0.8325542911702983,0.0,0.2,ml100k,itemknn,qubo_feasible,0,100,0.2185474621942409
657,0.0,0.8006148602328961,0.0,0.2,ml100k,itemknn,qubo_feasible,0,100,0.3946844560965233
659,0.0,0.7587714025668483,0.0,0.2,ml100k,itemknn,qubo_feasible,0,100,0.3428930941217734
666,0.0,0.5630345170333104,0.0,0.2,ml100k,itemknn,qubo_feasible,0,100,0.1688894940385371
667,0.0,0.8083476422703181,0.0,0.2,ml100k,itemknn,qubo_feasible,0,100,0.3632704916091757
669,0.3868528072345416,0.7809696733117956,1.0,0.2,ml100k,itemknn,qubo_feasible,0,100,0.2363253771997322
683,0.0,0.8338457979146661,0.0,0.2,ml100k,itemknn,qubo_feasible,0,100,0.3040047869766417
693,0.0,0.7727313373618719,0.0,0.2,ml100k,itemknn,qubo_feasible,0,100,0.36800477588561
705,0.0,0.8534596112340032,0.0,0.2,ml100k,itemknn,qubo_feasible,0,100,0.3961725030045073
708,0.3333333333333333,0.8735790707688109,1.0,0.2,ml100k,itemknn,qubo_feasible,0,100,0.4215432272149007
717,0.0,0.8368808757531024,0.0,0.2,ml100k,itemknn,qubo_feasible,0,100,0.3822700614033946
722,0.0,0.7927549040608173,0.0,0.2,ml100k,itemknn,qubo_feasible,0,100,0.3320410878223765
739,0.0,0.8447744820094314,0.0,0.2,ml100k,itemknn,qubo_feasible,0,100,0.3391564260607407
745,0.0,0.781837213456258,0.0,0.2,ml100k,itemknn,qubo_feasible,0,100,0.2779323303979087
757,0.0,0.7995388551176601,0.0,0.2,ml100k,itemknn,qubo_feasible,0,100,0.3533347676104184
759,0.0,0.8412469708187916,0.0,0.2,ml100k,itemknn,qubo_feasible,0,100,0.2177540038327235
771,0.0,0.8465300369028822,0.0,0.2,ml100k,itemknn,qubo_feasible,0,100,0.3573920503894838
780,0.0,0.876987727708972,0.0,0.2,ml100k,itemknn,qubo_feasible,0,100,0.2586735300599693
785,0.0,0.7620561233784823,0.0,0.2,ml100k,itemknn,qubo_feasible,0,100,0.3307929702546442
794,0.0,0.8251236715121567,0.0,0.2,ml100k,itemknn,qubo_feasible,0,100,0.4071860305652554
806,0.0,0.7795320304660404,0.0,0.2,ml100k,itemknn,qubo_feasible,0,100,0.2969017960815803
817,0.0,0.7572112644164903,0.0,0.2,ml100k,itemknn,qubo_feasible,0,100,0.3298519924782966
832,0.0,0.837682987435692,0.0,0.2,ml100k,itemknn,qubo_feasible,0,100,0.4183094718936199
856,0.0,0.6971191488962316,0.0,0.2,ml100k,itemknn,qubo_feasible,0,100,0.2873678315469113
860,0.0,0.8056669805915312,0.0,0.2,ml100k,itemknn,qubo_feasible,0,100,0.3379231478274124
869,0.0,0.7134961299886065,0.0,0.2,ml100k,itemknn,qubo_feasible,0,100,0.2860546220719274
881,0.0,0.7416261458882702,0.0,0.2,ml100k,itemknn,qubo_feasible,0,100,0.3133046139348448
894,0.0,0.82464987280459,0.0,0.2,ml100k,itemknn,qubo_feasible,0,100,0.3883114721813435
913,0.0,0.8019685782521264,0.0,0.2,ml100k,itemknn,qubo_feasible,0,100,0.3546258616504669
934,0.0,0.7363648232104366,0.0,0.2,ml100k,itemknn,qubo_feasible,0,100,0.3069604829813139
2,0.0,0.8714747839786505,0.0,0.2,ml100k,itemknn,qubo_tabu,0,100,0.208647407368657
4,0.0,0.7156548344384394,0.0,0.2,ml100k,itemknn,qubo_tabu,0,100,0.2319468299112672
7,0.0,0.8735979365629252,0.0,0.2,ml100k,itemknn,qubo_tabu,0,100,0.2439552087735482
14,0.5,0.9158037975670068,1.0,0.2,ml100k,itemknn,qubo_tabu,0,100,0.2394773185611464
19,0.0,0.6985032845839425,0.0,0.2,ml100k,itemknn,qubo_tabu,0,100,0.2490565799079319
25,0.0,0.8214376203459915,0.0,0.2,ml100k,itemknn,qubo_tabu,0,100,0.344752791018967
29,0.0,0.7947143986234059,0.0,0.2,ml100k,itemknn,qubo_tabu,0,100,0.3403889979062842
34,0.0,0.7477531465471026,0.0,0.2,ml100k,itemknn,qubo_tabu,0,100,0.1190997986251638
45,0.0,0.8060793033874912,0.0,0.2,ml100k,itemknn,qubo_tabu,0,100,0.3335687890505607
63,0.0,0.8195004496095386,0.0,0.2,ml100k,itemknn,qubo_tabu,0,100,0.3806769009360726
67,0.0,0.8165951785785202,0.0,0.2,ml100k,itemknn,qubo_tabu,0,100,0.3556542873840165
70,0.0,0.837789604625494,0.0,0.2,ml100k,itemknn,qubo_tabu,0,100,0.3631088981951884
78,0.3333333333333333,0.8261882090238364,1.0,0.2,ml100k,itemknn,qubo_tabu,0,100,0.323043671097835
79,0.0,0.8912966121207931,0.0,0.2,ml100k,itemknn,qubo_tabu,0,100,0.2423064545403191
110,0.3562071871080222,0.8345887759225487,1.0,0.2,ml100k,itemknn,qubo_tabu,0,100,0.318411376681057
122,1.0,0.8539456054051309,1.0,0.2,ml100k,itemknn,qubo_tabu,0,100,0.3168266206938966
149,0.0,0.8129477555099759,0.0,0.2,ml100k,itemknn,qubo_tabu,0,100,0.35671035517776
153,0.0,0.8358767958320115,0.0,0.2,ml100k,itemknn,qubo_tabu,0,100,0.3735138356046939
212,0.0,0.7342248820834222,0.0,0.2,ml100k,itemknn,qubo_tabu,0,100,0.2957864322923806
228,0.0,0.8054862557236372,0.0,0.2,ml100k,itemknn,qubo_tabu,0,100,0.2577144993851706
229,0.0,0.680967718871921,0.0,0.2,ml100k,itemknn,qubo_tabu,0,100,0.2202556658427415
235,0.6309297535714575,0.829934758773118,1.0,0.2,ml100k,itemknn,qubo_tabu,0,100,0.3400291606295483
239,0.0,0.6944320182375625,0.0,0.2,ml100k,itemknn,qubo_tabu,0,100,0.3267255030108402
247,0.0,0.851845443228704,0.0,0.2,ml100k,itemknn,qubo_tabu,0,100,0.3696907597230383
261,0.0,0.758523963399452,0.0,0.2,ml100k,itemknn,qubo_tabu,0,100,0.2389944293696235
264,0.0,0.8637835771737578,0.0,0.2,ml100k,itemknn,qubo_tabu,0,100,0.3766549902631689
283,0.0,0.6854738908124568,0.0,0.2,ml100k,itemknn,qubo_tabu,0,100,0.2895017359928932
298,0.0,0.813046180986615,0.0,0.2,ml100k,itemknn,qubo_tabu,0,100,0.3849877362641539
306,0.0,0.852935619483258,0.0,0.2,ml100k,itemknn,qubo_tabu,0,100,0.436344584994642
314,0.0,0.8505252767024518,0.0,0.2,ml100k,itemknn,qubo_tabu,0,100,0.3906988031673337
330,0.0,0.7785848513824187,0.0,0.2,ml100k,itemknn,qubo_tabu,0,100,0.3224305160049825
341,0.0,0.6515195961320911,0.0,0.2,ml100k,itemknn,qubo_tabu,0,100,0.1902520344830327
342,0.0,0.6206211079676384,0.0,0.2,ml100k,itemknn,qubo_tabu,0,100,0.2091930898447145
343,0.0,0.9261887875614307,0.0,0.2,ml100k,itemknn,qubo_tabu,0,100,0.2504085090289693
352,0.0,0.6072252909456181,0.0,0.2,ml100k,itemknn,qubo_tabu,0,100,0.1131697439046649
355,0.0,0.8523158133441867,0.0,0.2,ml100k,itemknn,qubo_tabu,0,100,0.383635289332966
356,0.0,0.7716967176365904,0.0,0.2,ml100k,itemknn,qubo_tabu,0,100,0.2885747029896368
365,0.5,0.7142684780266394,1.0,0.2,ml100k,itemknn,qubo_tabu,0,100,0.1668077058622556
373,0.0,0.6952416547203076,0.0,0.2,ml100k,itemknn,qubo_tabu,0,100,0.158217826353017
387,0.0,0.9021311184459648,0.0,0.2,ml100k,itemknn,qubo_tabu,0,100,0.25883608773998
412,0.0,0.8619963676429134,0.0,0.2,ml100k,itemknn,qubo_tabu,0,100,0.3375655750605546
424,0.6309297535714575,0.8121180258774798,1.0,0.2,ml100k,itemknn,qubo_tabu,0,100,0.3887038761783523
431,0.0,0.6697168710093125,0.0,0.2,ml100k,itemknn,qubo_tabu,0,100,0.2293960929669731
432,0.0,0.7139615855668469,0.0,0.2,ml100k,itemknn,qubo_tabu,0,100,0.1693483998599324
445,0.0,0.8530857533152327,0.0,0.2,ml100k,itemknn,qubo_tabu,0,100,0.3123505141320164
467,0.0,0.7647461616484028,0.0,0.2,ml100k,itemknn,qubo_tabu,0,100,0.3255970390176179
468,0.0,0.850242339074007,0.0,0.2,ml100k,itemknn,qubo_tabu,0,100,0.2704166924671237
469,0.0,0.7365460200328624,0.0,0.2,ml100k,itemknn,qubo_tabu,0,100,0.2734188013778357
475,0.0,0.7535037495202727,0.0,0.2,ml100k,itemknn,qubo_tabu,0,100,0.3355350036264672
479,0.0,0.881541752369919,0.0,0.2,ml100k,itemknn,qubo_tabu,0,100,0.3919614973526666
482,0.0,0.6101842620950748,0.0,0.2,ml100k,itemknn,qubo_tabu,0,100,0.1820710607780873
489,0.0,0.9256926221195012,0.0,0.2,ml100k,itemknn,qubo_tabu,0,100,0.3320123976983566
519,0.0,0.7852315440470115,0.0,0.2,ml100k,itemknn,qubo_tabu,0,100,0.3423748143612516
526,0.0,0.8716378870376463,0.0,0.2,ml100k,itemknn,qubo_tabu,0,100,0.3952283737073411
528,0.0,0.7938034850840382,0.0,0.2,ml100k,itemknn,qubo_tabu,0,100,0.3782197457927512
538,0.0,0.8780141633867521,0.0,0.2,ml100k,itemknn,qubo_tabu,0,100,0.4244506577197585
543,0.0,0.8808338382420624,0.0,0.2,ml100k,itemknn,qubo_tabu,0,100,0.2294746914903374
549,0.0,0.8797947022592664,0.0,0.2,ml100k,itemknn,qubo_tabu,0,100,0.3476911814237174
552,0.0,0.8556935440184578,0.0,0.2,ml100k,itemknn,qubo_tabu,0,100,0.3483758513868107
554,0.3868528072345416,0.8266761132282022,1.0,0.2,ml100k,itemknn,qubo_tabu,0,100,0.3187864514628131
576,0.0,0.8424827119553264,0.0,0.2,ml100k,itemknn,qubo_tabu,0,100,0.2805590638470845
580,0.0,0.7614056078268316,0.0,0.2,ml100k,itemknn,qubo_tabu,0,100,0.3443255612964569
585,0.0,0.8294894358806548,0.0,0.2,ml100k,itemknn,qubo_tabu,0,100,0.2307741937279892
587,0.6309297535714575,0.86228901199928,1.0,0.2,ml100k,itemknn,qubo_tabu,0,100,0.2639821058891852
596,0.3154648767857287,0.8358392892624694,1.0,0.2,ml100k,itemknn,qubo_tabu,0,100,0.3424186189186444
617,0.0,0.6313540882642007,0.0,0.2,ml100k,itemknn,qubo_tabu,0,100,0.1451709267541193
621,0.0,0.7708737960543651,0.0,0.2,ml100k,itemknn,qubo_tabu,0,100,0.3043037068892675
623,0.0,0.6341463226001808,0.0,0.2,ml100k,itemknn,qubo_tabu,0,100,0.240397630043924
626,0.0,0.7201197294801892,0.0,0.2,ml100k,itemknn,qubo_tabu,0,100,0.2556132935866996
636,0.0,0.8210620933561198,0.0,0.2,ml100k,itemknn,qubo_tabu,0,100,0.3326958681974923
637,0.0,0.8441522113351319,0.0,0.2,ml100k,itemknn,qubo_tabu,0,100,0.2154314032590107
657,0.0,0.8347750315045731,0.0,0.2,ml100k,itemknn,qubo_tabu,0,100,0.4000988813426323
659,0.0,0.7168947268658948,0.0,0.2,ml100k,itemknn,qubo_tabu,0,100,0.3081831321687819
666,0.0,0.7419235279593109,0.0,0.2,ml100k,itemknn,qubo_tabu,0,100,0.1951656734914497
667,0.0,0.831236705893714,0.0,0.2,ml100k,itemknn,qubo_tabu,0,100,0.3641525268642268
669,0.3562071871080222,0.859118514383068,1.0,0.2,ml100k,itemknn,qubo_tabu,0,100,0.2580268441818844
683,0.0,0.8797608083397317,0.0,0.2,ml100k,itemknn,qubo_tabu,0,100,0.3204413750805451
693,0.0,0.7894725891264595,0.0,0.2,ml100k,itemknn,qubo_tabu,0,100,0.3652989012661367
705,0.0,0.8949200698467115,0.0,0.2,ml100k,itemknn,qubo_tabu,0,100,0.4115359347789259
708,0.3562071871080222,0.8178938663734707,1.0,0.2,ml100k,itemknn,qubo_tabu,0,100,0.3785731783577424
717,0.0,0.8522151648844968,0.0,0.2,ml100k,itemknn,qubo_tabu,0,100,0.3863592543034774
722,0.0,0.8058422057936213,0.0,0.2,ml100k,itemknn,qubo_tabu,0,100,0.3269801381794736
739,0.0,0.799718643370432,0.0,0.2,ml100k,itemknn,qubo_tabu,0,100,0.3255746562095583
745,0.0,0.8199557176152236,0.0,0.2,ml100k,itemknn,qubo_tabu,0,100,0.2781762852852472
757,0.0,0.8157970906208377,0.0,0.2,ml100k,itemknn,qubo_tabu,0,100,0.3507771941334374
759,0.0,0.8995163746453866,0.0,0.2,ml100k,itemknn,qubo_tabu,0,100,0.2439350680625642
771,0.0,0.8960869035282607,0.0,0.2,ml100k,itemknn,qubo_tabu,0,100,0.3786393767939842
780,0.0,0.8337297587762831,0.0,0.2,ml100k,itemknn,qubo_tabu,0,100,0.2269450384149725
785,0.0,0.7810981132021154,0.0,0.2,ml100k,itemknn,qubo_tabu,0,100,0.3271420855598519
794,0.0,0.8276944924889519,0.0,0.2,ml100k,itemknn,qubo_tabu,0,100,0.3898040510717713
806,0.0,0.7142370452583305,0.0,0.2,ml100k,itemknn,qubo_tabu,0,100,0.2754671352584456
817,0.0,0.8065015171916501,0.0,0.2,ml100k,itemknn,qubo_tabu,0,100,0.3553321735992969
832,0.0,0.846789109454042,0.0,0.2,ml100k,itemknn,qubo_tabu,0,100,0.4119378169363144
856,0.0,0.6724037587079725,0.0,0.2,ml100k,itemknn,qubo_tabu,0,100,0.2488026287758743
860,0.0,0.8116124992000651,0.0,0.2,ml100k,itemknn,qubo_tabu,0,100,0.3255791445823899
869,0.0,0.80532612199892,0.0,0.2,ml100k,itemknn,qubo_tabu,0,100,0.3067910461972444
881,0.0,0.7761244131470423,0.0,0.2,ml100k,itemknn,qubo_tabu,0,100,0.3321497825497666
894,0.0,0.845884447158261,0.0,0.2,ml100k,itemknn,qubo_tabu,0,100,0.3952746361281175
913,0.0,0.7566466909629497,0.0,0.2,ml100k,itemknn,qubo_tabu,0,100,0.3176592866042068
934,0.0,0.7880466267970865,0.0,0.2,ml100k,itemknn,qubo_tabu,0,100,0.3026158672056535
2,0.3562071871080222,1.0,1.0,1.1,ml100k,als,none,0,100,
4,0.0,1.0,0.0,1.3,ml100k,als,none,0,100,
7,1.0,1.0,1.0,1.1,ml100k,als,none,0,100,
14,0.0,1.0,0.0,0.3,ml100k,als,none,0,100,
19,0.0,1.0,0.0,0.9,ml100k,als,none,0,100,
25,0.0,1.0,0.0,0.6,ml100k,als,none,0,100,
29,0.0,1.0,0.0,0.8,ml100k,als,none,0,100,
34,0.0,1.0,0.0,1.1,ml100k,als,none,0,100,
45,0.5,1.0,1.0,0.9,ml100k,als,none,0,100,
63,0.0,1.0,0.0,1.1,ml100k,als,none,0,100,
67,0.0,1.0,0.0,0.9,ml100k,als,none,0,100,
70,0.0,1.0,0.0,1.1,ml100k,als,none,0,100,
78,0.0,1.0,0.0,1.1,ml100k,als,none,0,100,
79,0.0,1.0,0.0,0.9,ml100k,als,none,0,100,
110,0.0,1.0,0.0,0.9,ml100k,als,none,0,100,
122,0.0,1.0,0.0,1.1,ml100k,als,none,0,100,
149,0.0,1.0,0.0,0.6,ml100k,als,none,0,100,
153,0.0,1.0,0.0,0.7,ml100k,als,none,0,100,
212,0.0,1.0,0.0,1.1,ml100k,als,none,0,100,
228,0.0,1.0,0.0,0.9,ml100k,als,none,0,100,
229,0.0,1.0,0.0,0.3,ml100k,als,none,0,100,
235,0.3154648767857287,1.0,1.0,0.5,ml100k,als,none,0,100,
239,0.0,1.0,0.0,0.5,ml100k,als,none,0,100,
247,0.0,1.0,0.0,1.0,ml100k,als,none,0,100,
261,0.0,1.0,0.0,0.3,ml100k,als,none,0,100,
264,0.0,1.0,0.0,1.1,ml100k,als,none,0,100,
283,0.0,1.0,0.0,0.3,ml100k,als,none,0,100,
298,0.0,1.0,0.0,1.5,ml100k,als,none,0,100,
306,0.3333333333333333,1.0,1.0,1.3,ml100k,als,none,0,100,
314,0.0,1.0,0.0,1.3,ml100k,als,none,0,100,
330,0.0,1.0,0.0,1.3,ml100k,als,none,0,100,
341,0.0,1.0,0.0,1.1,ml100k,als,none,0,100,
342,0.0,1.0,0.0,0.8,ml100k,als,none,0,100,
343,0.3333333333333333,1.0,1.0,0.8,ml100k,als,none,0,100,
352,0.0,1.0,0.0,0.2,ml100k,als,none,0,100,
355,0.0,1.0,0.0,0.6,ml100k,als,none,0,100,
356,0.0,1.0,0.0,1.0,ml100k,als,none,0,100,
365,0.2890648263178879,1.0,1.0,0.9,ml100k,als,none,0,100,
373,0.0,1.0,0.0,1.0,ml100k,als,none,0,100,
387,0.0,1.0,0.0,0.2,ml100k,als,none,0,100,
412,0.0,1.0,0.0,0.7,ml100k,als,none,0,100,
424,1.0,1.0,1.0,0.4,ml100k,als,none,0,100,
431,0.0,1.0,0.0,1.1,ml100k,als,none,0,100,
432,0.0,1.0,0.0,0.4,ml100k,als,none,0,100,
445,0.0,1.0,0.0,0.5,ml100k,als,none,0,100,
467,0.0,1.0,0.0,0.9,ml100k,als,none,0,100,
468,0.0,1.0,0.0,0.5,ml100k,als,none,0,100,
469,0.0,1.0,0.0,0.5,ml100k,als,none,0,100,
475,0.0,1.0,0.0,0.6,ml100k,als,none,0,100,
479,0.0,1.0,0.0,1.1,ml100k,als,none,0,100,
482,0.0,1.0,0.0,0.6,ml100k,als,none,0,100,
489,0.6309297535714575,1.0,1.0,0.7,ml100k,als,none,0,100,
519,0.0,1.0,0.0,0.9,ml100k,als,none,0,100,
526,0.0,1.0,0.0,1.1,ml100k,als,none,0,100,
528,0.0,1.0,0.0,1.1,ml100k,als,none,0,100,
538,0.0,1.0,0.0,1.1,ml100k,als,none,0,100,
543,0.3333333333333333,1.0,1.0,0.7,ml100k,als,none,0,100,
549,0.0,1.0,0.0,0.9,ml100k,als,none,0,100,
552,0.0,1.0,0.0,0.8,ml100k,als,none,0,100,
554,0.0,1.0,0.0,1.1,ml100k,als,none,0,100,
576,0.0,1.0,0.0,0.6,ml100k,als,none,0,100,
580,0.0,1.0,0.0,0.8,ml100k,als,none,0,100,
585,0.0,1.0,0.0,1.3,ml100k,als,none,0,100,
587,0.6309297535714575,1.0,1.0,0.9,ml100k,als,none,0,100,
596,0.0,1.0,0.0,1.3,ml100k,als,none,0,100,
617,0.0,1.0,0.0,0.6,ml100k,als,none,0,100,
621,0.0,1.0,0.0,0.8,ml100k,als,none,0,100,
623,0.0,1.0,0.0,0.9,ml100k,als,none,0,100,
626,0.0,1.0,0.0,0.7,ml100k,als,none,0,100,
636,0.0,1.0,0.0,0.7,ml100k,als,none,0,100,
637,0.0,1.0,0.0,0.5,ml100k,als,none,0,100,
657,0.0,1.0,0.0,1.3,ml100k,als,none,0,100,
659,0.0,1.0,0.0,1.3,ml100k,als,none,0,100,
666,0.0,1.0,0.0,0.8,ml100k,als,none,0,100,
667,0.0,1.0,0.0,0.7,ml100k,als,none,0,100,
669,0.3562071871080222,1.0,1.0,0.8,ml100k,als,none,0,100,
683,0.3010299956639812,1.0,1.0,1.1,ml100k,als,none,0,100,
693,0.0,1.0,0.0,1.1,ml100k,als,none,0,100,
705,0.0,1.0,0.0,0.6,ml100k,als,none,0,100,
708,0.0,1.0,0.0,1.1,ml100k,als,none,0,100,
717,0.0,1.0,0.0,0.7,ml100k,als,none,0,100,
722,0.0,1.0,0.0,0.6,ml100k,als,none,0,100,
739,0.0,1.0,0.0,1.1,ml100k,als,none,0,100,
745,0.0,1.0,0.0,0.7,ml100k,als,none,0,100,
757,0.0,1.0,0.0,0.7,ml100k,als,none,0,100,
759,0.0,1.0,0.0,1.0,ml100k,als,none,0,100,
771,0.0,1.0,0.0,0.6,ml100k,als,none,0,100,
780,0.0,1.0,0.0,0.9,ml100k,als,none,0,100,
785,0.0,1.0,0.0,1.0,ml100k,als,none,0,100,
794,0.0,1.0,0.0,1.5,ml100k,als,none,0,100,
806,0.0,1.0,0.0,0.7,ml100k,als,none,0,100,
817,1.0,1.0,1.0,0.8,ml100k,als,none,0,100,
832,0.0,1.0,0.0,1.3,ml100k,als,none,0,100,
856,0.0,1.0,0.0,0.8,ml100k,als,none,0,100,
860,0.0,1.0,0.0,0.3,ml100k,als,none,0,100,
869,0.0,1.0,0.0,1.0,ml100k,als,none,0,100,
881,0.0,1.0,0.0,0.8,ml100k,als,none,0,100,
894,0.0,1.0,0.0,0.8,ml100k,als,none,0,100,
913,0.0,1.0,0.0,0.6,ml100k,als,none,0,100,
934,0.0,1.0,0.0,0.4,ml100k,als,none,0,100,
2,0.3562071871080222,1.0,1.0,1.1,ml100k,als,greedy_topk,0,100,0.1058355995978091
4,0.0,1.0,0.0,1.3,ml100k,als,greedy_topk,0,100,0.1372681372149716
7,1.0,1.0,1.0,1.1,ml100k,als,greedy_topk,0,100,0.2555406277328763
14,0.0,1.0,0.0,0.3,ml100k,als,greedy_topk,0,100,0.2452817360340725
19,0.0,1.0,0.0,0.9,ml100k,als,greedy_topk,0,100,0.0999719082305802
25,0.0,1.0,0.0,0.6,ml100k,als,greedy_topk,0,100,0.2039469936877083
29,0.0,1.0,0.0,0.8,ml100k,als,greedy_topk,0,100,0.1806621494691552
34,0.0,1.0,0.0,1.1,ml100k,als,greedy_topk,0,100,0.0813625577149514
45,0.5,1.0,1.0,0.9,ml100k,als,greedy_topk,0,100,0.2305741905477848
63,0.0,1.0,0.0,1.1,ml100k,als,greedy_topk,0,100,0.3571626189458607
67,0.0,1.0,0.0,0.9,ml100k,als,greedy_topk,0,100,0.1924128516381706
70,0.0,1.0,0.0,1.1,ml100k,als,greedy_topk,0,100,0.3075517027145423
78,0.0,1.0,0.0,1.1,ml100k,als,greedy_topk,0,100,0.3899020457312205
79,0.0,1.0,0.0,0.9,ml100k,als,greedy_topk,0,100,0.1682514250598652
110,0.0,1.0,0.0,0.9,ml100k,als,greedy_topk,0,100,0.3811634795777341
122,0.0,1.0,0.0,1.1,ml100k,als,greedy_topk,0,100,0.1916975364323049
149,0.0,1.0,0.0,0.6,ml100k,als,greedy_topk,0,100,0.2705533071329967
153,0.0,1.0,0.0,0.7,ml100k,als,greedy_topk,0,100,0.3603187927442547
212,0.0,1.0,0.0,1.1,ml100k,als,greedy_topk,0,100,0.2125203806173231
228,0.0,1.0,0.0,0.9,ml100k,als,greedy_topk,0,100,0.2248485621214164
229,0.0,1.0,0.0,0.3,ml100k,als,greedy_topk,0,100,0.1577947041300307
235,0.3154648767857287,1.0,1.0,0.5,ml100k,als,greedy_topk,0,100,0.3510233190116002
239,0.0,1.0,0.0,0.5,ml100k,als,greedy_topk,0,100,0.0799339861843221
247,0.0,1.0,0.0,1.0,ml100k,als,greedy_topk,0,100,0.2144298389318217
261,0.0,1.0,0.0,0.3,ml100k,als,greedy_topk,0,100,0.1058164469201526
264,0.0,1.0,0.0,1.1,ml100k,als,greedy_topk,0,100,0.4006250030186765
283,0.0,1.0,0.0,0.3,ml100k,als,greedy_topk,0,100,0.117235573584999
298,0.0,1.0,0.0,1.5,ml100k,als,greedy_topk,0,100,0.204083225884477
306,0.3333333333333333,1.0,1.0,1.3,ml100k,als,greedy_topk,0,100,0.2026759787628669
314,0.0,1.0,0.0,1.3,ml100k,als,greedy_topk,0,100,0.3073990999575804
330,0.0,1.0,0.0,1.3,ml100k,als,greedy_topk,0,100,0.1706146172443425
341,0.0,1.0,0.0,1.1,ml100k,als,greedy_topk,0,100,0.1277695360055868
342,0.0,1.0,0.0,0.8,ml100k,als,greedy_topk,0,100,0.1471574294217932
343,0.3333333333333333,1.0,1.0,0.8,ml100k,als,greedy_topk,0,100,0.2035872341929924
352,0.0,1.0,0.0,0.2,ml100k,als,greedy_topk,0,100,0.0789813802274894
355,0.0,1.0,0.0,0.6,ml100k,als,greedy_topk,0,100,0.3928092319116521
356,0.0,1.0,0.0,1.0,ml100k,als,greedy_topk,0,100,0.1640256470468296
365,0.2890648263178879,1.0,1.0,0.9,ml100k,als,greedy_topk,0,100,0.1894059066371429
373,0.0,1.0,0.0,1.0,ml100k,als,greedy_topk,0,100,0.0935371462679899
387,0.0,1.0,0.0,0.2,ml100k,als,greedy_topk,0,100,0.192959697183261
412,0.0,1.0,0.0,0.7,ml100k,als,greedy_topk,0,100,0.3005481536729943
424,1.0,1.0,1.0,0.4,ml100k,als,greedy_topk,0,100,0.3186027385867622
431,0.0,1.0,0.0,1.1,ml100k,als,greedy_topk,0,100,0.218043557226749
432,0.0,1.0,0.0,0.4,ml100k,als,greedy_topk,0,100,0.0627221176208605
445,0.0,1.0,0.0,0.5,ml100k,als,greedy_topk,0,100,0.3101292039114237
467,0.0,1.0,0.0,0.9,ml100k,als,greedy_topk,0,100,0.3510840684281573
468,0.0,1.0,0.0,0.5,ml100k,als,greedy_topk,0,100,0.2919998343812747
469,0.0,1.0,0.0,0.5,ml100k,als,greedy_topk,0,100,0.2217894690416827
475,0.0,1.0,0.0,0.6,ml100k,als,greedy_topk,0,100,0.2251639121347819
479,0.0,1.0,0.0,1.1,ml100k,als,greedy_topk,0,100,0.4029391446509369
482,0.0,1.0,0.0,0.6,ml100k,als,greedy_topk,0,100,0.0913937640409082
489,0.6309297535714575,1.0,1.0,0.7,ml100k,als,greedy_topk,0,100,0.2759965594471444
519,0.0,1.0,0.0,0.9,ml100k,als,greedy_topk,0,100,0.1656580128323459
526,0.0,1.0,0.0,1.1,ml100k,als,greedy_topk,0,100,0.2658840480544138
528,0.0,1.0,0.0,1.1,ml100k,als,greedy_topk,0,100,0.3645712225137615
538,0.0,1.0,0.0,1.1,ml100k,als,greedy_topk,0,100,0.3641199405174433
543,0.3333333333333333,1.0,1.0,0.7,ml100k,als,greedy_topk,0,100,0.1665128346637631
549,0.0,1.0,0.0,0.9,ml100k,als,greedy_topk,0,100,0.3521333062109885
552,0.0,1.0,0.0,0.8,ml100k,als,greedy_topk,0,100,0.3791295563122338
554,0.0,1.0,0.0,1.1,ml100k,als,greedy_topk,0,100,0.2483199176276253
576,0.0,1.0,0.0,0.6,ml100k,als,greedy_topk,0,100,0.133314849129767
580,0.0,1.0,0.0,0.8,ml100k,als,greedy_topk,0,100,0.1602154098885521
585,0.0,1.0,0.0,1.3,ml100k,als,greedy_topk,0,100,0.1965627018695076
587,0.6309297535714575,1.0,1.0,0.9,ml100k,als,greedy_topk,0,100,0.21709910167208
596,0.0,1.0,0.0,1.3,ml100k,als,greedy_topk,0,100,0.3899763183772607
617,0.0,1.0,0.0,0.6,ml100k,als,greedy_topk,0,100,0.0428313453616961
621,0.0,1.0,0.0,0.8,ml100k,als,greedy_topk,0,100,0.2193741966558054
623,0.0,1.0,0.0,0.9,ml100k,als,greedy_topk,0,100,0.1396633825565758
626,0.0,1.0,0.0,0.7,ml100k,als,greedy_topk,0,100,0.1215255136424376
636,0.0,1.0,0.0,0.7,ml100k,als,greedy_topk,0,100,0.2966441666281508
637,0.0,1.0,0.0,0.5,ml100k,als,greedy_topk,0,100,0.177891166426696
657,0.0,1.0,0.0,1.3,ml100k,als,greedy_topk,0,100,0.341355101193298
659,0.0,1.0,0.0,1.3,ml100k,als,greedy_topk,0,100,0.2136621213934737
666,0.0,1.0,0.0,0.8,ml100k,als,greedy_topk,0,100,0.1203807436648439
667,0.0,1.0,0.0,0.7,ml100k,als,greedy_topk,0,100,0.2324002685638774
669,0.3562071871080222,1.0,1.0,0.8,ml100k,als,greedy_topk,0,100,0.3254625317507961
683,0.3010299956639812,1.0,1.0,1.1,ml100k,als,greedy_topk,0,100,0.3247083076262514
693,0.0,1.0,0.0,1.1,ml100k,als,greedy_topk,0,100,0.4501945038859532
705,0.0,1.0,0.0,0.6,ml100k,als,greedy_topk,0,100,0.3175169478629977
708,0.0,1.0,0.0,1.1,ml100k,als,greedy_topk,0,100,0.3630557681833677
717,0.0,1.0,0.0,0.7,ml100k,als,greedy_topk,0,100,0.3070634792916369
722,0.0,1.0,0.0,0.6,ml100k,als,greedy_topk,0,100,0.1475625093986702
739,0.0,1.0,0.0,1.1,ml100k,als,greedy_topk,0,100,0.4135315543093901
745,0.0,1.0,0.0,0.7,ml100k,als,greedy_topk,0,100,0.2168434555886617
757,0.0,1.0,0.0,0.7,ml100k,als,greedy_topk,0,100,0.3909902005231477
759,0.0,1.0,0.0,1.0,ml100k,als,greedy_topk,0,100,0.181784941731096
771,0.0,1.0,0.0,0.6,ml100k,als,greedy_topk,0,100,0.3494913816119924
780,0.0,1.0,0.0,0.9,ml100k,als,greedy_topk,0,100,0.2311510025490161
785,0.0,1.0,0.0,1.0,ml100k,als,greedy_topk,0,100,0.1864144056191712
794,0.0,1.0,0.0,1.5,ml100k,als,greedy_topk,0,100,0.1296595947092148
806,0.0,1.0,0.0,0.7,ml100k,als,greedy_topk,0,100,0.0921424774773366
817,1.0,1.0,1.0,0.8,ml100k,als,greedy_topk,0,100,0.206622038097452
832,0.0,1.0,0.0,1.3,ml100k,als,greedy_topk,0,100,0.4583136727707178
856,0.0,1.0,0.0,0.8,ml100k,als,greedy_topk,0,100,0.1571480804071786
860,0.0,1.0,0.0,0.3,ml100k,als,greedy_topk,0,100,0.3047507012715302
869,0.0,1.0,0.0,1.0,ml100k,als,greedy_topk,0,100,0.2249764648289064
881,0.0,1.0,0.0,0.8,ml100k,als,greedy_topk,0,100,0.2245624821637005
894,0.0,1.0,0.0,0.8,ml100k,als,greedy_topk,0,100,0.3221729039020879
913,0.0,1.0,0.0,0.6,ml100k,als,greedy_topk,0,100,0.1821659139370516
934,0.0,1.0,0.0,0.4,ml100k,als,greedy_topk,0,100,0.2257166853423198
2,0.0,0.976134707580074,0.0,0.9,ml100k,als,mmr,0,100,0.0620540432735008
4,0.0,0.9965109452063547,0.0,1.1,ml100k,als,mmr,0,100,0.1152085301959551
7,1.0,0.8730524972401772,1.0,0.5,ml100k,als,mmr,0,100,0.1183713308036563
14,0.0,0.956545984834552,0.0,0.2,ml100k,als,mmr,0,100,0.1415888079689992
19,0.0,0.990057283876996,0.0,0.9,ml100k,als,mmr,0,100,0.0648791106058782
25,0.0,0.9905964929682408,0.0,0.5,ml100k,als,mmr,0,100,0.1545470956125087
29,0.0,0.9692924554984208,0.0,0.6,ml100k,als,mmr,0,100,0.0904228583337832
34,0.0,0.9796507699950364,0.0,0.6,ml100k,als,mmr,0,100,0.0428741668257524
45,0.5,0.9890465130718148,1.0,0.5,ml100k,als,mmr,0,100,0.1555999020711367
63,0.0,0.982498979295902,0.0,1.0,ml100k,als,mmr,0,100,0.2630429080647897
67,0.0,0.9917697628048244,0.0,0.9,ml100k,als,mmr,0,100,0.1646282339413212
70,0.0,0.9924023466994432,0.0,0.9,ml100k,als,mmr,0,100,0.2460277994821012
78,0.0,0.9619717409077616,0.0,0.8,ml100k,als,mmr,0,100,0.2417640158814685
79,0.0,0.9773345412048556,0.0,0.7,ml100k,als,mmr,0,100,0.1142094946869415
110,0.0,0.94693907076784,0.0,0.9,ml100k,als,mmr,0,100,0.1754667032554961
122,0.0,0.951630524940442,0.0,0.8,ml100k,als,mmr,0,100,0.0860994923493436
149,0.0,0.9842504667185062,0.0,0.6,ml100k,als,mmr,0,100,0.1668968321536085
153,0.0,0.9767094692812563,0.0,0.5,ml100k,als,mmr,0,100,0.265114149829247
212,0.0,0.9936409517268132,0.0,1.3,ml100k,als,mmr,0,100,0.1651458292107819
228,0.0,0.9783406747589306,0.0,1.3,ml100k,als,mmr,0,100,0.1465046818840622
229,0.0,0.98316479082735,0.0,0.4,ml100k,als,mmr,0,100,0.0955484861676662
235,0.0,0.9184193846302638,0.0,0.6,ml100k,als,mmr,0,100,0.1077957884026018
239,0.0,0.9991854104698036,0.0,0.4,ml100k,als,mmr,0,100,0.067720325338487
247,0.0,0.9861931855732992,0.0,0.6,ml100k,als,mmr,0,100,0.1457065369372965
261,0.0,0.9959333996583452,0.0,0.3,ml100k,als,mmr,0,100,0.0869556168181111
264,0.0,0.8784518161095181,0.0,0.9,ml100k,als,mmr,0,100,0.1401007052099783
283,0.0,0.9884166142889816,0.0,0.2,ml100k,als,mmr,0,100,0.0815107054772916
298,0.0,0.977051874307282,0.0,1.5,ml100k,als,mmr,0,100,0.104872549048247
306,0.3333333333333333,0.9767329914252468,1.0,1.3,ml100k,als,mmr,0,100,0.1280512781686432
314,0.0,0.9702177618749336,0.0,0.7,ml100k,als,mmr,0,100,0.1277697487039233
330,0.0,0.974301317433046,0.0,1.3,ml100k,als,mmr,0,100,0.0979516617676255
341,0.0,0.9936612974097968,0.0,0.7,ml100k,als,mmr,0,100,0.0915122202235704
342,0.0,0.9866870582731636,0.0,0.5,ml100k,als,mmr,0,100,0.0921185233912585
343,0.430676558073393,0.8914561387137914,1.0,0.9,ml100k,als,mmr,0,100,0.0727677751827444
352,0.0,0.9930213921951782,0.0,0.2,ml100k,als,mmr,0,100,0.0525750462469917
355,0.0,0.9663397826982124,0.0,0.4,ml100k,als,mmr,0,100,0.2308414701074443
356,0.0,0.991027321385736,0.0,1.0,ml100k,als,mmr,0,100,0.1397542727481054
365,0.0,0.945024231906206,0.0,0.6,ml100k,als,mmr,0,100,0.0647634305241155
373,0.0,0.99286210595166,0.0,1.0,ml100k,als,mmr,0,100,0.0728059807955252
387,0.3010299956639812,0.9376362798052617,1.0,0.3,ml100k,als,mmr,0,100,0.0777268124030198
412,0.0,0.932212784465304,0.0,0.7,ml100k,als,mmr,0,100,0.0848879553957124
424,1.0,0.9869680215650344,1.0,0.6,ml100k,als,mmr,0,100,0.2226126252285681
431,0.0,0.9873999496001524,0.0,1.0,ml100k,als,mmr,0,100,0.115507292681146
432,0.0,0.9853217227159085,0.0,0.9,ml100k,als,mmr,0,100,0.0456994777771649
445,0.0,0.970134435795778,0.0,0.5,ml100k,als,mmr,0,100,0.1547515743053366
467,0.0,0.9725689242565536,0.0,0.4,ml100k,als,mmr,0,100,0.1579908847333541
468,0.0,0.951080314451657,0.0,0.3,ml100k,als,mmr,0,100,0.1503861160339083
469,0.0,0.953781570404136,0.0,0.7,ml100k,als,mmr,0,100,0.1020417108223994
475,0.0,0.965544769615763,0.0,0.6,ml100k,als,mmr,0,100,0.1080217175206024
479,0.0,0.9353211754673756,0.0,0.7,ml100k,als,mmr,0,100,0.1176521875727086
482,0.0,0.98438573432657,0.0,0.6,ml100k,als,mmr,0,100,0.0698971701254406
489,0.6309297535714575,0.9526733248955038,1.0,0.9,ml100k,als,mmr,0,100,0.1637376394286023
519,0.0,0.9940533398039624,0.0,0.9,ml100k,als,mmr,0,100,0.1511700790927081
526,0.0,0.9814330130199396,0.0,0.9,ml100k,als,mmr,0,100,0.1966485786101294
528,0.3154648767857287,0.9858627922870892,1.0,0.6,ml100k,als,mmr,0,100,0.309954479580345
538,0.0,0.9678656428644534,0.0,0.7,ml100k,als,mmr,0,100,0.2406689791384934
543,0.3868528072345416,0.955751344015344,1.0,0.7,ml100k,als,mmr,0,100,0.0850705424988846
549,0.0,0.9645468495727734,0.0,0.4,ml100k,als,mmr,0,100,0.1993760302675547
552,0.0,0.9623331516329716,0.0,0.7,ml100k,als,mmr,0,100,0.186867253157672
554,0.0,0.9691254603172976,0.0,0.6,ml100k,als,mmr,0,100,0.1166122627618842
576,0.0,0.9984982730740818,0.0,0.6,ml100k,als,mmr,0,100,0.1326560784066806
580,0.0,0.9844162145240892,0.0,0.8,ml100k,als,mmr,0,100,0.0958532500594847
585,0.0,0.9638626250062668,0.0,1.1,ml100k,als,mmr,0,100,0.1206149949904543
587,0.6309297535714575,0.9538521880289588,1.0,0.8,ml100k,als,mmr,0,100,0.0982645948821678
596,0.0,0.928559668660547,0.0,0.9,ml100k,als,mmr,0,100,0.222650411521194
617,0.0,0.9929391353631504,0.0,0.6,ml100k,als,mmr,0,100,0.0342214290555389
621,0.0,0.9773856176469962,0.0,0.6,ml100k,als,mmr,0,100,0.1200542628237177
623,0.0,0.993992349407104,0.0,0.9,ml100k,als,mmr,0,100,0.1140609958166109
626,0.0,0.9900748795739404,0.0,0.7,ml100k,als,mmr,0,100,0.0776009176889776
636,0.0,0.962231933532444,0.0,0.3,ml100k,als,mmr,0,100,0.1702564282024542
637,0.0,0.988898157225814,0.0,0.4,ml100k,als,mmr,0,100,0.1555320831166694
657,0.0,0.9073880118559416,0.0,0.9,ml100k,als,mmr,0,100,0.0977487977863928
659,0.0,0.995342259079695,0.0,1.1,ml100k,als,mmr,0,100,0.1863953534420214
666,0.0,0.9917925512213556,0.0,0.6,ml100k,als,mmr,0,100,0.0919903284589798
667,0.0,0.955391395786692,0.0,0.8,ml100k,als,mmr,0,100,0.1226623865362285
669,0.3868528072345416,0.9578283860901786,1.0,0.6,ml100k,als,mmr,0,100,0.1995402995127236
683,0.430676558073393,0.8772622242534425,1.0,0.8,ml100k,als,mmr,0,100,0.1155242081454039
693,0.0,0.9708463856968262,0.0,0.9,ml100k,als,mmr,0,100,0.3383632648368438
705,0.0,0.985308874859772,0.0,0.6,ml100k,als,mmr,0,100,0.2529728840470788
708,0.0,0.9884160600029056,0.0,1.1,ml100k,als,mmr,0,100,0.3009775812143066
717,0.0,0.9662612777755896,0.0,0.7,ml100k,als,mmr,0,100,0.1874016330813738
722,0.0,0.9986305597378138,0.0,0.8,ml100k,als,mmr,0,100,0.132477395006321
739,0.0,0.943472608651881,0.0,0.8,ml100k,als,mmr,0,100,0.1883370364106156
745,0.0,0.9896480256803968,0.0,0.6,ml100k,als,mmr,0,100,0.1250441634657173
757,0.0,0.9758887798901288,0.0,0.9,ml100k,als,mmr,0,100,0.2991681705032459
759,0.0,0.9903709720803234,0.0,0.8,ml100k,als,mmr,0,100,0.1595366446912151
771,0.0,0.9711250808180224,0.0,0.2,ml100k,als,mmr,0,100,0.2102889302165917
780,0.0,0.951328899847321,0.0,1.1,ml100k,als,mmr,0,100,0.1149996869087565
785,0.0,0.976949590164012,0.0,1.0,ml100k,als,mmr,0,100,0.0951756570208634
794,0.0,0.9803268270091432,0.0,1.5,ml100k,als,mmr,0,100,0.0783535613335355
806,0.0,0.994211316393346,0.0,0.7,ml100k,als,mmr,0,100,0.0651955453662301
817,1.0,0.9757967852514046,1.0,0.4,ml100k,als,mmr,0,100,0.1213471210730433
832,0.0,0.9616290187138036,0.0,1.1,ml100k,als,mmr,0,100,0.2988121996768037
856,0.0,0.9641097611564,0.0,0.8,ml100k,als,mmr,0,100,0.0846422470017815
860,0.0,0.9909430752063596,0.0,0.4,ml100k,als,mmr,0,100,0.2194117703599805
869,0.0,0.9777863204274334,0.0,1.0,ml100k,als,mmr,0,100,0.1454749636122953
881,0.0,0.9762359594172498,0.0,0.8,ml100k,als,mmr,0,100,0.1180736465065859
894,0.0,0.9307304064990876,0.0,1.1,ml100k,als,mmr,0,100,0.1252810729690211
913,0.0,0.9986674005440226,0.0,0.8,ml100k,als,mmr,0,100,0.1592050280497361
934,0.0,0.9835605510108127,0.0,0.5,ml100k,als,mmr,0,100,0.146143914892836
2,0.0,0.8993455894430513,0.0,0.2,ml100k,als,quota_mmr,0,100,0.0410199459860064
4,0.0,0.9041311099440984,0.0,0.3,ml100k,als,quota_mmr,0,100,0.0933457596742036
7,1.0,0.841107120700746,1.0,0.3,ml100k,als,quota_mmr,0,100,0.0887137198468681
14,0.0,0.956545984834552,0.0,0.2,ml100k,als,quota_mmr,0,100,0.1415888079689992
19,0.0,0.97409822650933,0.0,0.3,ml100k,als,quota_mmr,0,100,0.0694829844878547
25,0.0,0.975090436876048,0.0,0.3,ml100k,als,quota_mmr,0,100,0.1449976866161205
29,0.0,0.9623611274419168,0.0,0.3,ml100k,als,quota_mmr,0,100,0.0924390017672465
34,0.0,0.965683511827402,0.0,0.3,ml100k,als,quota_mmr,0,100,0.0341579135330153
45,0.5,0.9749058297737544,1.0,0.3,ml100k,als,quota_mmr,0,100,0.1623310365724354
63,0.0,0.9264761235300552,0.0,0.3,ml100k,als,quota_mmr,0,100,0.2225087612295842
67,0.0,0.9517668059701804,0.0,0.3,ml100k,als,quota_mmr,0,100,0.146854228970855
70,0.0,0.9436136410156926,0.0,0.2,ml100k,als,quota_mmr,0,100,0.2318084951243811
78,0.0,0.9072099710956332,0.0,0.2,ml100k,als,quota_mmr,0,100,0.1828778017029798
79,0.0,0.9196890473711916,0.0,0.2,ml100k,als,quota_mmr,0,100,0.0963627493495126
110,0.0,0.9173651790135768,0.0,0.2,ml100k,als,quota_mmr,0,100,0.1903734840011306
122,0.0,0.917180832071296,0.0,0.3,ml100k,als,quota_mmr,0,100,0.071405671519655
149,0.0,0.9724907504119064,0.0,0.2,ml100k,als,quota_mmr,0,100,0.1575891316254514
153,0.0,0.9721779706632324,0.0,0.2,ml100k,als,quota_mmr,0,100,0.2550534774791495
212,0.0,0.9413930937029964,0.0,0.2,ml100k,als,quota_mmr,0,100,0.1212466513191651
228,0.0,0.9337270700305144,0.0,0.2,ml100k,als,quota_mmr,0,100,0.1460157485776667
229,0.0,0.9858162953579884,0.0,0.3,ml100k,als,quota_mmr,0,100,0.1051315495597103
235,0.5,0.9082567171076802,1.0,0.3,ml100k,als,quota_mmr,0,100,0.1112282267683888
239,0.0,0.9911688449118063,0.0,0.3,ml100k,als,quota_mmr,0,100,0.0695210499195279
247,0.0,0.9638451619289016,0.0,0.3,ml100k,als,quota_mmr,0,100,0.1401525626182344
261,0.0,0.997094299195888,0.0,0.2,ml100k,als,quota_mmr,0,100,0.0966819017622633
264,0.0,0.9044604274751232,0.0,0.2,ml100k,als,quota_mmr,0,100,0.2166133956539586
283,0.0,0.9884166142889816,0.0,0.2,ml100k,als,quota_mmr,0,100,0.0815107054772916
298,0.0,0.8286195815930307,0.0,0.3,ml100k,als,quota_mmr,0,100,0.1713217560954791
306,0.0,0.8554168462961975,0.0,0.3,ml100k,als,quota_mmr,0,100,0.1342501913289004
314,0.0,0.931227806812672,0.0,0.2,ml100k,als,quota_mmr,0,100,0.1201187716082883
330,0.0,0.926723823025763,0.0,0.3,ml100k,als,quota_mmr,0,100,0.1453651243746152
341,0.0,0.9725983516409514,0.0,0.2,ml100k,als,quota_mmr,0,100,0.0882156164688373
342,0.0,0.9841795369360417,0.0,0.3,ml100k,als,quota_mmr,0,100,0.0941813370973477
343,0.0,0.8725777437079675,0.0,0.3,ml100k,als,quota_mmr,0,100,0.0782804306047695
352,0.0,0.9930213921951782,0.0,0.2,ml100k,als,quota_mmr,0,100,0.0525750462469917
355,0.0,0.9516862734249092,0.0,0.3,ml100k,als,quota_mmr,0,100,0.2019468748548677
356,0.0,0.9607343928248188,0.0,0.2,ml100k,als,quota_mmr,0,100,0.1362507717928084
365,0.0,0.9081671597006782,0.0,0.2,ml100k,als,quota_mmr,0,100,0.0445872525524621
373,0.0,0.9691400351245164,0.0,0.3,ml100k,als,quota_mmr,0,100,0.0747870901268403
387,0.3010299956639812,0.9416085877547036,1.0,0.2,ml100k,als,quota_mmr,0,100,0.086035832539343
412,0.0,0.9425905652810016,0.0,0.3,ml100k,als,quota_mmr,0,100,0.0992255161217267
424,1.0,0.9752236801987576,1.0,0.3,ml100k,als,quota_mmr,0,100,0.1975900378162826
431,0.0,0.9590108040617016,0.0,0.3,ml100k,als,quota_mmr,0,100,0.1140764636794214
432,0.0,0.984726755560696,0.0,0.2,ml100k,als,quota_mmr,0,100,0.0480205435068341
445,0.0,0.9838427225916307,0.0,0.3,ml100k,als,quota_mmr,0,100,0.1910617485907909
467,0.0,0.9745256836459056,0.0,0.2,ml100k,als,quota_mmr,0,100,0.1603556834936392
468,0.0,0.951080314451657,0.0,0.3,ml100k,als,quota_mmr,0,100,0.1503861160339083
469,0.0,0.941676132084711,0.0,0.3,ml100k,als,quota_mmr,0,100,0.1131878251865732
475,0.0,0.9473458057812026,0.0,0.3,ml100k,als,quota_mmr,0,100,0.1007047761221653
479,0.0,0.89017690928145,0.0,0.3,ml100k,als,quota_mmr,0,100,0.077393218536299
482,0.0,0.9694004382788786,0.0,0.2,ml100k,als,quota_mmr,0,100,0.0610175731060684
489,0.6309297535714575,0.9381337060465768,1.0,0.2,ml100k,als,quota_mmr,0,100,0.1921390398649815
519,0.0,0.9402775464589012,0.0,0.3,ml100k,als,quota_mmr,0,100,0.1145532244635868
526,0.0,0.9361817850332992,0.0,0.2,ml100k,als,quota_mmr,0,100,0.174219801838554
528,0.3562071871080222,0.9455535215932452,1.0,0.3,ml100k,als,quota_mmr,0,100,0.2849669184639405
538,0.0,0.9085839800796158,0.0,0.2,ml100k,als,quota_mmr,0,100,0.1782736740862902
543,0.0,0.9333597945955712,0.0,0.2,ml100k,als,quota_mmr,0,100,0.0823060110939908
549,0.0,0.9643381261188146,0.0,0.3,ml100k,als,quota_mmr,0,100,0.2053102877355835
552,0.0,0.9451679758713708,0.0,0.3,ml100k,als,quota_mmr,0,100,0.1891252326395106
554,0.0,0.9506422442124736,0.0,0.2,ml100k,als,quota_mmr,0,100,0.097259489714572
576,0.0,0.9793615620953332,0.0,0.3,ml100k,als,quota_mmr,0,100,0.1459667919749751
580,0.0,0.9668383269446984,0.0,0.3,ml100k,als,quota_mmr,0,100,0.0789177051953638
585,0.0,0.8969136365544512,0.0,0.3,ml100k,als,quota_mmr,0,100,0.1080693228644287
587,0.6309297535714575,0.8972551428877406,1.0,0.3,ml100k,als,quota_mmr,0,100,0.0771129087323975
596,0.0,0.8656304397408418,0.0,0.3,ml100k,als,quota_mmr,0,100,0.1986986688667297
617,0.0,0.9829929376226252,0.0,0.3,ml100k,als,quota_mmr,0,100,0.0320651280144
621,0.0,0.9827836478844274,0.0,0.3,ml100k,als,quota_mmr,0,100,0.1373740810129957
623,0.0,0.9699711867901276,0.0,0.3,ml100k,als,quota_mmr,0,100,0.1186379590819212
626,0.0,0.9712537952272432,0.0,0.2,ml100k,als,quota_mmr,0,100,0.0700127294733083
636,0.0,0.962231933532444,0.0,0.3,ml100k,als,quota_mmr,0,100,0.1702564282024542
637,0.0,0.9632449014415388,0.0,0.2,ml100k,als,quota_mmr,0,100,0.1241130172053773
657,0.0,0.9007794905620176,0.0,0.3,ml100k,als,quota_mmr,0,100,0.1189635702419677
659,0.0,0.9449277461388012,0.0,0.3,ml100k,als,quota_mmr,0,100,0.1358042178641981
666,0.0,0.9657439560772664,0.0,0.3,ml100k,als,quota_mmr,0,100,0.0735396104148949
667,0.0,0.9661302615721944,0.0,0.3,ml100k,als,quota_mmr,0,100,0.1598664286583979
669,0.3868528072345416,0.9520614171127376,1.0,0.2,ml100k,als,quota_mmr,0,100,0.1976925750210682
683,0.5,0.8563467045072308,1.0,0.2,ml100k,als,quota_mmr,0,100,0.1078796263603392
693,0.0,0.9398160210983308,0.0,0.3,ml100k,als,quota_mmr,0,100,0.3181044857478798
705,0.0,0.9719863767211838,0.0,0.3,ml100k,als,quota_mmr,0,100,0.2388168490197809
708,0.0,0.9598376865827052,0.0,0.3,ml100k,als,quota_mmr,0,100,0.2575031444920606
717,0.0,0.9614898709542408,0.0,0.2,ml100k,als,quota_mmr,0,100,0.2059929717191596
722,0.0,0.9828663918836328,0.0,0.2,ml100k,als,quota_mmr,0,100,0.1103553668961007
739,0.0,0.9136698984489292,0.0,0.3,ml100k,als,quota_mmr,0,100,0.1880863005121682
745,0.0,0.9758619583858208,0.0,0.3,ml100k,als,quota_mmr,0,100,0.1281677415192401
757,0.0,0.9747730919850288,0.0,0.2,ml100k,als,quota_mmr,0,100,0.3174570448570477
759,0.0,0.9536215950992288,0.0,0.3,ml100k,als,quota_mmr,0,100,0.1815967024215092
771,0.0,0.9711250808180224,0.0,0.2,ml100k,als,quota_mmr,0,100,0.2102889302165917
780,0.0,0.9169621784441132,0.0,0.2,ml100k,als,quota_mmr,0,100,0.1366262638382534
785,0.0,0.9480003696516658,0.0,0.2,ml100k,als,quota_mmr,0,100,0.1056725156040025
794,0.0,0.8090256369567251,0.0,0.2,ml100k,als,quota_mmr,0,100,0.1655743099511933
806,0.0,0.9744278563114604,0.0,0.2,ml100k,als,quota_mmr,0,100,0.0623996645930415
817,1.0,0.9814924746880476,1.0,0.3,ml100k,als,quota_mmr,0,100,0.130957001769125
832,0.0,0.8960590414623842,0.0,0.2,ml100k,als,quota_mmr,0,100,0.2516871090775119
856,0.0,0.955695162073413,0.0,0.3,ml100k,als,quota_mmr,0,100,0.08485354733821
860,0.0,0.9686088612941054,0.0,0.2,ml100k,als,quota_mmr,0,100,0.1958160965208079
869,0.0,0.9430110562980106,0.0,0.2,ml100k,als,quota_mmr,0,100,0.0976351318920218
881,0.0,0.9583972243107812,0.0,0.2,ml100k,als,quota_mmr,0,100,0.1106430204786648
894,0.0,0.9670173647815608,0.0,0.3,ml100k,als,quota_mmr,0,100,0.2237613343919224
913,0.0,0.97381813031454,0.0,0.2,ml100k,als,quota_mmr,0,100,0.1408559155781346
934,0.0,0.993607550523734,0.0,0.2,ml100k,als,quota_mmr,0,100,0.1811279025542731
2,0.0,0.8776563900148733,0.0,0.2,ml100k,als,qubo_feasible,0,100,0.0417356022481875
4,0.0,0.8784075062066162,0.0,0.2,ml100k,als,qubo_feasible,0,100,0.0972796933556195
7,1.0,0.7641483347691206,1.0,0.2,ml100k,als,qubo_feasible,0,100,0.0601510718752879
14,0.0,0.9092465632945892,0.0,0.2,ml100k,als,qubo_feasible,0,100,0.107906000558902
19,0.0,0.9383877354465566,0.0,0.2,ml100k,als,qubo_feasible,0,100,0.0647100621067877
25,0.0,0.93530397810736,0.0,0.2,ml100k,als,qubo_feasible,0,100,0.1329318850006206
29,0.0,0.9130056359492048,0.0,0.2,ml100k,als,qubo_feasible,0,100,0.0814110531088101
34,0.0,0.9521226439054752,0.0,0.2,ml100k,als,qubo_feasible,0,100,0.0432456726084733
45,0.5,0.9169843701555944,1.0,0.2,ml100k,als,qubo_feasible,0,100,0.1388226808689084
63,0.0,0.868277447376809,0.0,0.2,ml100k,als,qubo_feasible,0,100,0.176684334539312
67,0.0,0.8758517875801954,0.0,0.2,ml100k,als,qubo_feasible,0,100,0.110970762250501
70,0.0,0.8784508707695381,0.0,0.2,ml100k,als,qubo_feasible,0,100,0.1851819109208703
78,0.0,0.8559529404214853,0.0,0.2,ml100k,als,qubo_feasible,0,100,0.1466433997208356
79,0.0,0.8574235823402712,0.0,0.2,ml100k,als,qubo_feasible,0,100,0.0758767202478102
110,0.0,0.866349727527595,0.0,0.2,ml100k,als,qubo_feasible,0,100,0.1349351804997779
122,0.0,0.8620420997831583,0.0,0.2,ml100k,als,qubo_feasible,0,100,0.0525122657574521
149,0.0,0.9225584721764848,0.0,0.2,ml100k,als,qubo_feasible,0,100,0.1217911816495493
153,0.0,0.9174443478445494,0.0,0.2,ml100k,als,qubo_feasible,0,100,0.1957472445588624
212,0.0,0.8915767530395793,0.0,0.2,ml100k,als,qubo_feasible,0,100,0.0881849474068852
228,0.0,0.8332083402384071,0.0,0.2,ml100k,als,qubo_feasible,0,100,0.0995960456219839
229,0.0,0.9143094091826588,0.0,0.2,ml100k,als,qubo_feasible,0,100,0.0698446223453533
235,0.0,0.8685488520825574,0.0,0.2,ml100k,als,qubo_feasible,0,100,0.0886842680441389
239,0.0,0.9521328108254072,0.0,0.2,ml100k,als,qubo_feasible,0,100,0.0352648890011667
247,0.0,0.9248473060114772,0.0,0.2,ml100k,als,qubo_feasible,0,100,0.1151722920538749
261,0.0,0.9464205046124166,0.0,0.2,ml100k,als,qubo_feasible,0,100,0.0612016285703923
264,0.0,0.7679715665935336,0.0,0.2,ml100k,als,qubo_feasible,0,100,0.1232303752886588
283,0.0,0.9955709152655688,0.0,0.2,ml100k,als,qubo_feasible,0,100,0.1224930767694111
298,0.0,0.7760389024245005,0.0,0.2,ml100k,als,qubo_feasible,0,100,0.1378165511274566
306,0.0,0.8442406826434217,0.0,0.2,ml100k,als,qubo_feasible,0,100,0.1182409872407478
314,0.0,0.8788357208016675,0.0,0.2,ml100k,als,qubo_feasible,0,100,0.0749198787314443
330,0.0,0.8791867125867265,0.0,0.2,ml100k,als,qubo_feasible,0,100,0.1134459608448961
341,0.0,0.9345715133703334,0.0,0.2,ml100k,als,qubo_feasible,0,100,0.0602801189269847
342,0.0,0.9592995396022316,0.0,0.2,ml100k,als,qubo_feasible,0,100,0.0819857568294388
343,0.0,0.7564032892057339,0.0,0.2,ml100k,als,qubo_feasible,0,100,0.0503649836006593
352,0.0,0.971121876249909,0.0,0.2,ml100k,als,qubo_feasible,0,100,0.0444931313943433
355,0.0,0.8935019495602183,0.0,0.2,ml100k,als,qubo_feasible,0,100,0.1441809833118497
356,0.0,0.9233058964033676,0.0,0.2,ml100k,als,qubo_feasible,0,100,0.1286441758304532
365,0.0,0.8682685546671325,0.0,0.2,ml100k,als,qubo_feasible,0,100,0.0435084295679172
373,0.0,0.950323255687624,0.0,0.2,ml100k,als,qubo_feasible,0,100,0.0746088141161545
387,0.3562071871080222,0.8893790727149726,1.0,0.2,ml100k,als,qubo_feasible,0,100,0.0645966548605335
412,0.0,0.9077979177543526,0.0,0.2,ml100k,als,qubo_feasible,0,100,0.1011573482069759
424,1.0,0.9266384271333238,1.0,0.2,ml100k,als,qubo_feasible,0,100,0.141432454115269
431,0.0,0.9149284864784344,0.0,0.2,ml100k,als,qubo_feasible,0,100,0.095815891863331
432,0.0,0.9465779662243512,0.0,0.2,ml100k,als,qubo_feasible,0,100,0.0338907403912647
445,0.0,0.953063095234161,0.0,0.2,ml100k,als,qubo_feasible,0,100,0.1831476603959929
467,0.0,0.9081319509584752,0.0,0.2,ml100k,als,qubo_feasible,0,100,0.1138368565911471
468,0.0,0.8194600922656824,0.0,0.2,ml100k,als,qubo_feasible,0,100,0.0735164695253365
469,0.0,0.8885684076684791,0.0,0.2,ml100k,als,qubo_feasible,0,100,0.1016159786899324
475,0.0,0.9212865059677512,0.0,0.2,ml100k,als,qubo_feasible,0,100,0.0964547070600654
479,0.0,0.8562420928906366,0.0,0.2,ml100k,als,qubo_feasible,0,100,0.0709932416360214
482,0.0,0.9293546964280108,0.0,0.2,ml100k,als,qubo_feasible,0,100,0.0602228639159306
489,1.0,0.8287581683849484,1.0,0.2,ml100k,als,qubo_feasible,0,100,0.1136182711881244
519,0.0,0.8677858225754536,0.0,0.2,ml100k,als,qubo_feasible,0,100,0.0786524602795514
526,0.0,0.8871235498241171,0.0,0.2,ml100k,als,qubo_feasible,0,100,0.1310476638772005
528,0.0,0.8811000985728281,0.0,0.2,ml100k,als,qubo_feasible,0,100,0.188300870862554
538,0.0,0.8507241677735822,0.0,0.2,ml100k,als,qubo_feasible,0,100,0.1321012269261587
543,0.0,0.8453842236758805,0.0,0.2,ml100k,als,qubo_feasible,0,100,0.0617527214857884
549,0.0,0.8261468188921827,0.0,0.2,ml100k,als,qubo_feasible,0,100,0.1134786768809968
552,0.0,0.8280069514327439,0.0,0.2,ml100k,als,qubo_feasible,0,100,0.1003889270493615
554,0.0,0.9112615610283926,0.0,0.2,ml100k,als,qubo_feasible,0,100,0.1033718032178287
576,0.0,0.9322193916603144,0.0,0.2,ml100k,als,qubo_feasible,0,100,0.1027738561868988
580,0.0,0.9458856441940434,0.0,0.2,ml100k,als,qubo_feasible,0,100,0.0811157318881594
585,0.0,0.8426125860498322,0.0,0.2,ml100k,als,qubo_feasible,0,100,0.0831416693084967
587,0.6309297535714575,0.8993803031230501,1.0,0.2,ml100k,als,qubo_feasible,0,100,0.0923937910434086
596,0.0,0.7587584171092134,0.0,0.2,ml100k,als,qubo_feasible,0,100,0.1123252626663916
617,0.0,0.9402465630916168,0.0,0.2,ml100k,als,qubo_feasible,0,100,0.0364699512658471
621,0.0,0.9371286240915864,0.0,0.2,ml100k,als,qubo_feasible,0,100,0.1170421153933788
623,0.0,0.9247383685277512,0.0,0.2,ml100k,als,qubo_feasible,0,100,0.100929775591126
626,0.0,0.9412704024557011,0.0,0.2,ml100k,als,qubo_feasible,0,100,0.0759388643802945
636,0.0,0.8802179045002794,0.0,0.2,ml100k,als,qubo_feasible,0,100,0.1094167680209073
637,0.0,0.905558381649295,0.0,0.2,ml100k,als,qubo_feasible,0,100,0.1013988180625518
657,0.0,0.8644381436187739,0.0,0.2,ml100k,als,qubo_feasible,0,100,0.111498461702075
659,0.0,0.922857982589005,0.0,0.2,ml100k,als,qubo_feasible,0,100,0.1317551654381037
666,0.0,0.9336665682169208,0.0,0.2,ml100k,als,qubo_feasible,0,100,0.0730259673223564
667,0.0,0.919058880150215,0.0,0.2,ml100k,als,qubo_feasible,0,100,0.1011904124675379
669,0.3868528072345416,0.9025514337392972,1.0,0.2,ml100k,als,qubo_feasible,0,100,0.154686748258233
683,0.0,0.7725912301212595,0.0,0.2,ml100k,als,qubo_feasible,0,100,0.0874866622386274
693,0.0,0.8011326160698775,0.0,0.2,ml100k,als,qubo_feasible,0,100,0.1645330648304232
705,0.0,0.8613486081250783,0.0,0.2,ml100k,als,qubo_feasible,0,100,0.1213006254539443
708,0.0,0.9248807251255556,0.0,0.2,ml100k,als,qubo_feasible,0,100,0.2336316089168268
717,0.0,0.8683129931276536,0.0,0.2,ml100k,als,qubo_feasible,0,100,0.1296010324529523
722,0.0,0.947203257450795,0.0,0.2,ml100k,als,qubo_feasible,0,100,0.1047985324368046
739,0.0,0.8277188877511511,0.0,0.2,ml100k,als,qubo_feasible,0,100,0.1127509636281473
745,0.0,0.9047220327727736,0.0,0.2,ml100k,als,qubo_feasible,0,100,0.0924387027910212
757,0.0,0.8891366638691094,0.0,0.2,ml100k,als,qubo_feasible,0,100,0.2153432188666078
759,0.0,0.851504600729845,0.0,0.2,ml100k,als,qubo_feasible,0,100,0.0912207680802561
771,0.0,0.8862970218907038,0.0,0.2,ml100k,als,qubo_feasible,0,100,0.1138002270141318
780,0.0,0.8632396308037719,0.0,0.2,ml100k,als,qubo_feasible,0,100,0.1081868788956866
785,0.0,0.9221190230169928,0.0,0.2,ml100k,als,qubo_feasible,0,100,0.0929328511052158
794,0.0,0.7546807214015983,0.0,0.2,ml100k,als,qubo_feasible,0,100,0.1402338057987388
806,0.0,0.933984859118526,0.0,0.2,ml100k,als,qubo_feasible,0,100,0.0596933051574407
817,1.0,0.9418216748284444,1.0,0.2,ml100k,als,qubo_feasible,0,100,0.1142160005632037
832,0.0,0.8273860834509976,0.0,0.2,ml100k,als,qubo_feasible,0,100,0.1731482449783489
856,0.0,0.9411911422278576,0.0,0.2,ml100k,als,qubo_feasible,0,100,0.087799468201243
860,0.0,0.8789496877998325,0.0,0.2,ml100k,als,qubo_feasible,0,100,0.1011567331765734
869,0.0,0.878896429294251,0.0,0.2,ml100k,als,qubo_feasible,0,100,0.0737135724632912
881,0.0,0.9114984135451688,0.0,0.2,ml100k,als,qubo_feasible,0,100,0.0882724377163537
894,0.0,0.8931088377613882,0.0,0.2,ml100k,als,qubo_feasible,0,100,0.1379451138778886
913,0.0,0.9349580870111012,0.0,0.2,ml100k,als,qubo_feasible,0,100,0.1009311275632587
934,0.0,0.952086504935576,0.0,0.2,ml100k,als,qubo_feasible,0,100,0.1358522544782475
2,0.0,0.895921541946839,0.0,0.2,ml100k,als,qubo_tabu,0,100,0.0365580452393852
4,0.0,0.9035652622224996,0.0,0.2,ml100k,als,qubo_tabu,0,100,0.0986691436694802
7,1.0,0.8231827481302353,1.0,0.2,ml100k,als,qubo_tabu,0,100,0.0750600686409989
14,0.0,0.8676540003001559,0.0,0.2,ml100k,als,qubo_tabu,0,100,0.0707425473231169
19,0.0,0.9611941237984948,0.0,0.2,ml100k,als,qubo_tabu,0,100,0.0661613585678692
25,0.0,0.9544637204614252,0.0,0.2,ml100k,als,qubo_tabu,0,100,0.1313324225706644
29,0.0,0.934173758480232,0.0,0.2,ml100k,als,qubo_tabu,0,100,0.0861798579287148
34,0.0,0.9745681036775684,0.0,0.2,ml100k,als,qubo_tabu,0,100,0.0442396664477195
45,0.5,0.9493579694453363,1.0,0.2,ml100k,als,qubo_tabu,0,100,0.134431451732091
63,0.0,0.8553420679026378,0.0,0.2,ml100k,als,qubo_tabu,0,100,0.1453747426517212
67,0.0,0.9285379586484626,0.0,0.2,ml100k,als,qubo_tabu,0,100,0.1138542541578306
70,0.0,0.9121462486078252,0.0,0.2,ml100k,als,qubo_tabu,0,100,0.1804888471256291
78,0.0,0.8789746505861703,0.0,0.2,ml100k,als,qubo_tabu,0,100,0.148188551105876
79,0.0,0.9223542637451384,0.0,0.2,ml100k,als,qubo_tabu,0,100,0.0982227302206402
110,0.0,0.8664099725196248,0.0,0.2,ml100k,als,qubo_tabu,0,100,0.1203424876180595
122,0.0,0.8928583837184622,0.0,0.2,ml100k,als,qubo_tabu,0,100,0.0519556872567217
149,0.0,0.9310335461402228,0.0,0.2,ml100k,als,qubo_tabu,0,100,0.113510105793053
153,0.0,0.9365119741311226,0.0,0.2,ml100k,als,qubo_tabu,0,100,0.1858832590345497
212,0.0,0.9195202051303242,0.0,0.2,ml100k,als,qubo_tabu,0,100,0.0943778405291384
228,0.0,0.8809439304931903,0.0,0.2,ml100k,als,qubo_tabu,0,100,0.0959567209949441
229,0.0,0.9228111651601631,0.0,0.2,ml100k,als,qubo_tabu,0,100,0.0579464442311648
235,0.0,0.8639937573720601,0.0,0.2,ml100k,als,qubo_tabu,0,100,0.0622523746765583
239,0.0,0.9789713445664474,0.0,0.2,ml100k,als,qubo_tabu,0,100,0.0580937248035618
247,0.0,0.9523431662733242,0.0,0.2,ml100k,als,qubo_tabu,0,100,0.1271545714383105
261,0.0,0.9939100608914984,0.0,0.2,ml100k,als,qubo_tabu,0,100,0.0842688188479923
264,0.0,0.821902740513524,0.0,0.2,ml100k,als,qubo_tabu,0,100,0.1270091648198951
283,0.0,0.9884166142889816,0.0,0.2,ml100k,als,qubo_tabu,0,100,0.0815107054772916
298,0.0,0.775292438575289,0.0,0.2,ml100k,als,qubo_tabu,0,100,0.1352799487490879
306,0.430676558073393,0.8495318606652945,1.0,0.2,ml100k,als,qubo_tabu,0,100,0.1081259178258673
314,0.0,0.8985668029250027,0.0,0.2,ml100k,als,qubo_tabu,0,100,0.0723163942344658
330,0.0,0.891138243834727,0.0,0.2,ml100k,als,qubo_tabu,0,100,0.1052079735893476
341,0.0,0.9727961527390389,0.0,0.2,ml100k,als,qubo_tabu,0,100,0.0840456430037018
342,0.0,0.976014563757997,0.0,0.2,ml100k,als,qubo_tabu,0,100,0.1010563109224568
343,0.0,0.825486926634996,0.0,0.2,ml100k,als,qubo_tabu,0,100,0.0602052675180791
352,0.0,0.9883923082946816,0.0,0.2,ml100k,als,qubo_tabu,0,100,0.0484669412616548
355,0.0,0.9113707521015648,0.0,0.2,ml100k,als,qubo_tabu,0,100,0.1542382588126518
356,0.0,0.9487052168094682,0.0,0.2,ml100k,als,qubo_tabu,0,100,0.1283748539848344
365,0.0,0.925364762555072,0.0,0.2,ml100k,als,qubo_tabu,0,100,0.0520521774401295
373,0.0,0.9437328952791056,0.0,0.2,ml100k,als,qubo_tabu,0,100,0.0499483454388304
387,0.3154648767857287,0.929120089948306,1.0,0.2,ml100k,als,qubo_tabu,0,100,0.0737597691934929
412,0.0,0.925864369340284,0.0,0.2,ml100k,als,qubo_tabu,0,100,0.0849304642390999
424,1.0,0.9612643894951388,1.0,0.2,ml100k,als,qubo_tabu,0,100,0.1652406921095731
431,0.0,0.9204654279434354,0.0,0.2,ml100k,als,qubo_tabu,0,100,0.0817523792430823
432,0.0,0.975639705008084,0.0,0.2,ml100k,als,qubo_tabu,0,100,0.0393963274353209
445,0.0,0.9593242029164644,0.0,0.2,ml100k,als,qubo_tabu,0,100,0.1605088928327479
467,0.0,0.9477141040444048,0.0,0.2,ml100k,als,qubo_tabu,0,100,0.1286045010796257
468,0.0,0.9188894098921851,0.0,0.2,ml100k,als,qubo_tabu,0,100,0.1229770555328776
469,0.0,0.8682381940110108,0.0,0.2,ml100k,als,qubo_tabu,0,100,0.07442194854144
475,0.0,0.8992824619210154,0.0,0.2,ml100k,als,qubo_tabu,0,100,0.0717665417428067
479,0.0,0.8967555579332106,0.0,0.2,ml100k,als,qubo_tabu,0,100,0.0921508687890137
482,0.0,0.9694004382788786,0.0,0.2,ml100k,als,qubo_tabu,0,100,0.0610175731060684
489,1.0,0.8251936326619191,1.0,0.2,ml100k,als,qubo_tabu,0,100,0.0980865465508572
519,0.0,0.9315315987996088,0.0,0.2,ml100k,als,qubo_tabu,0,100,0.0980610585919175
526,0.0,0.9073290777760546,0.0,0.2,ml100k,als,qubo_tabu,0,100,0.1336511170930166
528,0.0,0.8731926830002896,0.0,0.2,ml100k,als,qubo_tabu,0,100,0.155113113397634
538,0.0,0.8838176723813638,0.0,0.2,ml100k,als,qubo_tabu,0,100,0.1314985207518723
543,0.0,0.9161452808548344,0.0,0.2,ml100k,als,qubo_tabu,0,100,0.0711900875896109
549,0.0,0.9051102468741414,0.0,0.2,ml100k,als,qubo_tabu,0,100,0.140672857122573
552,0.0,0.8710215093187521,0.0,0.2,ml100k,als,qubo_tabu,0,100,0.1084699098142498
554,0.0,0.9470334219250612,0.0,0.2,ml100k,als,qubo_tabu,0,100,0.09203058328243
576,0.0,0.9693947590169242,0.0,0.2,ml100k,als,qubo_tabu,0,100,0.1352170959243633
580,0.0,0.9626415304050664,0.0,0.2,ml100k,als,qubo_tabu,0,100,0.0882690849999694
585,0.0,0.8605595741007872,0.0,0.2,ml100k,als,qubo_tabu,0,100,0.0758227430450406
587,0.6309297535714575,0.8833428695170764,1.0,0.2,ml100k,als,qubo_tabu,0,100,0.0641891074380556
596,0.0,0.7940265811884514,0.0,0.2,ml100k,als,qubo_tabu,0,100,0.104715208078821
617,0.0,0.9667540355804868,0.0,0.2,ml100k,als,qubo_tabu,0,100,0.0249509127631382
621,0.0,0.9531356040854084,0.0,0.2,ml100k,als,qubo_tabu,0,100,0.0936768139403174
623,0.0,0.952510868521978,0.0,0.2,ml100k,als,qubo_tabu,0,100,0.0995205272700057
626,0.0,0.9712537952272432,0.0,0.2,ml100k,als,qubo_tabu,0,100,0.0700127294733083
636,0.0,0.9174683748396474,0.0,0.2,ml100k,als,qubo_tabu,0,100,0.1169185801786462
637,0.0,0.9632449014415388,0.0,0.2,ml100k,als,qubo_tabu,0,100,0.1241130172053773
657,0.0,0.8859304289759447,0.0,0.2,ml100k,als,qubo_tabu,0,100,0.106200008196566
659,0.0,0.937613199512472,0.0,0.2,ml100k,als,qubo_tabu,0,100,0.1203352383458407
666,0.0,0.9604605718352284,0.0,0.2,ml100k,als,qubo_tabu,0,100,0.0654256709375564
667,0.0,0.9377972299957144,0.0,0.2,ml100k,als,qubo_tabu,0,100,0.1257961466082494
669,0.3868528072345416,0.9121146692106668,1.0,0.2,ml100k,als,qubo_tabu,0,100,0.1495000821689688
683,0.5,0.8029272832299188,1.0,0.2,ml100k,als,qubo_tabu,0,100,0.0784165483090137
693,0.0,0.8106371656381273,0.0,0.2,ml100k,als,qubo_tabu,0,100,0.1480636019576951
705,0.0,0.9146341885211484,0.0,0.2,ml100k,als,qubo_tabu,0,100,0.14440632734411
708,0.0,0.9259656284302892,0.0,0.2,ml100k,als,qubo_tabu,0,100,0.2067356959682931
717,0.0,0.9477691394763468,0.0,0.2,ml100k,als,qubo_tabu,0,100,0.1753624793077279
722,0.0,0.9689141884775708,0.0,0.2,ml100k,als,qubo_tabu,0,100,0.0855673231448272
739,0.0,0.8477230593754503,0.0,0.2,ml100k,als,qubo_tabu,0,100,0.1125459131483416
745,0.0,0.961322075859202,0.0,0.2,ml100k,als,qubo_tabu,0,100,0.109653520602615
757,0.0,0.89641013375141,0.0,0.2,ml100k,als,qubo_tabu,0,100,0.1942997130922849
759,0.0,0.8997449533359329,0.0,0.2,ml100k,als,qubo_tabu,0,100,0.1110688556128582
771,0.0,0.9055382960094852,0.0,0.2,ml100k,als,qubo_tabu,0,100,0.1187167043987135
780,0.0,0.8539692091191551,0.0,0.2,ml100k,als,qubo_tabu,0,100,0.1002023986820307
785,0.0,0.9480003696516658,0.0,0.2,ml100k,als,qubo_tabu,0,100,0.1056725156040025
794,0.0,0.7307630792116179,0.0,0.2,ml100k,als,qubo_tabu,0,100,0.138960040498533
806,0.0,0.9744278563114604,0.0,0.2,ml100k,als,qubo_tabu,0,100,0.0623996645930415
817,1.0,0.9708230433911466,1.0,0.2,ml100k,als,qubo_tabu,0,100,0.1194011360388386
832,0.0,0.8426986099981615,0.0,0.2,ml100k,als,qubo_tabu,0,100,0.1819889094791029
856,0.0,0.9469569988992188,0.0,0.2,ml100k,als,qubo_tabu,0,100,0.0722612348718301
860,0.0,0.930512925574553,0.0,0.2,ml100k,als,qubo_tabu,0,100,0.1393160765927779
869,0.0,0.9306031245148496,0.0,0.2,ml100k,als,qubo_tabu,0,100,0.0890755682982971
881,0.0,0.9316584985812172,0.0,0.2,ml100k,als,qubo_tabu,0,100,0.0786006200376014
894,0.0,0.8937688788353682,0.0,0.2,ml100k,als,qubo_tabu,0,100,0.1283881843473952
913,0.0,0.9569259550829856,0.0,0.2,ml100k,als,qubo_tabu,0,100,0.1048069726693616
934,0.0,0.9782331174007378,0.0,0.2,ml100k,als,qubo_tabu,0,100,0.1473610638324007
17,0.0,1.0,0.0,1.3,ml100k,popularity,none,1,100,
23,0.0,1.0,0.0,1.3,ml100k,popularity,none,1,100,
29,0.0,1.0,0.0,1.1,ml100k,popularity,none,1,100,
36,0.0,1.0,0.0,1.3,ml100k,popularity,none,1,100,
50,0.0,1.0,0.0,0.8,ml100k,popularity,none,1,100,
54,0.0,1.0,0.0,0.9,ml100k,popularity,none,1,100,
57,0.0,1.0,0.0,1.1,ml100k,popularity,none,1,100,
73,0.0,1.0,0.0,1.3,ml100k,popularity,none,1,100,
82,0.0,1.0,0.0,1.5,ml100k,popularity,none,1,100,
104,0.0,1.0,0.0,1.3,ml100k,popularity,none,1,100,
105,0.0,1.0,0.0,0.9,ml100k,popularity,none,1,100,
108,0.0,1.0,0.0,1.3,ml100k,popularity,none,1,100,
117,0.0,1.0,0.0,1.3,ml100k,popularity,none,1,100,
122,0.6309297535714575,1.0,1.0,1.3,ml100k,popularity,none,1,100,
139,0.0,1.0,0.0,1.5,ml100k,popularity,none,1,100,
144,0.0,1.0,0.0,1.3,ml100k,popularity,none,1,100,
179,0.0,1.0,0.0,1.3,ml100k,popularity,none,1,100,
199,0.2890648263178879,1.0,1.0,0.8,ml100k,popularity,none,1,100,
212,0.0,1.0,0.0,1.1,ml100k,popularity,none,1,100,
220,0.0,1.0,0.0,1.3,ml100k,popularity,none,1,100,
231,0.0,1.0,0.0,1.1,ml100k,popularity,none,1,100,
233,0.0,1.0,0.0,1.3,ml100k,popularity,none,1,100,
242,0.0,1.0,0.0,1.3,ml100k,popularity,none,1,100,
248,0.0,1.0,0.0,1.3,ml100k,popularity,none,1,100,
262,0.0,1.0,0.0,1.3,ml100k,popularity,none,1,100,
264,0.0,1.0,0.0,1.3,ml100k,popularity,none,1,100,
265,0.0,1.0,0.0,1.3,ml100k,popularity,none,1,100,
286,0.0,1.0,0.0,1.5,ml100k,popularity,none,1,100,
290,0.0,1.0,0.0,1.1,ml100k,popularity,none,1,100,
321,0.0,1.0,0.0,0.9,ml100k,popularity,none,1,100,
330,0.0,1.0,0.0,1.1,ml100k,popularity,none,1,100,
336,0.0,1.0,0.0,1.1,ml100k,popularity,none,1,100,
339,0.0,1.0,0.0,1.5,ml100k,popularity,none,1,100,
351,0.0,1.0,0.0,1.3,ml100k,popularity,none,1,100,
354,0.0,1.0,0.0,1.3,ml100k,popularity,none,1,100,
361,0.0,1.0,0.0,1.3,ml100k,popularity,none,1,100,
380,0.0,1.0,0.0,1.3,ml100k,popularity,none,1,100,
385,0.0,1.0,0.0,1.5,ml100k,popularity,none,1,100,
391,0.0,1.0,0.0,1.5,ml100k,popularity,none,1,100,
393,0.0,1.0,0.0,1.1,ml100k,popularity,none,1,100,
396,1.0,1.0,1.0,1.0,ml100k,popularity,none,1,100,
399,0.0,1.0,0.0,0.9,ml100k,popularity,none,1,100,
414,0.0,1.0,0.0,0.5,ml100k,popularity,none,1,100,
422,0.0,1.0,0.0,1.3,ml100k,popularity,none,1,100,
423,0.0,1.0,0.0,1.5,ml100k,popularity,none,1,100,
431,0.0,1.0,0.0,1.1,ml100k,popularity,none,1,100,
432,0.0,1.0,0.0,1.5,ml100k,popularity,none,1,100,
442,0.0,1.0,0.0,0.9,ml100k,popularity,none,1,100,
466,0.0,1.0,0.0,1.3,ml100k,popularity,none,1,100,
467,0.0,1.0,0.0,1.3,ml100k,popularity,none,1,100,
473,0.0,1.0,0.0,1.3,ml100k,popularity,none,1,100,
476,0.0,1.0,0.0,1.3,ml100k,popularity,none,1,100,
478,0.0,1.0,0.0,1.1,ml100k,popularity,none,1,100,
485,0.0,1.0,0.0,0.9,ml100k,popularity,none,1,100,
513,0.0,1.0,0.0,0.7,ml100k,popularity,none,1,100,
543,0.0,1.0,0.0,1.5,ml100k,popularity,none,1,100,
550,0.0,1.0,0.0,1.5,ml100k,popularity,none,1,100,
553,0.0,1.0,0.0,1.3,ml100k,popularity,none,1,100,
559,0.0,1.0,0.0,1.5,ml100k,popularity,none,1,100,
566,0.0,1.0,0.0,1.5,ml100k,popularity,none,1,100,
593,0.0,1.0,0.0,1.3,ml100k,popularity,none,1,100,
630,0.0,1.0,0.0,1.3,ml100k,popularity,none,1,100,
638,0.0,1.0,0.0,1.3,ml100k,popularity,none,1,100,
648,0.0,1.0,0.0,1.3,ml100k,popularity,none,1,100,
651,0.6309297535714575,1.0,1.0,1.3,ml100k,popularity,none,1,100,
653,0.0,1.0,0.0,1.3,ml100k,popularity,none,1,100,
659,0.0,1.0,0.0,0.9,ml100k,popularity,none,1,100,
664,0.5,1.0,1.0,1.1,ml100k,popularity,none,1,100,
668,0.0,1.0,0.0,1.3,ml100k,popularity,none,1,100,
686,0.430676558073393,1.0,1.0,1.5,ml100k,popularity,none,1,100,
699,0.0,1.0,0.0,1.5,ml100k,popularity,none,1,100,
706,0.0,1.0,0.0,1.1,ml100k,popularity,none,1,100,
707,0.0,1.0,0.0,1.5,ml100k,popularity,none,1,100,
709,0.0,1.0,0.0,0.4,ml100k,popularity,none,1,100,
713,0.0,1.0,0.0,1.1,ml100k,popularity,none,1,100,
725,0.0,1.0,0.0,1.5,ml100k,popularity,none,1,100,
742,0.0,1.0,0.0,1.3,ml100k,popularity,none,1,100,
747,0.0,1.0,0.0,1.5,ml100k,popularity,none,1,100,
748,0.0,1.0,0.0,0.9,ml100k,popularity,none,1,100,
772,0.0,1.0,0.0,0.9,ml100k,popularity,none,1,100,
783,0.5,1.0,1.0,0.7,ml100k,popularity,none,1,100,
790,0.0,1.0,0.0,1.5,ml100k,popularity,none,1,100,
795,0.0,1.0,0.0,0.6,ml100k,popularity,none,1,100,
802,0.0,1.0,0.0,1.5,ml100k,popularity,none,1,100,
805,0.0,1.0,0.0,1.5,ml100k,popularity,none,1,100,
807,0.0,1.0,0.0,1.3,ml100k,popularity,none,1,100,
830,0.0,1.0,0.0,0.6,ml100k,popularity,none,1,100,
839,0.0,1.0,0.0,1.3,ml100k,popularity,none,1,100,
855,0.0,1.0,0.0,0.9,ml100k,popularity,none,1,100,
858,0.0,1.0,0.0,1.5,ml100k,popularity,none,1,100,
867,0.0,1.0,0.0,0.6,ml100k,popularity,none,1,100,
873,0.0,1.0,0.0,0.7,ml100k,popularity,none,1,100,
875,0.0,1.0,0.0,1.3,ml100k,popularity,none,1,100,
887,0.0,1.0,0.0,1.1,ml100k,popularity,none,1,100,
890,0.0,1.0,0.0,1.5,ml100k,popularity,none,1,100,
898,0.0,1.0,0.0,0.9,ml100k,popularity,none,1,100,
905,0.0,1.0,0.0,1.3,ml100k,popularity,none,1,100,
918,0.0,1.0,0.0,1.5,ml100k,popularity,none,1,100,
920,0.0,1.0,0.0,1.3,ml100k,popularity,none,1,100,
938,0.0,1.0,0.0,0.8,ml100k,popularity,none,1,100,
17,0.0,1.0,0.0,1.3,ml100k,popularity,greedy_topk,1,100,0.4654009296664574
23,0.0,1.0,0.0,1.3,ml100k,popularity,greedy_topk,1,100,0.4647539162090885
29,0.0,1.0,0.0,1.1,ml100k,popularity,greedy_topk,1,100,0.4228580777051972
36,0.0,1.0,0.0,1.3,ml100k,popularity,greedy_topk,1,100,0.4733222754930078
50,0.0,1.0,0.0,0.8,ml100k,popularity,greedy_topk,1,100,0.3723675921844537
54,0.0,1.0,0.0,0.9,ml100k,popularity,greedy_topk,1,100,0.434229525996188
57,0.0,1.0,0.0,1.1,ml100k,popularity,greedy_topk,1,100,0.4269949995598628
73,0.0,1.0,0.0,1.3,ml100k,popularity,greedy_topk,1,100,0.4620217067060383
82,0.0,1.0,0.0,1.5,ml100k,popularity,greedy_topk,1,100,0.5197511342094441
104,0.0,1.0,0.0,1.3,ml100k,popularity,greedy_topk,1,100,0.5122372457101709
105,0.0,1.0,0.0,0.9,ml100k,popularity,greedy_topk,1,100,0.3456132652591136
108,0.0,1.0,0.0,1.3,ml100k,popularity,greedy_topk,1,100,0.5024073472384741
117,0.0,1.0,0.0,1.3,ml100k,popularity,greedy_topk,1,100,0.5210204461914228
122,0.6309297535714575,1.0,1.0,1.3,ml100k,popularity,greedy_topk,1,100,0.451758639549724
139,0.0,1.0,0.0,1.5,ml100k,popularity,greedy_topk,1,100,0.5197511342094441
144,0.0,1.0,0.0,1.3,ml100k,popularity,greedy_topk,1,100,0.5232222747319769
179,0.0,1.0,0.0,1.3,ml100k,popularity,greedy_topk,1,100,0.497442605306669
199,0.2890648263178879,1.0,1.0,0.8,ml100k,popularity,greedy_topk,1,100,0.366772732109078
212,0.0,1.0,0.0,1.1,ml100k,popularity,greedy_topk,1,100,0.4338915488083033
220,0.0,1.0,0.0,1.3,ml100k,popularity,greedy_topk,1,100,0.4253974544192822
231,0.0,1.0,0.0,1.1,ml100k,popularity,greedy_topk,1,100,0.4239632166814689
233,0.0,1.0,0.0,1.3,ml100k,popularity,greedy_topk,1,100,0.5045302316566534
242,0.0,1.0,0.0,1.3,ml100k,popularity,greedy_topk,1,100,0.4908261763632746
248,0.0,1.0,0.0,1.3,ml100k,popularity,greedy_topk,1,100,0.4480017314445387
262,0.0,1.0,0.0,1.3,ml100k,popularity,greedy_topk,1,100,0.497442605306669
264,0.0,1.0,0.0,1.3,ml100k,popularity,greedy_topk,1,100,0.4409240032337336
265,0.0,1.0,0.0,1.3,ml100k,popularity,greedy_topk,1,100,0.4634995670402895
286,0.0,1.0,0.0,1.5,ml100k,popularity,greedy_topk,1,100,0.4691668742579963
290,0.0,1.0,0.0,1.1,ml100k,popularity,greedy_topk,1,100,0.4078235227548844
321,0.0,1.0,0.0,0.9,ml100k,popularity,greedy_topk,1,100,0.4430215027708927
330,0.0,1.0,0.0,1.1,ml100k,popularity,greedy_topk,1,100,0.4410264127048698
336,0.0,1.0,0.0,1.1,ml100k,popularity,greedy_topk,1,100,0.3851078148265825
339,0.0,1.0,0.0,1.5,ml100k,popularity,greedy_topk,1,100,0.5438269742339117
351,0.0,1.0,0.0,1.3,ml100k,popularity,greedy_topk,1,100,0.4684351132954594
354,0.0,1.0,0.0,1.3,ml100k,popularity,greedy_topk,1,100,0.497442605306669
361,0.0,1.0,0.0,1.3,ml100k,popularity,greedy_topk,1,100,0.5044979516185745
380,0.0,1.0,0.0,1.3,ml100k,popularity,greedy_topk,1,100,0.4848176234999978
385,0.0,1.0,0.0,1.5,ml100k,popularity,greedy_topk,1,100,0.5246389787825264
391,0.0,1.0,0.0,1.5,ml100k,popularity,greedy_topk,1,100,0.5438269742339117
393,0.0,1.0,0.0,1.1,ml100k,popularity,greedy_topk,1,100,0.3982985547085191
396,1.0,1.0,1.0,1.0,ml100k,popularity,greedy_topk,1,100,0.3871154196755399
399,0.0,1.0,0.0,0.9,ml100k,popularity,greedy_topk,1,100,0.4182220868242089
414,0.0,1.0,0.0,0.5,ml100k,popularity,greedy_topk,1,100,0.3497461450001392
422,0.0,1.0,0.0,1.3,ml100k,popularity,greedy_topk,1,100,0.4599430678475527
423,0.0,1.0,0.0,1.5,ml100k,popularity,greedy_topk,1,100,0.4400498172449303
431,0.0,1.0,0.0,1.1,ml100k,popularity,greedy_topk,1,100,0.4147950214118276
432,0.0,1.0,0.0,1.5,ml100k,popularity,greedy_topk,1,100,0.5438269742339117
442,0.0,1.0,0.0,0.9,ml100k,popularity,greedy_topk,1,100,0.3806811807088838
466,0.0,1.0,0.0,1.3,ml100k,popularity,greedy_topk,1,100,0.4775550177859042
467,0.0,1.0,0.0,1.3,ml100k,popularity,greedy_topk,1,100,0.4669119597653027
473,0.0,1.0,0.0,1.3,ml100k,popularity,greedy_topk,1,100,0.4636331613809233
476,0.0,1.0,0.0,1.3,ml100k,popularity,greedy_topk,1,100,0.4384841037825304
478,0.0,1.0,0.0,1.1,ml100k,popularity,greedy_topk,1,100,0.4191375819314258
485,0.0,1.0,0.0,0.9,ml100k,popularity,greedy_topk,1,100,0.4252676164891085
513,0.0,1.0,0.0,0.7,ml100k,popularity,greedy_topk,1,100,0.3553523864447838
543,0.0,1.0,0.0,1.5,ml100k,popularity,greedy_topk,1,100,0.5438269742339117
550,0.0,1.0,0.0,1.5,ml100k,popularity,greedy_topk,1,100,0.4481453954204364
553,0.0,1.0,0.0,1.3,ml100k,popularity,greedy_topk,1,100,0.5045302316566534
559,0.0,1.0,0.0,1.5,ml100k,popularity,greedy_topk,1,100,0.4537429980285559
566,0.0,1.0,0.0,1.5,ml100k,popularity,greedy_topk,1,100,0.4803662111143222
593,0.0,1.0,0.0,1.3,ml100k,popularity,greedy_topk,1,100,0.4632103061117134
630,0.0,1.0,0.0,1.3,ml100k,popularity,greedy_topk,1,100,0.4740876849737025
638,0.0,1.0,0.0,1.3,ml100k,popularity,greedy_topk,1,100,0.4637786019643607
648,0.0,1.0,0.0,1.3,ml100k,popularity,greedy_topk,1,100,0.5399731176215634
651,0.6309297535714575,1.0,1.0,1.3,ml100k,popularity,greedy_topk,1,100,0.4588212256212881
653,0.0,1.0,0.0,1.3,ml100k,popularity,greedy_topk,1,100,0.4775550177859042
659,0.0,1.0,0.0,0.9,ml100k,popularity,greedy_topk,1,100,0.4286188568936476
664,0.5,1.0,1.0,1.1,ml100k,popularity,greedy_topk,1,100,0.4221496840001509
668,0.0,1.0,0.0,1.3,ml100k,popularity,greedy_topk,1,100,0.445320509793484
686,0.430676558073393,1.0,1.0,1.5,ml100k,popularity,greedy_topk,1,100,0.5405756093817562
699,0.0,1.0,0.0,1.5,ml100k,popularity,greedy_topk,1,100,0.4997447550822193
706,0.0,1.0,0.0,1.1,ml100k,popularity,greedy_topk,1,100,0.4537495719794785
707,0.0,1.0,0.0,1.5,ml100k,popularity,greedy_topk,1,100,0.4580500344909619
709,0.0,1.0,0.0,0.4,ml100k,popularity,greedy_topk,1,100,0.3666970004715423
713,0.0,1.0,0.0,1.1,ml100k,popularity,greedy_topk,1,100,0.4393370059923324
725,0.0,1.0,0.0,1.5,ml100k,popularity,greedy_topk,1,100,0.5438269742339117
742,0.0,1.0,0.0,1.3,ml100k,popularity,greedy_topk,1,100,0.4669994739842793
747,0.0,1.0,0.0,1.5,ml100k,popularity,greedy_topk,1,100,0.5122360593745131
748,0.0,1.0,0.0,0.9,ml100k,popularity,greedy_topk,1,100,0.3961183599270529
772,0.0,1.0,0.0,0.9,ml100k,popularity,greedy_topk,1,100,0.407963319511413
783,0.5,1.0,1.0,0.7,ml100k,popularity,greedy_topk,1,100,0.37347193725468
790,0.0,1.0,0.0,1.5,ml100k,popularity,greedy_topk,1,100,0.5246389787825264
795,0.0,1.0,0.0,0.6,ml100k,popularity,greedy_topk,1,100,0.3855605524366521
802,0.0,1.0,0.0,1.5,ml100k,popularity,greedy_topk,1,100,0.4266248919559965
805,0.0,1.0,0.0,1.5,ml100k,popularity,greedy_topk,1,100,0.4964892863341693
807,0.0,1.0,0.0,1.3,ml100k,popularity,greedy_topk,1,100,0.4377403567151543
830,0.0,1.0,0.0,0.6,ml100k,popularity,greedy_topk,1,100,0.3734358454724517
839,0.0,1.0,0.0,1.3,ml100k,popularity,greedy_topk,1,100,0.4740876849737025
855,0.0,1.0,0.0,0.9,ml100k,popularity,greedy_topk,1,100,0.4117541964202134
858,0.0,1.0,0.0,1.5,ml100k,popularity,greedy_topk,1,100,0.515040643445213
867,0.0,1.0,0.0,0.6,ml100k,popularity,greedy_topk,1,100,0.305970000391027
873,0.0,1.0,0.0,0.7,ml100k,popularity,greedy_topk,1,100,0.3751819546043461
875,0.0,1.0,0.0,1.3,ml100k,popularity,greedy_topk,1,100,0.4744321583659852
887,0.0,1.0,0.0,1.1,ml100k,popularity,greedy_topk,1,100,0.4096207807314334
890,0.0,1.0,0.0,1.5,ml100k,popularity,greedy_topk,1,100,0.4665014365236971
898,0.0,1.0,0.0,0.9,ml100k,popularity,greedy_topk,1,100,0.436553654352157
905,0.0,1.0,0.0,1.3,ml100k,popularity,greedy_topk,1,100,0.4740876849737025
918,0.0,1.0,0.0,1.5,ml100k,popularity,greedy_topk,1,100,0.5438269742339117
920,0.0,1.0,0.0,1.3,ml100k,popularity,greedy_topk,1,100,0.4775550177859042
938,0.0,1.0,0.0,0.8,ml100k,popularity,greedy_topk,1,100,0.3719544852862005
17,0.0,0.9950957851328628,0.0,1.1,ml100k,popularity,mmr,1,100,0.4645077989752521
23,0.0,0.9986508128309654,0.0,1.1,ml100k,popularity,mmr,1,100,0.4588183720404039
29,0.0,0.988342204287808,0.0,1.1,ml100k,popularity,mmr,1,100,0.3878606442481923
36,0.0,0.9946651158223614,0.0,1.1,ml100k,popularity,mmr,1,100,0.466343973243525
50,0.0,0.9729647384117392,0.0,0.6,ml100k,popularity,mmr,1,100,0.304926626968539
54,0.0,0.994253885609452,0.0,0.9,ml100k,popularity,mmr,1,100,0.4190560358970742
57,0.0,0.989197728077621,0.0,0.9,ml100k,popularity,mmr,1,100,0.4101258891572046
73,0.0,0.9931281607444804,0.0,0.9,ml100k,popularity,mmr,1,100,0.4358417694614307
82,0.0,0.9883768453326184,0.0,1.1,ml100k,popularity,mmr,1,100,0.473015971488666
104,0.0,0.9628570397732378,0.0,0.9,ml100k,popularity,mmr,1,100,0.3666251625149409
105,0.0,0.9918440122775576,0.0,0.9,ml100k,popularity,mmr,1,100,0.3298654597468722
108,0.0,0.9795812523851244,0.0,0.9,ml100k,popularity,mmr,1,100,0.4200562070705557
117,0.0,0.9931037699326456,0.0,0.9,ml100k,popularity,mmr,1,100,0.4745269811630686
122,0.6309297535714575,0.9925133803591272,1.0,0.9,ml100k,popularity,mmr,1,100,0.4298564034880539
139,0.0,0.9849752779159332,0.0,1.3,ml100k,popularity,mmr,1,100,0.4712066257197088
144,0.0,0.9986721176061264,0.0,1.1,ml100k,popularity,mmr,1,100,0.5155066516830318
179,0.0,0.9948263895515528,0.0,1.1,ml100k,popularity,mmr,1,100,0.4887410308674307
199,0.0,0.976620386686464,0.0,0.6,ml100k,popularity,mmr,1,100,0.3536546738823158
212,0.0,0.9935701241226836,0.0,0.9,ml100k,popularity,mmr,1,100,0.4199544853527878
220,0.0,0.9948660461392472,0.0,1.1,ml100k,popularity,mmr,1,100,0.3995612721659626
231,0.0,0.9891516408320584,0.0,0.9,ml100k,popularity,mmr,1,100,0.3871972701368885
233,0.0,0.9746801777810908,0.0,0.7,ml100k,popularity,mmr,1,100,0.4388654003157822
242,0.0,0.9927842128915736,0.0,1.1,ml100k,popularity,mmr,1,100,0.4843657277764711
248,0.0,0.9986258804326472,0.0,1.1,ml100k,popularity,mmr,1,100,0.4424360947932866
262,0.0,0.9948263895515528,0.0,1.1,ml100k,popularity,mmr,1,100,0.4887410308674307
264,0.0,0.9919926890941496,0.0,0.9,ml100k,popularity,mmr,1,100,0.4251803171510226
265,0.0,0.9944657696596813,0.0,1.1,ml100k,popularity,mmr,1,100,0.4459325526146107
286,0.0,0.9945808880418444,0.0,1.3,ml100k,popularity,mmr,1,100,0.4431528595390629
290,0.0,0.9813333869819512,0.0,0.9,ml100k,popularity,mmr,1,100,0.379473376407711
321,0.0,0.9828232032433762,0.0,0.7,ml100k,popularity,mmr,1,100,0.3839752622410205
330,0.0,0.987061088888586,0.0,0.7,ml100k,popularity,mmr,1,100,0.3984256562797646
336,0.0,0.9703442527460324,0.0,0.9,ml100k,popularity,mmr,1,100,0.3495468884357013
339,0.0,0.9993252971938432,0.0,1.3,ml100k,popularity,mmr,1,100,0.5337506556818484
351,0.0,0.9916038241669,0.0,1.1,ml100k,popularity,mmr,1,100,0.4513764952417103
354,0.0,0.9948263895515528,0.0,1.1,ml100k,popularity,mmr,1,100,0.4887410308674307
361,0.0,0.9772563786718726,0.0,0.8,ml100k,popularity,mmr,1,100,0.3919918012854708
380,0.0,0.9995933884454344,0.0,1.3,ml100k,popularity,mmr,1,100,0.4748076157790764
385,0.0,0.9884432297133792,0.0,1.1,ml100k,popularity,mmr,1,100,0.4787771485938863
391,0.0,0.9930621758555414,0.0,1.1,ml100k,popularity,mmr,1,100,0.4931229417664047
393,0.0,0.9953668860951284,0.0,0.9,ml100k,popularity,mmr,1,100,0.3837231287974293
396,1.0,0.9952197588144408,1.0,0.9,ml100k,popularity,mmr,1,100,0.3718134999507977
399,0.0,0.9711000086499852,0.0,0.6,ml100k,popularity,mmr,1,100,0.3280820349328538
414,0.0,0.987634998108237,0.0,0.6,ml100k,popularity,mmr,1,100,0.334585896733551
422,0.0,0.9895054271227516,0.0,1.1,ml100k,popularity,mmr,1,100,0.4194558225876546
423,0.0,0.9906746019193492,0.0,1.1,ml100k,popularity,mmr,1,100,0.4089108114192102
431,0.0,0.989255868115162,0.0,1.0,ml100k,popularity,mmr,1,100,0.3595568591641165
432,0.0,0.9993252971938432,0.0,1.3,ml100k,popularity,mmr,1,100,0.5337506556818484
442,0.0,0.9883405137924968,0.0,0.8,ml100k,popularity,mmr,1,100,0.3602636444458391
466,0.0,0.99512318933992,0.0,1.1,ml100k,popularity,mmr,1,100,0.4766662145588878
467,0.0,0.9945276492441492,0.0,1.1,ml100k,popularity,mmr,1,100,0.4408528472440063
473,0.0,0.9772412041603334,0.0,0.7,ml100k,popularity,mmr,1,100,0.403812049531011
476,0.0,0.9933756396430068,0.0,1.1,ml100k,popularity,mmr,1,100,0.4148876800385617
478,0.0,0.9922971838973011,0.0,0.9,ml100k,popularity,mmr,1,100,0.3975058338538004
485,0.0,0.9901806724405886,0.0,0.9,ml100k,popularity,mmr,1,100,0.4089087682491468
513,0.0,0.989381617033938,0.0,0.7,ml100k,popularity,mmr,1,100,0.3372025459501043
543,0.0,0.9728800370235846,0.0,0.9,ml100k,popularity,mmr,1,100,0.4483803063089254
550,0.0,0.9890884247412142,0.0,1.1,ml100k,popularity,mmr,1,100,0.3998779669597113
553,0.0,0.9948189232775976,0.0,1.1,ml100k,popularity,mmr,1,100,0.4957597795796472
559,0.0,0.9906000384227964,0.0,1.3,ml100k,popularity,mmr,1,100,0.4221663943587215
566,0.0,0.998668147627198,0.0,1.3,ml100k,popularity,mmr,1,100,0.474653819054261
593,0.0,0.9975342996447194,0.0,1.1,ml100k,popularity,mmr,1,100,0.4422175734365852
630,0.0,1.0,0.0,1.3,ml100k,popularity,mmr,1,100,0.4740876849737025
638,0.0,0.9864488964988292,0.0,0.9,ml100k,popularity,mmr,1,100,0.4020802172388079
648,0.0,0.9799962535726086,0.0,1.3,ml100k,popularity,mmr,1,100,0.4851685478512439
651,0.5,0.9986578264580837,1.0,1.1,ml100k,popularity,mmr,1,100,0.455928120126219
653,0.0,0.99512318933992,0.0,1.1,ml100k,popularity,mmr,1,100,0.4766662145588878
659,0.0,0.9777228403774408,0.0,0.6,ml100k,popularity,mmr,1,100,0.3557013862991278
664,0.5,0.9823079801893486,1.0,1.0,ml100k,popularity,mmr,1,100,0.3760090273995696
668,0.0,0.9965897104637425,0.0,1.3,ml100k,popularity,mmr,1,100,0.4340300315791595
686,0.430676558073393,0.9375695584530732,1.0,0.9,ml100k,popularity,mmr,1,100,0.3614847684925525
699,0.0,0.9948492879994588,0.0,1.3,ml100k,popularity,mmr,1,100,0.4908309371537707
706,0.0,0.975817792514604,0.0,1.1,ml100k,popularity,mmr,1,100,0.372610507207857
707,0.0,0.9924648201734942,0.0,1.1,ml100k,popularity,mmr,1,100,0.4331534233489544
709,0.0,0.9792908709704876,0.0,0.5,ml100k,popularity,mmr,1,100,0.3412181941288844
713,0.0,1.0,0.0,1.1,ml100k,popularity,mmr,1,100,0.4393370059923324
725,0.0,0.9859103261102816,0.0,1.3,ml100k,popularity,mmr,1,100,0.4861003521541848
742,0.0,0.985139285799191,0.0,0.9,ml100k,popularity,mmr,1,100,0.4157245210504368
747,0.0,0.9986726428166228,0.0,1.3,ml100k,popularity,mmr,1,100,0.5053030882781747
748,0.0,0.9903343098342278,0.0,0.6,ml100k,popularity,mmr,1,100,0.3559658056318537
772,0.0,0.9894375873417908,0.0,0.8,ml100k,popularity,mmr,1,100,0.404737560580816
783,0.5,0.9806860862606824,1.0,0.6,ml100k,popularity,mmr,1,100,0.3406344601782415
790,0.0,0.9986781325467198,0.0,1.3,ml100k,popularity,mmr,1,100,0.5163502611547269
795,0.0,0.998818150916612,0.0,0.7,ml100k,popularity,mmr,1,100,0.3810140422801765
802,0.0,0.9828456654071986,0.0,0.9,ml100k,popularity,mmr,1,100,0.4032632322030995
805,0.0,0.9859909561627542,0.0,1.1,ml100k,popularity,mmr,1,100,0.4633256633331728
807,0.0,0.9942008886023102,0.0,1.1,ml100k,popularity,mmr,1,100,0.412247413496883
830,0.0,0.9912740746881268,0.0,0.8,ml100k,popularity,mmr,1,100,0.3663015397603456
839,0.0,1.0,0.0,1.3,ml100k,popularity,mmr,1,100,0.4740876849737025
855,0.0,0.9982642318828244,0.0,0.8,ml100k,popularity,mmr,1,100,0.4081876732789248
858,0.0,0.9890470601848582,0.0,1.3,ml100k,popularity,mmr,1,100,0.459365024173025
867,0.0,0.9624270480021162,0.0,0.7,ml100k,popularity,mmr,1,100,0.2613770732725802
873,0.0,0.9772225139655516,0.0,0.8,ml100k,popularity,mmr,1,100,0.3505616958356219
875,0.0,0.9877161831287758,0.0,1.1,ml100k,popularity,mmr,1,100,0.4600814684944717
887,0.0,1.0,0.0,1.1,ml100k,popularity,mmr,1,100,0.4096207807314334
890,0.0,0.9897812596282598,0.0,1.3,ml100k,popularity,mmr,1,100,0.439835543433454
898,0.0,0.9957593595278784,0.0,0.7,ml100k,popularity,mmr,1,100,0.4148005076415614
905,0.0,1.0,0.0,1.3,ml100k,popularity,mmr,1,100,0.4740876849737025
918,0.0,0.976495076512653,0.0,1.3,ml100k,popularity,mmr,1,100,0.4598824579174818
920,0.0,0.9905030529251072,0.0,1.1,ml100k,popularity,mmr,1,100,0.4594060558918486
938,0.0,0.9993950802726318,0.0,0.9,ml100k,popularity,mmr,1,100,0.3775021235344583
17,0.0,0.8710818605622458,0.0,0.2,ml100k,popularity,quota_mmr,1,100,0.371271612345286
23,0.0,0.8854739470026067,0.0,0.3,ml100k,popularity,quota_mmr,1,100,0.3658428975914916
29,0.0,0.9010283760257486,0.0,0.3,ml100k,popularity,quota_mmr,1,100,0.3325038756327479
36,0.0,0.884821727224888,0.0,0.3,ml100k,popularity,quota_mmr,1,100,0.3706272905016581
50,0.0,0.9337292445387736,0.0,0.3,ml100k,popularity,quota_mmr,1,100,0.2776072755423756
54,0.0,0.918116929059866,0.0,0.3,ml100k,popularity,quota_mmr,1,100,0.3700190427343606
57,0.0,0.9319137359334771,0.0,0.3,ml100k,popularity,quota_mmr,1,100,0.3599624394862337
73,0.0,0.918273757647788,0.0,0.3,ml100k,popularity,quota_mmr,1,100,0.3782569253028253
82,0.0,0.8785223426358871,0.0,0.2,ml100k,popularity,quota_mmr,1,100,0.3780165341068864
104,0.0,0.8960753508783942,0.0,0.3,ml100k,popularity,quota_mmr,1,100,0.332289751193368
105,0.0,0.9136935493944508,0.0,0.2,ml100k,popularity,quota_mmr,1,100,0.3039741445304977
108,0.0,0.9147583415717576,0.0,0.2,ml100k,popularity,quota_mmr,1,100,0.3623794910573739
117,0.0,0.9201494677325318,0.0,0.3,ml100k,popularity,quota_mmr,1,100,0.4089061419954048
122,0.6309297535714575,0.920297491714089,1.0,0.3,ml100k,popularity,quota_mmr,1,100,0.3799081374133105
139,0.0,0.8398387749536502,0.0,0.3,ml100k,popularity,quota_mmr,1,100,0.3501617088810462
144,0.0,0.8773699888380725,0.0,0.3,ml100k,popularity,quota_mmr,1,100,0.3688038276302549
179,0.0,0.8783832000056704,0.0,0.3,ml100k,popularity,quota_mmr,1,100,0.3729867519941666
199,0.3562071871080222,0.9261352088872652,1.0,0.3,ml100k,popularity,quota_mmr,1,100,0.3319509235302549
212,0.0,0.9032397885991212,0.0,0.3,ml100k,popularity,quota_mmr,1,100,0.3570288483720971
220,0.0,0.8998180143150672,0.0,0.3,ml100k,popularity,quota_mmr,1,100,0.3330302778747257
231,0.0,0.932636043896903,0.0,0.2,ml100k,popularity,quota_mmr,1,100,0.3522411447640026
233,0.0,0.8984062114408922,0.0,0.3,ml100k,popularity,quota_mmr,1,100,0.3797478567633407
242,0.0,0.870115125210929,0.0,0.3,ml100k,popularity,quota_mmr,1,100,0.3820413643296026
248,0.0,0.8958181150988596,0.0,0.3,ml100k,popularity,quota_mmr,1,100,0.3569463602665672
262,0.0,0.8793509730314527,0.0,0.3,ml100k,popularity,quota_mmr,1,100,0.3807570896680679
264,0.0,0.9048708950430951,0.0,0.3,ml100k,popularity,quota_mmr,1,100,0.3665116545246799
265,0.0,0.8780160563801632,0.0,0.3,ml100k,popularity,quota_mmr,1,100,0.367365271670953
286,0.0,0.8421029469976891,0.0,0.2,ml100k,popularity,quota_mmr,1,100,0.3429646904680322
290,0.0,0.928790946522305,0.0,0.2,ml100k,popularity,quota_mmr,1,100,0.3385471131757829
321,0.0,0.9528600945079686,0.0,0.2,ml100k,popularity,quota_mmr,1,100,0.3570153231131652
330,0.0,0.9362333526823792,0.0,0.3,ml100k,popularity,quota_mmr,1,100,0.3573675707391677
336,0.0,0.8706448817912325,0.0,0.2,ml100k,popularity,quota_mmr,1,100,0.2974993917675896
339,0.0,0.8644624087556916,0.0,0.2,ml100k,popularity,quota_mmr,1,100,0.4008775892173693
351,0.0,0.8782527213811964,0.0,0.3,ml100k,popularity,quota_mmr,1,100,0.3799394304159587
354,0.0,0.8860908877541995,0.0,0.3,ml100k,popularity,quota_mmr,1,100,0.3764019342887547
361,0.3010299956639812,0.918088797236272,1.0,0.3,ml100k,popularity,quota_mmr,1,100,0.3486346576440294
380,0.3010299956639812,0.8851317735044688,1.0,0.3,ml100k,popularity,quota_mmr,1,100,0.3557111475614594
385,0.0,0.8735083832995235,0.0,0.2,ml100k,popularity,quota_mmr,1,100,0.3894141890582435
391,0.0,0.8793353139199069,0.0,0.2,ml100k,popularity,quota_mmr,1,100,0.4054255816797136
393,0.0,0.9330488686542848,0.0,0.2,ml100k,popularity,quota_mmr,1,100,0.3425601869727706
396,1.0,0.9358478462509584,1.0,0.3,ml100k,popularity,quota_mmr,1,100,0.3355724506114163
399,0.0,0.968439281554007,0.0,0.2,ml100k,popularity,quota_mmr,1,100,0.3350261955678079
414,0.0,0.948246622212416,0.0,0.3,ml100k,popularity,quota_mmr,1,100,0.3188939818210551
422,0.0,0.8930031168843666,0.0,0.2,ml100k,popularity,quota_mmr,1,100,0.3633494459276485
423,0.0,0.892257202704759,0.0,0.2,ml100k,popularity,quota_mmr,1,100,0.3335313209413553
431,0.0,0.9226321001787692,0.0,0.2,ml100k,popularity,quota_mmr,1,100,0.3065911976436926
432,0.0,0.8710907978379879,0.0,0.2,ml100k,popularity,quota_mmr,1,100,0.4311295281557002
442,0.0,0.9612816301043622,0.0,0.2,ml100k,popularity,quota_mmr,1,100,0.3459354358826445
466,0.0,0.8678086138821968,0.0,0.3,ml100k,popularity,quota_mmr,1,100,0.3820413643296026
467,0.0,0.8815780146733322,0.0,0.3,ml100k,popularity,quota_mmr,1,100,0.3467514417940646
473,0.3333333333333333,0.914404077875044,1.0,0.3,ml100k,popularity,quota_mmr,1,100,0.3601840200376521
476,0.3562071871080222,0.8878115211232023,1.0,0.3,ml100k,popularity,quota_mmr,1,100,0.3503095615901185
478,0.0,0.9300561590582272,0.0,0.3,ml100k,popularity,quota_mmr,1,100,0.3598943223591607
485,0.0,0.915359145503274,0.0,0.3,ml100k,popularity,quota_mmr,1,100,0.3658428975914916
513,0.0,0.9561372956709268,0.0,0.3,ml100k,popularity,quota_mmr,1,100,0.3137303397043699
543,0.0,0.8756186092133287,0.0,0.3,ml100k,popularity,quota_mmr,1,100,0.3821476479273732
550,0.0,0.9000692732130776,0.0,0.3,ml100k,popularity,quota_mmr,1,100,0.3331854335314618
553,0.0,0.8666214338838084,0.0,0.3,ml100k,popularity,quota_mmr,1,100,0.3658327852664309
559,0.0,0.876410196449455,0.0,0.3,ml100k,popularity,quota_mmr,1,100,0.33448987996771
566,0.0,0.8519064504148949,0.0,0.3,ml100k,popularity,quota_mmr,1,100,0.3375240475239242
593,0.0,0.886424307217606,0.0,0.3,ml100k,popularity,quota_mmr,1,100,0.3508324152520791
630,0.0,0.8559460723792734,0.0,0.2,ml100k,popularity,quota_mmr,1,100,0.3815369935723315
638,0.0,0.909686593443536,0.0,0.2,ml100k,popularity,quota_mmr,1,100,0.3462004163663612
648,0.0,0.8772419407867323,0.0,0.2,ml100k,popularity,quota_mmr,1,100,0.4311295281557002
651,0.0,0.8850538514539852,0.0,0.3,ml100k,popularity,quota_mmr,1,100,0.3766709293816639
653,0.0,0.8814430563729786,0.0,0.3,ml100k,popularity,quota_mmr,1,100,0.3778976966756232
659,0.0,0.9714173213651862,0.0,0.3,ml100k,popularity,quota_mmr,1,100,0.3554123173505198
664,0.5,0.9238191291813226,1.0,0.3,ml100k,popularity,quota_mmr,1,100,0.3331984219999949
668,0.0,0.8952716436674826,0.0,0.3,ml100k,popularity,quota_mmr,1,100,0.3658428975914916
686,0.5,0.884709385930207,1.0,0.3,ml100k,popularity,quota_mmr,1,100,0.3548598825352514
699,0.0,0.8485484593405457,0.0,0.3,ml100k,popularity,quota_mmr,1,100,0.3594522562487293
706,0.0,0.9125990703765796,0.0,0.2,ml100k,popularity,quota_mmr,1,100,0.3393422861732188
707,0.0,0.8856926275107395,0.0,0.3,ml100k,popularity,quota_mmr,1,100,0.3530149985198036
709,0.0,0.9730722870146808,0.0,0.3,ml100k,popularity,quota_mmr,1,100,0.3328953616100298
713,0.0,0.9117624372579084,0.0,0.3,ml100k,popularity,quota_mmr,1,100,0.3575187680998955
725,0.0,0.8710907978379879,0.0,0.2,ml100k,popularity,quota_mmr,1,100,0.4311295281557002
742,0.0,0.8985481687364639,0.0,0.2,ml100k,popularity,quota_mmr,1,100,0.3416742688257732
747,0.0,0.8596474873417045,0.0,0.3,ml100k,popularity,quota_mmr,1,100,0.3630236850657811
748,0.0,0.96841070247022,0.0,0.3,ml100k,popularity,quota_mmr,1,100,0.3354383705835118
772,0.0,0.9105232825966793,0.0,0.2,ml100k,popularity,quota_mmr,1,100,0.3539377277521823
783,0.5,0.9304706714089568,1.0,0.3,ml100k,popularity,quota_mmr,1,100,0.3175855535174753
790,0.0,0.865923375745296,0.0,0.2,ml100k,popularity,quota_mmr,1,100,0.3760471978766856
795,0.2890648263178879,0.9295296719405254,1.0,0.3,ml100k,popularity,quota_mmr,1,100,0.3349278540370531
802,0.0,0.862615916933136,0.0,0.2,ml100k,popularity,quota_mmr,1,100,0.3303571481431467
805,0.0,0.8704443689090563,0.0,0.3,ml100k,popularity,quota_mmr,1,100,0.371840295140764
807,0.0,0.902626392635222,0.0,0.3,ml100k,popularity,quota_mmr,1,100,0.3386133642798547
830,0.0,0.9678898559054608,0.0,0.2,ml100k,popularity,quota_mmr,1,100,0.3557956112200777
839,0.0,0.8673378575954114,0.0,0.3,ml100k,popularity,quota_mmr,1,100,0.3702560575223975
855,0.0,0.9374599975671628,0.0,0.3,ml100k,popularity,quota_mmr,1,100,0.3560816540521553
858,0.0,0.8665194639430882,0.0,0.2,ml100k,popularity,quota_mmr,1,100,0.3740534180774888
867,0.0,0.9630439744895776,0.0,0.3,ml100k,popularity,quota_mmr,1,100,0.2629107803683489
873,0.0,0.9280851154890344,0.0,0.3,ml100k,popularity,quota_mmr,1,100,0.3266993598129902
875,0.0,0.8784660102923466,0.0,0.2,ml100k,popularity,quota_mmr,1,100,0.3781886529788554
887,0.0,0.8908224264703647,0.0,0.3,ml100k,popularity,quota_mmr,1,100,0.3276067027061666
890,0.0,0.8651314499138788,0.0,0.3,ml100k,popularity,quota_mmr,1,100,0.3469879998989681
898,0.0,0.9545833663212449,0.0,0.3,ml100k,popularity,quota_mmr,1,100,0.362056192116939
905,0.0,0.8602092246094516,0.0,0.3,ml100k,popularity,quota_mmr,1,100,0.3743121697230923
918,0.0,0.8412682001282876,0.0,0.3,ml100k,popularity,quota_mmr,1,100,0.343110556303095
920,0.0,0.8731277851373129,0.0,0.2,ml100k,popularity,quota_mmr,1,100,0.3775882707149653
938,0.0,0.89038963311554,0.0,0.3,ml100k,popularity,quota_mmr,1,100,0.3062837667971961
17,0.0,0.8545053558520788,0.0,0.2,ml100k,popularity,qubo_feasible,1,100,0.3521545095317108
23,0.0,0.8312100048022181,0.0,0.2,ml100k,popularity,qubo_feasible,1,100,0.3284831512953334
29,0.0,0.7916445516877885,0.0,0.2,ml100k,popularity,qubo_feasible,1,100,0.2728358373134368
36,0.0,0.8247383232152088,0.0,0.2,ml100k,popularity,qubo_feasible,1,100,0.3239531509507314
50,0.0,0.8666770018801534,0.0,0.2,ml100k,popularity,qubo_feasible,1,100,0.2453137198743752
54,0.0,0.8387554776512856,0.0,0.2,ml100k,popularity,qubo_feasible,1,100,0.313286388990117
57,0.0,0.8920614189157609,0.0,0.2,ml100k,popularity,qubo_feasible,1,100,0.3350566139156838
73,0.0,0.819906143065056,0.0,0.2,ml100k,popularity,qubo_feasible,1,100,0.3089180706814185
82,0.0,0.7928268933239035,0.0,0.2,ml100k,popularity,qubo_feasible,1,100,0.3234783701351602
104,0.0,0.7748178570951795,0.0,0.2,ml100k,popularity,qubo_feasible,1,100,0.2587465068484302
105,0.0,0.7433828334223406,0.0,0.2,ml100k,popularity,qubo_feasible,1,100,0.1932978732404978
108,0.0,0.7984523221452441,0.0,0.2,ml100k,popularity,qubo_feasible,1,100,0.2997448047988865
117,0.0,0.7964489286207591,0.0,0.2,ml100k,popularity,qubo_feasible,1,100,0.3179145570191567
122,0.6309297535714575,0.8693538398115951,1.0,0.2,ml100k,popularity,qubo_feasible,1,100,0.3328043635253965
139,0.0,0.7683693393421558,0.0,0.2,ml100k,popularity,qubo_feasible,1,100,0.2964459154826728
144,0.0,0.7780081695576836,0.0,0.2,ml100k,popularity,qubo_feasible,1,100,0.2974059356919103
179,0.0,0.8045230013997071,0.0,0.2,ml100k,popularity,qubo_feasible,1,100,0.3141993956651556
199,0.0,0.8278156563437196,0.0,0.2,ml100k,popularity,qubo_feasible,1,100,0.2528493143222574
212,0.0,0.8093861480012783,0.0,0.2,ml100k,popularity,qubo_feasible,1,100,0.2923628775368164
220,0.0,0.7792754168388716,0.0,0.2,ml100k,popularity,qubo_feasible,1,100,0.2584338715560668
231,0.0,0.8420858340243977,0.0,0.2,ml100k,popularity,qubo_feasible,1,100,0.2826562099884884
233,0.0,0.8456908855042069,0.0,0.2,ml100k,popularity,qubo_feasible,1,100,0.3432959427802917
242,0.0,0.7870613546095679,0.0,0.2,ml100k,popularity,qubo_feasible,1,100,0.3303394365523497
248,0.0,0.8403510906069113,0.0,0.2,ml100k,popularity,qubo_feasible,1,100,0.3183596349413428
262,0.0,0.8110127768826926,0.0,0.2,ml100k,popularity,qubo_feasible,1,100,0.3185124421125122
264,0.0,0.8617032500197118,0.0,0.2,ml100k,popularity,qubo_feasible,1,100,0.3382705671454846
265,0.0,0.8147355410100252,0.0,0.2,ml100k,popularity,qubo_feasible,1,100,0.3117033483498385
286,0.0,0.7706350801602655,0.0,0.2,ml100k,popularity,qubo_feasible,1,100,0.2941493466228422
290,0.0,0.8489521344145947,0.0,0.2,ml100k,popularity,qubo_feasible,1,100,0.2803635864054042
321,0.0,0.7954666301946036,0.0,0.2,ml100k,popularity,qubo_feasible,1,100,0.250453562991917
330,0.0,0.8807959326805883,0.0,0.2,ml100k,popularity,qubo_feasible,1,100,0.3072077288507707
336,0.0,0.759493061051227,0.0,0.2,ml100k,popularity,qubo_feasible,1,100,0.2297924431992362
339,0.0,0.7516496535384872,0.0,0.2,ml100k,popularity,qubo_feasible,1,100,0.3078138665336443
351,0.0,0.8067087520045909,0.0,0.2,ml100k,popularity,qubo_feasible,1,100,0.3166772383498415
354,0.0,0.766618865892425,0.0,0.2,ml100k,popularity,qubo_feasible,1,100,0.3138843882182278
361,0.0,0.8371756163788582,0.0,0.2,ml100k,popularity,qubo_feasible,1,100,0.2889071048636329
380,0.0,0.7999033509342229,0.0,0.2,ml100k,popularity,qubo_feasible,1,100,0.3025991325062397
385,0.0,0.777692185070224,0.0,0.2,ml100k,popularity,qubo_feasible,1,100,0.3196714352177213
391,0.0,0.7758933948720251,0.0,0.2,ml100k,popularity,qubo_feasible,1,100,0.3208664051905085
393,0.0,0.8645505256380706,0.0,0.2,ml100k,popularity,qubo_feasible,1,100,0.3050694413732979
396,1.0,0.7876984039382968,1.0,0.2,ml100k,popularity,qubo_feasible,1,100,0.2367140812015111
399,0.0,0.890915392068278,0.0,0.2,ml100k,popularity,qubo_feasible,1,100,0.2828307124576415
414,0.0,0.7519111235335578,0.0,0.2,ml100k,popularity,qubo_feasible,1,100,0.200999250436038
422,0.0,0.8006010780436381,0.0,0.2,ml100k,popularity,qubo_feasible,1,100,0.3118189446029197
423,0.0,0.8403605164915634,0.0,0.2,ml100k,popularity,qubo_feasible,1,100,0.2989114441515201
431,0.0,0.8040738353813716,0.0,0.2,ml100k,popularity,qubo_feasible,1,100,0.2458403966301214
432,0.0,0.8447539274329195,0.0,0.2,ml100k,popularity,qubo_feasible,1,100,0.3947397910880876
442,0.0,0.8828682138648282,0.0,0.2,ml100k,popularity,qubo_feasible,1,100,0.2934648509552782
466,0.0,0.7979133561387698,0.0,0.2,ml100k,popularity,qubo_feasible,1,100,0.3355171085856214
467,0.0,0.7888944114266637,0.0,0.2,ml100k,popularity,qubo_feasible,1,100,0.3073774678731855
473,0.3868528072345416,0.8788954648734051,1.0,0.2,ml100k,popularity,qubo_feasible,1,100,0.3242418238932417
476,0.0,0.8494672287439747,0.0,0.2,ml100k,popularity,qubo_feasible,1,100,0.3150056172724775
478,0.0,0.8783848321902641,0.0,0.2,ml100k,popularity,qubo_feasible,1,100,0.3258176169759001
485,0.0,0.7317737325951036,0.0,0.2,ml100k,popularity,qubo_feasible,1,100,0.2382181425258955
513,0.0,0.8648483989794533,0.0,0.2,ml100k,popularity,qubo_feasible,1,100,0.2534144487404843
543,0.0,0.8113191263642483,0.0,0.2,ml100k,popularity,qubo_feasible,1,100,0.3269197120080514
550,0.0,0.8294732503519291,0.0,0.2,ml100k,popularity,qubo_feasible,1,100,0.2969138146235788
553,0.0,0.8056765990860448,0.0,0.2,ml100k,popularity,qubo_feasible,1,100,0.3195751346295368
559,0.0,0.8489685086318941,0.0,0.2,ml100k,popularity,qubo_feasible,1,100,0.3217411822577755
566,0.0,0.7769461891824516,0.0,0.2,ml100k,popularity,qubo_feasible,1,100,0.2990427998408744
593,0.0,0.8624014269790643,0.0,0.2,ml100k,popularity,qubo_feasible,1,100,0.3388189900522623
630,0.0,0.837853722995876,0.0,0.2,ml100k,popularity,qubo_feasible,1,100,0.3551479982303939
638,0.0,0.8608981587082898,0.0,0.2,ml100k,popularity,qubo_feasible,1,100,0.3263492758432924
648,0.0,0.7831463138795804,0.0,0.2,ml100k,popularity,qubo_feasible,1,100,0.3446217370746275
651,0.0,0.8068606921356015,0.0,0.2,ml100k,popularity,qubo_feasible,1,100,0.3139986720895488
653,0.0,0.7990569371740889,0.0,0.2,ml100k,popularity,qubo_feasible,1,100,0.3288987237578746
659,0.0,0.8385019801125693,0.0,0.2,ml100k,popularity,qubo_feasible,1,100,0.2681983157624865
664,0.5,0.8747164150783387,1.0,0.2,ml100k,popularity,qubo_feasible,1,100,0.3047685119079749
668,0.0,0.8688194627205695,0.0,0.2,ml100k,popularity,qubo_feasible,1,100,0.341738920357418
686,0.0,0.7730935740931604,0.0,0.2,ml100k,popularity,qubo_feasible,1,100,0.3010084020591093
699,0.0,0.7419028787159961,0.0,0.2,ml100k,popularity,qubo_feasible,1,100,0.3079749321044887
706,0.0,0.8749191019708578,0.0,0.2,ml100k,popularity,qubo_feasible,1,100,0.316803190978539
707,0.0,0.8517933502247705,0.0,0.2,ml100k,popularity,qubo_feasible,1,100,0.3287460076568407
709,0.0,0.8382848655506622,0.0,0.2,ml100k,popularity,qubo_feasible,1,100,0.2460396110290781
713,0.0,0.8077192781393876,0.0,0.2,ml100k,popularity,qubo_feasible,1,100,0.2860287286580721
725,0.0,0.7068176188879722,0.0,0.2,ml100k,popularity,qubo_feasible,1,100,0.3004322050326709
742,0.0,0.8180418863880919,0.0,0.2,ml100k,popularity,qubo_feasible,1,100,0.2964555792608627
747,0.0,0.7546729018612344,0.0,0.2,ml100k,popularity,qubo_feasible,1,100,0.285786925173477
748,0.0,0.9032793124257124,0.0,0.2,ml100k,popularity,qubo_feasible,1,100,0.2887044532387466
772,0.0,0.873529485510237,0.0,0.2,ml100k,popularity,qubo_feasible,1,100,0.3299794214405688
783,0.6309297535714575,0.7233940611450156,1.0,0.2,ml100k,popularity,qubo_feasible,1,100,0.2004820971083899
790,0.0,0.7562299462172123,0.0,0.2,ml100k,popularity,qubo_feasible,1,100,0.3219632950290441
795,0.3562071871080222,0.8446213524446483,1.0,0.2,ml100k,popularity,qubo_feasible,1,100,0.2709462529280906
802,0.0,0.8406315163766319,0.0,0.2,ml100k,popularity,qubo_feasible,1,100,0.3086118389633068
805,0.0,0.8204002363344466,0.0,0.2,ml100k,popularity,qubo_feasible,1,100,0.326854414942722
807,0.0,0.7992056072037927,0.0,0.2,ml100k,popularity,qubo_feasible,1,100,0.2789520083554004
830,0.0,0.883855212512323,0.0,0.2,ml100k,popularity,qubo_feasible,1,100,0.3006287766791584
839,0.0,0.8504648841059921,0.0,0.2,ml100k,popularity,qubo_feasible,1,100,0.3480685266599707
855,0.0,0.8479867917712243,0.0,0.2,ml100k,popularity,qubo_feasible,1,100,0.2946519248431536
858,0.3333333333333333,0.7379968696021775,1.0,0.2,ml100k,popularity,qubo_feasible,1,100,0.2772117184752049
867,0.0,0.8176338933039584,0.0,0.2,ml100k,popularity,qubo_feasible,1,100,0.1814535802850523
873,0.0,0.7942214762139094,0.0,0.2,ml100k,popularity,qubo_feasible,1,100,0.2427326030479503
875,0.0,0.7959362919461123,0.0,0.2,ml100k,popularity,qubo_feasible,1,100,0.3020957266123765
887,0.0,0.7592153531963131,0.0,0.2,ml100k,popularity,qubo_feasible,1,100,0.2473783462362002
890,0.0,0.7692556156877567,0.0,0.2,ml100k,popularity,qubo_feasible,1,100,0.2988599347719566
898,0.0,0.8817820733026022,0.0,0.2,ml100k,popularity,qubo_feasible,1,100,0.3184176043882451
905,0.0,0.8300231474821818,0.0,0.2,ml100k,popularity,qubo_feasible,1,100,0.338347938672175
918,0.0,0.7388914523623381,0.0,0.2,ml100k,popularity,qubo_feasible,1,100,0.2811189726767791
920,0.0,0.8235561221990729,0.0,0.2,ml100k,popularity,qubo_feasible,1,100,0.3352651986484389
938,0.0,0.7526196023853383,0.0,0.2,ml100k,popularity,qubo_feasible,1,100,0.2278773884291541
17,0.0,0.8455143982310752,0.0,0.2,ml100k,popularity,qubo_tabu,1,100,0.3314978549184117
23,0.0,0.8631995629276581,0.0,0.2,ml100k,popularity,qubo_tabu,1,100,0.3351956597124681
29,0.0,0.8312611849250773,0.0,0.2,ml100k,popularity,qubo_tabu,1,100,0.2790500316014627
36,0.0,0.8572190060357685,0.0,0.2,ml100k,popularity,qubo_tabu,1,100,0.3311232214972821
50,0.0,0.8934555696377764,0.0,0.2,ml100k,popularity,qubo_tabu,1,100,0.2428057107604891
54,0.0,0.8915318953275426,0.0,0.2,ml100k,popularity,qubo_tabu,1,100,0.3405163492848811
57,0.0,0.9305485306341612,0.0,0.2,ml100k,popularity,qubo_tabu,1,100,0.3535833140734463
73,0.0,0.8858919518801148,0.0,0.2,ml100k,popularity,qubo_tabu,1,100,0.3410763487337069
82,0.0,0.8443770334590344,0.0,0.2,ml100k,popularity,qubo_tabu,1,100,0.3398052255279964
104,0.0,0.8365648074573805,0.0,0.2,ml100k,popularity,qubo_tabu,1,100,0.2655630001711724
105,0.0,0.8018342306178097,0.0,0.2,ml100k,popularity,qubo_tabu,1,100,0.206107502113392
108,0.0,0.8597954926507958,0.0,0.2,ml100k,popularity,qubo_tabu,1,100,0.3014021928215141
117,0.0,0.8115731250625178,0.0,0.2,ml100k,popularity,qubo_tabu,1,100,0.3081044687165201
122,1.0,0.8808817333349808,1.0,0.2,ml100k,popularity,qubo_tabu,1,100,0.3364264904938831
139,0.0,0.7991863450101367,0.0,0.2,ml100k,popularity,qubo_tabu,1,100,0.2921628918506951
144,0.0,0.8074857580914823,0.0,0.2,ml100k,popularity,qubo_tabu,1,100,0.3084264643031961
179,0.0,0.8291679486730918,0.0,0.2,ml100k,popularity,qubo_tabu,1,100,0.3195874812136406
199,0.3868528072345416,0.8821608879961647,1.0,0.2,ml100k,popularity,qubo_tabu,1,100,0.2819740874677148
212,0.0,0.8407720726647036,0.0,0.2,ml100k,popularity,qubo_tabu,1,100,0.2944372717976782
220,0.0,0.8522995812612855,0.0,0.2,ml100k,popularity,qubo_tabu,1,100,0.2900024776441985
231,0.0,0.885668761684576,0.0,0.2,ml100k,popularity,qubo_tabu,1,100,0.2904889511829253
233,0.0,0.8570647329795996,0.0,0.2,ml100k,popularity,qubo_tabu,1,100,0.3309826253917466
242,0.0,0.8538936366159144,0.0,0.2,ml100k,popularity,qubo_tabu,1,100,0.3467271171199817
248,0.0,0.8888521444373977,0.0,0.2,ml100k,popularity,qubo_tabu,1,100,0.3518940111427027
262,0.0,0.849342260413146,0.0,0.2,ml100k,popularity,qubo_tabu,1,100,0.3342800426875961
264,0.0,0.8701299968625658,0.0,0.2,ml100k,popularity,qubo_tabu,1,100,0.3435503221334765
265,0.0,0.8275940407180855,0.0,0.2,ml100k,popularity,qubo_tabu,1,100,0.3128317617704029
286,0.0,0.8257997207284665,0.0,0.2,ml100k,popularity,qubo_tabu,1,100,0.3101127066690651
290,0.0,0.9000771270658915,0.0,0.2,ml100k,popularity,qubo_tabu,1,100,0.2993309933166222
321,0.0,0.8829634959310865,0.0,0.2,ml100k,popularity,qubo_tabu,1,100,0.2905483014173219
330,0.0,0.9065848298512542,0.0,0.2,ml100k,popularity,qubo_tabu,1,100,0.3190937145882643
336,0.0,0.8683502680850773,0.0,0.2,ml100k,popularity,qubo_tabu,1,100,0.2716415382149498
339,0.0,0.6961113649053725,0.0,0.2,ml100k,popularity,qubo_tabu,1,100,0.2654242983495143
351,0.0,0.8410854389536833,0.0,0.2,ml100k,popularity,qubo_tabu,1,100,0.3265474787920456
354,0.0,0.8772939148175566,0.0,0.2,ml100k,popularity,qubo_tabu,1,100,0.3592337191937348
361,0.0,0.8955308102706092,0.0,0.2,ml100k,popularity,qubo_tabu,1,100,0.3263865888411431
380,0.0,0.8601659323965699,0.0,0.2,ml100k,popularity,qubo_tabu,1,100,0.3211332634585411
385,0.0,0.8047205782713113,0.0,0.2,ml100k,popularity,qubo_tabu,1,100,0.3208515632352441
391,0.0,0.7992787488887433,0.0,0.2,ml100k,popularity,qubo_tabu,1,100,0.3226871440931965
393,0.0,0.9012153041955188,0.0,0.2,ml100k,popularity,qubo_tabu,1,100,0.3065107223601421
396,1.0,0.8765658948538033,1.0,0.2,ml100k,popularity,qubo_tabu,1,100,0.2675899875241973
399,0.0,0.9371594878523418,0.0,0.2,ml100k,popularity,qubo_tabu,1,100,0.2914902641614058
414,0.0,0.8574860008069031,0.0,0.2,ml100k,popularity,qubo_tabu,1,100,0.2385035646426659
422,0.0,0.8498981593398872,0.0,0.2,ml100k,popularity,qubo_tabu,1,100,0.308091002430052
423,0.0,0.8808424430127352,0.0,0.2,ml100k,popularity,qubo_tabu,1,100,0.3173520146163402
431,0.0,0.860135196057844,0.0,0.2,ml100k,popularity,qubo_tabu,1,100,0.248764071268677
432,0.0,0.834348888363534,0.0,0.2,ml100k,popularity,qubo_tabu,1,100,0.3786709559550254
442,0.0,0.9364344014866052,0.0,0.2,ml100k,popularity,qubo_tabu,1,100,0.3135648285924108
466,0.0,0.8465379804960245,0.0,0.2,ml100k,popularity,qubo_tabu,1,100,0.3444949715897437
467,0.0,0.8723690637143381,0.0,0.2,ml100k,popularity,qubo_tabu,1,100,0.3332155123315409
473,0.3154648767857287,0.92402182079733,1.0,0.2,ml100k,popularity,qubo_tabu,1,100,0.351013701433032
476,0.3562071871080222,0.8530936913155485,1.0,0.2,ml100k,popularity,qubo_tabu,1,100,0.3159661610675692
478,0.0,0.916250982880346,0.0,0.2,ml100k,popularity,qubo_tabu,1,100,0.3390029925455798
485,0.0,0.858372262336238,0.0,0.2,ml100k,popularity,qubo_tabu,1,100,0.3050230767649712
513,0.0,0.8310540065337811,0.0,0.2,ml100k,popularity,qubo_tabu,1,100,0.2200903237922331
543,0.0,0.8186728166216146,0.0,0.2,ml100k,popularity,qubo_tabu,1,100,0.3183162902797869
550,0.0,0.8668709962199913,0.0,0.2,ml100k,popularity,qubo_tabu,1,100,0.2966020390274231
553,0.0,0.8094293515877795,0.0,0.2,ml100k,popularity,qubo_tabu,1,100,0.3111620144331116
559,0.0,0.8614790195687223,0.0,0.2,ml100k,popularity,qubo_tabu,1,100,0.315731113322195
566,0.0,0.8423739938106917,0.0,0.2,ml100k,popularity,qubo_tabu,1,100,0.3232002311315194
593,0.0,0.8815669553764883,0.0,0.2,ml100k,popularity,qubo_tabu,1,100,0.3420056405655523
630,0.0,0.7699579920217247,0.0,0.2,ml100k,popularity,qubo_tabu,1,100,0.3159905339274388
638,0.0,0.8987600141421397,0.0,0.2,ml100k,popularity,qubo_tabu,1,100,0.3296549237628804
648,0.0,0.8100744917537771,0.0,0.2,ml100k,popularity,qubo_tabu,1,100,0.3430047613304528
651,0.6309297535714575,0.8626977571320997,1.0,0.2,ml100k,popularity,qubo_tabu,1,100,0.3355947896726078
653,0.0,0.8609973776676743,0.0,0.2,ml100k,popularity,qubo_tabu,1,100,0.347574487835627
659,0.0,0.9270928866297417,0.0,0.2,ml100k,popularity,qubo_tabu,1,100,0.3124145239003019
664,0.0,0.888564883773972,0.0,0.2,ml100k,popularity,qubo_tabu,1,100,0.2984206198311282
668,0.0,0.8719973518479501,0.0,0.2,ml100k,popularity,qubo_tabu,1,100,0.3405163492848811
686,0.6309297535714575,0.7944368101291962,1.0,0.2,ml100k,popularity,qubo_tabu,1,100,0.2768543531072921
699,0.0,0.8289427848648829,0.0,0.2,ml100k,popularity,qubo_tabu,1,100,0.324483722025065
706,0.0,0.8568988340777605,0.0,0.2,ml100k,popularity,qubo_tabu,1,100,0.2850020387640219
707,0.0,0.8503175033548696,0.0,0.2,ml100k,popularity,qubo_tabu,1,100,0.3173120456981532
709,0.0,0.8968419897949874,0.0,0.2,ml100k,popularity,qubo_tabu,1,100,0.2641096684600477
713,0.0,0.870217924303953,0.0,0.2,ml100k,popularity,qubo_tabu,1,100,0.3140928344939827
725,0.0,0.7256086402117625,0.0,0.2,ml100k,popularity,qubo_tabu,1,100,0.2907607049263743
742,0.0,0.8736957368253858,0.0,0.2,ml100k,popularity,qubo_tabu,1,100,0.3174878206959315
747,0.0,0.8310544205264331,0.0,0.2,ml100k,popularity,qubo_tabu,1,100,0.3193037567641294
748,0.0,0.9288698805207398,0.0,0.2,ml100k,popularity,qubo_tabu,1,100,0.2921869409318275
772,0.0,0.8795592095781588,0.0,0.2,ml100k,popularity,qubo_tabu,1,100,0.3110442072412479
783,0.6309297535714575,0.7631191461504337,1.0,0.2,ml100k,popularity,qubo_tabu,1,100,0.2039462893029507
790,0.0,0.8002190506404561,0.0,0.2,ml100k,popularity,qubo_tabu,1,100,0.3173631878781098
795,0.3562071871080222,0.8314227473741092,1.0,0.2,ml100k,popularity,qubo_tabu,1,100,0.2559287203851971
802,0.0,0.8181059804226255,0.0,0.2,ml100k,popularity,qubo_tabu,1,100,0.2835331806635385
805,0.0,0.8242971196466511,0.0,0.2,ml100k,popularity,qubo_tabu,1,100,0.3158290676766326
807,0.0,0.8804766650760874,0.0,0.2,ml100k,popularity,qubo_tabu,1,100,0.3038977384331962
830,0.0,0.9291928291605672,0.0,0.2,ml100k,popularity,qubo_tabu,1,100,0.3170250974067789
839,0.0,0.847047317278905,0.0,0.2,ml100k,popularity,qubo_tabu,1,100,0.3397126047675217
855,0.0,0.8722385290597439,0.0,0.2,ml100k,popularity,qubo_tabu,1,100,0.2943922672620053
858,0.0,0.8378332625536797,0.0,0.2,ml100k,popularity,qubo_tabu,1,100,0.3226391681059619
867,0.0,0.8107075886725612,0.0,0.2,ml100k,popularity,qubo_tabu,1,100,0.1708194690595135
873,0.0,0.8302052018991037,0.0,0.2,ml100k,popularity,qubo_tabu,1,100,0.2423577409241485
875,0.0,0.848914653580559,0.0,0.2,ml100k,popularity,qubo_tabu,1,100,0.3287641367389596
887,0.0,0.8649553704857544,0.0,0.2,ml100k,popularity,qubo_tabu,1,100,0.294521179441111
890,0.0,0.8329829161815064,0.0,0.2,ml100k,popularity,qubo_tabu,1,100,0.3156809620198321
898,0.0,0.9352637498853344,0.0,0.2,ml100k,popularity,qubo_tabu,1,100,0.3417399354860123
905,0.0,0.8353701135902715,0.0,0.2,ml100k,popularity,qubo_tabu,1,100,0.3324338521864803
918,0.0,0.7956111600879755,0.0,0.2,ml100k,popularity,qubo_tabu,1,100,0.2962989071021222
920,0.0,0.8551078779371791,0.0,0.2,ml100k,popularity,qubo_tabu,1,100,0.3456440287126347
938,0.0,0.7764760209872491,0.0,0.2,ml100k,popularity,qubo_tabu,1,100,0.2174372321217813
17,0.0,1.0,0.0,1.1,ml100k,itemknn,none,1,100,
23,0.0,1.0,0.0,1.3,ml100k,itemknn,none,1,100,
29,0.0,1.0,0.0,1.3,ml100k,itemknn,none,1,100,
36,0.0,1.0,0.0,1.1,ml100k,itemknn,none,1,100,
50,0.0,1.0,0.0,0.9,ml100k,itemknn,none,1,100,
54,0.0,1.0,0.0,1.1,ml100k,itemknn,none,1,100,
57,0.0,1.0,0.0,1.1,ml100k,itemknn,none,1,100,
73,0.0,1.0,0.0,1.5,ml100k,itemknn,none,1,100,
82,0.0,1.0,0.0,1.1,ml100k,itemknn,none,1,100,
104,0.0,1.0,0.0,1.1,ml100k,itemknn,none,1,100,
105,0.0,1.0,0.0,1.3,ml100k,itemknn,none,1,100,
108,0.0,1.0,0.0,1.3,ml100k,itemknn,none,1,100,
117,0.0,1.0,0.0,1.3,ml100k,itemknn,none,1,100,
122,0.6309297535714575,1.0,1.0,1.1,ml100k,itemknn,none,1,100,
139,0.0,1.0,0.0,1.5,ml100k,itemknn,none,1,100,
144,0.0,1.0,0.0,0.9,ml100k,itemknn,none,1,100,
179,0.0,1.0,0.0,1.0,ml100k,itemknn,none,1,100,
199,0.0,1.0,0.0,0.9,ml100k,itemknn,none,1,100,
212,0.0,1.0,0.0,1.1,ml100k,itemknn,none,1,100,
220,0.0,1.0,0.0,1.1,ml100k,itemknn,none,1,100,
231,0.0,1.0,0.0,1.1,ml100k,itemknn,none,1,100,
233,0.0,1.0,0.0,0.6,ml100k,itemknn,none,1,100,
242,0.0,1.0,0.0,1.0,ml100k,itemknn,none,1,100,
248,0.0,1.0,0.0,1.5,ml100k,itemknn,none,1,100,
262,0.0,1.0,0.0,0.7,ml100k,itemknn,none,1,100,
264,0.0,1.0,0.0,1.5,ml100k,itemknn,none,1,100,
265,0.0,1.0,0.0,1.5,ml100k,itemknn,none,1,100,
286,0.0,1.0,0.0,1.1,ml100k,itemknn,none,1,100,
290,0.0,1.0,0.0,0.9,ml100k,itemknn,none,1,100,
321,0.0,1.0,0.0,1.3,ml100k,itemknn,none,1,100,
330,0.0,1.0,0.0,1.1,ml100k,itemknn,none,1,100,
336,0.0,1.0,0.0,1.3,ml100k,itemknn,none,1,100,
339,0.0,1.0,0.0,1.3,ml100k,itemknn,none,1,100,
351,0.0,1.0,0.0,1.5,ml100k,itemknn,none,1,100,
354,0.0,1.0,0.0,0.7,ml100k,itemknn,none,1,100,
361,0.0,1.0,0.0,1.3,ml100k,itemknn,none,1,100,
380,0.0,1.0,0.0,1.3,ml100k,itemknn,none,1,100,
385,0.0,1.0,0.0,1.1,ml100k,itemknn,none,1,100,
391,0.0,1.0,0.0,0.7,ml100k,itemknn,none,1,100,
393,0.0,1.0,0.0,1.1,ml100k,itemknn,none,1,100,
396,0.0,1.0,0.0,1.3,ml100k,itemknn,none,1,100,
399,0.0,1.0,0.0,1.3,ml100k,itemknn,none,1,100,
414,0.0,1.0,0.0,0.7,ml100k,itemknn,none,1,100,
422,0.0,1.0,0.0,1.1,ml100k,itemknn,none,1,100,
423,0.0,1.0,0.0,1.1,ml100k,itemknn,none,1,100,
431,0.0,1.0,0.0,1.1,ml100k,itemknn,none,1,100,
432,0.0,1.0,0.0,1.3,ml100k,itemknn,none,1,100,
442,0.0,1.0,0.0,1.1,ml100k,itemknn,none,1,100,
466,0.0,1.0,0.0,1.0,ml100k,itemknn,none,1,100,
467,0.0,1.0,0.0,1.5,ml100k,itemknn,none,1,100,
473,0.0,1.0,0.0,1.3,ml100k,itemknn,none,1,100,
476,0.430676558073393,1.0,1.0,1.1,ml100k,itemknn,none,1,100,
478,0.0,1.0,0.0,1.5,ml100k,itemknn,none,1,100,
485,0.0,1.0,0.0,0.4,ml100k,itemknn,none,1,100,
513,0.0,1.0,0.0,0.7,ml100k,itemknn,none,1,100,
543,0.0,1.0,0.0,0.9,ml100k,itemknn,none,1,100,
550,0.0,1.0,0.0,1.3,ml100k,itemknn,none,1,100,
553,0.0,1.0,0.0,1.1,ml100k,itemknn,none,1,100,
559,0.2890648263178879,1.0,1.0,1.5,ml100k,itemknn,none,1,100,
566,0.0,1.0,0.0,1.3,ml100k,itemknn,none,1,100,
593,0.0,1.0,0.0,1.3,ml100k,itemknn,none,1,100,
630,0.0,1.0,0.0,1.5,ml100k,itemknn,none,1,100,
638,0.0,1.0,0.0,1.3,ml100k,itemknn,none,1,100,
648,0.0,1.0,0.0,1.5,ml100k,itemknn,none,1,100,
651,0.3868528072345416,1.0,1.0,1.1,ml100k,itemknn,none,1,100,
653,0.0,1.0,0.0,0.6,ml100k,itemknn,none,1,100,
659,0.0,1.0,0.0,0.9,ml100k,itemknn,none,1,100,
664,0.0,1.0,0.0,0.7,ml100k,itemknn,none,1,100,
668,0.0,1.0,0.0,1.3,ml100k,itemknn,none,1,100,
686,0.5,1.0,1.0,1.5,ml100k,itemknn,none,1,100,
699,0.0,1.0,0.0,1.1,ml100k,itemknn,none,1,100,
706,0.0,1.0,0.0,1.1,ml100k,itemknn,none,1,100,
707,0.0,1.0,0.0,1.3,ml100k,itemknn,none,1,100,
709,0.0,1.0,0.0,1.1,ml100k,itemknn,none,1,100,
713,0.0,1.0,0.0,0.9,ml100k,itemknn,none,1,100,
725,0.0,1.0,0.0,1.5,ml100k,itemknn,none,1,100,
742,0.0,1.0,0.0,1.3,ml100k,itemknn,none,1,100,
747,0.0,1.0,0.0,0.9,ml100k,itemknn,none,1,100,
748,0.0,1.0,0.0,1.3,ml100k,itemknn,none,1,100,
772,0.0,1.0,0.0,1.3,ml100k,itemknn,none,1,100,
783,0.3010299956639812,1.0,1.0,0.7,ml100k,itemknn,none,1,100,
790,0.0,1.0,0.0,1.1,ml100k,itemknn,none,1,100,
795,0.0,1.0,0.0,0.7,ml100k,itemknn,none,1,100,
802,0.0,1.0,0.0,1.1,ml100k,itemknn,none,1,100,
805,0.3154648767857287,1.0,1.0,1.3,ml100k,itemknn,none,1,100,
807,0.0,1.0,0.0,1.1,ml100k,itemknn,none,1,100,
830,0.0,1.0,0.0,1.3,ml100k,itemknn,none,1,100,
839,0.0,1.0,0.0,0.9,ml100k,itemknn,none,1,100,
855,0.0,1.0,0.0,1.3,ml100k,itemknn,none,1,100,
858,0.0,1.0,0.0,1.1,ml100k,itemknn,none,1,100,
867,0.0,1.0,0.0,0.7,ml100k,itemknn,none,1,100,
873,0.0,1.0,0.0,0.9,ml100k,itemknn,none,1,100,
875,0.0,1.0,0.0,1.3,ml100k,itemknn,none,1,100,
887,0.0,1.0,0.0,1.3,ml100k,itemknn,none,1,100,
890,0.0,1.0,0.0,1.5,ml100k,itemknn,none,1,100,
898,0.0,1.0,0.0,0.9,ml100k,itemknn,none,1,100,
905,0.0,1.0,0.0,1.3,ml100k,itemknn,none,1,100,
918,0.2890648263178879,1.0,1.0,0.9,ml100k,itemknn,none,1,100,
920,0.0,1.0,0.0,1.5,ml100k,itemknn,none,1,100,
938,0.0,1.0,0.0,1.1,ml100k,itemknn,none,1,100,
17,0.0,1.0,0.0,1.1,ml100k,itemknn,greedy_topk,1,100,0.5140151099749312
23,0.0,1.0,0.0,1.3,ml100k,itemknn,greedy_topk,1,100,0.495195051463056
29,0.0,1.0,0.0,1.3,ml100k,itemknn,greedy_topk,1,100,0.4537659074051418
36,0.0,1.0,0.0,1.1,ml100k,itemknn,greedy_topk,1,100,0.4837767321992405
50,0.0,1.0,0.0,0.9,ml100k,itemknn,greedy_topk,1,100,0.4634183790627538
54,0.0,1.0,0.0,1.1,ml100k,itemknn,greedy_topk,1,100,0.5035269175196757
57,0.0,1.0,0.0,1.1,ml100k,itemknn,greedy_topk,1,100,0.4515499181355352
73,0.0,1.0,0.0,1.5,ml100k,itemknn,greedy_topk,1,100,0.5322874726162874
82,0.0,1.0,0.0,1.1,ml100k,itemknn,greedy_topk,1,100,0.3596169598533013
104,0.0,1.0,0.0,1.1,ml100k,itemknn,greedy_topk,1,100,0.531378428818756
105,0.0,1.0,0.0,1.3,ml100k,itemknn,greedy_topk,1,100,0.3248298171201139
108,0.0,1.0,0.0,1.3,ml100k,itemknn,greedy_topk,1,100,0.4882129550651884
117,0.0,1.0,0.0,1.3,ml100k,itemknn,greedy_topk,1,100,0.5210204461914228
122,0.6309297535714575,1.0,1.0,1.1,ml100k,itemknn,greedy_topk,1,100,0.4659768251357147
139,0.0,1.0,0.0,1.5,ml100k,itemknn,greedy_topk,1,100,0.56063775206252
144,0.0,1.0,0.0,0.9,ml100k,itemknn,greedy_topk,1,100,0.3022945252097034
179,0.0,1.0,0.0,1.0,ml100k,itemknn,greedy_topk,1,100,0.3345535970642327
199,0.0,1.0,0.0,0.9,ml100k,itemknn,greedy_topk,1,100,0.4731792355278235
212,0.0,1.0,0.0,1.1,ml100k,itemknn,greedy_topk,1,100,0.4588018719595046
220,0.0,1.0,0.0,1.1,ml100k,itemknn,greedy_topk,1,100,0.465385287351354
231,0.0,1.0,0.0,1.1,ml100k,itemknn,greedy_topk,1,100,0.4890044500687616
233,0.0,1.0,0.0,0.6,ml100k,itemknn,greedy_topk,1,100,0.3506177622295839
242,0.0,1.0,0.0,1.0,ml100k,itemknn,greedy_topk,1,100,0.3697484220709706
248,0.0,1.0,0.0,1.5,ml100k,itemknn,greedy_topk,1,100,0.5529197169343456
262,0.0,1.0,0.0,0.7,ml100k,itemknn,greedy_topk,1,100,0.3366612381321562
264,0.0,1.0,0.0,1.5,ml100k,itemknn,greedy_topk,1,100,0.535697802462821
265,0.0,1.0,0.0,1.5,ml100k,itemknn,greedy_topk,1,100,0.5353677962809585
286,0.0,1.0,0.0,1.1,ml100k,itemknn,greedy_topk,1,100,0.4519573423330174
290,0.0,1.0,0.0,0.9,ml100k,itemknn,greedy_topk,1,100,0.4690696546651288
321,0.0,1.0,0.0,1.3,ml100k,itemknn,greedy_topk,1,100,0.444766570417068
330,0.0,1.0,0.0,1.1,ml100k,itemknn,greedy_topk,1,100,0.5010411398248534
336,0.0,1.0,0.0,1.3,ml100k,itemknn,greedy_topk,1,100,0.4989733364871256
339,0.0,1.0,0.0,1.3,ml100k,itemknn,greedy_topk,1,100,0.3614964553206245
351,0.0,1.0,0.0,1.5,ml100k,itemknn,greedy_topk,1,100,0.5356068038946038
354,0.0,1.0,0.0,0.7,ml100k,itemknn,greedy_topk,1,100,0.3208461451104074
361,0.0,1.0,0.0,1.3,ml100k,itemknn,greedy_topk,1,100,0.5057225728882839
380,0.0,1.0,0.0,1.3,ml100k,itemknn,greedy_topk,1,100,0.48345279478901
385,0.0,1.0,0.0,1.1,ml100k,itemknn,greedy_topk,1,100,0.3452280583079365
391,0.0,1.0,0.0,0.7,ml100k,itemknn,greedy_topk,1,100,0.3605560837377601
393,0.0,1.0,0.0,1.1,ml100k,itemknn,greedy_topk,1,100,0.4611393686254287
396,0.0,1.0,0.0,1.3,ml100k,itemknn,greedy_topk,1,100,0.4766485183671224
399,0.0,1.0,0.0,1.3,ml100k,itemknn,greedy_topk,1,100,0.4633765201485175
414,0.0,1.0,0.0,0.7,ml100k,itemknn,greedy_topk,1,100,0.3948020268838422
422,0.0,1.0,0.0,1.1,ml100k,itemknn,greedy_topk,1,100,0.4842344891011391
423,0.0,1.0,0.0,1.1,ml100k,itemknn,greedy_topk,1,100,0.5217224060691249
431,0.0,1.0,0.0,1.1,ml100k,itemknn,greedy_topk,1,100,0.4277771960568745
432,0.0,1.0,0.0,1.3,ml100k,itemknn,greedy_topk,1,100,0.4648585117752856
442,0.0,1.0,0.0,1.1,ml100k,itemknn,greedy_topk,1,100,0.4760058640098388
466,0.0,1.0,0.0,1.0,ml100k,itemknn,greedy_topk,1,100,0.3628011532338376
467,0.0,1.0,0.0,1.5,ml100k,itemknn,greedy_topk,1,100,0.5370249737666608
473,0.0,1.0,0.0,1.3,ml100k,itemknn,greedy_topk,1,100,0.4662600409340821
476,0.430676558073393,1.0,1.0,1.1,ml100k,itemknn,greedy_topk,1,100,0.5032836019250564
478,0.0,1.0,0.0,1.5,ml100k,itemknn,greedy_topk,1,100,0.5010177829180419
485,0.0,1.0,0.0,0.4,ml100k,itemknn,greedy_topk,1,100,0.450889659683113
513,0.0,1.0,0.0,0.7,ml100k,itemknn,greedy_topk,1,100,0.3428125787671819
543,0.0,1.0,0.0,0.9,ml100k,itemknn,greedy_topk,1,100,0.3894708170385786
550,0.0,1.0,0.0,1.3,ml100k,itemknn,greedy_topk,1,100,0.46178855934642
553,0.0,1.0,0.0,1.1,ml100k,itemknn,greedy_topk,1,100,0.3401866240001873
559,0.2890648263178879,1.0,1.0,1.5,ml100k,itemknn,greedy_topk,1,100,0.4526601103861271
566,0.0,1.0,0.0,1.3,ml100k,itemknn,greedy_topk,1,100,0.4781050899384553
593,0.0,1.0,0.0,1.3,ml100k,itemknn,greedy_topk,1,100,0.5115463705787845
630,0.0,1.0,0.0,1.5,ml100k,itemknn,greedy_topk,1,100,0.5422925761745282
638,0.0,1.0,0.0,1.3,ml100k,itemknn,greedy_topk,1,100,0.4672952884875541
648,0.0,1.0,0.0,1.5,ml100k,itemknn,greedy_topk,1,100,0.4889752869059708
651,0.3868528072345416,1.0,1.0,1.1,ml100k,itemknn,greedy_topk,1,100,0.5027908282914405
653,0.0,1.0,0.0,0.6,ml100k,itemknn,greedy_topk,1,100,0.3989219836785134
659,0.0,1.0,0.0,0.9,ml100k,itemknn,greedy_topk,1,100,0.4711962535438175
664,0.0,1.0,0.0,0.7,ml100k,itemknn,greedy_topk,1,100,0.4918247193382603
668,0.0,1.0,0.0,1.3,ml100k,itemknn,greedy_topk,1,100,0.5207928733486094
686,0.5,1.0,1.0,1.5,ml100k,itemknn,greedy_topk,1,100,0.4699094252046562
699,0.0,1.0,0.0,1.1,ml100k,itemknn,greedy_topk,1,100,0.3288875288155216
706,0.0,1.0,0.0,1.1,ml100k,itemknn,greedy_topk,1,100,0.440901149465803
707,0.0,1.0,0.0,1.3,ml100k,itemknn,greedy_topk,1,100,0.4844501507718054
709,0.0,1.0,0.0,1.1,ml100k,itemknn,greedy_topk,1,100,0.3647752979777321
713,0.0,1.0,0.0,0.9,ml100k,itemknn,greedy_topk,1,100,0.4605321193016558
725,0.0,1.0,0.0,1.5,ml100k,itemknn,greedy_topk,1,100,0.4541363748805697
742,0.0,1.0,0.0,1.3,ml100k,itemknn,greedy_topk,1,100,0.4944070241185897
747,0.0,1.0,0.0,0.9,ml100k,itemknn,greedy_topk,1,100,0.3512178959041525
748,0.0,1.0,0.0,1.3,ml100k,itemknn,greedy_topk,1,100,0.4954644312734454
772,0.0,1.0,0.0,1.3,ml100k,itemknn,greedy_topk,1,100,0.505368919575574
783,0.3010299956639812,1.0,1.0,0.7,ml100k,itemknn,greedy_topk,1,100,0.3120077309771708
790,0.0,1.0,0.0,1.1,ml100k,itemknn,greedy_topk,1,100,0.3401496115941467
795,0.0,1.0,0.0,0.7,ml100k,itemknn,greedy_topk,1,100,0.4402583369314898
802,0.0,1.0,0.0,1.1,ml100k,itemknn,greedy_topk,1,100,0.5398439100770481
805,0.3154648767857287,1.0,1.0,1.3,ml100k,itemknn,greedy_topk,1,100,0.38945030556393
807,0.0,1.0,0.0,1.1,ml100k,itemknn,greedy_topk,1,100,0.5022101073906886
830,0.0,1.0,0.0,1.3,ml100k,itemknn,greedy_topk,1,100,0.4588039353558102
839,0.0,1.0,0.0,0.9,ml100k,itemknn,greedy_topk,1,100,0.516842580084121
855,0.0,1.0,0.0,1.3,ml100k,itemknn,greedy_topk,1,100,0.4680263612114318
858,0.0,1.0,0.0,1.1,ml100k,itemknn,greedy_topk,1,100,0.486352850287508
867,0.0,1.0,0.0,0.7,ml100k,itemknn,greedy_topk,1,100,0.431097352599461
873,0.0,1.0,0.0,0.9,ml100k,itemknn,greedy_topk,1,100,0.4219860704893299
875,0.0,1.0,0.0,1.3,ml100k,itemknn,greedy_topk,1,100,0.5673799378714937
887,0.0,1.0,0.0,1.3,ml100k,itemknn,greedy_topk,1,100,0.4607864524832697
890,0.0,1.0,0.0,1.5,ml100k,itemknn,greedy_topk,1,100,0.5521520222453202
898,0.0,1.0,0.0,0.9,ml100k,itemknn,greedy_topk,1,100,0.4661914838515827
905,0.0,1.0,0.0,1.3,ml100k,itemknn,greedy_topk,1,100,0.546776532499754
918,0.2890648263178879,1.0,1.0,0.9,ml100k,itemknn,greedy_topk,1,100,0.339875946280452
920,0.0,1.0,0.0,1.5,ml100k,itemknn,greedy_topk,1,100,0.5490129116809201
938,0.0,1.0,0.0,1.1,ml100k,itemknn,greedy_topk,1,100,0.3912221561472951
17,0.3154648767857287,0.9417717999219936,1.0,0.9,ml100k,itemknn,mmr,1,100,0.4232288707493599
23,0.0,0.9905593420365356,0.0,1.1,ml100k,itemknn,mmr,1,100,0.4785249044650533
29,0.0,0.997287149757275,0.0,1.3,ml100k,itemknn,mmr,1,100,0.4373143751043843
36,0.0,0.9637412534343792,0.0,0.7,ml100k,itemknn,mmr,1,100,0.4015420331483353
50,0.0,0.994695896378962,0.0,0.9,ml100k,itemknn,mmr,1,100,0.4545629262166936
54,0.0,0.98984170438575,0.0,0.9,ml100k,itemknn,mmr,1,100,0.4707957241152726
57,0.0,0.9928676876670448,0.0,0.9,ml100k,itemknn,mmr,1,100,0.4340974028625395
73,0.0,0.9863790004123356,0.0,1.5,ml100k,itemknn,mmr,1,100,0.5201101381344505
82,0.0,0.9670525677132336,0.0,0.9,ml100k,itemknn,mmr,1,100,0.2805263273032202
104,0.0,0.993810409782336,0.0,1.3,ml100k,itemknn,mmr,1,100,0.5122437415432958
105,0.0,0.8905796431903701,0.0,1.1,ml100k,itemknn,mmr,1,100,0.2319337502384426
108,0.0,0.9877351061775604,0.0,1.3,ml100k,itemknn,mmr,1,100,0.4771602909060817
117,0.0,0.9394585199993984,0.0,1.1,ml100k,itemknn,mmr,1,100,0.3571680628666535
122,0.6309297535714575,0.9849132427919596,1.0,0.9,ml100k,itemknn,mmr,1,100,0.4231292598798313
139,0.0,0.9817299917247102,0.0,1.1,ml100k,itemknn,mmr,1,100,0.537393517828257
144,0.0,0.9829798924717414,0.0,0.9,ml100k,itemknn,mmr,1,100,0.2756778890801016
179,0.2890648263178879,0.9928402296320844,1.0,0.9,ml100k,itemknn,mmr,1,100,0.3209490911536231
199,0.0,0.9853837643937882,0.0,1.1,ml100k,itemknn,mmr,1,100,0.4530769938468875
212,0.0,0.9932589907279206,0.0,0.9,ml100k,itemknn,mmr,1,100,0.4561307783193359
220,0.0,0.994522191084396,0.0,1.1,ml100k,itemknn,mmr,1,100,0.4573586127896975
231,0.0,0.9825280710562536,0.0,0.9,ml100k,itemknn,mmr,1,100,0.4674914645304853
233,0.0,0.9931710866555524,0.0,0.6,ml100k,itemknn,mmr,1,100,0.3408351643994642
242,0.0,0.9876981512989544,0.0,0.9,ml100k,itemknn,mmr,1,100,0.3275287213584195
248,0.0,0.9869838129769596,0.0,1.3,ml100k,itemknn,mmr,1,100,0.5236513073989362
262,0.3154648767857287,0.9792815641918196,1.0,0.5,ml100k,itemknn,mmr,1,100,0.2844413246920061
264,0.0,0.980337772772006,0.0,1.1,ml100k,itemknn,mmr,1,100,0.4876790386352317
265,0.0,0.9755976735294848,0.0,0.7,ml100k,itemknn,mmr,1,100,0.4649053677784937
286,0.0,0.9701268094531352,0.0,0.9,ml100k,itemknn,mmr,1,100,0.4077820815525943
290,0.0,0.9862755777504596,0.0,1.3,ml100k,itemknn,mmr,1,100,0.4533599640503284
321,0.0,0.9825202423048848,0.0,1.1,ml100k,itemknn,mmr,1,100,0.4335285445394826
330,0.0,0.9925566558424672,0.0,1.1,ml100k,itemknn,mmr,1,100,0.4884477255577208
336,0.0,0.9897241502739595,0.0,1.3,ml100k,itemknn,mmr,1,100,0.4856248979663582
339,0.0,0.933512155872472,0.0,0.9,ml100k,itemknn,mmr,1,100,0.2349012035685328
351,0.0,0.9841958123709262,0.0,1.1,ml100k,itemknn,mmr,1,100,0.5196746578128505
354,0.2890648263178879,0.9893929857220763,1.0,0.5,ml100k,itemknn,mmr,1,100,0.2863044455184177
361,0.0,0.972920563078593,0.0,1.3,ml100k,itemknn,mmr,1,100,0.4429712862243913
380,0.3154648767857287,0.9558572299992004,1.0,0.8,ml100k,itemknn,mmr,1,100,0.4128091171112835
385,0.2890648263178879,0.9725360881775944,1.0,0.8,ml100k,itemknn,mmr,1,100,0.2832706215844228
391,0.0,0.9176122749370051,0.0,0.3,ml100k,itemknn,mmr,1,100,0.2539770436533884
393,0.0,0.9851798543392212,0.0,0.9,ml100k,itemknn,mmr,1,100,0.4542211885267851
396,0.0,0.9669845084547772,0.0,0.9,ml100k,itemknn,mmr,1,100,0.4346543159527759
399,0.0,0.9794095996145774,0.0,1.3,ml100k,itemknn,mmr,1,100,0.4089002354025337
414,0.0,0.9605346665041464,0.0,0.7,ml100k,itemknn,mmr,1,100,0.3377730380637546
422,0.0,0.9928906269129408,0.0,1.3,ml100k,itemknn,mmr,1,100,0.4731352479687528
423,0.0,0.9758410714249574,0.0,1.1,ml100k,itemknn,mmr,1,100,0.4809019020975183
431,0.2890648263178879,0.9958842081744826,1.0,1.3,ml100k,itemknn,mmr,1,100,0.4210307536025232
432,0.0,0.9402106261049412,0.0,1.1,ml100k,itemknn,mmr,1,100,0.3508869353385039
442,0.0,0.9740288792733816,0.0,0.9,ml100k,itemknn,mmr,1,100,0.4423844923853418
466,0.0,0.9949930903187963,0.0,1.1,ml100k,itemknn,mmr,1,100,0.346520452956996
467,0.0,0.9555566732113008,0.0,1.1,ml100k,itemknn,mmr,1,100,0.4660204587813895
473,0.0,0.9780441500810444,0.0,0.9,ml100k,itemknn,mmr,1,100,0.3936200783632878
476,0.430676558073393,0.9921991999632572,1.0,0.9,ml100k,itemknn,mmr,1,100,0.4881814449072202
478,0.0,0.9973186850221945,0.0,1.5,ml100k,itemknn,mmr,1,100,0.4836449447214456
485,0.0,1.0,0.0,0.4,ml100k,itemknn,mmr,1,100,0.450889659683113
513,0.0,0.9593883634835388,0.0,0.7,ml100k,itemknn,mmr,1,100,0.2939956420815491
543,0.0,0.912072589078784,0.0,1.1,ml100k,itemknn,mmr,1,100,0.2364380650726123
550,0.0,0.991561074864898,0.0,0.9,ml100k,itemknn,mmr,1,100,0.433260941134736
553,0.0,0.9947530818337242,0.0,0.9,ml100k,itemknn,mmr,1,100,0.3251528231740835
559,0.0,0.9941407989346616,0.0,1.3,ml100k,itemknn,mmr,1,100,0.429628501625237
566,0.0,0.9791954493338928,0.0,1.0,ml100k,itemknn,mmr,1,100,0.4320379736770163
593,0.3010299956639812,0.9915983765015934,1.0,1.3,ml100k,itemknn,mmr,1,100,0.4997123722306361
630,0.0,0.9850012201589776,0.0,1.1,ml100k,itemknn,mmr,1,100,0.5022402694314259
638,0.0,0.9779305446168602,0.0,1.1,ml100k,itemknn,mmr,1,100,0.3958809118631614
648,0.0,0.915992032343553,0.0,0.9,ml100k,itemknn,mmr,1,100,0.2833962500210205
651,0.0,0.97691115394112,0.0,0.9,ml100k,itemknn,mmr,1,100,0.4590200051456615
653,0.0,0.9941016214401084,0.0,0.9,ml100k,itemknn,mmr,1,100,0.3838648600288048
659,0.0,0.9827032246739672,0.0,1.1,ml100k,itemknn,mmr,1,100,0.44935724347376
664,0.0,0.9958596327977556,0.0,0.7,ml100k,itemknn,mmr,1,100,0.4817878916194963
668,0.0,0.9655896789692072,0.0,1.3,ml100k,itemknn,mmr,1,100,0.4562940587384828
686,0.5,0.9758698789172148,1.0,1.1,ml100k,itemknn,mmr,1,100,0.4002590580502324
699,0.0,0.9884179435139728,0.0,1.3,ml100k,itemknn,mmr,1,100,0.3062848797006361
706,0.0,0.9571309348638058,0.0,0.6,ml100k,itemknn,mmr,1,100,0.3698139971161053
707,0.0,0.9971612668348452,0.0,1.3,ml100k,itemknn,mmr,1,100,0.4793339577171919
709,0.0,0.9968666297082284,0.0,1.1,ml100k,itemknn,mmr,1,100,0.3672490188914896
713,0.0,0.9729394491746682,0.0,0.9,ml100k,itemknn,mmr,1,100,0.4268136226929418
725,0.0,0.8451065226712067,0.0,1.3,ml100k,itemknn,mmr,1,100,0.1808385126718995
742,0.0,0.9695829870320818,0.0,0.9,ml100k,itemknn,mmr,1,100,0.3957632010518595
747,0.0,0.9609387218232812,0.0,0.7,ml100k,itemknn,mmr,1,100,0.2790792820173041
748,0.0,0.9976798072050176,0.0,1.3,ml100k,itemknn,mmr,1,100,0.4845326323594622
772,0.0,0.9975661649377968,0.0,1.3,ml100k,itemknn,mmr,1,100,0.4940636933605757
783,0.0,0.9455502624244309,0.0,0.7,ml100k,itemknn,mmr,1,100,0.2472809158092062
790,0.3154648767857287,0.976532502107871,1.0,1.1,ml100k,itemknn,mmr,1,100,0.2888576473935754
795,0.0,0.9979049701177876,0.0,0.6,ml100k,itemknn,mmr,1,100,0.4371831846695247
802,0.0,0.9844010266344904,0.0,1.1,ml100k,itemknn,mmr,1,100,0.5095344283830301
805,0.3333333333333333,0.9871934710060528,1.0,0.9,ml100k,itemknn,mmr,1,100,0.3683490316729864
807,0.0,0.9955230395458016,0.0,1.3,ml100k,itemknn,mmr,1,100,0.4909891579904074
830,0.0,0.990479800981257,0.0,1.3,ml100k,itemknn,mmr,1,100,0.4415604088845277
839,0.0,0.9783267272456196,0.0,0.6,ml100k,itemknn,mmr,1,100,0.4378475852482114
855,0.0,0.9997401783880562,0.0,1.3,ml100k,itemknn,mmr,1,100,0.4682061132626013
858,0.0,0.9622578559069882,0.0,0.9,ml100k,itemknn,mmr,1,100,0.4026258183906636
867,0.0,0.9397016739965296,0.0,0.7,ml100k,itemknn,mmr,1,100,0.3391553982161359
873,0.0,0.9939809000378902,0.0,0.9,ml100k,itemknn,mmr,1,100,0.4161971572618386
875,0.0,0.9859222934925675,0.0,0.7,ml100k,itemknn,mmr,1,100,0.5015178290404215
887,0.0,0.9823447839212552,0.0,1.1,ml100k,itemknn,mmr,1,100,0.4492138267026989
890,0.0,0.9809347358955174,0.0,1.3,ml100k,itemknn,mmr,1,100,0.521820496357646
898,0.0,0.9963194037572768,0.0,0.9,ml100k,itemknn,mmr,1,100,0.4588616024457418
905,0.0,0.9827572761202228,0.0,0.9,ml100k,itemknn,mmr,1,100,0.4831672953675964
918,0.3333333333333333,0.968011060881975,1.0,0.9,ml100k,itemknn,mmr,1,100,0.3034985428064978
920,0.0,0.9802954149125578,0.0,1.3,ml100k,itemknn,mmr,1,100,0.5061338229497903
938,0.0,1.0,0.0,1.1,ml100k,itemknn,mmr,1,100,0.3912221561472951
17,0.0,0.9346578450424878,0.0,0.3,ml100k,itemknn,quota_mmr,1,100,0.443284895743265
23,0.3868528072345416,0.9240912757208466,1.0,0.2,ml100k,itemknn,quota_mmr,1,100,0.4317932843014102
29,0.0,0.8622940268577399,0.0,0.2,ml100k,itemknn,quota_mmr,1,100,0.3842645404975107
36,0.0,0.9428354944256124,0.0,0.2,ml100k,itemknn,quota_mmr,1,100,0.3845417563988482
50,0.0,0.9068325852465096,0.0,0.3,ml100k,itemknn,quota_mmr,1,100,0.3926987234284002
54,0.0,0.9382879124238636,0.0,0.3,ml100k,itemknn,quota_mmr,1,100,0.4444797824170144
57,0.0,0.9543123229122076,0.0,0.2,ml100k,itemknn,quota_mmr,1,100,0.3897196429733757
73,0.0,0.8853621763466659,0.0,0.2,ml100k,itemknn,quota_mmr,1,100,0.4544035076307471
82,0.0,0.945956574813432,0.0,0.3,ml100k,itemknn,quota_mmr,1,100,0.2887764853017677
104,0.0,0.911860847242442,0.0,0.2,ml100k,itemknn,quota_mmr,1,100,0.4784568948113584
105,0.0,0.6929140788485475,0.0,0.3,ml100k,itemknn,quota_mmr,1,100,0.1897914245656006
108,0.0,0.9107903292621612,0.0,0.2,ml100k,itemknn,quota_mmr,1,100,0.4243135966905449
117,0.0,0.8686706773613637,0.0,0.3,ml100k,itemknn,quota_mmr,1,100,0.3081945762508758
122,0.6309297535714575,0.9256634911198982,1.0,0.2,ml100k,itemknn,quota_mmr,1,100,0.3899751173397962
139,0.0,0.8823029608298679,0.0,0.2,ml100k,itemknn,quota_mmr,1,100,0.4712045556596952
144,0.0,0.9138231898315244,0.0,0.2,ml100k,itemknn,quota_mmr,1,100,0.2445850020203077
179,0.0,0.963424208461882,0.0,0.2,ml100k,itemknn,quota_mmr,1,100,0.3095521188679192
199,0.2890648263178879,0.8699119286806893,1.0,0.3,ml100k,itemknn,quota_mmr,1,100,0.3885315546293619
212,0.0,0.8387184006747532,0.0,0.2,ml100k,itemknn,quota_mmr,1,100,0.3877927833063864
220,0.0,0.8929590557284942,0.0,0.3,ml100k,itemknn,quota_mmr,1,100,0.4153643194058099
231,0.0,0.9192669308810596,0.0,0.3,ml100k,itemknn,quota_mmr,1,100,0.4471333022386747
233,0.0,0.973715076739082,0.0,0.3,ml100k,itemknn,quota_mmr,1,100,0.3252997376555535
242,0.0,0.9334358012005696,0.0,0.3,ml100k,itemknn,quota_mmr,1,100,0.2998411051830261
248,0.0,0.9012147389378508,0.0,0.2,ml100k,itemknn,quota_mmr,1,100,0.4531300655085405
262,0.0,0.9587930605948808,0.0,0.2,ml100k,itemknn,quota_mmr,1,100,0.2830097007699539
264,0.0,0.9306454908717148,0.0,0.2,ml100k,itemknn,quota_mmr,1,100,0.4544568303953311
265,0.0,0.952945330433274,0.0,0.2,ml100k,itemknn,quota_mmr,1,100,0.4456794905729843
286,0.0,0.9239689723662436,0.0,0.2,ml100k,itemknn,quota_mmr,1,100,0.3786486710704035
290,0.0,0.957410415019662,0.0,0.2,ml100k,itemknn,quota_mmr,1,100,0.4591626193021473
321,0.0,0.8056867397477991,0.0,0.2,ml100k,itemknn,quota_mmr,1,100,0.3535452127970617
330,0.0,0.9620194798781888,0.0,0.2,ml100k,itemknn,quota_mmr,1,100,0.4871729496566912
336,0.0,0.8269536850800512,0.0,0.3,ml100k,itemknn,quota_mmr,1,100,0.3879879216197898
339,0.0,0.8860533925183739,0.0,0.2,ml100k,itemknn,quota_mmr,1,100,0.2192657215431296
351,0.0,0.8987211540775097,0.0,0.2,ml100k,itemknn,quota_mmr,1,100,0.4755585539915926
354,0.0,0.9778548961293256,0.0,0.3,ml100k,itemknn,quota_mmr,1,100,0.2803646312625251
361,0.3868528072345416,0.8852530900828305,1.0,0.2,ml100k,itemknn,quota_mmr,1,100,0.3675737883848755
380,0.3868528072345416,0.8880220972568167,1.0,0.3,ml100k,itemknn,quota_mmr,1,100,0.3673436258208513
385,0.3010299956639812,0.9352490196099676,1.0,0.3,ml100k,itemknn,quota_mmr,1,100,0.2711501347515483
391,0.0,0.9176122749370051,0.0,0.3,ml100k,itemknn,quota_mmr,1,100,0.2539770436533884
393,0.0,0.8962258345603816,0.0,0.2,ml100k,itemknn,quota_mmr,1,100,0.4111014138280899
396,0.0,0.904261951965826,0.0,0.2,ml100k,itemknn,quota_mmr,1,100,0.4130809974691262
399,0.0,0.8933024694543344,0.0,0.3,ml100k,itemknn,quota_mmr,1,100,0.3751367560193928
414,0.0,0.9270817541499372,0.0,0.2,ml100k,itemknn,quota_mmr,1,100,0.3404993510496818
422,0.0,0.9576779896535296,0.0,0.2,ml100k,itemknn,quota_mmr,1,100,0.4590409345380559
423,0.0,0.9513865756008424,0.0,0.2,ml100k,itemknn,quota_mmr,1,100,0.4532541752968581
431,0.0,0.8408654677635572,0.0,0.2,ml100k,itemknn,quota_mmr,1,100,0.3251980548869914
432,0.0,0.7504293755888467,0.0,0.3,ml100k,itemknn,quota_mmr,1,100,0.1944725246238834
442,0.0,0.9421689731743392,0.0,0.3,ml100k,itemknn,quota_mmr,1,100,0.4397755836172223
466,0.0,0.9080093054413942,0.0,0.3,ml100k,itemknn,quota_mmr,1,100,0.3095151481928126
467,0.0,0.8908556629470098,0.0,0.2,ml100k,itemknn,quota_mmr,1,100,0.4023332905143651
473,0.0,0.8994887166776347,0.0,0.2,ml100k,itemknn,quota_mmr,1,100,0.3535296780474575
476,0.5,0.943592574279326,1.0,0.2,ml100k,itemknn,quota_mmr,1,100,0.4616443576858382
478,0.0,0.9025918461027412,0.0,0.3,ml100k,itemknn,quota_mmr,1,100,0.4274245447438081
485,0.0,0.9964319968902056,0.0,0.2,ml100k,itemknn,quota_mmr,1,100,0.4473010805662891
513,0.0,0.8982635319882063,0.0,0.3,ml100k,itemknn,quota_mmr,1,100,0.2828478384057776
543,0.0,0.904860491645913,0.0,0.2,ml100k,itemknn,quota_mmr,1,100,0.242369008139967
550,0.0,0.8866039044990763,0.0,0.3,ml100k,itemknn,quota_mmr,1,100,0.3752970779785356
553,0.0,0.9353920613935528,0.0,0.2,ml100k,itemknn,quota_mmr,1,100,0.2948269635129878
559,0.0,0.9006648122757358,0.0,0.2,ml100k,itemknn,quota_mmr,1,100,0.3804434867453917
566,0.0,0.8874475585274307,0.0,0.3,ml100k,itemknn,quota_mmr,1,100,0.3447585500450554
593,0.0,0.9452841470937848,0.0,0.2,ml100k,itemknn,quota_mmr,1,100,0.4873485906827095
630,0.0,0.896940513055568,0.0,0.3,ml100k,itemknn,quota_mmr,1,100,0.4359087844926568
638,0.0,0.8955473823253771,0.0,0.2,ml100k,itemknn,quota_mmr,1,100,0.3633297454880706
648,0.0,0.7818556783677639,0.0,0.3,ml100k,itemknn,quota_mmr,1,100,0.2226448265048311
651,0.0,0.9504845591359132,0.0,0.2,ml100k,itemknn,quota_mmr,1,100,0.4440751791007081
653,0.0,0.9626312597985824,0.0,0.3,ml100k,itemknn,quota_mmr,1,100,0.3564452386850093
659,0.0,0.9282895780008548,0.0,0.3,ml100k,itemknn,quota_mmr,1,100,0.4393727481792257
664,0.0,0.9511669727024554,0.0,0.3,ml100k,itemknn,quota_mmr,1,100,0.4550921205874573
668,0.0,0.944483566742316,0.0,0.2,ml100k,itemknn,quota_mmr,1,100,0.4522645314478277
686,0.0,0.8452689436188751,0.0,0.3,ml100k,itemknn,quota_mmr,1,100,0.3204114612127229
699,0.3333333333333333,0.9313116997342182,1.0,0.2,ml100k,itemknn,quota_mmr,1,100,0.3014371559269885
706,0.0,0.9143304542503448,0.0,0.3,ml100k,itemknn,quota_mmr,1,100,0.3400967612873495
707,0.0,0.9025808348893024,0.0,0.3,ml100k,itemknn,quota_mmr,1,100,0.4196600466027119
709,0.0,0.8748588631577581,0.0,0.3,ml100k,itemknn,quota_mmr,1,100,0.336630025444491
713,0.0,0.9592419188574418,0.0,0.2,ml100k,itemknn,quota_mmr,1,100,0.4246331157517699
725,0.0,0.7854108299532321,0.0,0.3,ml100k,itemknn,quota_mmr,1,100,0.1828431474376731
742,0.0,0.926786372789876,0.0,0.2,ml100k,itemknn,quota_mmr,1,100,0.3707159379040219
747,0.0,0.936251323874812,0.0,0.2,ml100k,itemknn,quota_mmr,1,100,0.274015500015541
748,0.0,0.8235564403712072,0.0,0.3,ml100k,itemknn,quota_mmr,1,100,0.4013619804450249
772,0.0,0.9208023625522788,0.0,0.3,ml100k,itemknn,quota_mmr,1,100,0.4555880604147935
783,0.0,0.8452871076145138,0.0,0.3,ml100k,itemknn,quota_mmr,1,100,0.2183647034725376
790,0.0,0.9006621142910036,0.0,0.3,ml100k,itemknn,quota_mmr,1,100,0.2598638610047947
795,0.2890648263178879,0.9363334045026758,1.0,0.3,ml100k,itemknn,quota_mmr,1,100,0.4056637401841063
802,0.0,0.9333772890926076,0.0,0.2,ml100k,itemknn,quota_mmr,1,100,0.4842315859070195
805,0.0,0.9243120968535448,0.0,0.2,ml100k,itemknn,quota_mmr,1,100,0.3234585610725756
807,0.0,0.9268215318712884,0.0,0.2,ml100k,itemknn,quota_mmr,1,100,0.454995074671932
830,0.0,0.856879880761358,0.0,0.3,ml100k,itemknn,quota_mmr,1,100,0.3920452595564668
839,0.0,0.9768599494694356,0.0,0.2,ml100k,itemknn,quota_mmr,1,100,0.4435393351981948
855,0.0,0.783028017170404,0.0,0.3,ml100k,itemknn,quota_mmr,1,100,0.3643032940414798
858,0.0,0.9062399680012656,0.0,0.3,ml100k,itemknn,quota_mmr,1,100,0.3791666663878926
867,0.0,0.8778069785178149,0.0,0.2,ml100k,itemknn,quota_mmr,1,100,0.2865547629885947
873,0.0,0.8733824749566811,0.0,0.3,ml100k,itemknn,quota_mmr,1,100,0.3727766582772361
875,0.0,0.954246439911694,0.0,0.2,ml100k,itemknn,quota_mmr,1,100,0.4799334642251056
887,0.0,0.8680109668725549,0.0,0.2,ml100k,itemknn,quota_mmr,1,100,0.3863499614770355
890,0.0,0.8792173489052472,0.0,0.2,ml100k,itemknn,quota_mmr,1,100,0.4490141020652932
898,0.0,0.9823069039842094,0.0,0.2,ml100k,itemknn,quota_mmr,1,100,0.453113781485275
905,0.0,0.961169437094388,0.0,0.3,ml100k,itemknn,quota_mmr,1,100,0.4591275371350691
918,0.0,0.9346458476134036,0.0,0.2,ml100k,itemknn,quota_mmr,1,100,0.2753270135254433
920,0.0,0.906039150704504,0.0,0.3,ml100k,itemknn,quota_mmr,1,100,0.4756054869214166
938,0.0,0.7352623241251792,0.0,0.2,ml100k,itemknn,quota_mmr,1,100,0.2562490624099058
17,0.0,0.8877972461520224,0.0,0.2,ml100k,itemknn,qubo_feasible,1,100,0.4098186496792017
23,0.430676558073393,0.8667423080962068,1.0,0.2,ml100k,itemknn,qubo_feasible,1,100,0.4000757393937083
29,0.0,0.7539381590271708,0.0,0.2,ml100k,itemknn,qubo_feasible,1,100,0.3338056421481676
36,0.0,0.875144016267896,0.0,0.2,ml100k,itemknn,qubo_feasible,1,100,0.3420910948157912
50,0.0,0.6810709335727908,0.0,0.2,ml100k,itemknn,qubo_feasible,1,100,0.258991772035929
54,0.0,0.8639210763473603,0.0,0.2,ml100k,itemknn,qubo_feasible,1,100,0.3990511565355669
57,0.0,0.8708772474405255,0.0,0.2,ml100k,itemknn,qubo_feasible,1,100,0.3512186168878172
73,0.0,0.7691610391592627,0.0,0.2,ml100k,itemknn,qubo_feasible,1,100,0.3694282256812896
82,0.3010299956639812,0.7982660298087303,1.0,0.2,ml100k,itemknn,qubo_feasible,1,100,0.2187270634753539
104,0.0,0.8106437455300509,0.0,0.2,ml100k,itemknn,qubo_feasible,1,100,0.3811137027081935
105,0.0,0.6160735919436774,0.0,0.2,ml100k,itemknn,qubo_feasible,1,100,0.1773121206747262
108,0.0,0.7637325750759096,0.0,0.2,ml100k,itemknn,qubo_feasible,1,100,0.3074812980254379
117,0.0,0.7665217017585159,0.0,0.2,ml100k,itemknn,qubo_feasible,1,100,0.2302198686776024
122,0.0,0.7608800683142878,0.0,0.2,ml100k,itemknn,qubo_feasible,1,100,0.2759313357261872
139,0.0,0.8092454931707725,0.0,0.2,ml100k,itemknn,qubo_feasible,1,100,0.4150487736703004
144,0.0,0.8500096265815882,0.0,0.2,ml100k,itemknn,qubo_feasible,1,100,0.2199988245126845
179,0.0,0.8800212670711416,0.0,0.2,ml100k,itemknn,qubo_feasible,1,100,0.2469269025634494
199,0.3154648767857287,0.7203081717113395,1.0,0.2,ml100k,itemknn,qubo_feasible,1,100,0.2767366250259639
212,0.0,0.6472557903344188,0.0,0.2,ml100k,itemknn,qubo_feasible,1,100,0.278994712096586
220,0.0,0.7864143605910819,0.0,0.2,ml100k,itemknn,qubo_feasible,1,100,0.3303407749721577
231,0.0,0.7760275231782976,0.0,0.2,ml100k,itemknn,qubo_feasible,1,100,0.3588683883255404
233,0.0,0.8654671982049791,0.0,0.2,ml100k,itemknn,qubo_feasible,1,100,0.2578016624238053
242,0.0,0.759661195676103,0.0,0.2,ml100k,itemknn,qubo_feasible,1,100,0.2033595095128242
248,0.0,0.7815231405573839,0.0,0.2,ml100k,itemknn,qubo_feasible,1,100,0.377962224141412
262,0.0,0.8924543611230835,0.0,0.2,ml100k,itemknn,qubo_feasible,1,100,0.2561710985776918
264,0.0,0.8449851249965057,0.0,0.2,ml100k,itemknn,qubo_feasible,1,100,0.3870197499888848
265,0.0,0.867984196845723,0.0,0.2,ml100k,itemknn,qubo_feasible,1,100,0.3800070855306166
286,0.0,0.8115384791729578,0.0,0.2,ml100k,itemknn,qubo_feasible,1,100,0.3286129521533503
290,0.0,0.7039694370200693,0.0,0.2,ml100k,itemknn,qubo_feasible,1,100,0.293474237142095
321,0.0,0.7312634693676339,0.0,0.2,ml100k,itemknn,qubo_feasible,1,100,0.3104634844340861
330,0.0,0.8254301305485161,0.0,0.2,ml100k,itemknn,qubo_feasible,1,100,0.3539866461314353
336,0.0,0.6335495760662064,0.0,0.2,ml100k,itemknn,qubo_feasible,1,100,0.2734764062966385
339,0.0,0.7898328017124758,0.0,0.2,ml100k,itemknn,qubo_feasible,1,100,0.1936358131560769
351,0.0,0.788798650952261,0.0,0.2,ml100k,itemknn,qubo_feasible,1,100,0.3545893281183925
354,0.0,0.902261481781978,0.0,0.2,ml100k,itemknn,qubo_feasible,1,100,0.2442445639998292
361,0.5,0.6992606674733661,1.0,0.2,ml100k,itemknn,qubo_feasible,1,100,0.249290363431883
380,0.430676558073393,0.8307848618674651,1.0,0.2,ml100k,itemknn,qubo_feasible,1,100,0.330819669193457
385,0.3868528072345416,0.7538285669254666,1.0,0.2,ml100k,itemknn,qubo_feasible,1,100,0.1974929478544594
391,0.0,0.8605717184789856,0.0,0.2,ml100k,itemknn,qubo_feasible,1,100,0.2318145692246878
393,0.0,0.8734319394702519,0.0,0.2,ml100k,itemknn,qubo_feasible,1,100,0.3930471536334987
396,0.0,0.7480331019506344,0.0,0.2,ml100k,itemknn,qubo_feasible,1,100,0.3166160628024469
399,0.0,0.7692426136610585,0.0,0.2,ml100k,itemknn,qubo_feasible,1,100,0.2995183166698112
414,0.0,0.5275870697359062,0.0,0.2,ml100k,itemknn,qubo_feasible,1,100,0.1909942679721482
422,0.0,0.8302123135140856,0.0,0.2,ml100k,itemknn,qubo_feasible,1,100,0.3535509539088446
423,0.0,0.8362439716996626,0.0,0.2,ml100k,itemknn,qubo_feasible,1,100,0.3810528072585325
431,0.0,0.6475167365866377,0.0,0.2,ml100k,itemknn,qubo_feasible,1,100,0.2295569577379624
432,0.0,0.6305277392238776,0.0,0.2,ml100k,itemknn,qubo_feasible,1,100,0.1516850748881772
442,0.0,0.7552627324244815,0.0,0.2,ml100k,itemknn,qubo_feasible,1,100,0.339850651099168
466,0.0,0.8110466936284647,0.0,0.2,ml100k,itemknn,qubo_feasible,1,100,0.2351920796370885
467,0.0,0.7634445418216076,0.0,0.2,ml100k,itemknn,qubo_feasible,1,100,0.3493324863511863
473,0.0,0.8260748606877394,0.0,0.2,ml100k,itemknn,qubo_feasible,1,100,0.3210703368961311
476,1.0,0.8565418782071775,1.0,0.2,ml100k,itemknn,qubo_feasible,1,100,0.4035438388953501
478,0.0,0.8469236739318907,0.0,0.2,ml100k,itemknn,qubo_feasible,1,100,0.3773028720936339
485,0.0,0.8546092769262433,0.0,0.2,ml100k,itemknn,qubo_feasible,1,100,0.3738081543823189
513,0.0,0.5227779831436236,0.0,0.2,ml100k,itemknn,qubo_feasible,1,100,0.1559307569045475
543,0.0,0.8189612715287381,0.0,0.2,ml100k,itemknn,qubo_feasible,1,100,0.2026327671341024
550,0.0,0.8227258299789223,0.0,0.2,ml100k,itemknn,qubo_feasible,1,100,0.3230583058145176
553,0.0,0.8899472159905337,0.0,0.2,ml100k,itemknn,qubo_feasible,1,100,0.2768179022803375
559,0.0,0.7825994583738709,0.0,0.2,ml100k,itemknn,qubo_feasible,1,100,0.3078664216743608
566,0.0,0.7598634081749046,0.0,0.2,ml100k,itemknn,qubo_feasible,1,100,0.2835191022640112
593,0.0,0.812263671460588,0.0,0.2,ml100k,itemknn,qubo_feasible,1,100,0.4037102289632018
630,0.0,0.7779417765541663,0.0,0.2,ml100k,itemknn,qubo_feasible,1,100,0.3693669772905234
638,0.0,0.7654259849579363,0.0,0.2,ml100k,itemknn,qubo_feasible,1,100,0.2880122073318568
648,0.0,0.7065760319220478,0.0,0.2,ml100k,itemknn,qubo_feasible,1,100,0.2075516106963101
651,0.0,0.8341198509576633,0.0,0.2,ml100k,itemknn,qubo_feasible,1,100,0.3753587618280373
653,0.0,0.8177232256882029,0.0,0.2,ml100k,itemknn,qubo_feasible,1,100,0.2477135879798595
659,0.0,0.7180925155375661,0.0,0.2,ml100k,itemknn,qubo_feasible,1,100,0.3128269966151967
664,0.0,0.7784590751755288,0.0,0.2,ml100k,itemknn,qubo_feasible,1,100,0.3489803526404466
668,0.0,0.8285658253945825,0.0,0.2,ml100k,itemknn,qubo_feasible,1,100,0.3754697269486376
686,0.0,0.6739925708594021,0.0,0.2,ml100k,itemknn,qubo_feasible,1,100,0.2247436376519051
699,0.3868528072345416,0.7904436251920777,1.0,0.2,ml100k,itemknn,qubo_feasible,1,100,0.2220637746737556
706,0.0,0.8460592409531276,0.0,0.2,ml100k,itemknn,qubo_feasible,1,100,0.3037990289237093
707,0.0,0.8068368000594242,0.0,0.2,ml100k,itemknn,qubo_feasible,1,100,0.3320551405183986
709,0.0,0.7706422957285468,0.0,0.2,ml100k,itemknn,qubo_feasible,1,100,0.283467948860944
713,0.0,0.8724372565330417,0.0,0.2,ml100k,itemknn,qubo_feasible,1,100,0.3895754355632278
725,0.0,0.7216385635595813,0.0,0.2,ml100k,itemknn,qubo_feasible,1,100,0.1651234683465148
742,0.0,0.8043711041151111,0.0,0.2,ml100k,itemknn,qubo_feasible,1,100,0.304241032058051
747,0.0,0.8520889585210348,0.0,0.2,ml100k,itemknn,qubo_feasible,1,100,0.2358757497036576
748,0.0,0.6600954699074607,0.0,0.2,ml100k,itemknn,qubo_feasible,1,100,0.295804603075413
772,0.0,0.7708582098004452,0.0,0.2,ml100k,itemknn,qubo_feasible,1,100,0.3322291684884292
783,0.0,0.747353179294422,0.0,0.2,ml100k,itemknn,qubo_feasible,1,100,0.1987261952926862
790,0.0,0.8237674852813142,0.0,0.2,ml100k,itemknn,qubo_feasible,1,100,0.2238804459498788
795,0.3562071871080222,0.6657907170123857,1.0,0.2,ml100k,itemknn,qubo_feasible,1,100,0.2758100350317787
802,0.0,0.7548153270562297,0.0,0.2,ml100k,itemknn,qubo_feasible,1,100,0.3416553798292165
805,0.0,0.7951614265729464,0.0,0.2,ml100k,itemknn,qubo_feasible,1,100,0.2453307993753649
807,0.0,0.7798367220567365,0.0,0.2,ml100k,itemknn,qubo_feasible,1,100,0.3626839337674818
830,0.0,0.6836512713086187,0.0,0.2,ml100k,itemknn,qubo_feasible,1,100,0.3003648093939499
839,0.0,0.8192557389398669,0.0,0.2,ml100k,itemknn,qubo_feasible,1,100,0.2921950747622778
855,0.0,0.6384945194497961,0.0,0.2,ml100k,itemknn,qubo_feasible,1,100,0.2786294401774775
858,0.0,0.761634935801955,0.0,0.2,ml100k,itemknn,qubo_feasible,1,100,0.2810833170777906
867,0.0,0.7249976214883559,0.0,0.2,ml100k,itemknn,qubo_feasible,1,100,0.1998270988531117
873,0.0,0.6002251946194127,0.0,0.2,ml100k,itemknn,qubo_feasible,1,100,0.2377020088785076
875,0.0,0.8809305720888492,0.0,0.2,ml100k,itemknn,qubo_feasible,1,100,0.4219291616871823
887,0.0,0.6601112324616369,0.0,0.2,ml100k,itemknn,qubo_feasible,1,100,0.2824922837332896
890,0.0,0.7879831606460499,0.0,0.2,ml100k,itemknn,qubo_feasible,1,100,0.3633856206154318
898,0.0,0.894140815383946,0.0,0.2,ml100k,itemknn,qubo_feasible,1,100,0.3973249091489499
905,0.3010299956639812,0.905419489132055,1.0,0.2,ml100k,itemknn,qubo_feasible,1,100,0.4047178549185205
918,0.3868528072345416,0.855001695054767,1.0,0.2,ml100k,itemknn,qubo_feasible,1,100,0.2335375799824257
920,0.0,0.8258015883157335,0.0,0.2,ml100k,itemknn,qubo_feasible,1,100,0.4139893613426589
938,0.0,0.4992412484156868,0.0,0.2,ml100k,itemknn,qubo_feasible,1,100,0.1958088683152364
17,0.3868528072345416,0.8268629657907635,1.0,0.2,ml100k,itemknn,qubo_tabu,1,100,0.3733148532917601
23,0.0,0.8510531084566061,0.0,0.2,ml100k,itemknn,qubo_tabu,1,100,0.3879738621364486
29,0.0,0.7947143986234059,0.0,0.2,ml100k,itemknn,qubo_tabu,1,100,0.3403889979062842
36,0.0,0.8461411075245918,0.0,0.2,ml100k,itemknn,qubo_tabu,1,100,0.3100813733974007
50,0.0,0.7478385276905147,0.0,0.2,ml100k,itemknn,qubo_tabu,1,100,0.2731125702087728
54,0.0,0.8493905834940358,0.0,0.2,ml100k,itemknn,qubo_tabu,1,100,0.3815535173859849
57,0.0,0.914216772356918,0.0,0.2,ml100k,itemknn,qubo_tabu,1,100,0.3578170928956257
73,0.0,0.7783038185960897,0.0,0.2,ml100k,itemknn,qubo_tabu,1,100,0.3671273984053474
82,0.2890648263178879,0.8723806988722664,1.0,0.2,ml100k,itemknn,qubo_tabu,1,100,0.2444978557776231
104,0.0,0.7781780265103251,0.0,0.2,ml100k,itemknn,qubo_tabu,1,100,0.3426679999843684
105,0.0,0.5876482832621281,0.0,0.2,ml100k,itemknn,qubo_tabu,1,100,0.1490177911964125
108,0.0,0.7257332293413556,0.0,0.2,ml100k,itemknn,qubo_tabu,1,100,0.2672468039705088
117,0.0,0.7946279472926214,0.0,0.2,ml100k,itemknn,qubo_tabu,1,100,0.245296785105105
122,1.0,0.8539456054051309,1.0,0.2,ml100k,itemknn,qubo_tabu,1,100,0.3168266206938966
139,0.0,0.8162064867611708,0.0,0.2,ml100k,itemknn,qubo_tabu,1,100,0.393781649160694
144,0.0,0.8930336940571626,0.0,0.2,ml100k,itemknn,qubo_tabu,1,100,0.2237181232467331
179,0.0,0.9274260538466674,0.0,0.2,ml100k,itemknn,qubo_tabu,1,100,0.2756992777399255
199,0.3010299956639812,0.6987403146100339,1.0,0.2,ml100k,itemknn,qubo_tabu,1,100,0.26005218699375
212,0.0,0.7730534608573988,0.0,0.2,ml100k,itemknn,qubo_tabu,1,100,0.3178346717106894
220,0.0,0.8253528265557586,0.0,0.2,ml100k,itemknn,qubo_tabu,1,100,0.3475092336639782
231,0.0,0.8136060951544146,0.0,0.2,ml100k,itemknn,qubo_tabu,1,100,0.3715178990926577
233,0.0,0.9438179647399676,0.0,0.2,ml100k,itemknn,qubo_tabu,1,100,0.2898572224152465
242,0.0,0.8631636567126496,0.0,0.2,ml100k,itemknn,qubo_tabu,1,100,0.2486322822990207
248,0.0,0.855585518998628,0.0,0.2,ml100k,itemknn,qubo_tabu,1,100,0.417098595388551
262,0.0,0.9194641638602824,0.0,0.2,ml100k,itemknn,qubo_tabu,1,100,0.2601339266336576
264,0.0,0.8637835771737578,0.0,0.2,ml100k,itemknn,qubo_tabu,1,100,0.3766549902631689
265,0.0,0.9372324450520316,0.0,0.2,ml100k,itemknn,qubo_tabu,1,100,0.4252509432689446
286,0.0,0.8407192273858487,0.0,0.2,ml100k,itemknn,qubo_tabu,1,100,0.327219193164551
290,0.0,0.7547986605349514,0.0,0.2,ml100k,itemknn,qubo_tabu,1,100,0.3050273652254618
321,0.0,0.7560911436962549,0.0,0.2,ml100k,itemknn,qubo_tabu,1,100,0.2889977575344685
330,0.0,0.7981168361626159,0.0,0.2,ml100k,itemknn,qubo_tabu,1,100,0.3307388391125057
336,0.0,0.6097665837567571,0.0,0.2,ml100k,itemknn,qubo_tabu,1,100,0.2476957566008784
339,0.0,0.855965971136917,0.0,0.2,ml100k,itemknn,qubo_tabu,1,100,0.2070081941134277
351,0.0,0.7660929111520023,0.0,0.2,ml100k,itemknn,qubo_tabu,1,100,0.3312124867885952
354,0.0,0.9804642176152046,0.0,0.2,ml100k,itemknn,qubo_tabu,1,100,0.2811765005150964
361,0.6309297535714575,0.7419381818478431,1.0,0.2,ml100k,itemknn,qubo_tabu,1,100,0.2538126690449693
380,0.3868528072345416,0.8276129998886288,1.0,0.2,ml100k,itemknn,qubo_tabu,1,100,0.3123884863486481
385,0.3154648767857287,0.8322353966459873,1.0,0.2,ml100k,itemknn,qubo_tabu,1,100,0.2177739100746146
391,0.0,0.8742291381021073,0.0,0.2,ml100k,itemknn,qubo_tabu,1,100,0.2270340227751908
393,0.0,0.8746020435406924,0.0,0.2,ml100k,itemknn,qubo_tabu,1,100,0.377396151254758
396,0.0,0.8234573686261266,0.0,0.2,ml100k,itemknn,qubo_tabu,1,100,0.3408130214538296
399,0.0,0.7699523268860854,0.0,0.2,ml100k,itemknn,qubo_tabu,1,100,0.2783306676385034
414,0.0,0.6901892658471092,0.0,0.2,ml100k,itemknn,qubo_tabu,1,100,0.217561269569379
422,0.0,0.814087979993196,0.0,0.2,ml100k,itemknn,qubo_tabu,1,100,0.348171433296352
423,0.0,0.8885244995897917,0.0,0.2,ml100k,itemknn,qubo_tabu,1,100,0.4020152675829863
431,0.0,0.6697168710093125,0.0,0.2,ml100k,itemknn,qubo_tabu,1,100,0.2293960929669731
432,0.0,0.6969046471593698,0.0,0.2,ml100k,itemknn,qubo_tabu,1,100,0.1607867634367606
442,0.0,0.8441510934258832,0.0,0.2,ml100k,itemknn,qubo_tabu,1,100,0.3668939252185202
466,0.0,0.8041259010627647,0.0,0.2,ml100k,itemknn,qubo_tabu,1,100,0.2298119618564147
467,0.0,0.7833196534577815,0.0,0.2,ml100k,itemknn,qubo_tabu,1,100,0.3406125229234891
473,0.0,0.8174252420561556,0.0,0.2,ml100k,itemknn,qubo_tabu,1,100,0.3145424138338409
476,1.0,0.8838150331384002,1.0,0.2,ml100k,itemknn,qubo_tabu,1,100,0.417699330203668
478,0.0,0.842842720672565,0.0,0.2,ml100k,itemknn,qubo_tabu,1,100,0.3628364637411603
485,0.0,0.9354060706659618,0.0,0.2,ml100k,itemknn,qubo_tabu,1,100,0.4044925117280492
513,0.0,0.6812263347838969,0.0,0.2,ml100k,itemknn,qubo_tabu,1,100,0.1768191473575894
543,0.0,0.8808338382420624,0.0,0.2,ml100k,itemknn,qubo_tabu,1,100,0.2294746914903374
550,0.0,0.7765392149215877,0.0,0.2,ml100k,itemknn,qubo_tabu,1,100,0.2925348929881855
553,0.0,0.915734334431015,0.0,0.2,ml100k,itemknn,qubo_tabu,1,100,0.2723641132429278
559,0.0,0.8599724359148522,0.0,0.2,ml100k,itemknn,qubo_tabu,1,100,0.3304792150012166
566,0.0,0.7919772278708688,0.0,0.2,ml100k,itemknn,qubo_tabu,1,100,0.291124231932019
593,0.0,0.8517146225523653,0.0,0.2,ml100k,itemknn,qubo_tabu,1,100,0.4033014640237116
630,0.0,0.8376435336820073,0.0,0.2,ml100k,itemknn,qubo_tabu,1,100,0.3968724095451841
638,0.0,0.8380063914134522,0.0,0.2,ml100k,itemknn,qubo_tabu,1,100,0.303897648984021
648,0.0,0.7536305512705165,0.0,0.2,ml100k,itemknn,qubo_tabu,1,100,0.2115973980788337
651,0.0,0.8947465466495815,0.0,0.2,ml100k,itemknn,qubo_tabu,1,100,0.3990618152154463
653,0.0,0.8498132401843066,0.0,0.2,ml100k,itemknn,qubo_tabu,1,100,0.2576086669130822
659,0.0,0.7671548612449599,0.0,0.2,ml100k,itemknn,qubo_tabu,1,100,0.3248322691750765
664,0.0,0.8240619421500279,0.0,0.2,ml100k,itemknn,qubo_tabu,1,100,0.3624026867554344
668,0.0,0.8621601742676992,0.0,0.2,ml100k,itemknn,qubo_tabu,1,100,0.3884121995178985
686,0.0,0.6595948346209002,0.0,0.2,ml100k,itemknn,qubo_tabu,1,100,0.2003403442029659
699,0.0,0.8165352217278127,0.0,0.2,ml100k,itemknn,qubo_tabu,1,100,0.22653734126631
706,0.0,0.8376339909594834,0.0,0.2,ml100k,itemknn,qubo_tabu,1,100,0.2870016189762253
707,0.0,0.8253556131279306,0.0,0.2,ml100k,itemknn,qubo_tabu,1,100,0.3387517737052796
709,0.0,0.7973732991824405,0.0,0.2,ml100k,itemknn,qubo_tabu,1,100,0.2806338351579393
713,0.0,0.9274147514372608,0.0,0.2,ml100k,itemknn,qubo_tabu,1,100,0.4046026072922657
725,0.0,0.7359513477468945,0.0,0.2,ml100k,itemknn,qubo_tabu,1,100,0.1671475139184955
742,0.0,0.8631562410471156,0.0,0.2,ml100k,itemknn,qubo_tabu,1,100,0.3320828777806156
747,0.0,0.8830145427423924,0.0,0.2,ml100k,itemknn,qubo_tabu,1,100,0.2436631818748054
748,0.0,0.7422866765463524,0.0,0.2,ml100k,itemknn,qubo_tabu,1,100,0.341629727603746
772,0.0,0.779713325755112,0.0,0.2,ml100k,itemknn,qubo_tabu,1,100,0.3396644307159739
783,0.0,0.7605217185825395,0.0,0.2,ml100k,itemknn,qubo_tabu,1,100,0.1778931680888853
790,0.0,0.8263543673155498,0.0,0.2,ml100k,itemknn,qubo_tabu,1,100,0.2283681106321521
795,0.3333333333333333,0.7342793343700903,1.0,0.2,ml100k,itemknn,qubo_tabu,1,100,0.2871958378292196
802,0.3562071871080222,0.7650276347163706,1.0,0.2,ml100k,itemknn,qubo_tabu,1,100,0.3415449977633952
805,0.0,0.771977293216957,0.0,0.2,ml100k,itemknn,qubo_tabu,1,100,0.2306639061180228
807,0.0,0.8090100030144486,0.0,0.2,ml100k,itemknn,qubo_tabu,1,100,0.366602733126315
830,0.0,0.6934943325689531,0.0,0.2,ml100k,itemknn,qubo_tabu,1,100,0.2915042816446524
839,0.0,0.8831971264061389,0.0,0.2,ml100k,itemknn,qubo_tabu,1,100,0.3207284675099933
855,0.0,0.6615977523950624,0.0,0.2,ml100k,itemknn,qubo_tabu,1,100,0.2716720027650401
858,0.0,0.8089112619515234,0.0,0.2,ml100k,itemknn,qubo_tabu,1,100,0.3062274094745781
867,0.0,0.7264862531829219,0.0,0.2,ml100k,itemknn,qubo_tabu,1,100,0.19607743415533
873,0.0,0.6882244700510598,0.0,0.2,ml100k,itemknn,qubo_tabu,1,100,0.2484086465841792
875,0.0,0.8853592704890854,0.0,0.2,ml100k,itemknn,qubo_tabu,1,100,0.408908821385363
887,0.0,0.7363130199934875,0.0,0.2,ml100k,itemknn,qubo_tabu,1,100,0.3091390465969024
890,0.0,0.7941196492467594,0.0,0.2,ml100k,itemknn,qubo_tabu,1,100,0.367303920605508
898,0.0,0.927181312489624,0.0,0.2,ml100k,itemknn,qubo_tabu,1,100,0.4123033308213448
905,0.0,0.9233995821815212,0.0,0.2,ml100k,itemknn,qubo_tabu,1,100,0.4067602705639132
918,0.0,0.9046286514991458,0.0,0.2,ml100k,itemknn,qubo_tabu,1,100,0.2522449402617355
920,0.0,0.8582976457963156,0.0,0.2,ml100k,itemknn,qubo_tabu,1,100,0.4058719299446591
938,0.0,0.6590178223455426,0.0,0.2,ml100k,itemknn,qubo_tabu,1,100,0.2123428931132021
17,0.3868528072345416,1.0,1.0,0.9,ml100k,als,none,1,100,
23,0.0,1.0,0.0,0.8,ml100k,als,none,1,100,
29,0.0,1.0,0.0,0.8,ml100k,als,none,1,100,
36,0.0,1.0,0.0,0.4,ml100k,als,none,1,100,
50,0.0,1.0,0.0,0.6,ml100k,als,none,1,100,
54,0.0,1.0,0.0,1.3,ml100k,als,none,1,100,
57,0.0,1.0,0.0,0.8,ml100k,als,none,1,100,
73,0.0,1.0,0.0,1.1,ml100k,als,none,1,100,
82,1.0,1.0,1.0,0.6,ml100k,als,none,1,100,
104,0.0,1.0,0.0,0.9,ml100k,als,none,1,100,
105,0.0,1.0,0.0,0.7,ml100k,als,none,1,100,
108,0.3562071871080222,1.0,1.0,0.7,ml100k,als,none,1,100,
117,0.0,1.0,0.0,0.4,ml100k,als,none,1,100,
122,0.0,1.0,0.0,1.1,ml100k,als,none,1,100,
139,0.0,1.0,0.0,0.4,ml100k,als,none,1,100,
144,0.0,1.0,0.0,0.8,ml100k,als,none,1,100,
179,0.0,1.0,0.0,1.1,ml100k,als,none,1,100,
199,0.0,1.0,0.0,0.9,ml100k,als,none,1,100,
212,0.0,1.0,0.0,1.1,ml100k,als,none,1,100,
220,0.0,1.0,0.0,0.6,ml100k,als,none,1,100,
231,0.0,1.0,0.0,1.1,ml100k,als,none,1,100,
233,0.0,1.0,0.0,0.7,ml100k,als,none,1,100,
242,0.0,1.0,0.0,1.1,ml100k,als,none,1,100,
248,0.0,1.0,0.0,0.9,ml100k,als,none,1,100,
262,0.0,1.0,0.0,0.9,ml100k,als,none,1,100,
264,0.0,1.0,0.0,1.1,ml100k,als,none,1,100,
265,0.0,1.0,0.0,1.1,ml100k,als,none,1,100,
286,0.0,1.0,0.0,0.6,ml100k,als,none,1,100,
290,0.0,1.0,0.0,0.7,ml100k,als,none,1,100,
321,0.0,1.0,0.0,0.4,ml100k,als,none,1,100,
330,0.0,1.0,0.0,1.3,ml100k,als,none,1,100,
336,0.0,1.0,0.0,0.7,ml100k,als,none,1,100,
339,0.0,1.0,0.0,0.9,ml100k,als,none,1,100,
351,0.0,1.0,0.0,0.9,ml100k,als,none,1,100,
354,0.0,1.0,0.0,0.3,ml100k,als,none,1,100,
361,0.0,1.0,0.0,0.6,ml100k,als,none,1,100,
380,0.0,1.0,0.0,1.0,ml100k,als,none,1,100,
385,0.3868528072345416,1.0,1.0,1.1,ml100k,als,none,1,100,
391,0.3333333333333333,1.0,1.0,0.9,ml100k,als,none,1,100,
393,0.0,1.0,0.0,0.7,ml100k,als,none,1,100,
396,0.0,1.0,0.0,0.6,ml100k,als,none,1,100,
399,0.0,1.0,0.0,1.3,ml100k,als,none,1,100,
414,0.0,1.0,0.0,1.1,ml100k,als,none,1,100,
422,0.0,1.0,0.0,1.1,ml100k,als,none,1,100,
423,0.0,1.0,0.0,1.1,ml100k,als,none,1,100,
431,0.0,1.0,0.0,1.1,ml100k,als,none,1,100,
432,0.0,1.0,0.0,0.4,ml100k,als,none,1,100,
442,0.0,1.0,0.0,0.6,ml100k,als,none,1,100,
466,0.0,1.0,0.0,0.9,ml100k,als,none,1,100,
467,0.0,1.0,0.0,0.9,ml100k,als,none,1,100,
473,0.0,1.0,0.0,0.7,ml100k,als,none,1,100,
476,0.0,1.0,0.0,1.1,ml100k,als,none,1,100,
478,0.0,1.0,0.0,1.1,ml100k,als,none,1,100,
485,0.0,1.0,0.0,1.1,ml100k,als,none,1,100,
513,0.0,1.0,0.0,0.7,ml100k,als,none,1,100,
543,0.3333333333333333,1.0,1.0,0.7,ml100k,als,none,1,100,
550,0.0,1.0,0.0,0.9,ml100k,als,none,1,100,
553,0.0,1.0,0.0,1.3,ml100k,als,none,1,100,
559,0.0,1.0,0.0,1.1,ml100k,als,none,1,100,
566,0.0,1.0,0.0,1.1,ml100k,als,none,1,100,
593,0.0,1.0,0.0,1.5,ml100k,als,none,1,100,
630,0.3154648767857287,1.0,1.0,0.6,ml100k,als,none,1,100,
638,0.0,1.0,0.0,0.8,ml100k,als,none,1,100,
648,0.0,1.0,0.0,0.4,ml100k,als,none,1,100,
651,0.0,1.0,0.0,0.9,ml100k,als,none,1,100,
653,0.0,1.0,0.0,0.8,ml100k,als,none,1,100,
659,0.0,1.0,0.0,1.3,ml100k,als,none,1,100,
664,0.0,1.0,0.0,0.5,ml100k,als,none,1,100,
668,0.6309297535714575,1.0,1.0,1.0,ml100k,als,none,1,100,
686,0.0,1.0,0.0,1.0,ml100k,als,none,1,100,
699,0.2890648263178879,1.0,1.0,1.1,ml100k,als,none,1,100,
706,0.0,1.0,0.0,0.2,ml100k,als,none,1,100,
707,0.0,1.0,0.0,1.1,ml100k,als,none,1,100,
709,0.0,1.0,0.0,1.1,ml100k,als,none,1,100,
713,0.0,1.0,0.0,1.0,ml100k,als,none,1,100,
725,0.0,1.0,0.0,1.1,ml100k,als,none,1,100,
742,1.0,1.0,1.0,0.4,ml100k,als,none,1,100,
747,0.0,1.0,0.0,0.6,ml100k,als,none,1,100,
748,0.0,1.0,0.0,0.7,ml100k,als,none,1,100,
772,0.0,1.0,0.0,1.0,ml100k,als,none,1,100,
783,0.0,1.0,0.0,0.5,ml100k,als,none,1,100,
790,0.0,1.0,0.0,1.3,ml100k,als,none,1,100,
795,0.0,1.0,0.0,1.3,ml100k,als,none,1,100,
802,0.0,1.0,0.0,1.1,ml100k,als,none,1,100,
805,0.3868528072345416,1.0,1.0,0.7,ml100k,als,none,1,100,
807,0.0,1.0,0.0,1.3,ml100k,als,none,1,100,
830,0.0,1.0,0.0,0.5,ml100k,als,none,1,100,
839,0.0,1.0,0.0,0.6,ml100k,als,none,1,100,
855,0.0,1.0,0.0,0.8,ml100k,als,none,1,100,
858,0.0,1.0,0.0,0.2,ml100k,als,none,1,100,
867,0.0,1.0,0.0,0.6,ml100k,als,none,1,100,
873,0.0,1.0,0.0,0.6,ml100k,als,none,1,100,
875,0.0,1.0,0.0,0.6,ml100k,als,none,1,100,
887,0.0,1.0,0.0,0.7,ml100k,als,none,1,100,
890,0.0,1.0,0.0,0.9,ml100k,als,none,1,100,
898,0.0,1.0,0.0,0.7,ml100k,als,none,1,100,
905,0.6309297535714575,1.0,1.0,0.9,ml100k,als,none,1,100,
918,0.3333333333333333,1.0,1.0,0.5,ml100k,als,none,1,100,
920,0.0,1.0,0.0,1.0,ml100k,als,none,1,100,
938,0.0,1.0,0.0,0.9,ml100k,als,none,1,100,
17,0.3868528072345416,1.0,1.0,0.9,ml100k,als,greedy_topk,1,100,0.3371430061027698
23,0.0,1.0,0.0,0.8,ml100k,als,greedy_topk,1,100,0.2538623094940695
29,0.0,1.0,0.0,0.8,ml100k,als,greedy_topk,1,100,0.1806621494691552
36,0.0,1.0,0.0,0.4,ml100k,als,greedy_topk,1,100,0.3496923530969759
50,0.0,1.0,0.0,0.6,ml100k,als,greedy_topk,1,100,0.1394357356467774
54,0.0,1.0,0.0,1.3,ml100k,als,greedy_topk,1,100,0.3195600127544294
57,0.0,1.0,0.0,0.8,ml100k,als,greedy_topk,1,100,0.3719157933310444
73,0.0,1.0,0.0,1.1,ml100k,als,greedy_topk,1,100,0.3610624699515539
82,1.0,1.0,1.0,0.6,ml100k,als,greedy_topk,1,100,0.1357726850696269
104,0.0,1.0,0.0,0.9,ml100k,als,greedy_topk,1,100,0.16276165506492
105,0.0,1.0,0.0,0.7,ml100k,als,greedy_topk,1,100,0.100112594717162
108,0.3562071871080222,1.0,1.0,0.7,ml100k,als,greedy_topk,1,100,0.1337430662617242
117,0.0,1.0,0.0,0.4,ml100k,als,greedy_topk,1,100,0.2180135710669667
122,0.0,1.0,0.0,1.1,ml100k,als,greedy_topk,1,100,0.1916975364323049
139,0.0,1.0,0.0,0.4,ml100k,als,greedy_topk,1,100,0.134535305087744
144,0.0,1.0,0.0,0.8,ml100k,als,greedy_topk,1,100,0.2157089038794869
179,0.0,1.0,0.0,1.1,ml100k,als,greedy_topk,1,100,0.2386970054827239
199,0.0,1.0,0.0,0.9,ml100k,als,greedy_topk,1,100,0.119908003149974
212,0.0,1.0,0.0,1.1,ml100k,als,greedy_topk,1,100,0.2125203806173231
220,0.0,1.0,0.0,0.6,ml100k,als,greedy_topk,1,100,0.1884179539396398
231,0.0,1.0,0.0,1.1,ml100k,als,greedy_topk,1,100,0.2477073409042554
233,0.0,1.0,0.0,0.7,ml100k,als,greedy_topk,1,100,0.3374966128443669
242,0.0,1.0,0.0,1.1,ml100k,als,greedy_topk,1,100,0.2617490602859821
248,0.0,1.0,0.0,0.9,ml100k,als,greedy_topk,1,100,0.3485802716082396
262,0.0,1.0,0.0,0.9,ml100k,als,greedy_topk,1,100,0.2105192100192546
264,0.0,1.0,0.0,1.1,ml100k,als,greedy_topk,1,100,0.4006250030186765
265,0.0,1.0,0.0,1.1,ml100k,als,greedy_topk,1,100,0.2714562187061436
286,0.0,1.0,0.0,0.6,ml100k,als,greedy_topk,1,100,0.1778202169616451
290,0.0,1.0,0.0,0.7,ml100k,als,greedy_topk,1,100,0.2719759075758218
321,0.0,1.0,0.0,0.4,ml100k,als,greedy_topk,1,100,0.115715965520645
330,0.0,1.0,0.0,1.3,ml100k,als,greedy_topk,1,100,0.1706146172443425
336,0.0,1.0,0.0,0.7,ml100k,als,greedy_topk,1,100,0.1844118177349498
339,0.0,1.0,0.0,0.9,ml100k,als,greedy_topk,1,100,0.1220835999231156
351,0.0,1.0,0.0,0.9,ml100k,als,greedy_topk,1,100,0.3668820691527915
354,0.0,1.0,0.0,0.3,ml100k,als,greedy_topk,1,100,0.2324865547932386
361,0.0,1.0,0.0,0.6,ml100k,als,greedy_topk,1,100,0.2049773301764138
380,0.0,1.0,0.0,1.0,ml100k,als,greedy_topk,1,100,0.4359205393488543
385,0.3868528072345416,1.0,1.0,1.1,ml100k,als,greedy_topk,1,100,0.1927314661989483
391,0.3333333333333333,1.0,1.0,0.9,ml100k,als,greedy_topk,1,100,0.0932938628369324
393,0.0,1.0,0.0,0.7,ml100k,als,greedy_topk,1,100,0.142990828306477
396,0.0,1.0,0.0,0.6,ml100k,als,greedy_topk,1,100,0.1545261349857431
399,0.0,1.0,0.0,1.3,ml100k,als,greedy_topk,1,100,0.2545209234143644
414,0.0,1.0,0.0,1.1,ml100k,als,greedy_topk,1,100,0.0967525928300552
422,0.0,1.0,0.0,1.1,ml100k,als,greedy_topk,1,100,0.3055476033871252
423,0.0,1.0,0.0,1.1,ml100k,als,greedy_topk,1,100,0.2965859589155347
431,0.0,1.0,0.0,1.1,ml100k,als,greedy_topk,1,100,0.218043557226749
432,0.0,1.0,0.0,0.4,ml100k,als,greedy_topk,1,100,0.0627221176208605
442,0.0,1.0,0.0,0.6,ml100k,als,greedy_topk,1,100,0.138097744262903
466,0.0,1.0,0.0,0.9,ml100k,als,greedy_topk,1,100,0.0658712734838361
467,0.0,1.0,0.0,0.9,ml100k,als,greedy_topk,1,100,0.3510840684281573
473,0.0,1.0,0.0,0.7,ml100k,als,greedy_topk,1,100,0.2399242400388583
476,0.0,1.0,0.0,1.1,ml100k,als,greedy_topk,1,100,0.3180451557627392
478,0.0,1.0,0.0,1.1,ml100k,als,greedy_topk,1,100,0.3973522717420973
485,0.0,1.0,0.0,1.1,ml100k,als,greedy_topk,1,100,0.177563297875433
513,0.0,1.0,0.0,0.7,ml100k,als,greedy_topk,1,100,0.1156445629614999
543,0.3333333333333333,1.0,1.0,0.7,ml100k,als,greedy_topk,1,100,0.1665128346637631
550,0.0,1.0,0.0,0.9,ml100k,als,greedy_topk,1,100,0.1664910799278424
553,0.0,1.0,0.0,1.3,ml100k,als,greedy_topk,1,100,0.2360984606337693
559,0.0,1.0,0.0,1.1,ml100k,als,greedy_topk,1,100,0.3627521320634237
566,0.0,1.0,0.0,1.1,ml100k,als,greedy_topk,1,100,0.2584472731515491
593,0.0,1.0,0.0,1.5,ml100k,als,greedy_topk,1,100,0.3758041123478906
630,0.3154648767857287,1.0,1.0,0.6,ml100k,als,greedy_topk,1,100,0.3184590104607295
638,0.0,1.0,0.0,0.8,ml100k,als,greedy_topk,1,100,0.3270951298625651
648,0.0,1.0,0.0,0.4,ml100k,als,greedy_topk,1,100,0.110022706700611
651,0.0,1.0,0.0,0.9,ml100k,als,greedy_topk,1,100,0.323838137379196
653,0.0,1.0,0.0,0.8,ml100k,als,greedy_topk,1,100,0.2963538613438957
659,0.0,1.0,0.0,1.3,ml100k,als,greedy_topk,1,100,0.2136621213934737
664,0.0,1.0,0.0,0.5,ml100k,als,greedy_topk,1,100,0.1516301718573983
668,0.6309297535714575,1.0,1.0,1.0,ml100k,als,greedy_topk,1,100,0.4765131748894309
686,0.0,1.0,0.0,1.0,ml100k,als,greedy_topk,1,100,0.1657002328842074
699,0.2890648263178879,1.0,1.0,1.1,ml100k,als,greedy_topk,1,100,0.2326993216762904
706,0.0,1.0,0.0,0.2,ml100k,als,greedy_topk,1,100,0.2503046269670038
707,0.0,1.0,0.0,1.1,ml100k,als,greedy_topk,1,100,0.2086508038879882
709,0.0,1.0,0.0,1.1,ml100k,als,greedy_topk,1,100,0.219057916577184
713,0.0,1.0,0.0,1.0,ml100k,als,greedy_topk,1,100,0.2380231336078588
725,0.0,1.0,0.0,1.1,ml100k,als,greedy_topk,1,100,0.12012080042517
742,1.0,1.0,1.0,0.4,ml100k,als,greedy_topk,1,100,0.3071673335897758
747,0.0,1.0,0.0,0.6,ml100k,als,greedy_topk,1,100,0.1770085062678746
748,0.0,1.0,0.0,0.7,ml100k,als,greedy_topk,1,100,0.2033031165614876
772,0.0,1.0,0.0,1.0,ml100k,als,greedy_topk,1,100,0.1726090473434755
783,0.0,1.0,0.0,0.5,ml100k,als,greedy_topk,1,100,0.117165571871702
790,0.0,1.0,0.0,1.3,ml100k,als,greedy_topk,1,100,0.2391358052148219
795,0.0,1.0,0.0,1.3,ml100k,als,greedy_topk,1,100,0.224445038046065
802,0.0,1.0,0.0,1.1,ml100k,als,greedy_topk,1,100,0.2404706910005813
805,0.3868528072345416,1.0,1.0,0.7,ml100k,als,greedy_topk,1,100,0.1632058626432921
807,0.0,1.0,0.0,1.3,ml100k,als,greedy_topk,1,100,0.1157407846219887
830,0.0,1.0,0.0,0.5,ml100k,als,greedy_topk,1,100,0.1616402645796875
839,0.0,1.0,0.0,0.6,ml100k,als,greedy_topk,1,100,0.1961950181502287
855,0.0,1.0,0.0,0.8,ml100k,als,greedy_topk,1,100,0.1518634805742669
858,0.0,1.0,0.0,0.2,ml100k,als,greedy_topk,1,100,0.1669282853382738
867,0.0,1.0,0.0,0.6,ml100k,als,greedy_topk,1,100,0.0960865783790731
873,0.0,1.0,0.0,0.6,ml100k,als,greedy_topk,1,100,0.0905804892230635
875,0.0,1.0,0.0,0.6,ml100k,als,greedy_topk,1,100,0.4237441737320083
887,0.0,1.0,0.0,0.7,ml100k,als,greedy_topk,1,100,0.3000148519874501
890,0.0,1.0,0.0,0.9,ml100k,als,greedy_topk,1,100,0.2781085080426703
898,0.0,1.0,0.0,0.7,ml100k,als,greedy_topk,1,100,0.215040828532923
905,0.6309297535714575,1.0,1.0,0.9,ml100k,als,greedy_topk,1,100,0.2521008280667552
918,0.3333333333333333,1.0,1.0,0.5,ml100k,als,greedy_topk,1,100,0.2516370969967587
920,0.0,1.0,0.0,1.0,ml100k,als,greedy_topk,1,100,0.4726509539832047
938,0.0,1.0,0.0,0.9,ml100k,als,greedy_topk,1,100,0.1185345849305262
17,0.3868528072345416,0.9846215365592924,1.0,0.8,ml100k,als,mmr,1,100,0.2298683594733276
23,0.0,0.9922261054235544,0.0,0.6,ml100k,als,mmr,1,100,0.2174724372375544
29,0.0,0.9692924554984208,0.0,0.6,ml100k,als,mmr,1,100,0.0904228583337832
36,0.0,0.9271480767184996,0.0,0.3,ml100k,als,mmr,1,100,0.1312994924621992
50,0.0,0.995539402475768,0.0,0.6,ml100k,als,mmr,1,100,0.112332235971399
54,0.0,0.9842245839098016,0.0,1.1,ml100k,als,mmr,1,100,0.2153551896167617
57,0.0,0.9369275162511675,0.0,1.0,ml100k,als,mmr,1,100,0.1899073252068273
73,0.0,0.9666701582623292,0.0,0.5,ml100k,als,mmr,1,100,0.1872839857113993
82,1.0,0.9650455391239252,1.0,0.4,ml100k,als,mmr,1,100,0.0812135393204348
104,0.0,0.992620316175361,0.0,0.7,ml100k,als,mmr,1,100,0.1365721132672444
105,0.0,0.9943707501272842,0.0,0.5,ml100k,als,mmr,1,100,0.0798582764617482
108,0.430676558073393,0.9542746698794512,1.0,1.1,ml100k,als,mmr,1,100,0.0639270235649652
117,0.0,0.9664548030205762,0.0,0.4,ml100k,als,mmr,1,100,0.1446250539544065
122,0.0,0.951630524940442,0.0,0.8,ml100k,als,mmr,1,100,0.0860994923493436
139,0.0,0.9986501932603352,0.0,0.4,ml100k,als,mmr,1,100,0.1231255722654048
144,0.3010299956639812,0.9591019748874188,1.0,0.4,ml100k,als,mmr,1,100,0.1182355174793472
179,0.0,0.9390548580740656,0.0,0.8,ml100k,als,mmr,1,100,0.1019627578744738
199,0.0,0.9861283053627694,0.0,0.8,ml100k,als,mmr,1,100,0.0625246810965554
212,0.0,0.9936409517268132,0.0,1.3,ml100k,als,mmr,1,100,0.1651458292107819
220,0.0,0.9909092341237536,0.0,0.6,ml100k,als,mmr,1,100,0.1708032322409941
231,0.0,0.9812575665061006,0.0,1.3,ml100k,als,mmr,1,100,0.1424924851699323
233,0.0,0.9286254503097782,0.0,0.9,ml100k,als,mmr,1,100,0.1489976732362934
242,0.0,0.9588989023784324,0.0,1.5,ml100k,als,mmr,1,100,0.1599733550474602
248,0.0,0.983184487155458,0.0,0.5,ml100k,als,mmr,1,100,0.2563110191614506
262,0.0,0.9644424052326628,0.0,0.9,ml100k,als,mmr,1,100,0.1096365986103561
264,0.0,0.8784518161095181,0.0,0.9,ml100k,als,mmr,1,100,0.1401007052099783
265,0.0,0.9722573331139892,0.0,1.1,ml100k,als,mmr,1,100,0.1504713606715707
286,0.3010299956639812,0.9841894745093815,1.0,0.5,ml100k,als,mmr,1,100,0.1078927355695999
290,0.0,0.970829221662321,0.0,0.8,ml100k,als,mmr,1,100,0.1423945991366668
321,0.0,0.9894408278313358,0.0,0.3,ml100k,als,mmr,1,100,0.0839809778081443
330,0.0,0.974301317433046,0.0,1.3,ml100k,als,mmr,1,100,0.0979516617676255
336,0.0,0.996138774337949,0.0,0.5,ml100k,als,mmr,1,100,0.1800405984128831
339,0.0,0.9696834913905898,0.0,0.9,ml100k,als,mmr,1,100,0.0790616649877228
351,0.0,0.9870342883190012,0.0,0.9,ml100k,als,mmr,1,100,0.3093616553523372
354,0.0,0.9603108293593368,0.0,0.3,ml100k,als,mmr,1,100,0.1396951681207941
361,0.0,0.9201065870301898,0.0,0.2,ml100k,als,mmr,1,100,0.0595147751856632
380,0.0,0.8820548530562318,0.0,1.1,ml100k,als,mmr,1,100,0.1653165862369518
385,0.3868528072345416,0.967535618212361,1.0,0.6,ml100k,als,mmr,1,100,0.0913653739882072
391,0.3562071871080222,0.9844082841602164,1.0,0.8,ml100k,als,mmr,1,100,0.0496634811443903
393,0.0,0.9988127845794712,0.0,0.6,ml100k,als,mmr,1,100,0.1098006912611131
396,0.0,0.9775017936492636,0.0,0.5,ml100k,als,mmr,1,100,0.0651744285388965
399,0.0,0.9724893224861624,0.0,0.9,ml100k,als,mmr,1,100,0.0924691371607572
414,0.0,0.9998432531809938,0.0,1.1,ml100k,als,mmr,1,100,0.0931600131534931
422,0.0,0.9844096672159006,0.0,0.9,ml100k,als,mmr,1,100,0.188669655509945
423,0.0,0.9528575125841998,0.0,0.9,ml100k,als,mmr,1,100,0.1274191439694572
431,0.0,0.9873999496001524,0.0,1.0,ml100k,als,mmr,1,100,0.115507292681146
432,0.0,0.9853217227159085,0.0,0.9,ml100k,als,mmr,1,100,0.0456994777771649
442,0.0,0.9893034498276382,0.0,0.4,ml100k,als,mmr,1,100,0.1007593317544834
466,0.0,0.9969332895644392,0.0,0.8,ml100k,als,mmr,1,100,0.05630508765452
467,0.0,0.9725689242565536,0.0,0.4,ml100k,als,mmr,1,100,0.1579908847333541
473,0.0,0.982158054662958,0.0,0.6,ml100k,als,mmr,1,100,0.1582025639232734
476,0.0,0.9705190525505254,0.0,1.1,ml100k,als,mmr,1,100,0.1905623513174758
478,0.0,0.8961079540458745,0.0,0.9,ml100k,als,mmr,1,100,0.1656621862028131
485,0.0,0.9835159954217596,0.0,0.9,ml100k,als,mmr,1,100,0.1007824468506695
513,0.0,0.9943564340691275,0.0,0.9,ml100k,als,mmr,1,100,0.0702395900967326
543,0.3868528072345416,0.955751344015344,1.0,0.7,ml100k,als,mmr,1,100,0.0850705424988846
550,0.0,0.9948827050994126,0.0,0.7,ml100k,als,mmr,1,100,0.1154645271238296
553,0.0,0.9577682730056232,0.0,0.7,ml100k,als,mmr,1,100,0.1197163954226797
559,0.0,0.9166151487954856,0.0,0.9,ml100k,als,mmr,1,100,0.1286524043752736
566,0.0,0.9243730089342374,0.0,0.9,ml100k,als,mmr,1,100,0.0626014455431438
593,0.0,0.9268009351100002,0.0,1.1,ml100k,als,mmr,1,100,0.1384995419848569
630,0.3868528072345416,0.9558417547616056,1.0,0.4,ml100k,als,mmr,1,100,0.1535430006818022
638,0.0,0.9485335597551086,0.0,0.8,ml100k,als,mmr,1,100,0.2404206305481378
648,0.0,0.9843379434436388,0.0,0.4,ml100k,als,mmr,1,100,0.0618487290827817
651,0.0,0.9737309026380996,0.0,0.9,ml100k,als,mmr,1,100,0.1987417824461601
653,0.0,0.9240264740149564,0.0,0.8,ml100k,als,mmr,1,100,0.0556352722885683
659,0.0,0.995342259079695,0.0,1.1,ml100k,als,mmr,1,100,0.1863953534420214
664,0.0,0.9913691123968392,0.0,0.5,ml100k,als,mmr,1,100,0.1146477347400161
668,0.6309297535714575,0.9842178945970051,1.0,1.0,ml100k,als,mmr,1,100,0.4386973717383386
686,0.0,0.9822280482056518,0.0,0.9,ml100k,als,mmr,1,100,0.0989542095464047
699,0.0,0.9426398884912314,0.0,1.3,ml100k,als,mmr,1,100,0.1092897989885623
706,0.0,0.9656046779980916,0.0,0.3,ml100k,als,mmr,1,100,0.1388313878574439
707,0.3333333333333333,0.9087754094647248,1.0,0.6,ml100k,als,mmr,1,100,0.0553275696928367
709,0.0,0.9938045658225018,0.0,1.0,ml100k,als,mmr,1,100,0.1722397627662093
713,0.0,0.9985057106016336,0.0,1.0,ml100k,als,mmr,1,100,0.2165216720001065
725,0.0,0.9716549626196712,0.0,0.7,ml100k,als,mmr,1,100,0.0496154908026449
742,1.0,0.933815132889656,1.0,0.6,ml100k,als,mmr,1,100,0.1313450929698405
747,0.0,0.9703972576033404,0.0,0.8,ml100k,als,mmr,1,100,0.130861032454513
748,0.0,0.9727069283973364,0.0,0.7,ml100k,als,mmr,1,100,0.0921578804345278
772,0.0,0.9982992642519763,0.0,0.8,ml100k,als,mmr,1,100,0.137060376813631
783,0.0,0.9926298310135184,0.0,0.7,ml100k,als,mmr,1,100,0.0916920636322763
790,0.0,0.9198461644680908,0.0,1.5,ml100k,als,mmr,1,100,0.0997116333375641
795,0.0,0.9864308846166768,0.0,1.3,ml100k,als,mmr,1,100,0.1538469504114212
802,0.0,0.9920168400729042,0.0,1.1,ml100k,als,mmr,1,100,0.1921660699795953
805,0.430676558073393,0.9480890536568494,1.0,0.6,ml100k,als,mmr,1,100,0.0958935085488628
807,0.0,0.9885921144324926,0.0,1.3,ml100k,als,mmr,1,100,0.0755262700915199
830,0.0,0.9785440301638262,0.0,0.2,ml100k,als,mmr,1,100,0.0789747375611819
839,0.0,0.9590222477099334,0.0,0.5,ml100k,als,mmr,1,100,0.0899673790281435
855,0.0,0.9927912672451772,0.0,0.9,ml100k,als,mmr,1,100,0.1088517104606605
858,0.0,0.9842247910545996,0.0,0.4,ml100k,als,mmr,1,100,0.1098922082597622
867,0.0,0.9936235063815442,0.0,0.6,ml100k,als,mmr,1,100,0.067038449228863
873,0.0,0.9972812000509398,0.0,0.6,ml100k,als,mmr,1,100,0.0797579554466132
875,0.0,0.9809164609465464,0.0,0.3,ml100k,als,mmr,1,100,0.2437611122071498
887,0.0,0.9839414316636736,0.0,0.7,ml100k,als,mmr,1,100,0.19331123596384
890,0.0,0.9770435753631264,0.0,1.0,ml100k,als,mmr,1,100,0.1615662051414179
898,0.0,0.9866240148669084,0.0,0.8,ml100k,als,mmr,1,100,0.1707593906906991
905,0.6309297535714575,0.9757859697343028,1.0,1.1,ml100k,als,mmr,1,100,0.1744893485060857
918,0.3868528072345416,0.9584206622817424,1.0,0.3,ml100k,als,mmr,1,100,0.1729869652194182
920,0.0,0.9576013045501834,0.0,0.8,ml100k,als,mmr,1,100,0.2864983835250879
938,0.0,0.990131388772568,0.0,0.7,ml100k,als,mmr,1,100,0.0826584835127123
17,0.0,0.9669957445826706,0.0,0.3,ml100k,als,quota_mmr,1,100,0.2139427185203779
23,0.0,0.9914652927471642,0.0,0.3,ml100k,als,quota_mmr,1,100,0.2389588632277372
29,0.0,0.9623611274419168,0.0,0.3,ml100k,als,quota_mmr,1,100,0.0924390017672465
36,0.0,0.9505266693084736,0.0,0.2,ml100k,als,quota_mmr,1,100,0.1697649797650735
50,0.0,0.9878796248335124,0.0,0.3,ml100k,als,quota_mmr,1,100,0.1105845311457921
54,0.0,0.9418039342489484,0.0,0.3,ml100k,als,quota_mmr,1,100,0.181687581305642
57,0.0,0.9476018957436844,0.0,0.3,ml100k,als,quota_mmr,1,100,0.2236239623043714
73,0.0,0.9427993171555398,0.0,0.2,ml100k,als,quota_mmr,1,100,0.1713118618918065
82,1.0,0.9596917322596876,1.0,0.2,ml100k,als,quota_mmr,1,100,0.0877048692613251
104,0.0,0.966441740374438,0.0,0.3,ml100k,als,quota_mmr,1,100,0.1100535232013329
105,0.0,0.9752499102718988,0.0,0.3,ml100k,als,quota_mmr,1,100,0.0624078535170264
108,0.3868528072345416,0.93488315575214,1.0,0.2,ml100k,als,quota_mmr,1,100,0.0845258330976168
117,0.0,0.9587166257647036,0.0,0.3,ml100k,als,quota_mmr,1,100,0.1415802109916234
122,0.0,0.917180832071296,0.0,0.3,ml100k,als,quota_mmr,1,100,0.071405671519655
139,0.0,0.9949282536902088,0.0,0.2,ml100k,als,quota_mmr,1,100,0.1241998324837857
144,0.3154648767857287,0.9482808783290684,1.0,0.2,ml100k,als,quota_mmr,1,100,0.107259839374765
179,0.0,0.8945740991031511,0.0,0.3,ml100k,als,quota_mmr,1,100,0.0722246377479998
199,0.0,0.9673258432313684,0.0,0.3,ml100k,als,quota_mmr,1,100,0.0572962763538915
212,0.0,0.9413930937029964,0.0,0.2,ml100k,als,quota_mmr,1,100,0.1212466513191651
220,0.0,0.98383811873064,0.0,0.3,ml100k,als,quota_mmr,1,100,0.1578286092322985
231,0.0,0.9404678348282388,0.0,0.3,ml100k,als,quota_mmr,1,100,0.1450590678504908
233,0.0,0.9075083434787368,0.0,0.3,ml100k,als,quota_mmr,1,100,0.1484237158142455
242,0.0,0.8671752301414045,0.0,0.3,ml100k,als,quota_mmr,1,100,0.1496711917723315
248,0.0,0.9759396978353344,0.0,0.2,ml100k,als,quota_mmr,1,100,0.2566654120687112
262,0.0,0.955377425238269,0.0,0.2,ml100k,als,quota_mmr,1,100,0.1368962824863955
264,0.0,0.9044604274751232,0.0,0.2,ml100k,als,quota_mmr,1,100,0.2166133956539586
265,0.0,0.947438624341237,0.0,0.3,ml100k,als,quota_mmr,1,100,0.1532307950628579
286,0.0,0.9801111094745164,0.0,0.3,ml100k,als,quota_mmr,1,100,0.1098405984944641
290,0.0,0.9687024995391696,0.0,0.3,ml100k,als,quota_mmr,1,100,0.1660382646196107
321,0.0,0.9894408278313358,0.0,0.3,ml100k,als,quota_mmr,1,100,0.0839809778081443
330,0.0,0.926723823025763,0.0,0.3,ml100k,als,quota_mmr,1,100,0.1453651243746152
336,0.0,0.9819006074663308,0.0,0.2,ml100k,als,quota_mmr,1,100,0.1582133430734135
339,0.0,0.9093228506818366,0.0,0.3,ml100k,als,quota_mmr,1,100,0.0631535977330635
351,0.0,0.93666916352338,0.0,0.3,ml100k,als,quota_mmr,1,100,0.2235818411886607
354,0.0,0.93371291535297,0.0,0.2,ml100k,als,quota_mmr,1,100,0.1229748758468574
361,0.0,0.9201065870301898,0.0,0.2,ml100k,als,quota_mmr,1,100,0.0595147751856632
380,0.0,0.7941980961323275,0.0,0.3,ml100k,als,quota_mmr,1,100,0.098102334972145
385,0.3868528072345416,0.9676542301271306,1.0,0.3,ml100k,als,quota_mmr,1,100,0.0996407667798521
391,0.0,0.9333177272465444,0.0,0.2,ml100k,als,quota_mmr,1,100,0.0295661234199508
393,0.0,0.9894727659608802,0.0,0.3,ml100k,als,quota_mmr,1,100,0.1312194460828432
396,0.0,0.9826855774602532,0.0,0.2,ml100k,als,quota_mmr,1,100,0.0805071818283756
399,0.0,0.9302058984871828,0.0,0.2,ml100k,als,quota_mmr,1,100,0.0586942160757989
414,0.0,0.937378920132504,0.0,0.2,ml100k,als,quota_mmr,1,100,0.0786632194375029
422,0.0,0.9264482291372422,0.0,0.3,ml100k,als,quota_mmr,1,100,0.1302595929917971
423,0.0,0.9413476434167304,0.0,0.2,ml100k,als,quota_mmr,1,100,0.1548797985732523
431,0.0,0.9590108040617016,0.0,0.3,ml100k,als,quota_mmr,1,100,0.1140764636794214
432,0.0,0.984726755560696,0.0,0.2,ml100k,als,quota_mmr,1,100,0.0480205435068341
442,0.0,0.9778724981655842,0.0,0.3,ml100k,als,quota_mmr,1,100,0.0834073328912053
466,0.0,0.9721438129320784,0.0,0.2,ml100k,als,quota_mmr,1,100,0.0421783368656238
467,0.0,0.974525683645906,0.0,0.2,ml100k,als,quota_mmr,1,100,0.1603556834936392
473,0.0,0.976760099657233,0.0,0.2,ml100k,als,quota_mmr,1,100,0.1571566193609259
476,0.0,0.9494236748617704,0.0,0.2,ml100k,als,quota_mmr,1,100,0.195231840859093
478,0.0,0.8793077623515666,0.0,0.3,ml100k,als,quota_mmr,1,100,0.1732777002902627
485,0.0,0.9719826959126024,0.0,0.2,ml100k,als,quota_mmr,1,100,0.1214059000555108
513,0.0,0.9737861061220314,0.0,0.2,ml100k,als,quota_mmr,1,100,0.0865465226524231
543,0.0,0.9333597945955712,0.0,0.2,ml100k,als,quota_mmr,1,100,0.0823060110939908
550,0.0,0.9464689002675736,0.0,0.2,ml100k,als,quota_mmr,1,100,0.1010554029463322
553,0.0,0.8907349521115029,0.0,0.3,ml100k,als,quota_mmr,1,100,0.078406191639363
559,0.0,0.8697405138303247,0.0,0.3,ml100k,als,quota_mmr,1,100,0.1033097135231391
566,0.0,0.90898628298146,0.0,0.3,ml100k,als,quota_mmr,1,100,0.0750301254373953
593,0.0,0.8966641046455947,0.0,0.3,ml100k,als,quota_mmr,1,100,0.1639138002253187
630,0.3868528072345416,0.952745166979692,1.0,0.3,ml100k,als,quota_mmr,1,100,0.1461607962768935
638,0.0,0.9364496691465524,0.0,0.2,ml100k,als,quota_mmr,1,100,0.2309846454889729
648,0.0,0.9896074975082538,0.0,0.2,ml100k,als,quota_mmr,1,100,0.0722385510969402
651,0.0,0.9708019640936236,0.0,0.3,ml100k,als,quota_mmr,1,100,0.244831065625284
653,0.0,0.8717326551036441,0.0,0.2,ml100k,als,quota_mmr,1,100,0.038941295131557
659,0.0,0.9449277461388012,0.0,0.3,ml100k,als,quota_mmr,1,100,0.1358042178641981
664,0.0,0.9792567853131636,0.0,0.2,ml100k,als,quota_mmr,1,100,0.1088463405703209
668,0.6309297535714575,0.9288997521006522,1.0,0.3,ml100k,als,quota_mmr,1,100,0.3693629524734522
686,0.0,0.9481268783873192,0.0,0.3,ml100k,als,quota_mmr,1,100,0.0873293564773375
699,0.430676558073393,0.904221431504812,1.0,0.3,ml100k,als,quota_mmr,1,100,0.1215930103371281
706,0.0,0.9791028214852826,0.0,0.2,ml100k,als,quota_mmr,1,100,0.1574128747967511
707,0.3562071871080222,0.8639259079407148,1.0,0.3,ml100k,als,quota_mmr,1,100,0.0444347119713383
709,0.0,0.9717802279729096,0.0,0.3,ml100k,als,quota_mmr,1,100,0.1787642105471383
713,0.0,0.9564521976931232,0.0,0.3,ml100k,als,quota_mmr,1,100,0.2275520199820248
725,0.0,0.9390372921196162,0.0,0.3,ml100k,als,quota_mmr,1,100,0.0425839703970145
742,1.0,0.9029647406836416,1.0,0.3,ml100k,als,quota_mmr,1,100,0.0999631323768908
747,0.0,0.9348044967998717,0.0,0.3,ml100k,als,quota_mmr,1,100,0.1223043355277614
748,0.0,0.9515452039038178,0.0,0.3,ml100k,als,quota_mmr,1,100,0.0900164308598167
772,0.0,0.9824581723140806,0.0,0.2,ml100k,als,quota_mmr,1,100,0.1561443182401014
783,0.0,0.9736564447617804,0.0,0.3,ml100k,als,quota_mmr,1,100,0.0929780784089484
790,0.0,0.8844251170769931,0.0,0.3,ml100k,als,quota_mmr,1,100,0.1154761061426205
795,0.0,0.9489556218282292,0.0,0.3,ml100k,als,quota_mmr,1,100,0.141758788756325
802,0.0,0.9468791363186884,0.0,0.2,ml100k,als,quota_mmr,1,100,0.1781849151646579
805,0.0,0.9161407673556012,0.0,0.3,ml100k,als,quota_mmr,1,100,0.0813580734685792
807,0.0,0.887836219001033,0.0,0.3,ml100k,als,quota_mmr,1,100,0.0942568337908547
830,0.0,0.9785440301638262,0.0,0.2,ml100k,als,quota_mmr,1,100,0.0789747375611819
839,0.0,0.9470409834904044,0.0,0.2,ml100k,als,quota_mmr,1,100,0.1052957374350569
855,0.0,0.9489380358858756,0.0,0.2,ml100k,als,quota_mmr,1,100,0.0946737373481053
858,0.0,0.9774402360458552,0.0,0.2,ml100k,als,quota_mmr,1,100,0.1100900320876536
867,0.0,0.9883808650431916,0.0,0.3,ml100k,als,quota_mmr,1,100,0.0670406037662458
873,0.0,0.9911455981192588,0.0,0.3,ml100k,als,quota_mmr,1,100,0.0797870596206397
875,0.0,0.9765849238665236,0.0,0.2,ml100k,als,quota_mmr,1,100,0.2489074277763155
887,0.0,0.9800249914035126,0.0,0.2,ml100k,als,quota_mmr,1,100,0.2045225150156454
890,0.0,0.969467059415133,0.0,0.3,ml100k,als,quota_mmr,1,100,0.1846443836049878
898,0.0,0.956030084932482,0.0,0.2,ml100k,als,quota_mmr,1,100,0.1467219781134252
905,0.6309297535714575,0.9081864047337712,1.0,0.2,ml100k,als,quota_mmr,1,100,0.1380013321687057
918,0.3868528072345416,0.9460968757406142,1.0,0.2,ml100k,als,quota_mmr,1,100,0.1665655065914205
920,0.0,0.9188232993334202,0.0,0.3,ml100k,als,quota_mmr,1,100,0.2178778103611797
938,0.0,0.9745136091942054,0.0,0.3,ml100k,als,quota_mmr,1,100,0.0744325906216652
17,0.0,0.9363146366205676,0.0,0.2,ml100k,als,qubo_feasible,1,100,0.1927516444444474
23,0.0,0.944289464639392,0.0,0.2,ml100k,als,qubo_feasible,1,100,0.2058430181394517
29,0.0,0.9082998453460585,0.0,0.2,ml100k,als,qubo_feasible,1,100,0.0783577404057802
36,0.0,0.9224748872722888,0.0,0.2,ml100k,als,qubo_feasible,1,100,0.1694106310221216
50,0.0,0.9246168772037444,0.0,0.2,ml100k,als,qubo_feasible,1,100,0.0778873311508348
54,0.0,0.9247850133501552,0.0,0.2,ml100k,als,qubo_feasible,1,100,0.1555296231242572
57,0.0,0.8202936611887167,0.0,0.2,ml100k,als,qubo_feasible,1,100,0.1295881477221978
73,0.0,0.9038649563599684,0.0,0.2,ml100k,als,qubo_feasible,1,100,0.140685015694179
82,1.0,0.8844337123370019,1.0,0.2,ml100k,als,qubo_feasible,1,100,0.0577624304620664
104,0.0,0.9247665745693204,0.0,0.2,ml100k,als,qubo_feasible,1,100,0.0995000190638108
105,0.0,0.9656714973061834,0.0,0.2,ml100k,als,qubo_feasible,1,100,0.0700142408284956
108,0.0,0.922638641756502,0.0,0.2,ml100k,als,qubo_feasible,1,100,0.083303151637123
117,0.0,0.9216059492605448,0.0,0.2,ml100k,als,qubo_feasible,1,100,0.108677957048833
122,0.0,0.8879645342929973,0.0,0.2,ml100k,als,qubo_feasible,1,100,0.0673093549221017
139,0.0,0.9363666615425604,0.0,0.2,ml100k,als,qubo_feasible,1,100,0.0626153813193679
144,0.3562071871080222,0.860900831158037,1.0,0.2,ml100k,als,qubo_feasible,1,100,0.0754027357313386
179,0.0,0.8460144781684543,0.0,0.2,ml100k,als,qubo_feasible,1,100,0.0642371016211433
199,0.0,0.9186370563139732,0.0,0.2,ml100k,als,qubo_feasible,1,100,0.0561277724957491
212,0.0,0.8719085201459974,0.0,0.2,ml100k,als,qubo_feasible,1,100,0.0798425881452854
220,0.0,0.9280217832136358,0.0,0.2,ml100k,als,qubo_feasible,1,100,0.1196247615612776
231,0.0,0.8870186180489762,0.0,0.2,ml100k,als,qubo_feasible,1,100,0.1106463007030288
233,0.0,0.7780915873276919,0.0,0.2,ml100k,als,qubo_feasible,1,100,0.0742434700349267
242,0.0,0.7438156919643932,0.0,0.2,ml100k,als,qubo_feasible,1,100,0.0914580986577114
248,0.0,0.9226258871613918,0.0,0.2,ml100k,als,qubo_feasible,1,100,0.1988084759268552
262,0.0,0.8258734116223991,0.0,0.2,ml100k,als,qubo_feasible,1,100,0.0880682941088068
264,0.0,0.7482258507925895,0.0,0.2,ml100k,als,qubo_feasible,1,100,0.0813197868500536
265,0.0,0.8960038474762207,0.0,0.2,ml100k,als,qubo_feasible,1,100,0.1237118814512101
286,0.3333333333333333,0.936884408710174,1.0,0.2,ml100k,als,qubo_feasible,1,100,0.0997411013027871
290,0.3154648767857287,0.8972772663777949,1.0,0.2,ml100k,als,qubo_feasible,1,100,0.1052337121292665
321,0.0,0.951867639807862,0.0,0.2,ml100k,als,qubo_feasible,1,100,0.0693324898906866
330,0.0,0.8879856074134516,0.0,0.2,ml100k,als,qubo_feasible,1,100,0.1111498582659229
336,0.0,0.9520776467639488,0.0,0.2,ml100k,als,qubo_feasible,1,100,0.1353612242609167
339,0.0,0.8937457214462822,0.0,0.2,ml100k,als,qubo_feasible,1,100,0.0738415661809388
351,0.0,0.8808597825429486,0.0,0.2,ml100k,als,qubo_feasible,1,100,0.167440465122316
354,0.0,0.8973006693910343,0.0,0.2,ml100k,als,qubo_feasible,1,100,0.1106040046184401
361,0.0,0.928388460586505,0.0,0.2,ml100k,als,qubo_feasible,1,100,0.0694565076919386
380,0.0,0.7711018717921012,0.0,0.2,ml100k,als,qubo_feasible,1,100,0.1124224331648121
385,0.0,0.8900537464904147,0.0,0.2,ml100k,als,qubo_feasible,1,100,0.0784316871173982
391,0.0,0.9027899892671108,0.0,0.2,ml100k,als,qubo_feasible,1,100,0.0353396337439392
393,0.0,0.9609761800879352,0.0,0.2,ml100k,als,qubo_feasible,1,100,0.1023769362023811
396,0.0,0.96183426318124,0.0,0.2,ml100k,als,qubo_feasible,1,100,0.0771185726188305
399,0.0,0.956067641720133,0.0,0.2,ml100k,als,qubo_feasible,1,100,0.0907408268592839
414,0.0,0.9094317700277386,0.0,0.2,ml100k,als,qubo_feasible,1,100,0.0878608290689892
422,0.0,0.8807011197605801,0.0,0.2,ml100k,als,qubo_feasible,1,100,0.1030816783469077
423,0.0,0.8647990140298946,0.0,0.2,ml100k,als,qubo_feasible,1,100,0.091164904279939
431,0.0,0.8920321090972085,0.0,0.2,ml100k,als,qubo_feasible,1,100,0.0801780703985556
432,0.0,0.9519231517433432,0.0,0.2,ml100k,als,qubo_feasible,1,100,0.0321547756059528
442,0.0,0.957101645908637,0.0,0.2,ml100k,als,qubo_feasible,1,100,0.0817175869048012
466,0.0,0.9245834267385296,0.0,0.2,ml100k,als,qubo_feasible,1,100,0.0336797126912214
467,0.0,0.9216132891129556,0.0,0.2,ml100k,als,qubo_feasible,1,100,0.1183445725698986
473,0.0,0.9127652056967328,0.0,0.2,ml100k,als,qubo_feasible,1,100,0.1136632054113775
476,0.0,0.9021509844808148,0.0,0.2,ml100k,als,qubo_feasible,1,100,0.1589264089813686
478,0.0,0.8260170422925335,0.0,0.2,ml100k,als,qubo_feasible,1,100,0.1644408573929238
485,0.0,0.940315401754605,0.0,0.2,ml100k,als,qubo_feasible,1,100,0.0955632388641577
513,0.0,0.9363751044539872,0.0,0.2,ml100k,als,qubo_feasible,1,100,0.069896346643203
543,0.0,0.8830170815893846,0.0,0.2,ml100k,als,qubo_feasible,1,100,0.0823811200432041
550,0.0,0.8622898539515085,0.0,0.2,ml100k,als,qubo_feasible,1,100,0.0490528194916441
553,0.0,0.881376586934543,0.0,0.2,ml100k,als,qubo_feasible,1,100,0.0838802952912324
559,0.0,0.8502385766744585,0.0,0.2,ml100k,als,qubo_feasible,1,100,0.1066306572802286
566,0.0,0.9014553093937456,0.0,0.2,ml100k,als,qubo_feasible,1,100,0.1080749554402716
593,0.0,0.8753928988712177,0.0,0.2,ml100k,als,qubo_feasible,1,100,0.1603663485622779
630,0.0,0.913247854717252,0.0,0.2,ml100k,als,qubo_feasible,1,100,0.1269132620857526
638,0.0,0.8288838313468764,0.0,0.2,ml100k,als,qubo_feasible,1,100,0.1356886736787032
648,0.0,0.9603039336436564,0.0,0.2,ml100k,als,qubo_feasible,1,100,0.0634623710345948
651,0.0,0.8673599985431704,0.0,0.2,ml100k,als,qubo_feasible,1,100,0.1296606230264722
653,0.0,0.8373474182059616,0.0,0.2,ml100k,als,qubo_feasible,1,100,0.0439937592599136
659,0.0,0.9135994544733388,0.0,0.2,ml100k,als,qubo_feasible,1,100,0.1095555883245261
664,0.0,0.9525258372575583,0.0,0.2,ml100k,als,qubo_feasible,1,100,0.1051901854507338
668,1.0,0.7890184822941518,1.0,0.2,ml100k,als,qubo_feasible,1,100,0.2150314358189545
686,0.0,0.8939192056683577,0.0,0.2,ml100k,als,qubo_feasible,1,100,0.0691731351762835
699,0.0,0.849105977405621,0.0,0.2,ml100k,als,qubo_feasible,1,100,0.0896925173225477
706,0.0,0.917257001169695,0.0,0.2,ml100k,als,qubo_feasible,1,100,0.121026296103006
707,0.3868528072345416,0.8063849776514307,1.0,0.2,ml100k,als,qubo_feasible,1,100,0.0409109193274029
709,0.0,0.948382202531439,0.0,0.2,ml100k,als,qubo_feasible,1,100,0.1752140912442402
713,0.0,0.8892937282179579,0.0,0.2,ml100k,als,qubo_feasible,1,100,0.154276151057025
725,0.0,0.8739113835377772,0.0,0.2,ml100k,als,qubo_feasible,1,100,0.0327181299932638
742,1.0,0.8227772497790559,1.0,0.2,ml100k,als,qubo_feasible,1,100,0.080173550060345
747,0.0,0.8137489889972845,0.0,0.2,ml100k,als,qubo_feasible,1,100,0.0710560875165197
748,0.0,0.9183718802796994,0.0,0.2,ml100k,als,qubo_feasible,1,100,0.0801648096604462
772,0.0,0.9318978261150616,0.0,0.2,ml100k,als,qubo_feasible,1,100,0.1165111569585023
783,0.0,0.9496425399768966,0.0,0.2,ml100k,als,qubo_feasible,1,100,0.089567913706749
790,0.0,0.8194866695374117,0.0,0.2,ml100k,als,qubo_feasible,1,100,0.0906629987423463
795,0.0,0.8975595840587122,0.0,0.2,ml100k,als,qubo_feasible,1,100,0.1082118365824338
802,0.0,0.9059871915965044,0.0,0.2,ml100k,als,qubo_feasible,1,100,0.1300911730554363
805,0.5,0.8451050174568576,1.0,0.2,ml100k,als,qubo_feasible,1,100,0.0683861082642512
807,0.0,0.8568903570431766,0.0,0.2,ml100k,als,qubo_feasible,1,100,0.0635179718308284
830,0.0,0.9732431489079574,0.0,0.2,ml100k,als,qubo_feasible,1,100,0.0993765459515522
839,0.0,0.8319677014531083,0.0,0.2,ml100k,als,qubo_feasible,1,100,0.0507009881549728
855,0.3333333333333333,0.9109220957817452,1.0,0.2,ml100k,als,qubo_feasible,1,100,0.0751564165602497
858,0.0,0.939015953449157,0.0,0.2,ml100k,als,qubo_feasible,1,100,0.0876399989249277
867,0.0,0.9633085162225876,0.0,0.2,ml100k,als,qubo_feasible,1,100,0.0689517181672781
873,0.0,0.9419169642887651,0.0,0.2,ml100k,als,qubo_feasible,1,100,0.0683553837035676
875,0.0,0.9148944032604632,0.0,0.2,ml100k,als,qubo_feasible,1,100,0.1478111316712986
887,0.0,0.932852502012982,0.0,0.2,ml100k,als,qubo_feasible,1,100,0.1490947613978883
890,0.0,0.928857478460516,0.0,0.2,ml100k,als,qubo_feasible,1,100,0.1619023453998143
898,0.0,0.909327432283107,0.0,0.2,ml100k,als,qubo_feasible,1,100,0.1259869136619581
905,0.0,0.8305561964346913,0.0,0.2,ml100k,als,qubo_feasible,1,100,0.1004394269121892
918,0.0,0.919211928789668,0.0,0.2,ml100k,als,qubo_feasible,1,100,0.1435789372981683
920,0.0,0.8400929954488813,0.0,0.2,ml100k,als,qubo_feasible,1,100,0.133234343601991
938,0.0,0.9432833062633792,0.0,0.2,ml100k,als,qubo_feasible,1,100,0.0778880575605242
17,0.0,0.9396879998072228,0.0,0.2,ml100k,als,qubo_tabu,1,100,0.1705799296659215
23,0.0,0.9754567461360492,0.0,0.2,ml100k,als,qubo_tabu,1,100,0.2189774001526378
29,0.0,0.9397357378115874,0.0,0.2,ml100k,als,qubo_tabu,1,100,0.092245975126719
36,0.0,0.909778918386746,0.0,0.2,ml100k,als,qubo_tabu,1,100,0.1257974203051577
50,0.0,0.952567219375659,0.0,0.2,ml100k,als,qubo_tabu,1,100,0.0871147367142977
54,0.0,0.932223828603702,0.0,0.2,ml100k,als,qubo_tabu,1,100,0.1717979050387419
57,0.0,0.856917934299896,0.0,0.2,ml100k,als,qubo_tabu,1,100,0.1335246794606542
73,0.0,0.9374425716973432,0.0,0.2,ml100k,als,qubo_tabu,1,100,0.1558961517845222
82,1.0,0.9373043909004128,1.0,0.2,ml100k,als,qubo_tabu,1,100,0.0697803062232585
104,0.0,0.9584555331139588,0.0,0.2,ml100k,als,qubo_tabu,1,100,0.0979014017218693
105,0.0,0.9683614934121408,0.0,0.2,ml100k,als,qubo_tabu,1,100,0.0578771838114742
108,0.0,0.8891005945419796,0.0,0.2,ml100k,als,qubo_tabu,1,100,0.0675661436977504
117,0.0,0.9759092649772432,0.0,0.2,ml100k,als,qubo_tabu,1,100,0.1588418913277836
122,0.0,0.8882440795737371,0.0,0.2,ml100k,als,qubo_tabu,1,100,0.055398986884531
139,0.0,0.9730939360458668,0.0,0.2,ml100k,als,qubo_tabu,1,100,0.087610256054083
144,0.3333333333333333,0.8879004633447836,1.0,0.2,ml100k,als,qubo_tabu,1,100,0.0690754861487692
179,0.0,0.8550575381178019,0.0,0.2,ml100k,als,qubo_tabu,1,100,0.0503222446612106
199,0.0,0.9525912458476562,0.0,0.2,ml100k,als,qubo_tabu,1,100,0.0534294379032621
212,0.0,0.931997490030685,0.0,0.2,ml100k,als,qubo_tabu,1,100,0.1057853499538545
220,0.0,0.9459040904710962,0.0,0.2,ml100k,als,qubo_tabu,1,100,0.1163247315289981
231,0.0,0.929651339029148,0.0,0.2,ml100k,als,qubo_tabu,1,100,0.1155556960905455
233,0.0,0.8201960726790396,0.0,0.2,ml100k,als,qubo_tabu,1,100,0.0814418392740047
242,0.0,0.8338605203987991,0.0,0.2,ml100k,als,qubo_tabu,1,100,0.1128411173138944
248,0.0,0.9512284927843296,0.0,0.2,ml100k,als,qubo_tabu,1,100,0.2136306537847884
262,0.0,0.9462288772477736,0.0,0.2,ml100k,als,qubo_tabu,1,100,0.1287004749904526
264,0.0,0.821902740513524,0.0,0.2,ml100k,als,qubo_tabu,1,100,0.1270091648198951
265,0.0,0.9360834274667936,0.0,0.2,ml100k,als,qubo_tabu,1,100,0.1262346165832058
286,0.0,0.9730004613966576,0.0,0.2,ml100k,als,qubo_tabu,1,100,0.1093473603827752
290,0.3154648767857287,0.8928883273036919,1.0,0.2,ml100k,als,qubo_tabu,1,100,0.0980525862379165
321,0.0,0.9884385480853016,0.0,0.2,ml100k,als,qubo_tabu,1,100,0.0968128147124961
330,0.0,0.8683473402173845,0.0,0.2,ml100k,als,qubo_tabu,1,100,0.0961709886838006
336,0.0,0.9665312658356002,0.0,0.2,ml100k,als,qubo_tabu,1,100,0.1343030752957967
339,0.0,0.9000809546291234,0.0,0.2,ml100k,als,qubo_tabu,1,100,0.0624113170090024
351,0.0,0.9144001027504044,0.0,0.2,ml100k,als,qubo_tabu,1,100,0.1858189060219189
354,0.0,0.927179805640306,0.0,0.2,ml100k,als,qubo_tabu,1,100,0.1136526275276528
361,0.0,0.948506244593206,0.0,0.2,ml100k,als,qubo_tabu,1,100,0.0828683446817016
380,0.0,0.7745795328598546,0.0,0.2,ml100k,als,qubo_tabu,1,100,0.0919564740283396
385,0.430676558073393,0.915511497398614,1.0,0.2,ml100k,als,qubo_tabu,1,100,0.067641599589306
391,0.0,0.9333177272465444,0.0,0.2,ml100k,als,qubo_tabu,1,100,0.0295661234199508
393,0.0,0.9700491131314404,0.0,0.2,ml100k,als,qubo_tabu,1,100,0.0901439718774409
396,0.0,0.9848791783770152,0.0,0.2,ml100k,als,qubo_tabu,1,100,0.0852939627316581
399,0.0,0.929215974167927,0.0,0.2,ml100k,als,qubo_tabu,1,100,0.0537082466334061
414,0.0,0.9127548250176304,0.0,0.2,ml100k,als,qubo_tabu,1,100,0.063996190912101
422,0.0,0.8916155318166228,0.0,0.2,ml100k,als,qubo_tabu,1,100,0.1082935310646336
423,0.0,0.9236677865652604,0.0,0.2,ml100k,als,qubo_tabu,1,100,0.1265129527886369
431,0.0,0.9175106003927064,0.0,0.2,ml100k,als,qubo_tabu,1,100,0.0836490658632329
432,0.0,0.975639705008084,0.0,0.2,ml100k,als,qubo_tabu,1,100,0.0393963274353209
442,0.0,0.9737249937530712,0.0,0.2,ml100k,als,qubo_tabu,1,100,0.0823702619228159
466,0.0,0.9702298405684996,0.0,0.2,ml100k,als,qubo_tabu,1,100,0.0395536369788429
467,0.0,0.932410996930832,0.0,0.2,ml100k,als,qubo_tabu,1,100,0.1173033630065565
473,0.0,0.9630412795337642,0.0,0.2,ml100k,als,qubo_tabu,1,100,0.1402958760056826
476,0.0,0.8983155694949042,0.0,0.2,ml100k,als,qubo_tabu,1,100,0.1220710084952049
478,0.0,0.8192632156975704,0.0,0.2,ml100k,als,qubo_tabu,1,100,0.1373840632175766
485,0.0,0.9533133559334592,0.0,0.2,ml100k,als,qubo_tabu,1,100,0.0926238187844827
513,0.0,0.9642731229992008,0.0,0.2,ml100k,als,qubo_tabu,1,100,0.0690702337894155
543,0.0,0.9161452808548344,0.0,0.2,ml100k,als,qubo_tabu,1,100,0.0711900875896109
550,0.0,0.9246666101301476,0.0,0.2,ml100k,als,qubo_tabu,1,100,0.0805623430364573
553,0.0,0.885343817785039,0.0,0.2,ml100k,als,qubo_tabu,1,100,0.0824943212034437
559,0.0,0.8396269578238682,0.0,0.2,ml100k,als,qubo_tabu,1,100,0.0786235407560144
566,0.0,0.911853155067488,0.0,0.2,ml100k,als,qubo_tabu,1,100,0.0750210626363978
593,0.0,0.8595522540561226,0.0,0.2,ml100k,als,qubo_tabu,1,100,0.1283336574462541
630,0.430676558073393,0.93987300241135,1.0,0.2,ml100k,als,qubo_tabu,1,100,0.1441534730967474
638,0.0,0.7902459204803475,0.0,0.2,ml100k,als,qubo_tabu,1,100,0.0874359412938353
648,0.0,0.979022289814118,0.0,0.2,ml100k,als,qubo_tabu,1,100,0.0599358980244635
651,0.0,0.8795091438910132,0.0,0.2,ml100k,als,qubo_tabu,1,100,0.116636029787688
653,0.0,0.873886851254609,0.0,0.2,ml100k,als,qubo_tabu,1,100,0.0391517742858719
659,0.0,0.929008700657637,0.0,0.2,ml100k,als,qubo_tabu,1,100,0.1070145523023712
664,0.0,0.9697186683099872,0.0,0.2,ml100k,als,qubo_tabu,1,100,0.1018696546633276
668,1.0,0.7830076120833989,1.0,0.2,ml100k,als,qubo_tabu,1,100,0.1990083609635627
686,0.0,0.9454304780419048,0.0,0.2,ml100k,als,qubo_tabu,1,100,0.0848342122372363
699,0.5,0.8562373953480585,1.0,0.2,ml100k,als,qubo_tabu,1,100,0.0710893697324221
706,0.0,0.9344963605063782,0.0,0.2,ml100k,als,qubo_tabu,1,100,0.1262404894843792
707,0.3333333333333333,0.8854281727668232,1.0,0.2,ml100k,als,qubo_tabu,1,100,0.0586657893834348
709,0.0,0.917426212323708,0.0,0.2,ml100k,als,qubo_tabu,1,100,0.1263734491611271
713,0.0,0.907040038461508,0.0,0.2,ml100k,als,qubo_tabu,1,100,0.1479452814824424
725,0.0,0.9157879517453016,0.0,0.2,ml100k,als,qubo_tabu,1,100,0.0345165343581162
742,1.0,0.8484343228064805,1.0,0.2,ml100k,als,qubo_tabu,1,100,0.0648573636231078
747,0.0,0.8460382821647286,0.0,0.2,ml100k,als,qubo_tabu,1,100,0.0643209394503618
748,0.0,0.9358923174374713,0.0,0.2,ml100k,als,qubo_tabu,1,100,0.0790768644434598
772,0.0,0.969638290078384,0.0,0.2,ml100k,als,qubo_tabu,1,100,0.1263226126081559
783,0.0,0.9638893104932724,0.0,0.2,ml100k,als,qubo_tabu,1,100,0.0817238587446671
790,0.0,0.8619948208115111,0.0,0.2,ml100k,als,qubo_tabu,1,100,0.0850914022696386
795,0.0,0.9036455518747192,0.0,0.2,ml100k,als,qubo_tabu,1,100,0.1114308500175429
802,0.0,0.9231951450313728,0.0,0.2,ml100k,als,qubo_tabu,1,100,0.1251660790115141
805,0.5,0.8893623384770325,1.0,0.2,ml100k,als,qubo_tabu,1,100,0.0729489011426899
807,0.0,0.875311623171278,0.0,0.2,ml100k,als,qubo_tabu,1,100,0.0638551056218811
830,0.0,0.9746062670192674,0.0,0.2,ml100k,als,qubo_tabu,1,100,0.07093126474014
839,0.0,0.8579829191740151,0.0,0.2,ml100k,als,qubo_tabu,1,100,0.0507365460135333
855,0.0,0.9414753726881556,0.0,0.2,ml100k,als,qubo_tabu,1,100,0.0933353574167965
858,0.0,0.975412528008179,0.0,0.2,ml100k,als,qubo_tabu,1,100,0.1081606244432279
867,0.0,0.976437572340422,0.0,0.2,ml100k,als,qubo_tabu,1,100,0.0677241487440757
873,0.0,0.98368497772653,0.0,0.2,ml100k,als,qubo_tabu,1,100,0.0781421815854966
875,0.0,0.9412097178105744,0.0,0.2,ml100k,als,qubo_tabu,1,100,0.1801837408577886
887,0.0,0.9518796127905572,0.0,0.2,ml100k,als,qubo_tabu,1,100,0.1624715907245429
890,0.0,0.9497593914977204,0.0,0.2,ml100k,als,qubo_tabu,1,100,0.1734222435408526
898,0.0,0.96172025740321,0.0,0.2,ml100k,als,qubo_tabu,1,100,0.147978044672335
905,1.0,0.8478004222950242,1.0,0.2,ml100k,als,qubo_tabu,1,100,0.1055220220520407
918,0.430676558073393,0.9167444148561176,1.0,0.2,ml100k,als,qubo_tabu,1,100,0.1221090017077484
920,0.0,0.8524689034582673,0.0,0.2,ml100k,als,qubo_tabu,1,100,0.1493381202950118
938,0.0,0.9834559697995734,0.0,0.2,ml100k,als,qubo_tabu,1,100,0.0824424103688306
35,0.0,1.0,0.0,0.7,ml100k,popularity,none,2,100,
36,0.0,1.0,0.0,1.3,ml100k,popularity,none,2,100,
47,0.0,1.0,0.0,1.3,ml100k,popularity,none,2,100,
53,0.0,1.0,0.0,1.3,ml100k,popularity,none,2,100,
71,0.3868528072345416,1.0,1.0,1.3,ml100k,popularity,none,2,100,
78,0.0,1.0,0.0,1.5,ml100k,popularity,none,2,100,
90,0.0,1.0,0.0,1.3,ml100k,popularity,none,2,100,
92,0.0,1.0,0.0,1.3,ml100k,popularity,none,2,100,
94,0.0,1.0,0.0,0.8,ml100k,popularity,none,2,100,
96,0.3154648767857287,1.0,1.0,1.5,ml100k,popularity,none,2,100,
130,0.0,1.0,0.0,1.1,ml100k,popularity,none,2,100,
161,0.0,1.0,0.0,1.1,ml100k,popularity,none,2,100,
165,0.3868528072345416,1.0,1.0,1.1,ml100k,popularity,none,2,100,
173,0.0,1.0,0.0,1.1,ml100k,popularity,none,2,100,
182,0.0,1.0,0.0,1.3,ml100k,popularity,none,2,100,
192,0.0,1.0,0.0,1.1,ml100k,popularity,none,2,100,
196,0.0,1.0,0.0,0.8,ml100k,popularity,none,2,100,
200,0.0,1.0,0.0,1.1,ml100k,popularity,none,2,100,
203,0.0,1.0,0.0,1.5,ml100k,popularity,none,2,100,
221,0.0,1.0,0.0,1.1,ml100k,popularity,none,2,100,
225,0.0,1.0,0.0,1.0,ml100k,popularity,none,2,100,
236,0.2890648263178879,1.0,1.0,0.7,ml100k,popularity,none,2,100,
243,0.0,1.0,0.0,1.5,ml100k,popularity,none,2,100,
252,0.0,1.0,0.0,1.3,ml100k,popularity,none,2,100,
264,0.0,1.0,0.0,1.3,ml100k,popularity,none,2,100,
284,0.0,1.0,0.0,1.3,ml100k,popularity,none,2,100,
285,0.0,1.0,0.0,1.5,ml100k,popularity,none,2,100,
294,0.0,1.0,0.0,1.5,ml100k,popularity,none,2,100,
306,0.0,1.0,0.0,1.3,ml100k,popularity,none,2,100,
316,0.0,1.0,0.0,1.3,ml100k,popularity,none,2,100,
334,0.430676558073393,1.0,1.0,1.5,ml100k,popularity,none,2,100,
345,0.0,1.0,0.0,1.1,ml100k,popularity,none,2,100,
350,0.6309297535714575,1.0,1.0,1.5,ml100k,popularity,none,2,100,
369,0.0,1.0,0.0,1.5,ml100k,popularity,none,2,100,
371,0.0,1.0,0.0,1.5,ml100k,popularity,none,2,100,
375,0.0,1.0,0.0,0.9,ml100k,popularity,none,2,100,
383,0.0,1.0,0.0,1.3,ml100k,popularity,none,2,100,
404,0.0,1.0,0.0,1.3,ml100k,popularity,none,2,100,
406,0.0,1.0,0.0,0.9,ml100k,popularity,none,2,100,
407,0.0,1.0,0.0,1.1,ml100k,popularity,none,2,100,
413,0.0,1.0,0.0,1.3,ml100k,popularity,none,2,100,
414,0.0,1.0,0.0,0.5,ml100k,popularity,none,2,100,
422,0.0,1.0,0.0,1.3,ml100k,popularity,none,2,100,
430,0.0,1.0,0.0,0.7,ml100k,popularity,none,2,100,
433,0.0,1.0,0.0,1.1,ml100k,popularity,none,2,100,
449,0.0,1.0,0.0,1.1,ml100k,popularity,none,2,100,
453,0.0,1.0,0.0,1.3,ml100k,popularity,none,2,100,
454,1.0,1.0,1.0,1.3,ml100k,popularity,none,2,100,
463,0.0,1.0,0.0,1.3,ml100k,popularity,none,2,100,
472,0.0,1.0,0.0,0.7,ml100k,popularity,none,2,100,
473,0.0,1.0,0.0,1.3,ml100k,popularity,none,2,100,
474,0.0,1.0,0.0,1.3,ml100k,popularity,none,2,100,
480,0.0,1.0,0.0,1.3,ml100k,popularity,none,2,100,
486,0.0,1.0,0.0,0.7,ml100k,popularity,none,2,100,
489,0.0,1.0,0.0,1.3,ml100k,popularity,none,2,100,
511,0.0,1.0,0.0,0.7,ml100k,popularity,none,2,100,
513,0.0,1.0,0.0,0.7,ml100k,popularity,none,2,100,
541,0.0,1.0,0.0,1.5,ml100k,popularity,none,2,100,
543,0.0,1.0,0.0,1.5,ml100k,popularity,none,2,100,
545,0.0,1.0,0.0,1.3,ml100k,popularity,none,2,100,
554,0.0,1.0,0.0,1.5,ml100k,popularity,none,2,100,
567,0.0,1.0,0.0,1.5,ml100k,popularity,none,2,100,
568,0.0,1.0,0.0,1.3,ml100k,popularity,none,2,100,
582,0.0,1.0,0.0,1.1,ml100k,popularity,none,2,100,
588,0.0,1.0,0.0,0.9,ml100k,popularity,none,2,100,
590,0.0,1.0,0.0,1.1,ml100k,popularity,none,2,100,
591,0.0,1.0,0.0,1.5,ml100k,popularity,none,2,100,
600,0.0,1.0,0.0,0.9,ml100k,popularity,none,2,100,
614,0.0,1.0,0.0,1.5,ml100k,popularity,none,2,100,
617,0.0,1.0,0.0,0.9,ml100k,popularity,none,2,100,
622,0.0,1.0,0.0,1.3,ml100k,popularity,none,2,100,
623,0.0,1.0,0.0,0.7,ml100k,popularity,none,2,100,
630,0.0,1.0,0.0,1.3,ml100k,popularity,none,2,100,
646,0.0,1.0,0.0,1.5,ml100k,popularity,none,2,100,
650,0.0,1.0,0.0,1.3,ml100k,popularity,none,2,100,
691,0.0,1.0,0.0,1.3,ml100k,popularity,none,2,100,
694,0.0,1.0,0.0,1.5,ml100k,popularity,none,2,100,
706,0.0,1.0,0.0,1.1,ml100k,popularity,none,2,100,
719,0.0,1.0,0.0,0.9,ml100k,popularity,none,2,100,
720,0.0,1.0,0.0,1.1,ml100k,popularity,none,2,100,
755,0.0,1.0,0.0,1.5,ml100k,popularity,none,2,100,
762,0.0,1.0,0.0,0.7,ml100k,popularity,none,2,100,
770,0.0,1.0,0.0,1.3,ml100k,popularity,none,2,100,
773,0.0,1.0,0.0,0.6,ml100k,popularity,none,2,100,
780,0.0,1.0,0.0,1.5,ml100k,popularity,none,2,100,
792,0.0,1.0,0.0,1.5,ml100k,popularity,none,2,100,
794,0.0,1.0,0.0,1.3,ml100k,popularity,none,2,100,
802,0.0,1.0,0.0,1.5,ml100k,popularity,none,2,100,
811,0.0,1.0,0.0,1.1,ml100k,popularity,none,2,100,
819,0.0,1.0,0.0,1.5,ml100k,popularity,none,2,100,
824,0.0,1.0,0.0,1.3,ml100k,popularity,none,2,100,
825,0.0,1.0,0.0,1.3,ml100k,popularity,none,2,100,
827,0.0,1.0,0.0,1.0,ml100k,popularity,none,2,100,
848,0.0,1.0,0.0,1.5,ml100k,popularity,none,2,100,
849,0.3868528072345416,1.0,1.0,0.8,ml100k,popularity,none,2,100,
865,0.0,1.0,0.0,1.5,ml100k,popularity,none,2,100,
871,0.0,1.0,0.0,1.3,ml100k,popularity,none,2,100,
890,0.0,1.0,0.0,1.5,ml100k,popularity,none,2,100,
897,0.0,1.0,0.0,1.3,ml100k,popularity,none,2,100,
940,0.0,1.0,0.0,1.1,ml100k,popularity,none,2,100,
35,0.0,1.0,0.0,0.7,ml100k,popularity,greedy_topk,2,100,0.3361201427614911
36,0.0,1.0,0.0,1.3,ml100k,popularity,greedy_topk,2,100,0.4733222754930078
47,0.0,1.0,0.0,1.3,ml100k,popularity,greedy_topk,2,100,0.5651314952780797
53,0.0,1.0,0.0,1.3,ml100k,popularity,greedy_topk,2,100,0.4827714806992631
71,0.3868528072345416,1.0,1.0,1.3,ml100k,popularity,greedy_topk,2,100,0.5062259412442874
78,0.0,1.0,0.0,1.5,ml100k,popularity,greedy_topk,2,100,0.4743321806133987
90,0.0,1.0,0.0,1.3,ml100k,popularity,greedy_topk,2,100,0.4528783162402326
92,0.0,1.0,0.0,1.3,ml100k,popularity,greedy_topk,2,100,0.427952474111
94,0.0,1.0,0.0,0.8,ml100k,popularity,greedy_topk,2,100,0.3582929840355164
96,0.3154648767857287,1.0,1.0,1.5,ml100k,popularity,greedy_topk,2,100,0.4987004599374213
130,0.0,1.0,0.0,1.1,ml100k,popularity,greedy_topk,2,100,0.4127211521886086
161,0.0,1.0,0.0,1.1,ml100k,popularity,greedy_topk,2,100,0.3695020828304751
165,0.3868528072345416,1.0,1.0,1.1,ml100k,popularity,greedy_topk,2,100,0.3999251878323988
173,0.0,1.0,0.0,1.1,ml100k,popularity,greedy_topk,2,100,0.4609016463728106
182,0.0,1.0,0.0,1.3,ml100k,popularity,greedy_topk,2,100,0.4063198334248151
192,0.0,1.0,0.0,1.1,ml100k,popularity,greedy_topk,2,100,0.4604407131637947
196,0.0,1.0,0.0,0.8,ml100k,popularity,greedy_topk,2,100,0.3392799481971874
200,0.0,1.0,0.0,1.1,ml100k,popularity,greedy_topk,2,100,0.4350875715941782
203,0.0,1.0,0.0,1.5,ml100k,popularity,greedy_topk,2,100,0.5122360593745131
221,0.0,1.0,0.0,1.1,ml100k,popularity,greedy_topk,2,100,0.3983871129886836
225,0.0,1.0,0.0,1.0,ml100k,popularity,greedy_topk,2,100,0.2857472848708171
236,0.2890648263178879,1.0,1.0,0.7,ml100k,popularity,greedy_topk,2,100,0.3577368849056443
243,0.0,1.0,0.0,1.5,ml100k,popularity,greedy_topk,2,100,0.4507858834367061
252,0.0,1.0,0.0,1.3,ml100k,popularity,greedy_topk,2,100,0.4471905219791919
264,0.0,1.0,0.0,1.3,ml100k,popularity,greedy_topk,2,100,0.4409240032337336
284,0.0,1.0,0.0,1.3,ml100k,popularity,greedy_topk,2,100,0.5092462631458843
285,0.0,1.0,0.0,1.5,ml100k,popularity,greedy_topk,2,100,0.5438269742339117
294,0.0,1.0,0.0,1.5,ml100k,popularity,greedy_topk,2,100,0.4964892863341693
306,0.0,1.0,0.0,1.3,ml100k,popularity,greedy_topk,2,100,0.4908261763632746
316,0.0,1.0,0.0,1.3,ml100k,popularity,greedy_topk,2,100,0.5045302316566534
334,0.430676558073393,1.0,1.0,1.5,ml100k,popularity,greedy_topk,2,100,0.505177716393918
345,0.0,1.0,0.0,1.1,ml100k,popularity,greedy_topk,2,100,0.4337127857577229
350,0.6309297535714575,1.0,1.0,1.5,ml100k,popularity,greedy_topk,2,100,0.5122360593745131
369,0.0,1.0,0.0,1.5,ml100k,popularity,greedy_topk,2,100,0.505177716393918
371,0.0,1.0,0.0,1.5,ml100k,popularity,greedy_topk,2,100,0.483186263790009
375,0.0,1.0,0.0,0.9,ml100k,popularity,greedy_topk,2,100,0.3915189234523494
383,0.0,1.0,0.0,1.3,ml100k,popularity,greedy_topk,2,100,0.4796676987278387
404,0.0,1.0,0.0,1.3,ml100k,popularity,greedy_topk,2,100,0.4676251496683867
406,0.0,1.0,0.0,0.9,ml100k,popularity,greedy_topk,2,100,0.4232565091165887
407,0.0,1.0,0.0,1.1,ml100k,popularity,greedy_topk,2,100,0.4304049949105162
413,0.0,1.0,0.0,1.3,ml100k,popularity,greedy_topk,2,100,0.4469220068397533
414,0.0,1.0,0.0,0.5,ml100k,popularity,greedy_topk,2,100,0.3497461450001392
422,0.0,1.0,0.0,1.3,ml100k,popularity,greedy_topk,2,100,0.4599430678475527
430,0.0,1.0,0.0,0.7,ml100k,popularity,greedy_topk,2,100,0.3141986021149413
433,0.0,1.0,0.0,1.1,ml100k,popularity,greedy_topk,2,100,0.3866617517432984
449,0.0,1.0,0.0,1.1,ml100k,popularity,greedy_topk,2,100,0.4180527178382187
453,0.0,1.0,0.0,1.3,ml100k,popularity,greedy_topk,2,100,0.4737598813891945
454,1.0,1.0,1.0,1.3,ml100k,popularity,greedy_topk,2,100,0.4525610654787295
463,0.0,1.0,0.0,1.3,ml100k,popularity,greedy_topk,2,100,0.4467656122398606
472,0.0,1.0,0.0,0.7,ml100k,popularity,greedy_topk,2,100,0.3946227357971464
473,0.0,1.0,0.0,1.3,ml100k,popularity,greedy_topk,2,100,0.4636331613809233
474,0.0,1.0,0.0,1.3,ml100k,popularity,greedy_topk,2,100,0.4584190836471457
480,0.0,1.0,0.0,1.3,ml100k,popularity,greedy_topk,2,100,0.5092462631458843
486,0.0,1.0,0.0,0.7,ml100k,popularity,greedy_topk,2,100,0.3142461881096782
489,0.0,1.0,0.0,1.3,ml100k,popularity,greedy_topk,2,100,0.4428446440245034
511,0.0,1.0,0.0,0.7,ml100k,popularity,greedy_topk,2,100,0.3584677467376529
513,0.0,1.0,0.0,0.7,ml100k,popularity,greedy_topk,2,100,0.3553523864447838
541,0.0,1.0,0.0,1.5,ml100k,popularity,greedy_topk,2,100,0.5438269742339117
543,0.0,1.0,0.0,1.5,ml100k,popularity,greedy_topk,2,100,0.5438269742339117
545,0.0,1.0,0.0,1.3,ml100k,popularity,greedy_topk,2,100,0.4761640309039405
554,0.0,1.0,0.0,1.5,ml100k,popularity,greedy_topk,2,100,0.4748939646107228
567,0.0,1.0,0.0,1.5,ml100k,popularity,greedy_topk,2,100,0.493439840187551
568,0.0,1.0,0.0,1.3,ml100k,popularity,greedy_topk,2,100,0.4523969283248557
582,0.0,1.0,0.0,1.1,ml100k,popularity,greedy_topk,2,100,0.460890028405561
588,0.0,1.0,0.0,0.9,ml100k,popularity,greedy_topk,2,100,0.4518372297989687
590,0.0,1.0,0.0,1.1,ml100k,popularity,greedy_topk,2,100,0.4154897646201949
591,0.0,1.0,0.0,1.5,ml100k,popularity,greedy_topk,2,100,0.4964892863341693
600,0.0,1.0,0.0,0.9,ml100k,popularity,greedy_topk,2,100,0.3341230512465641
614,0.0,1.0,0.0,1.5,ml100k,popularity,greedy_topk,2,100,0.5246389787825264
617,0.0,1.0,0.0,0.9,ml100k,popularity,greedy_topk,2,100,0.284953986897963
622,0.0,1.0,0.0,1.3,ml100k,popularity,greedy_topk,2,100,0.4874971325134695
623,0.0,1.0,0.0,0.7,ml100k,popularity,greedy_topk,2,100,0.3736855368347875
630,0.0,1.0,0.0,1.3,ml100k,popularity,greedy_topk,2,100,0.4740876849737025
646,0.0,1.0,0.0,1.5,ml100k,popularity,greedy_topk,2,100,0.5079891267889785
650,0.0,1.0,0.0,1.3,ml100k,popularity,greedy_topk,2,100,0.4898010934175448
691,0.0,1.0,0.0,1.3,ml100k,popularity,greedy_topk,2,100,0.4525561577470985
694,0.0,1.0,0.0,1.5,ml100k,popularity,greedy_topk,2,100,0.5438269742339117
706,0.0,1.0,0.0,1.1,ml100k,popularity,greedy_topk,2,100,0.4537495719794785
719,0.0,1.0,0.0,0.9,ml100k,popularity,greedy_topk,2,100,0.3934499104152994
720,0.0,1.0,0.0,1.1,ml100k,popularity,greedy_topk,2,100,0.4284564564840004
755,0.0,1.0,0.0,1.5,ml100k,popularity,greedy_topk,2,100,0.4805069246068276
762,0.0,1.0,0.0,0.7,ml100k,popularity,greedy_topk,2,100,0.3812594764029188
770,0.0,1.0,0.0,1.3,ml100k,popularity,greedy_topk,2,100,0.4274108053258472
773,0.0,1.0,0.0,0.6,ml100k,popularity,greedy_topk,2,100,0.3029664684823124
780,0.0,1.0,0.0,1.5,ml100k,popularity,greedy_topk,2,100,0.4997447550822193
792,0.0,1.0,0.0,1.5,ml100k,popularity,greedy_topk,2,100,0.5246389787825264
794,0.0,1.0,0.0,1.3,ml100k,popularity,greedy_topk,2,100,0.4686152284700159
802,0.0,1.0,0.0,1.5,ml100k,popularity,greedy_topk,2,100,0.4266248919559965
811,0.0,1.0,0.0,1.1,ml100k,popularity,greedy_topk,2,100,0.4151558362646638
819,0.0,1.0,0.0,1.5,ml100k,popularity,greedy_topk,2,100,0.4770672322960311
824,0.0,1.0,0.0,1.3,ml100k,popularity,greedy_topk,2,100,0.5232222747319769
825,0.0,1.0,0.0,1.3,ml100k,popularity,greedy_topk,2,100,0.4773402322030811
827,0.0,1.0,0.0,1.0,ml100k,popularity,greedy_topk,2,100,0.380661033000842
848,0.0,1.0,0.0,1.5,ml100k,popularity,greedy_topk,2,100,0.5438269742339117
849,0.3868528072345416,1.0,1.0,0.8,ml100k,popularity,greedy_topk,2,100,0.2878841057741657
865,0.0,1.0,0.0,1.5,ml100k,popularity,greedy_topk,2,100,0.4608184527813764
871,0.0,1.0,0.0,1.3,ml100k,popularity,greedy_topk,2,100,0.4789697567627205
890,0.0,1.0,0.0,1.5,ml100k,popularity,greedy_topk,2,100,0.4665014365236971
897,0.0,1.0,0.0,1.3,ml100k,popularity,greedy_topk,2,100,0.4559785655604412
940,0.0,1.0,0.0,1.1,ml100k,popularity,greedy_topk,2,100,0.4339608180191696
35,0.0,0.9911657265209496,0.0,0.5,ml100k,popularity,mmr,2,100,0.3047505905081294
36,0.0,0.9946651158223614,0.0,1.1,ml100k,popularity,mmr,2,100,0.466343973243525
47,0.0,0.945825677682012,0.0,0.7,ml100k,popularity,mmr,2,100,0.3287888399901849
53,0.0,0.9926864788087588,0.0,1.1,ml100k,popularity,mmr,2,100,0.4786798255425452
71,0.3868528072345416,0.988721111374108,1.0,0.9,ml100k,popularity,mmr,2,100,0.4692802582000996
78,0.0,0.9945254776411008,0.0,1.3,ml100k,popularity,mmr,2,100,0.449673969257733
90,0.0,0.9886740193880228,0.0,0.9,ml100k,popularity,mmr,2,100,0.4331506475754171
92,0.0,0.9914131929686,0.0,1.1,ml100k,popularity,mmr,2,100,0.4142892150670692
94,0.0,0.9926409654249368,0.0,0.9,ml100k,popularity,mmr,2,100,0.3442977262554396
96,0.0,0.9766404393146392,0.0,1.1,ml100k,popularity,mmr,2,100,0.4094456640402598
130,0.0,0.9826038762784988,0.0,0.9,ml100k,popularity,mmr,2,100,0.3736124959965284
161,0.0,0.9832144394068612,0.0,0.8,ml100k,popularity,mmr,2,100,0.346534497783809
165,0.3868528072345416,0.9925113482069886,1.0,0.9,ml100k,popularity,mmr,2,100,0.3941863166414292
173,0.0,0.9763947643347882,0.0,0.8,ml100k,popularity,mmr,2,100,0.4088061147988117
182,0.0,0.981615885565194,0.0,1.0,ml100k,popularity,mmr,2,100,0.3565332479545732
192,0.0,0.9936837216624488,0.0,0.9,ml100k,popularity,mmr,2,100,0.4413370532233914
196,0.2890648263178879,0.8452571269417269,1.0,0.9,ml100k,popularity,mmr,2,100,0.1761659521464091
200,0.0,0.977462090741519,0.0,0.8,ml100k,popularity,mmr,2,100,0.3696286539648803
203,0.0,0.9749637690295626,0.0,1.0,ml100k,popularity,mmr,2,100,0.4426129719963442
221,0.0,0.9683766721620364,0.0,0.5,ml100k,popularity,mmr,2,100,0.3302110470735612
225,0.0,0.9741765643967928,0.0,0.8,ml100k,popularity,mmr,2,100,0.2740503616353881
236,0.3154648767857287,0.9782686205153784,1.0,0.9,ml100k,popularity,mmr,2,100,0.3344169179822794
243,0.0,0.9875159787380656,0.0,1.1,ml100k,popularity,mmr,2,100,0.4166547394135606
252,0.0,0.9959084397955748,0.0,1.1,ml100k,popularity,mmr,2,100,0.4299014826005193
264,0.0,0.9919926890941496,0.0,0.9,ml100k,popularity,mmr,2,100,0.4251803171510226
284,0.0,0.9861070329853884,0.0,0.9,ml100k,popularity,mmr,2,100,0.4736493866121217
285,0.3010299956639812,0.9728800370235846,1.0,0.9,ml100k,popularity,mmr,2,100,0.4483803063089254
294,0.0,0.9859909561627542,0.0,1.1,ml100k,popularity,mmr,2,100,0.4633256633331728
306,0.0,0.9865437420749504,0.0,0.9,ml100k,popularity,mmr,2,100,0.4656950057311501
316,0.0,0.981311073786574,0.0,0.9,ml100k,popularity,mmr,2,100,0.4584452644579432
334,0.5,0.9860924753286474,1.0,1.1,ml100k,popularity,mmr,2,100,0.4705405973815818
345,0.0,0.9905627953669356,0.0,0.9,ml100k,popularity,mmr,2,100,0.400791021755391
350,0.6309297535714575,0.9813602412471542,1.0,1.3,ml100k,popularity,mmr,2,100,0.4612889906812548
369,0.0,0.9860924753286474,0.0,1.1,ml100k,popularity,mmr,2,100,0.4705405973815818
371,0.0,0.9928728530513712,0.0,1.1,ml100k,popularity,mmr,2,100,0.448296408391882
375,0.0,0.9754255847061492,0.0,0.9,ml100k,popularity,mmr,2,100,0.3618876349333912
383,0.0,0.9992892507277676,0.0,1.1,ml100k,popularity,mmr,2,100,0.4717503053924186
404,0.0,0.983995293797312,0.0,0.9,ml100k,popularity,mmr,2,100,0.410987501925863
406,0.0,0.9912069108342392,0.0,0.6,ml100k,popularity,mmr,2,100,0.3747743502796101
407,0.0,0.958500372999825,0.0,1.1,ml100k,popularity,mmr,2,100,0.3483515911448884
413,0.0,0.996453415203843,0.0,1.3,ml100k,popularity,mmr,2,100,0.445472817970529
414,0.0,0.987634998108237,0.0,0.6,ml100k,popularity,mmr,2,100,0.334585896733551
422,0.0,0.9895054271227516,0.0,1.1,ml100k,popularity,mmr,2,100,0.4194558225876546
430,0.0,0.9956780408326044,0.0,0.5,ml100k,popularity,mmr,2,100,0.3084479431847092
433,0.0,0.9915979768348576,0.0,0.7,ml100k,popularity,mmr,2,100,0.3538813353525006
449,0.0,0.992678038557897,0.0,1.1,ml100k,popularity,mmr,2,100,0.3983638848231277
453,0.0,0.9831945777995894,0.0,1.1,ml100k,popularity,mmr,2,100,0.4340051515211299
454,1.0,0.9899209715795284,1.0,0.9,ml100k,popularity,mmr,2,100,0.4364039792440412
463,0.0,0.9983454147877118,0.0,1.1,ml100k,popularity,mmr,2,100,0.4456891874569945
472,0.0,0.9868765937968867,0.0,0.5,ml100k,popularity,mmr,2,100,0.3720025388895205
473,0.0,0.9772412041603334,0.0,0.7,ml100k,popularity,mmr,2,100,0.403812049531011
474,0.0,0.9778579107404016,0.0,1.1,ml100k,popularity,mmr,2,100,0.4128585784079384
480,0.2890648263178879,0.9861070329853884,1.0,0.9,ml100k,popularity,mmr,2,100,0.4736493866121217
486,0.0,0.9724873845622074,0.0,0.5,ml100k,popularity,mmr,2,100,0.2767580795341556
489,0.0,0.9696316290706828,0.0,0.7,ml100k,popularity,mmr,2,100,0.3748292518489318
511,0.0,0.9976962199355902,0.0,0.9,ml100k,popularity,mmr,2,100,0.3471302245938167
513,0.0,0.989381617033938,0.0,0.7,ml100k,popularity,mmr,2,100,0.3372025459501043
541,0.0,0.9993252971938432,0.0,1.3,ml100k,popularity,mmr,2,100,0.5337506556818484
543,0.0,0.9728800370235846,0.0,0.9,ml100k,popularity,mmr,2,100,0.4483803063089254
545,0.0,0.989911599267881,0.0,1.1,ml100k,popularity,mmr,2,100,0.4600814684944717
554,0.0,0.9901278928580528,0.0,1.3,ml100k,popularity,mmr,2,100,0.4489538898210657
567,0.0,0.9860354593411872,0.0,1.1,ml100k,popularity,mmr,2,100,0.4581472505015327
568,0.0,0.995790319174214,0.0,1.1,ml100k,popularity,mmr,2,100,0.4318192682648986
582,0.0,0.9811519660450556,0.0,0.7,ml100k,popularity,mmr,2,100,0.403275919784072
588,0.0,0.9737515261507692,0.0,1.0,ml100k,popularity,mmr,2,100,0.3550111618045356
590,0.0,0.9593560744458473,0.0,0.8,ml100k,popularity,mmr,2,100,0.3048217829298299
591,0.0,0.99480444121991,0.0,1.3,ml100k,popularity,mmr,2,100,0.488010375797159
600,0.0,0.993369684575192,0.0,0.7,ml100k,popularity,mmr,2,100,0.3222827004666734
614,0.0,0.9884432297133792,0.0,1.1,ml100k,popularity,mmr,2,100,0.4787771485938863
617,0.0,0.9827805344089084,0.0,1.1,ml100k,popularity,mmr,2,100,0.260998020659161
622,0.0,0.964618241703304,0.0,0.9,ml100k,popularity,mmr,2,100,0.3391163129030967
623,0.0,0.9926806893988058,0.0,0.7,ml100k,popularity,mmr,2,100,0.364921137094454
630,0.0,1.0,0.0,1.3,ml100k,popularity,mmr,2,100,0.4740876849737025
646,0.0,0.9740482667917228,0.0,0.9,ml100k,popularity,mmr,2,100,0.4318780909144004
650,0.0,0.9864363077325284,0.0,0.9,ml100k,popularity,mmr,2,100,0.4666045100653599
691,0.0,0.981783284226081,0.0,1.1,ml100k,popularity,mmr,2,100,0.4093493881426672
694,0.0,0.9993252971938432,0.0,1.3,ml100k,popularity,mmr,2,100,0.5337506556818484
706,0.0,0.975817792514604,0.0,1.1,ml100k,popularity,mmr,2,100,0.372610507207857
719,0.0,0.9587811245245486,0.0,0.8,ml100k,popularity,mmr,2,100,0.318273326984963
720,0.0,0.9710942677045792,0.0,0.9,ml100k,popularity,mmr,2,100,0.3602700617431593
755,0.3010299956639812,0.986441014972777,1.0,1.1,ml100k,popularity,mmr,2,100,0.4578090075074692
762,0.0,0.990493258507408,0.0,0.9,ml100k,popularity,mmr,2,100,0.367394428032843
770,0.0,0.9725005575906482,0.0,0.8,ml100k,popularity,mmr,2,100,0.3593380866627444
773,0.0,0.9290580771609568,0.0,1.0,ml100k,popularity,mmr,2,100,0.2418290353020881
780,0.0,0.9948492879994588,0.0,1.3,ml100k,popularity,mmr,2,100,0.4908309371537707
792,0.0,0.9884432297133792,0.0,1.1,ml100k,popularity,mmr,2,100,0.4787771485938863
794,0.0,0.9863771668204524,0.0,0.9,ml100k,popularity,mmr,2,100,0.4503988511828253
802,0.0,0.9828456654071986,0.0,0.9,ml100k,popularity,mmr,2,100,0.4032632322030995
811,0.0,1.0,0.0,1.1,ml100k,popularity,mmr,2,100,0.4151558362646638
819,0.0,0.9782851747030216,0.0,1.1,ml100k,popularity,mmr,2,100,0.4135027778617288
824,0.0,0.9836102659116344,0.0,0.9,ml100k,popularity,mmr,2,100,0.4682497473139571
825,0.0,0.9926969650613284,0.0,1.1,ml100k,popularity,mmr,2,100,0.4710332134073265
827,0.0,0.9849362304490764,0.0,0.8,ml100k,popularity,mmr,2,100,0.3628122083406248
848,0.0,0.9993252971938432,0.0,1.3,ml100k,popularity,mmr,2,100,0.5337506556818484
849,0.3868528072345416,0.9981453524194004,1.0,0.6,ml100k,popularity,mmr,2,100,0.2892527801117791
865,0.0,0.9963060262968412,0.0,1.3,ml100k,popularity,mmr,2,100,0.4273211045051655
871,0.0,0.9882369289300768,0.0,0.9,ml100k,popularity,mmr,2,100,0.4507188603995228
890,0.0,0.9897812596282598,0.0,1.3,ml100k,popularity,mmr,2,100,0.439835543433454
897,0.0,0.9797780245752415,0.0,1.1,ml100k,popularity,mmr,2,100,0.3534309353953421
940,0.0,1.0,0.0,1.1,ml100k,popularity,mmr,2,100,0.4339608180191696
35,0.0,0.9791448888969164,0.0,0.2,ml100k,popularity,quota_mmr,2,100,0.3078146008666922
36,0.0,0.884821727224888,0.0,0.3,ml100k,popularity,quota_mmr,2,100,0.3706272905016581
47,0.0,0.923357356246932,0.0,0.2,ml100k,popularity,quota_mmr,2,100,0.3354293823027097
53,0.2890648263178879,0.8693637768959178,1.0,0.3,ml100k,popularity,quota_mmr,2,100,0.3668000567055272
71,0.430676558073393,0.8995084497411975,1.0,0.3,ml100k,popularity,quota_mmr,2,100,0.3888464928950347
78,0.0,0.8511181803014989,0.0,0.3,ml100k,popularity,quota_mmr,2,100,0.3334766031092652
90,0.0,0.8914851584745297,0.0,0.2,ml100k,popularity,quota_mmr,2,100,0.3643395775822614
92,0.0,0.8887411878756376,0.0,0.3,ml100k,popularity,quota_mmr,2,100,0.3488432982752232
94,0.0,0.9413637731049052,0.0,0.2,ml100k,popularity,quota_mmr,2,100,0.3201476974340444
96,0.0,0.8685205722243546,0.0,0.3,ml100k,popularity,quota_mmr,2,100,0.3354281548001873
130,0.3562071871080222,0.8887076426490701,1.0,0.3,ml100k,popularity,quota_mmr,2,100,0.3160704146499887
161,0.0,0.9175801093890124,0.0,0.2,ml100k,popularity,quota_mmr,2,100,0.3097920835555772
165,0.0,0.9152977903139704,0.0,0.2,ml100k,popularity,quota_mmr,2,100,0.3448549605316863
173,0.0,0.8926918676882137,0.0,0.2,ml100k,popularity,quota_mmr,2,100,0.3461681348534741
182,0.0,0.9194918325905944,0.0,0.3,ml100k,popularity,quota_mmr,2,100,0.3317122906386786
192,0.0,0.9010863488080458,0.0,0.3,ml100k,popularity,quota_mmr,2,100,0.3671912062127916
196,0.0,0.8890241788129686,0.0,0.3,ml100k,popularity,quota_mmr,2,100,0.225435519543069
200,0.0,0.927018409441018,0.0,0.2,ml100k,popularity,quota_mmr,2,100,0.3377531647401363
203,0.0,0.8789691934975435,0.0,0.2,ml100k,popularity,quota_mmr,2,100,0.3768036923373025
221,0.0,0.9363073272340454,0.0,0.2,ml100k,popularity,quota_mmr,2,100,0.3063059630363629
225,0.0,0.941449312190204,0.0,0.3,ml100k,popularity,quota_mmr,2,100,0.2577609419201724
236,0.3333333333333333,0.9554828435884885,1.0,0.2,ml100k,popularity,quota_mmr,2,100,0.3140674130605537
243,0.0,0.8720907258512103,0.0,0.2,ml100k,popularity,quota_mmr,2,100,0.3331802848957258
252,0.0,0.8909925825967857,0.0,0.2,ml100k,popularity,quota_mmr,2,100,0.3478165471184723
264,0.0,0.9048708950430951,0.0,0.3,ml100k,popularity,quota_mmr,2,100,0.3665116545246799
284,0.0,0.899803999552066,0.0,0.3,ml100k,popularity,quota_mmr,2,100,0.3856827144558564
285,0.3562071871080222,0.8734595602336276,1.0,0.3,ml100k,popularity,quota_mmr,2,100,0.369131921732885
294,0.0,0.8662072431465536,0.0,0.3,ml100k,popularity,quota_mmr,2,100,0.3619629113286253
306,0.0,0.8837858061021632,0.0,0.3,ml100k,popularity,quota_mmr,2,100,0.3778976966756232
316,0.0,0.8780255816196826,0.0,0.3,ml100k,popularity,quota_mmr,2,100,0.3711364797439013
334,0.6309297535714575,0.8564094652366069,1.0,0.2,ml100k,popularity,quota_mmr,2,100,0.3612609982926388
345,0.0,0.9148662980767364,0.0,0.2,ml100k,popularity,quota_mmr,2,100,0.3491341576366417
350,0.6309297535714575,0.8596474873417045,1.0,0.3,ml100k,popularity,quota_mmr,2,100,0.3630236850657811
369,0.0,0.8540017883973228,0.0,0.2,ml100k,popularity,quota_mmr,2,100,0.3721293896269373
371,0.0,0.87607626618619,0.0,0.2,ml100k,popularity,quota_mmr,2,100,0.381804921670619
375,0.0,0.9099021608784804,0.0,0.2,ml100k,popularity,quota_mmr,2,100,0.3193065227957143
383,0.0,0.8896438297549363,0.0,0.3,ml100k,popularity,quota_mmr,2,100,0.3530560332170449
404,0.0,0.903776101767826,0.0,0.2,ml100k,popularity,quota_mmr,2,100,0.3331523744845887
406,0.0,0.9647573545200696,0.0,0.2,ml100k,popularity,quota_mmr,2,100,0.3495314493672927
407,0.0,0.9304702781363792,0.0,0.3,ml100k,popularity,quota_mmr,2,100,0.335544385694576
413,0.0,0.8904549416614266,0.0,0.3,ml100k,popularity,quota_mmr,2,100,0.3671912062127916
414,0.0,0.948246622212416,0.0,0.3,ml100k,popularity,quota_mmr,2,100,0.3188939818210551
422,0.0,0.8930031168843666,0.0,0.2,ml100k,popularity,quota_mmr,2,100,0.3633494459276485
430,0.0,0.956529963123539,0.0,0.2,ml100k,popularity,quota_mmr,2,100,0.277913908092955
433,0.0,0.9584465620235816,0.0,0.3,ml100k,popularity,quota_mmr,2,100,0.3389970407579988
449,0.0,0.9131781168721956,0.0,0.2,ml100k,popularity,quota_mmr,2,100,0.3450396353975257
453,0.0,0.8872109501279648,0.0,0.2,ml100k,popularity,quota_mmr,2,100,0.3701916961223878
454,1.0,0.8748634176332879,1.0,0.2,ml100k,popularity,quota_mmr,2,100,0.3578555014005304
463,0.0,0.9112706211995528,0.0,0.3,ml100k,popularity,quota_mmr,2,100,0.3676640869904678
472,0.0,0.9304169103575292,0.0,0.3,ml100k,popularity,quota_mmr,2,100,0.3455627221898357
473,0.3333333333333333,0.914404077875044,1.0,0.3,ml100k,popularity,quota_mmr,2,100,0.3601840200376521
474,0.0,0.9080432756455143,0.0,0.2,ml100k,popularity,quota_mmr,2,100,0.3495941675408031
480,0.3562071871080222,0.8912795135767018,1.0,0.3,ml100k,popularity,quota_mmr,2,100,0.3757095930809839
486,0.0,0.961248888510802,0.0,0.2,ml100k,popularity,quota_mmr,2,100,0.2680586798325804
489,0.0,0.9093916654952968,0.0,0.2,ml100k,popularity,quota_mmr,2,100,0.3253479072481501
511,0.0,0.943374404485929,0.0,0.3,ml100k,popularity,quota_mmr,2,100,0.3121945959241501
513,0.0,0.9561372956709268,0.0,0.3,ml100k,popularity,quota_mmr,2,100,0.3137303397043699
541,0.0,0.8710907978379879,0.0,0.2,ml100k,popularity,quota_mmr,2,100,0.4311295281557002
543,0.0,0.8756186092133287,0.0,0.3,ml100k,popularity,quota_mmr,2,100,0.3821476479273732
545,0.0,0.8744693710774112,0.0,0.3,ml100k,popularity,quota_mmr,2,100,0.3580267249877427
554,0.0,0.8362624408067467,0.0,0.2,ml100k,popularity,quota_mmr,2,100,0.3420312976346891
567,0.0,0.8514970179617593,0.0,0.2,ml100k,popularity,quota_mmr,2,100,0.3667647088260401
568,0.0,0.877894324481431,0.0,0.3,ml100k,popularity,quota_mmr,2,100,0.3468134096099336
582,0.0,0.9355355876264072,0.0,0.3,ml100k,popularity,quota_mmr,2,100,0.3596769661911262
588,0.0,0.935345208682823,0.0,0.3,ml100k,popularity,quota_mmr,2,100,0.3395882195543965
590,0.0,0.945464014888568,0.0,0.3,ml100k,popularity,quota_mmr,2,100,0.2977254619752071
591,0.0,0.8629017619068924,0.0,0.3,ml100k,popularity,quota_mmr,2,100,0.3611209907380531
600,0.0,0.9593025241051696,0.0,0.3,ml100k,popularity,quota_mmr,2,100,0.3111054595528626
614,0.0,0.8732225593996853,0.0,0.3,ml100k,popularity,quota_mmr,2,100,0.3619782954681794
617,0.0,0.920564671266607,0.0,0.3,ml100k,popularity,quota_mmr,2,100,0.2754688512243906
622,0.0,0.9087995241004316,0.0,0.3,ml100k,popularity,quota_mmr,2,100,0.3090334173497588
623,0.0,0.8944703867531724,0.0,0.3,ml100k,popularity,quota_mmr,2,100,0.3225383586157288
630,0.0,0.8559460723792734,0.0,0.2,ml100k,popularity,quota_mmr,2,100,0.3815369935723315
646,0.0,0.8775131277873699,0.0,0.3,ml100k,popularity,quota_mmr,2,100,0.3573116804392289
650,0.0,0.8961534860798068,0.0,0.3,ml100k,popularity,quota_mmr,2,100,0.3934848707171395
691,0.0,0.917835061777137,0.0,0.2,ml100k,popularity,quota_mmr,2,100,0.3387665722043702
694,0.0,0.8710907978379879,0.0,0.2,ml100k,popularity,quota_mmr,2,100,0.4311295281557002
706,0.0,0.9125990703765796,0.0,0.2,ml100k,popularity,quota_mmr,2,100,0.3393422861732188
719,0.0,0.91566554643347,0.0,0.2,ml100k,popularity,quota_mmr,2,100,0.2793203650647283
720,0.0,0.9198610344711162,0.0,0.3,ml100k,popularity,quota_mmr,2,100,0.331589547090233
755,0.430676558073393,0.8532659722371033,1.0,0.3,ml100k,popularity,quota_mmr,2,100,0.3572214099085026
762,0.0,0.9455089120408212,0.0,0.3,ml100k,popularity,quota_mmr,2,100,0.3450632825860547
770,0.0,0.9029941941467706,0.0,0.2,ml100k,popularity,quota_mmr,2,100,0.3232991696566317
773,0.0,0.8615511966331344,0.0,0.2,ml100k,popularity,quota_mmr,2,100,0.2091626169577036
780,0.0,0.8571841092413288,0.0,0.3,ml100k,popularity,quota_mmr,2,100,0.3626671724763759
792,0.0,0.8732225593996853,0.0,0.3,ml100k,popularity,quota_mmr,2,100,0.3619782954681794
794,0.0,0.8947262062039797,0.0,0.3,ml100k,popularity,quota_mmr,2,100,0.3778976966756232
802,0.0,0.862615916933136,0.0,0.2,ml100k,popularity,quota_mmr,2,100,0.3303571481431467
811,0.0,0.9069561656324256,0.0,0.2,ml100k,popularity,quota_mmr,2,100,0.3459185784698881
819,0.0,0.8383360066694775,0.0,0.3,ml100k,popularity,quota_mmr,2,100,0.3223016108736793
824,0.0,0.888721676091246,0.0,0.3,ml100k,popularity,quota_mmr,2,100,0.3757674013220445
825,0.0,0.883717404920438,0.0,0.3,ml100k,popularity,quota_mmr,2,100,0.3886334475563706
827,0.0,0.9357892961238968,0.0,0.3,ml100k,popularity,quota_mmr,2,100,0.3314138726363373
848,0.0,0.8710907978379879,0.0,0.2,ml100k,popularity,quota_mmr,2,100,0.4311295281557002
849,0.3868528072345416,0.9661679894498744,1.0,0.3,ml100k,popularity,quota_mmr,2,100,0.2673346113619462
865,0.0,0.8852790403383339,0.0,0.2,ml100k,popularity,quota_mmr,2,100,0.33777293577349
871,0.0,0.8998443813225983,0.0,0.3,ml100k,popularity,quota_mmr,2,100,0.3746982569331838
890,0.0,0.8651314499138788,0.0,0.3,ml100k,popularity,quota_mmr,2,100,0.3469879998989681
897,0.0,0.9085595844993856,0.0,0.2,ml100k,popularity,quota_mmr,2,100,0.3414149085977684
940,0.0,0.903748833001966,0.0,0.2,ml100k,popularity,quota_mmr,2,100,0.364705468997325
35,0.0,0.885127808180178,0.0,0.2,ml100k,popularity,qubo_feasible,2,100,0.2385929896701975
36,0.0,0.8569548591388408,0.0,0.2,ml100k,popularity,qubo_feasible,2,100,0.3471502739599993
47,0.0,0.8465831137639863,0.0,0.2,ml100k,popularity,qubo_feasible,2,100,0.3016490472658649
53,0.3010299956639812,0.7588419498822963,1.0,0.2,ml100k,popularity,qubo_feasible,2,100,0.3096437336300128
71,0.5,0.8463857051219351,1.0,0.2,ml100k,popularity,qubo_feasible,2,100,0.3443347891813984
78,0.0,0.8292033885965425,0.0,0.2,ml100k,popularity,qubo_feasible,2,100,0.3256099914854131
90,0.0,0.8538901235238734,0.0,0.2,ml100k,popularity,qubo_feasible,2,100,0.3275928001151097
92,0.0,0.863432979212783,0.0,0.2,ml100k,popularity,qubo_feasible,2,100,0.3272145755894845
94,0.0,0.8495016561897263,0.0,0.2,ml100k,popularity,qubo_feasible,2,100,0.2563706345252635
96,0.0,0.8016030827237475,0.0,0.2,ml100k,popularity,qubo_feasible,2,100,0.2866881566437846
130,0.0,0.8342891994379192,0.0,0.2,ml100k,popularity,qubo_feasible,2,100,0.2668828787982105
161,0.0,0.8345328743379805,0.0,0.2,ml100k,popularity,qubo_feasible,2,100,0.2540109425669115
165,0.0,0.8070617564839991,0.0,0.2,ml100k,popularity,qubo_feasible,2,100,0.2667921219915596
173,0.0,0.827268540373427,0.0,0.2,ml100k,popularity,qubo_feasible,2,100,0.3099506672496077
182,0.0,0.8168169928794239,0.0,0.2,ml100k,popularity,qubo_feasible,2,100,0.2600154298161872
192,0.0,0.7984102621582027,0.0,0.2,ml100k,popularity,qubo_feasible,2,100,0.3003465068123587
196,0.0,0.6415019534219348,0.0,0.2,ml100k,popularity,qubo_feasible,2,100,0.1096263483297013
200,0.0,0.85219375934271,0.0,0.2,ml100k,popularity,qubo_feasible,2,100,0.293870879902388
203,0.0,0.7854717001200283,0.0,0.2,ml100k,popularity,qubo_feasible,2,100,0.3035415189870356
221,0.0,0.8599459229604077,0.0,0.2,ml100k,popularity,qubo_feasible,2,100,0.2567170403571135
225,0.0,0.8142215873370494,0.0,0.2,ml100k,popularity,qubo_feasible,2,100,0.1861910735536855
236,0.0,0.7508084626615762,0.0,0.2,ml100k,popularity,qubo_feasible,2,100,0.1976829860539537
243,0.0,0.8048085012101838,0.0,0.2,ml100k,popularity,qubo_feasible,2,100,0.2861182204311637
252,0.0,0.8259756363938591,0.0,0.2,ml100k,popularity,qubo_feasible,2,100,0.3059371966279536
264,0.0,0.8352243785784136,0.0,0.2,ml100k,popularity,qubo_feasible,2,100,0.3207908785389018
284,0.0,0.8364634609911936,0.0,0.2,ml100k,popularity,qubo_feasible,2,100,0.3333957731741948
285,0.5,0.790550793720365,1.0,0.2,ml100k,popularity,qubo_feasible,2,100,0.2928861933657395
294,0.0,0.8019228870530926,0.0,0.2,ml100k,popularity,qubo_feasible,2,100,0.3171268753756511
306,0.0,0.8484248236528491,0.0,0.2,ml100k,popularity,qubo_feasible,2,100,0.3474021124945017
316,0.0,0.849001665991182,0.0,0.2,ml100k,popularity,qubo_feasible,2,100,0.3531654553598612
334,0.0,0.7978248899382506,0.0,0.2,ml100k,popularity,qubo_feasible,2,100,0.3124386011675045
345,0.0,0.8048784625779449,0.0,0.2,ml100k,popularity,qubo_feasible,2,100,0.2784475497037011
350,0.0,0.7774798305436529,0.0,0.2,ml100k,popularity,qubo_feasible,2,100,0.3035281422336343
369,0.0,0.8193774850008099,0.0,0.2,ml100k,popularity,qubo_feasible,2,100,0.3358953765675134
371,0.0,0.764776344327776,0.0,0.2,ml100k,popularity,qubo_feasible,2,100,0.2867705662783389
375,0.0,0.7811434600483619,0.0,0.2,ml100k,popularity,qubo_feasible,2,100,0.2448084217429973
383,0.0,0.8244072542235102,0.0,0.2,ml100k,popularity,qubo_feasible,2,100,0.3221018194298771
404,0.0,0.852390714911587,0.0,0.2,ml100k,popularity,qubo_feasible,2,100,0.2911382706958671
406,0.0,0.915726282003888,0.0,0.2,ml100k,popularity,qubo_feasible,2,100,0.3158054326689148
407,0.0,0.7816957664216867,0.0,0.2,ml100k,popularity,qubo_feasible,2,100,0.2432968850141193
413,0.0,0.8330068590596446,0.0,0.2,ml100k,popularity,qubo_feasible,2,100,0.3281102870644967
414,0.0,0.8143788136930646,0.0,0.2,ml100k,popularity,qubo_feasible,2,100,0.2309776487477092
422,0.0,0.8128930908183793,0.0,0.2,ml100k,popularity,qubo_feasible,2,100,0.2999520332353919
430,0.0,0.8202282577379572,0.0,0.2,ml100k,popularity,qubo_feasible,2,100,0.2176695881341016
433,0.0,0.9117335660632608,0.0,0.2,ml100k,popularity,qubo_feasible,2,100,0.2967873194117718
449,0.0,0.8982839626250471,0.0,0.2,ml100k,popularity,qubo_feasible,2,100,0.3256057728572492
453,0.3868528072345416,0.7919463001105116,1.0,0.2,ml100k,popularity,qubo_feasible,2,100,0.3036116334125142
454,0.0,0.708409813754652,0.0,0.2,ml100k,popularity,qubo_feasible,2,100,0.252197827612429
463,0.3010299956639812,0.8814083078686209,1.0,0.2,ml100k,popularity,qubo_feasible,2,100,0.350808154518979
472,0.0,0.7666017710775997,0.0,0.2,ml100k,popularity,qubo_feasible,2,100,0.229792956779136
473,0.3868528072345416,0.8700685886589505,1.0,0.2,ml100k,popularity,qubo_feasible,2,100,0.3174362143426799
474,0.0,0.8299799519317069,0.0,0.2,ml100k,popularity,qubo_feasible,2,100,0.2896733486070728
480,0.430676558073393,0.7671899974067604,1.0,0.2,ml100k,popularity,qubo_feasible,2,100,0.3048998614655389
486,0.0,0.8157647144296799,0.0,0.2,ml100k,popularity,qubo_feasible,2,100,0.1765279218547006
489,0.0,0.8603508527341712,0.0,0.2,ml100k,popularity,qubo_feasible,2,100,0.2987777905502113
511,0.0,0.7780479820217092,0.0,0.2,ml100k,popularity,qubo_feasible,2,100,0.2298484903434258
513,0.0,0.733465791301716,0.0,0.2,ml100k,popularity,qubo_feasible,2,100,0.1882832162118259
541,0.0,0.8302703569975994,0.0,0.2,ml100k,popularity,qubo_feasible,2,100,0.3876048683181386
543,0.0,0.7956132811791251,0.0,0.2,ml100k,popularity,qubo_feasible,2,100,0.3215900690445876
545,0.0,0.8450081669585569,0.0,0.2,ml100k,popularity,qubo_feasible,2,100,0.3338426728886185
554,0.0,0.7835666565524964,0.0,0.2,ml100k,popularity,qubo_feasible,2,100,0.3104623069959223
567,0.0,0.7902276677105005,0.0,0.2,ml100k,popularity,qubo_feasible,2,100,0.32054332309135
568,0.0,0.7670459015525053,0.0,0.2,ml100k,popularity,qubo_feasible,2,100,0.2713646312395586
582,0.0,0.8230802644999062,0.0,0.2,ml100k,popularity,qubo_feasible,2,100,0.2951407657540401
588,0.0,0.8128534137727554,0.0,0.2,ml100k,popularity,qubo_feasible,2,100,0.2609698913147891
590,0.0,0.856122209343022,0.0,0.2,ml100k,popularity,qubo_feasible,2,100,0.249481346166928
591,0.0,0.8004394849410074,0.0,0.2,ml100k,popularity,qubo_feasible,2,100,0.318766760651936
600,0.0,0.7901901784906521,0.0,0.2,ml100k,popularity,qubo_feasible,2,100,0.2037151942940345
614,0.0,0.8124957890147705,0.0,0.2,ml100k,popularity,qubo_feasible,2,100,0.3255297681917737
617,0.0,0.7777118673329106,0.0,0.2,ml100k,popularity,qubo_feasible,2,100,0.17222098281136
622,0.0,0.8346411778117481,0.0,0.2,ml100k,popularity,qubo_feasible,2,100,0.2740777591685015
623,0.0,0.7940362029904302,0.0,0.2,ml100k,popularity,qubo_feasible,2,100,0.2438965575764732
630,0.0,0.8044894291606017,0.0,0.2,ml100k,popularity,qubo_feasible,2,100,0.3352888242506747
646,0.0,0.7661936802370545,0.0,0.2,ml100k,popularity,qubo_feasible,2,100,0.3074456656248454
650,0.0,0.817647891595433,0.0,0.2,ml100k,popularity,qubo_feasible,2,100,0.3223457348138809
691,0.0,0.7871601964872061,0.0,0.2,ml100k,popularity,qubo_feasible,2,100,0.2581972040514328
694,0.0,0.8191319247188058,0.0,0.2,ml100k,popularity,qubo_feasible,2,100,0.3791103639511137
706,0.0,0.8387112916574719,0.0,0.2,ml100k,popularity,qubo_feasible,2,100,0.2816854140778115
719,0.0,0.8322945946709771,0.0,0.2,ml100k,popularity,qubo_feasible,2,100,0.2318045692281367
720,0.0,0.8365375143084987,0.0,0.2,ml100k,popularity,qubo_feasible,2,100,0.2695198685151402
755,0.0,0.814412775619084,0.0,0.2,ml100k,popularity,qubo_feasible,2,100,0.3295831602794537
762,0.0,0.8005827015401002,0.0,0.2,ml100k,popularity,qubo_feasible,2,100,0.2459717038678485
770,0.0,0.8260259821325521,0.0,0.2,ml100k,popularity,qubo_feasible,2,100,0.2824006328643549
773,0.0,0.742783849948397,0.0,0.2,ml100k,popularity,qubo_feasible,2,100,0.1601715815260116
780,0.0,0.7314835442704392,0.0,0.2,ml100k,popularity,qubo_feasible,2,100,0.2984602881304757
792,0.0,0.8003745631282939,0.0,0.2,ml100k,popularity,qubo_feasible,2,100,0.309801502326106
794,0.0,0.8162005187020805,0.0,0.2,ml100k,popularity,qubo_feasible,2,100,0.3188189123054246
802,0.0,0.7945903095165093,0.0,0.2,ml100k,popularity,qubo_feasible,2,100,0.2823044359322976
811,0.0,0.8159081336114696,0.0,0.2,ml100k,popularity,qubo_feasible,2,100,0.2837764052503383
819,0.0,0.7940398565963817,0.0,0.2,ml100k,popularity,qubo_feasible,2,100,0.3085492933231759
824,0.0,0.8441948144124238,0.0,0.2,ml100k,popularity,qubo_feasible,2,100,0.3398363660099491
825,0.0,0.8384469845805891,0.0,0.2,ml100k,popularity,qubo_feasible,2,100,0.3363882859061778
827,0.0,0.853746912772595,0.0,0.2,ml100k,popularity,qubo_feasible,2,100,0.2798650647450079
848,0.0,0.7461362241196365,0.0,0.2,ml100k,popularity,qubo_feasible,2,100,0.3071834857217544
849,0.0,0.8007672420462385,0.0,0.2,ml100k,popularity,qubo_feasible,2,100,0.1770436837370549
865,0.0,0.8057657958293062,0.0,0.2,ml100k,popularity,qubo_feasible,2,100,0.292122293657638
871,0.0,0.8814810337074582,0.0,0.2,ml100k,popularity,qubo_feasible,2,100,0.3603992451509232
890,0.0,0.8089732983420909,0.0,0.2,ml100k,popularity,qubo_feasible,2,100,0.3090465186694128
897,0.0,0.8056664137038005,0.0,0.2,ml100k,popularity,qubo_feasible,2,100,0.2598358897647456
940,0.0,0.7971331234722063,0.0,0.2,ml100k,popularity,qubo_feasible,2,100,0.2845328768362958
35,0.0,0.8126784400351531,0.0,0.2,ml100k,popularity,qubo_tabu,2,100,0.1864587971201743
36,0.0,0.8572190060357685,0.0,0.2,ml100k,popularity,qubo_tabu,2,100,0.3311232214972821
47,0.0,0.9056677201894952,0.0,0.2,ml100k,popularity,qubo_tabu,2,100,0.3012408967527294
53,0.0,0.8324782753776016,0.0,0.2,ml100k,popularity,qubo_tabu,2,100,0.3246957818537451
71,0.5,0.8410502554131518,1.0,0.2,ml100k,popularity,qubo_tabu,2,100,0.3307195687878405
78,0.0,0.8228034140073169,0.0,0.2,ml100k,popularity,qubo_tabu,2,100,0.3061547040649488
90,0.0,0.8668275645379445,0.0,0.2,ml100k,popularity,qubo_tabu,2,100,0.3328854927723557
92,0.0,0.8929187792191042,0.0,0.2,ml100k,popularity,qubo_tabu,2,100,0.3331495785079199
94,0.0,0.8932116054969441,0.0,0.2,ml100k,popularity,qubo_tabu,2,100,0.2618437062070591
96,0.0,0.8179972403738031,0.0,0.2,ml100k,popularity,qubo_tabu,2,100,0.2925702432100872
130,0.0,0.8730794781085239,0.0,0.2,ml100k,popularity,qubo_tabu,2,100,0.2895059952895554
161,0.0,0.8642696761804834,0.0,0.2,ml100k,popularity,qubo_tabu,2,100,0.2696769775698518
165,0.0,0.8690852857497781,0.0,0.2,ml100k,popularity,qubo_tabu,2,100,0.2972783005741427
173,0.0,0.8886978476958778,0.0,0.2,ml100k,popularity,qubo_tabu,2,100,0.327197373308863
182,0.0,0.8850436051500203,0.0,0.2,ml100k,popularity,qubo_tabu,2,100,0.2833827351748366
192,0.0,0.8897350490513938,0.0,0.2,ml100k,popularity,qubo_tabu,2,100,0.3540080296390439
196,0.0,0.697922991037526,0.0,0.2,ml100k,popularity,qubo_tabu,2,100,0.1106640969021965
200,0.0,0.9174768772552,0.0,0.2,ml100k,popularity,qubo_tabu,2,100,0.323641238916787
203,0.0,0.8155591444692438,0.0,0.2,ml100k,popularity,qubo_tabu,2,100,0.3133088525769521
221,0.0,0.8785446412952448,0.0,0.2,ml100k,popularity,qubo_tabu,2,100,0.2525914064984897
225,0.0,0.7526498631025039,0.0,0.2,ml100k,popularity,qubo_tabu,2,100,0.1544998831930421
236,0.0,0.8503924944456315,0.0,0.2,ml100k,popularity,qubo_tabu,2,100,0.2353305013656339
243,0.0,0.8290383890768306,0.0,0.2,ml100k,popularity,qubo_tabu,2,100,0.285638098045254
252,0.0,0.8506764925442653,0.0,0.2,ml100k,popularity,qubo_tabu,2,100,0.3074716726420461
264,0.0,0.8860915625881454,0.0,0.2,ml100k,popularity,qubo_tabu,2,100,0.3512556428958302
284,0.0,0.865346205714809,0.0,0.2,ml100k,popularity,qubo_tabu,2,100,0.3413919210606385
285,0.430676558073393,0.7938209521139235,1.0,0.2,ml100k,popularity,qubo_tabu,2,100,0.2875120168088168
294,0.0,0.835441865365361,0.0,0.2,ml100k,popularity,qubo_tabu,2,100,0.3266669313049157
306,0.0,0.871632309432524,0.0,0.2,ml100k,popularity,qubo_tabu,2,100,0.3573385138372499
316,0.0,0.8234148226204919,0.0,0.2,ml100k,popularity,qubo_tabu,2,100,0.3162506805832527
334,0.6309297535714575,0.844210304195714,1.0,0.2,ml100k,popularity,qubo_tabu,2,100,0.333050883246904
345,0.0,0.899835652010613,0.0,0.2,ml100k,popularity,qubo_tabu,2,100,0.3264386332812198
350,0.0,0.809801436766853,0.0,0.2,ml100k,popularity,qubo_tabu,2,100,0.3184966388763203
369,0.0,0.8344992176011933,0.0,0.2,ml100k,popularity,qubo_tabu,2,100,0.3258371684592223
371,0.0,0.8484380731149476,0.0,0.2,ml100k,popularity,qubo_tabu,2,100,0.3254059020141698
375,0.0,0.7528767328192358,0.0,0.2,ml100k,popularity,qubo_tabu,2,100,0.2162033381701785
383,0.0,0.8562568584350657,0.0,0.2,ml100k,popularity,qubo_tabu,2,100,0.3202941113125742
404,0.0,0.8571336829067527,0.0,0.2,ml100k,popularity,qubo_tabu,2,100,0.2914644765641343
406,0.0,0.9515036472592974,0.0,0.2,ml100k,popularity,qubo_tabu,2,100,0.3289110024311711
407,0.0,0.9053695547516712,0.0,0.2,ml100k,popularity,qubo_tabu,2,100,0.2961176400111652
413,0.0,0.871406161829765,0.0,0.2,ml100k,popularity,qubo_tabu,2,100,0.3468884616750482
414,0.0,0.8466212362011261,0.0,0.2,ml100k,popularity,qubo_tabu,2,100,0.2322385278569323
422,0.0,0.8498981593398872,0.0,0.2,ml100k,popularity,qubo_tabu,2,100,0.308091002430052
430,0.0,0.9072748161260326,0.0,0.2,ml100k,popularity,qubo_tabu,2,100,0.2401926664235878
433,0.0,0.9205946016716952,0.0,0.2,ml100k,popularity,qubo_tabu,2,100,0.2948320675461059
449,0.0,0.8945906474670866,0.0,0.2,ml100k,popularity,qubo_tabu,2,100,0.3090847253565923
453,0.0,0.8618957246134827,0.0,0.2,ml100k,popularity,qubo_tabu,2,100,0.3229221766479385
454,1.0,0.7897846530931523,1.0,0.2,ml100k,popularity,qubo_tabu,2,100,0.2755778901267526
463,0.0,0.8809285950784966,0.0,0.2,ml100k,popularity,qubo_tabu,2,100,0.3434044768432808
472,0.0,0.8221220499082609,0.0,0.2,ml100k,popularity,qubo_tabu,2,100,0.2473746632249042
473,0.3154648767857287,0.92402182079733,1.0,0.2,ml100k,popularity,qubo_tabu,2,100,0.351013701433032
474,0.0,0.8791295759610523,0.0,0.2,ml100k,popularity,qubo_tabu,2,100,0.3081574843405316
480,0.3562071871080222,0.8775391730848138,1.0,0.2,ml100k,popularity,qubo_tabu,2,100,0.3534647514992236
486,0.0,0.8498660913898894,0.0,0.2,ml100k,popularity,qubo_tabu,2,100,0.1843897301931494
489,0.0,0.925046369855504,0.0,0.2,ml100k,popularity,qubo_tabu,2,100,0.3347408173660688
511,0.0,0.8629592754519857,0.0,0.2,ml100k,popularity,qubo_tabu,2,100,0.2491847937663734
513,0.0,0.8310540065337811,0.0,0.2,ml100k,popularity,qubo_tabu,2,100,0.2200903237922331
541,0.0,0.820268061483655,0.0,0.2,ml100k,popularity,qubo_tabu,2,100,0.3703237881782887
543,0.0,0.7476222206602318,0.0,0.2,ml100k,popularity,qubo_tabu,2,100,0.2810809623016899
545,0.3333333333333333,0.8507810701277371,1.0,0.2,ml100k,popularity,qubo_tabu,2,100,0.3260680113645803
554,0.0,0.812223743679475,0.0,0.2,ml100k,popularity,qubo_tabu,2,100,0.3112960318835964
567,0.0,0.8223315063484663,0.0,0.2,ml100k,popularity,qubo_tabu,2,100,0.325396716605644
568,0.0,0.8525406116446319,0.0,0.2,ml100k,popularity,qubo_tabu,2,100,0.3088047435959987
582,0.0,0.9174626510429243,0.0,0.2,ml100k,popularity,qubo_tabu,2,100,0.3429290800529648
588,0.0,0.8819661396876298,0.0,0.2,ml100k,popularity,qubo_tabu,2,100,0.2808469610707197
590,0.0,0.9328343464020084,0.0,0.2,ml100k,popularity,qubo_tabu,2,100,0.2846181278589998
591,0.0,0.8228348238484472,0.0,0.2,ml100k,popularity,qubo_tabu,2,100,0.3188955376724016
600,0.0,0.7899561688060789,0.0,0.2,ml100k,popularity,qubo_tabu,2,100,0.1925888725550528
614,0.0,0.8146559917987689,0.0,0.2,ml100k,popularity,qubo_tabu,2,100,0.3116318140457645
617,0.0,0.8558082037323578,0.0,0.2,ml100k,popularity,qubo_tabu,2,100,0.2010950941110881
622,0.0,0.907137314189005,0.0,0.2,ml100k,popularity,qubo_tabu,2,100,0.3077227784776178
623,0.0,0.8036503744144136,0.0,0.2,ml100k,popularity,qubo_tabu,2,100,0.2346767730007728
630,0.0,0.7699579920217247,0.0,0.2,ml100k,popularity,qubo_tabu,2,100,0.3159905339274388
646,0.0,0.8332874128788669,0.0,0.2,ml100k,popularity,qubo_tabu,2,100,0.3110224678398016
650,0.0,0.8551770607752762,0.0,0.2,ml100k,popularity,qubo_tabu,2,100,0.336587778109138
691,0.0,0.8435236940674984,0.0,0.2,ml100k,popularity,qubo_tabu,2,100,0.2696023370452878
694,0.0,0.8239366424948028,0.0,0.2,ml100k,popularity,qubo_tabu,2,100,0.3804769296413079
706,0.0,0.8585330338764467,0.0,0.2,ml100k,popularity,qubo_tabu,2,100,0.2861798596786361
719,0.0,0.9071898555518588,0.0,0.2,ml100k,popularity,qubo_tabu,2,100,0.2679718567568177
720,0.0,0.8979239236384161,0.0,0.2,ml100k,popularity,qubo_tabu,2,100,0.301392696973337
755,0.0,0.8145265247744792,0.0,0.2,ml100k,popularity,qubo_tabu,2,100,0.3212829537332776
762,0.0,0.8938506506640502,0.0,0.2,ml100k,popularity,qubo_tabu,2,100,0.2837796855547713
770,0.0,0.9048988591723216,0.0,0.2,ml100k,popularity,qubo_tabu,2,100,0.3141202939382148
773,0.0,0.7683045531281548,0.0,0.2,ml100k,popularity,qubo_tabu,2,100,0.1568323420632432
780,0.0,0.8473771425376676,0.0,0.2,ml100k,popularity,qubo_tabu,2,100,0.3440516500346121
792,0.0,0.8515791718429709,0.0,0.2,ml100k,popularity,qubo_tabu,2,100,0.3335624505585037
794,0.0,0.8852147945317418,0.0,0.2,ml100k,popularity,qubo_tabu,2,100,0.357123381293347
802,0.0,0.8185888300499348,0.0,0.2,ml100k,popularity,qubo_tabu,2,100,0.27952027004964
811,0.0,0.8773714418339209,0.0,0.2,ml100k,popularity,qubo_tabu,2,100,0.3133529966565953
819,0.0,0.8341692453102282,0.0,0.2,ml100k,popularity,qubo_tabu,2,100,0.3090683270106188
824,0.0,0.8345768277241625,0.0,0.2,ml100k,popularity,qubo_tabu,2,100,0.3225118715949348
825,0.0,0.8371013854718619,0.0,0.2,ml100k,popularity,qubo_tabu,2,100,0.3245631111852863
827,0.0,0.8882482757895545,0.0,0.2,ml100k,popularity,qubo_tabu,2,100,0.2865933662953076
848,0.0,0.7451556029811915,0.0,0.2,ml100k,popularity,qubo_tabu,2,100,0.3028688256444444
849,0.0,0.8684376345190912,0.0,0.2,ml100k,popularity,qubo_tabu,2,100,0.1937707308430307
865,0.0,0.8785487321609674,0.0,0.2,ml100k,popularity,qubo_tabu,2,100,0.3288790506551045
871,0.0,0.8696774841592281,0.0,0.2,ml100k,popularity,qubo_tabu,2,100,0.334005255671948
890,0.0,0.8329829161815064,0.0,0.2,ml100k,popularity,qubo_tabu,2,100,0.3156809620198321
897,0.0,0.8608809785764114,0.0,0.2,ml100k,popularity,qubo_tabu,2,100,0.2956117700149235
940,0.0,0.8914475739519794,0.0,0.2,ml100k,popularity,qubo_tabu,2,100,0.345748239238863
35,0.0,1.0,0.0,0.9,ml100k,itemknn,none,2,100,
36,0.0,1.0,0.0,1.1,ml100k,itemknn,none,2,100,
47,0.0,1.0,0.0,1.1,ml100k,itemknn,none,2,100,
53,0.3333333333333333,1.0,1.0,0.5,ml100k,itemknn,none,2,100,
71,0.0,1.0,0.0,1.5,ml100k,itemknn,none,2,100,
78,0.0,1.0,0.0,1.3,ml100k,itemknn,none,2,100,
90,0.3868528072345416,1.0,1.0,1.3,ml100k,itemknn,none,2,100,
92,0.0,1.0,0.0,1.5,ml100k,itemknn,none,2,100,
94,0.0,1.0,0.0,1.3,ml100k,itemknn,none,2,100,
96,0.3333333333333333,1.0,1.0,1.5,ml100k,itemknn,none,2,100,
130,0.3868528072345416,1.0,1.0,1.1,ml100k,itemknn,none,2,100,
161,0.0,1.0,0.0,1.1,ml100k,itemknn,none,2,100,
165,0.3868528072345416,1.0,1.0,1.1,ml100k,itemknn,none,2,100,
173,0.0,1.0,0.0,1.5,ml100k,itemknn,none,2,100,
182,0.0,1.0,0.0,0.9,ml100k,itemknn,none,2,100,
192,0.0,1.0,0.0,0.9,ml100k,itemknn,none,2,100,
196,0.0,1.0,0.0,0.7,ml100k,itemknn,none,2,100,
200,0.0,1.0,0.0,1.3,ml100k,itemknn,none,2,100,
203,0.0,1.0,0.0,0.9,ml100k,itemknn,none,2,100,
221,0.0,1.0,0.0,1.1,ml100k,itemknn,none,2,100,
225,0.0,1.0,0.0,1.1,ml100k,itemknn,none,2,100,
236,0.0,1.0,0.0,1.3,ml100k,itemknn,none,2,100,
243,0.0,1.0,0.0,1.1,ml100k,itemknn,none,2,100,
252,0.0,1.0,0.0,0.7,ml100k,itemknn,none,2,100,
264,0.0,1.0,0.0,1.5,ml100k,itemknn,none,2,100,
284,0.0,1.0,0.0,0.5,ml100k,itemknn,none,2,100,
285,0.6309297535714575,1.0,1.0,0.9,ml100k,itemknn,none,2,100,
294,0.0,1.0,0.0,1.1,ml100k,itemknn,none,2,100,
306,0.0,1.0,0.0,1.5,ml100k,itemknn,none,2,100,
316,0.0,1.0,0.0,1.0,ml100k,itemknn,none,2,100,
334,1.0,1.0,1.0,0.9,ml100k,itemknn,none,2,100,
345,0.0,1.0,0.0,1.3,ml100k,itemknn,none,2,100,
350,0.3562071871080222,1.0,1.0,1.3,ml100k,itemknn,none,2,100,
369,0.0,1.0,0.0,1.1,ml100k,itemknn,none,2,100,
371,0.0,1.0,0.0,1.5,ml100k,itemknn,none,2,100,
375,0.0,1.0,0.0,0.9,ml100k,itemknn,none,2,100,
383,0.0,1.0,0.0,1.1,ml100k,itemknn,none,2,100,
404,0.0,1.0,0.0,1.1,ml100k,itemknn,none,2,100,
406,0.0,1.0,0.0,1.1,ml100k,itemknn,none,2,100,
407,0.0,1.0,0.0,1.1,ml100k,itemknn,none,2,100,
413,0.3562071871080222,1.0,1.0,1.1,ml100k,itemknn,none,2,100,
414,0.0,1.0,0.0,0.7,ml100k,itemknn,none,2,100,
422,0.0,1.0,0.0,1.1,ml100k,itemknn,none,2,100,
430,0.0,1.0,0.0,1.0,ml100k,itemknn,none,2,100,
433,0.0,1.0,0.0,1.3,ml100k,itemknn,none,2,100,
449,0.0,1.0,0.0,0.7,ml100k,itemknn,none,2,100,
453,0.0,1.0,0.0,1.3,ml100k,itemknn,none,2,100,
454,0.6309297535714575,1.0,1.0,1.1,ml100k,itemknn,none,2,100,
463,0.0,1.0,0.0,1.3,ml100k,itemknn,none,2,100,
472,0.0,1.0,0.0,0.7,ml100k,itemknn,none,2,100,
473,0.0,1.0,0.0,1.3,ml100k,itemknn,none,2,100,
474,0.0,1.0,0.0,1.3,ml100k,itemknn,none,2,100,
480,0.430676558073393,1.0,1.0,0.8,ml100k,itemknn,none,2,100,
486,0.0,1.0,0.0,0.6,ml100k,itemknn,none,2,100,
489,0.0,1.0,0.0,0.9,ml100k,itemknn,none,2,100,
511,0.0,1.0,0.0,1.3,ml100k,itemknn,none,2,100,
513,0.0,1.0,0.0,0.7,ml100k,itemknn,none,2,100,
541,0.0,1.0,0.0,1.1,ml100k,itemknn,none,2,100,
543,0.0,1.0,0.0,0.9,ml100k,itemknn,none,2,100,
545,0.0,1.0,0.0,1.3,ml100k,itemknn,none,2,100,
554,0.0,1.0,0.0,1.1,ml100k,itemknn,none,2,100,
567,0.0,1.0,0.0,1.3,ml100k,itemknn,none,2,100,
568,0.0,1.0,0.0,1.1,ml100k,itemknn,none,2,100,
582,0.3868528072345416,1.0,1.0,1.3,ml100k,itemknn,none,2,100,
588,0.0,1.0,0.0,1.1,ml100k,itemknn,none,2,100,
590,0.0,1.0,0.0,1.3,ml100k,itemknn,none,2,100,
591,0.0,1.0,0.0,0.9,ml100k,itemknn,none,2,100,
600,0.0,1.0,0.0,0.9,ml100k,itemknn,none,2,100,
614,0.0,1.0,0.0,1.3,ml100k,itemknn,none,2,100,
617,0.0,1.0,0.0,1.1,ml100k,itemknn,none,2,100,
622,0.0,1.0,0.0,1.3,ml100k,itemknn,none,2,100,
623,0.0,1.0,0.0,1.1,ml100k,itemknn,none,2,100,
630,0.0,1.0,0.0,1.5,ml100k,itemknn,none,2,100,
646,0.3010299956639812,1.0,1.0,0.9,ml100k,itemknn,none,2,100,
650,0.0,1.0,0.0,0.6,ml100k,itemknn,none,2,100,
691,0.0,1.0,0.0,1.1,ml100k,itemknn,none,2,100,
694,0.0,1.0,0.0,1.3,ml100k,itemknn,none,2,100,
706,0.0,1.0,0.0,1.1,ml100k,itemknn,none,2,100,
719,0.0,1.0,0.0,1.0,ml100k,itemknn,none,2,100,
720,0.0,1.0,0.0,0.9,ml100k,itemknn,none,2,100,
755,0.3154648767857287,1.0,1.0,1.3,ml100k,itemknn,none,2,100,
762,0.0,1.0,0.0,0.7,ml100k,itemknn,none,2,100,
770,0.0,1.0,0.0,1.1,ml100k,itemknn,none,2,100,
773,0.0,1.0,0.0,1.1,ml100k,itemknn,none,2,100,
780,0.0,1.0,0.0,1.1,ml100k,itemknn,none,2,100,
792,0.0,1.0,0.0,0.9,ml100k,itemknn,none,2,100,
794,0.0,1.0,0.0,1.5,ml100k,itemknn,none,2,100,
802,0.0,1.0,0.0,1.1,ml100k,itemknn,none,2,100,
811,0.0,1.0,0.0,1.1,ml100k,itemknn,none,2,100,
819,0.0,1.0,0.0,1.5,ml100k,itemknn,none,2,100,
824,0.0,1.0,0.0,0.8,ml100k,itemknn,none,2,100,
825,0.0,1.0,0.0,0.9,ml100k,itemknn,none,2,100,
827,0.0,1.0,0.0,1.1,ml100k,itemknn,none,2,100,
848,0.0,1.0,0.0,1.5,ml100k,itemknn,none,2,100,
849,0.0,1.0,0.0,1.1,ml100k,itemknn,none,2,100,
865,0.0,1.0,0.0,1.5,ml100k,itemknn,none,2,100,
871,0.0,1.0,0.0,1.3,ml100k,itemknn,none,2,100,
890,0.0,1.0,0.0,1.5,ml100k,itemknn,none,2,100,
897,0.0,1.0,0.0,1.3,ml100k,itemknn,none,2,100,
940,0.0,1.0,0.0,0.7,ml100k,itemknn,none,2,100,
35,0.0,1.0,0.0,0.9,ml100k,itemknn,greedy_topk,2,100,0.4000833968278643
36,0.0,1.0,0.0,1.1,ml100k,itemknn,greedy_topk,2,100,0.4837767321992405
47,0.0,1.0,0.0,1.1,ml100k,itemknn,greedy_topk,2,100,0.4830738425291583
53,0.3333333333333333,1.0,1.0,0.5,ml100k,itemknn,greedy_topk,2,100,0.3490592023693443
71,0.0,1.0,0.0,1.5,ml100k,itemknn,greedy_topk,2,100,0.5437037417502938
78,0.0,1.0,0.0,1.3,ml100k,itemknn,greedy_topk,2,100,0.4709191971130143
90,0.3868528072345416,1.0,1.0,1.3,ml100k,itemknn,greedy_topk,2,100,0.5467613426953523
92,0.0,1.0,0.0,1.5,ml100k,itemknn,greedy_topk,2,100,0.4920857604177687
94,0.0,1.0,0.0,1.3,ml100k,itemknn,greedy_topk,2,100,0.4749620350182125
96,0.3333333333333333,1.0,1.0,1.5,ml100k,itemknn,greedy_topk,2,100,0.5399094625491883
130,0.3868528072345416,1.0,1.0,1.1,ml100k,itemknn,greedy_topk,2,100,0.4708670176050931
161,0.0,1.0,0.0,1.1,ml100k,itemknn,greedy_topk,2,100,0.4966508456045582
165,0.3868528072345416,1.0,1.0,1.1,ml100k,itemknn,greedy_topk,2,100,0.4817924298732487
173,0.0,1.0,0.0,1.5,ml100k,itemknn,greedy_topk,2,100,0.5602535780890718
182,0.0,1.0,0.0,0.9,ml100k,itemknn,greedy_topk,2,100,0.4642487718221482
192,0.0,1.0,0.0,0.9,ml100k,itemknn,greedy_topk,2,100,0.4737047845975398
196,0.0,1.0,0.0,0.7,ml100k,itemknn,greedy_topk,2,100,0.3598495284053928
200,0.0,1.0,0.0,1.3,ml100k,itemknn,greedy_topk,2,100,0.5187103031933455
203,0.0,1.0,0.0,0.9,ml100k,itemknn,greedy_topk,2,100,0.3526114976331396
221,0.0,1.0,0.0,1.1,ml100k,itemknn,greedy_topk,2,100,0.4916808106008693
225,0.0,1.0,0.0,1.1,ml100k,itemknn,greedy_topk,2,100,0.3855797086861221
236,0.0,1.0,0.0,1.3,ml100k,itemknn,greedy_topk,2,100,0.3791486031060873
243,0.0,1.0,0.0,1.1,ml100k,itemknn,greedy_topk,2,100,0.5133332588531989
252,0.0,1.0,0.0,0.7,ml100k,itemknn,greedy_topk,2,100,0.4108059688113669
264,0.0,1.0,0.0,1.5,ml100k,itemknn,greedy_topk,2,100,0.535697802462821
284,0.0,1.0,0.0,0.5,ml100k,itemknn,greedy_topk,2,100,0.3533479009599313
285,0.6309297535714575,1.0,1.0,0.9,ml100k,itemknn,greedy_topk,2,100,0.3085869857995711
294,0.0,1.0,0.0,1.1,ml100k,itemknn,greedy_topk,2,100,0.3961516262564508
306,0.0,1.0,0.0,1.5,ml100k,itemknn,greedy_topk,2,100,0.5726619180755951
316,0.0,1.0,0.0,1.0,ml100k,itemknn,greedy_topk,2,100,0.3131397814863724
334,1.0,1.0,1.0,0.9,ml100k,itemknn,greedy_topk,2,100,0.3431435132468969
345,0.0,1.0,0.0,1.3,ml100k,itemknn,greedy_topk,2,100,0.5068252027032718
350,0.3562071871080222,1.0,1.0,1.3,ml100k,itemknn,greedy_topk,2,100,0.3977694228114641
369,0.0,1.0,0.0,1.1,ml100k,itemknn,greedy_topk,2,100,0.3374051602024971
371,0.0,1.0,0.0,1.5,ml100k,itemknn,greedy_topk,2,100,0.4937172033917332
375,0.0,1.0,0.0,0.9,ml100k,itemknn,greedy_topk,2,100,0.4215163678180119
383,0.0,1.0,0.0,1.1,ml100k,itemknn,greedy_topk,2,100,0.4773246713817597
404,0.0,1.0,0.0,1.1,ml100k,itemknn,greedy_topk,2,100,0.4669976419090211
406,0.0,1.0,0.0,1.1,ml100k,itemknn,greedy_topk,2,100,0.5120177239001945
407,0.0,1.0,0.0,1.1,ml100k,itemknn,greedy_topk,2,100,0.4638808719254614
413,0.3562071871080222,1.0,1.0,1.1,ml100k,itemknn,greedy_topk,2,100,0.526892703857372
414,0.0,1.0,0.0,0.7,ml100k,itemknn,greedy_topk,2,100,0.3948020268838422
422,0.0,1.0,0.0,1.1,ml100k,itemknn,greedy_topk,2,100,0.4842344891011391
430,0.0,1.0,0.0,1.0,ml100k,itemknn,greedy_topk,2,100,0.4331448928447888
433,0.0,1.0,0.0,1.3,ml100k,itemknn,greedy_topk,2,100,0.4800193827989867
449,0.0,1.0,0.0,0.7,ml100k,itemknn,greedy_topk,2,100,0.468136998512438
453,0.0,1.0,0.0,1.3,ml100k,itemknn,greedy_topk,2,100,0.4711035791589953
454,0.6309297535714575,1.0,1.0,1.1,ml100k,itemknn,greedy_topk,2,100,0.4693527744099821
463,0.0,1.0,0.0,1.3,ml100k,itemknn,greedy_topk,2,100,0.5441422151393563
472,0.0,1.0,0.0,0.7,ml100k,itemknn,greedy_topk,2,100,0.432130765160856
473,0.0,1.0,0.0,1.3,ml100k,itemknn,greedy_topk,2,100,0.4662600409340821
474,0.0,1.0,0.0,1.3,ml100k,itemknn,greedy_topk,2,100,0.436301022083113
480,0.430676558073393,1.0,1.0,0.8,ml100k,itemknn,greedy_topk,2,100,0.3491742732202283
486,0.0,1.0,0.0,0.6,ml100k,itemknn,greedy_topk,2,100,0.358075656934353
489,0.0,1.0,0.0,0.9,ml100k,itemknn,greedy_topk,2,100,0.442687939106651
511,0.0,1.0,0.0,1.3,ml100k,itemknn,greedy_topk,2,100,0.3818671439102163
513,0.0,1.0,0.0,0.7,ml100k,itemknn,greedy_topk,2,100,0.3428125787671819
541,0.0,1.0,0.0,1.1,ml100k,itemknn,greedy_topk,2,100,0.480327760492523
543,0.0,1.0,0.0,0.9,ml100k,itemknn,greedy_topk,2,100,0.3894708170385786
545,0.0,1.0,0.0,1.3,ml100k,itemknn,greedy_topk,2,100,0.5117728431537988
554,0.0,1.0,0.0,1.1,ml100k,itemknn,greedy_topk,2,100,0.4983564414118254
567,0.0,1.0,0.0,1.3,ml100k,itemknn,greedy_topk,2,100,0.3313955546257668
568,0.0,1.0,0.0,1.1,ml100k,itemknn,greedy_topk,2,100,0.5020966165954533
582,0.3868528072345416,1.0,1.0,1.3,ml100k,itemknn,greedy_topk,2,100,0.541505594958919
588,0.0,1.0,0.0,1.1,ml100k,itemknn,greedy_topk,2,100,0.476806436414548
590,0.0,1.0,0.0,1.3,ml100k,itemknn,greedy_topk,2,100,0.4849269597848902
591,0.0,1.0,0.0,0.9,ml100k,itemknn,greedy_topk,2,100,0.3660935164966218
600,0.0,1.0,0.0,0.9,ml100k,itemknn,greedy_topk,2,100,0.3608972501926457
614,0.0,1.0,0.0,1.3,ml100k,itemknn,greedy_topk,2,100,0.5269796841688813
617,0.0,1.0,0.0,1.1,ml100k,itemknn,greedy_topk,2,100,0.3754623999614261
622,0.0,1.0,0.0,1.3,ml100k,itemknn,greedy_topk,2,100,0.4501471154506329
623,0.0,1.0,0.0,1.1,ml100k,itemknn,greedy_topk,2,100,0.4129989649048337
630,0.0,1.0,0.0,1.5,ml100k,itemknn,greedy_topk,2,100,0.5422925761745282
646,0.3010299956639812,1.0,1.0,0.9,ml100k,itemknn,greedy_topk,2,100,0.3319024975254355
650,0.0,1.0,0.0,0.6,ml100k,itemknn,greedy_topk,2,100,0.376670033660739
691,0.0,1.0,0.0,1.1,ml100k,itemknn,greedy_topk,2,100,0.4936666044447
694,0.0,1.0,0.0,1.3,ml100k,itemknn,greedy_topk,2,100,0.4153483908665543
706,0.0,1.0,0.0,1.1,ml100k,itemknn,greedy_topk,2,100,0.440901149465803
719,0.0,1.0,0.0,1.0,ml100k,itemknn,greedy_topk,2,100,0.4122954715964817
720,0.0,1.0,0.0,0.9,ml100k,itemknn,greedy_topk,2,100,0.4525766119619477
755,0.3154648767857287,1.0,1.0,1.3,ml100k,itemknn,greedy_topk,2,100,0.5314790806223083
762,0.0,1.0,0.0,0.7,ml100k,itemknn,greedy_topk,2,100,0.4682965048564561
770,0.0,1.0,0.0,1.1,ml100k,itemknn,greedy_topk,2,100,0.4421467805422696
773,0.0,1.0,0.0,1.1,ml100k,itemknn,greedy_topk,2,100,0.3450052798366605
780,0.0,1.0,0.0,1.1,ml100k,itemknn,greedy_topk,2,100,0.3531434069207416
792,0.0,1.0,0.0,0.9,ml100k,itemknn,greedy_topk,2,100,0.3350982656621083
794,0.0,1.0,0.0,1.5,ml100k,itemknn,greedy_topk,2,100,0.5594039653402448
802,0.0,1.0,0.0,1.1,ml100k,itemknn,greedy_topk,2,100,0.5398439100770481
811,0.0,1.0,0.0,1.1,ml100k,itemknn,greedy_topk,2,100,0.4940520579223307
819,0.0,1.0,0.0,1.5,ml100k,itemknn,greedy_topk,2,100,0.5134616851522403
824,0.0,1.0,0.0,0.8,ml100k,itemknn,greedy_topk,2,100,0.3398881823518304
825,0.0,1.0,0.0,0.9,ml100k,itemknn,greedy_topk,2,100,0.3498831128677322
827,0.0,1.0,0.0,1.1,ml100k,itemknn,greedy_topk,2,100,0.4847462165170513
848,0.0,1.0,0.0,1.5,ml100k,itemknn,greedy_topk,2,100,0.4122281391373183
849,0.0,1.0,0.0,1.1,ml100k,itemknn,greedy_topk,2,100,0.3707972269335469
865,0.0,1.0,0.0,1.5,ml100k,itemknn,greedy_topk,2,100,0.4243048485744854
871,0.0,1.0,0.0,1.3,ml100k,itemknn,greedy_topk,2,100,0.5675815556549968
890,0.0,1.0,0.0,1.5,ml100k,itemknn,greedy_topk,2,100,0.5521520222453202
897,0.0,1.0,0.0,1.3,ml100k,itemknn,greedy_topk,2,100,0.5198655529423089
940,0.0,1.0,0.0,0.7,ml100k,itemknn,greedy_topk,2,100,0.4737116831333653
35,0.0,0.9943865257127696,0.0,0.9,ml100k,itemknn,mmr,2,100,0.3941656706377059
36,0.0,0.9637412534343792,0.0,0.7,ml100k,itemknn,mmr,2,100,0.4015420331483353
47,0.0,0.9557037284781064,0.0,1.1,ml100k,itemknn,mmr,2,100,0.3738559210019438
53,0.3868528072345416,0.9734332638592816,1.0,0.9,ml100k,itemknn,mmr,2,100,0.3019443675107463
71,0.0,0.9862638030817068,0.0,1.3,ml100k,itemknn,mmr,2,100,0.5090884330605399
78,0.3010299956639812,0.9356130440223182,1.0,0.9,ml100k,itemknn,mmr,2,100,0.3820816135594543
90,0.0,0.9472331437490864,0.0,0.5,ml100k,itemknn,mmr,2,100,0.4539052438743567
92,0.0,0.993057356419002,0.0,1.3,ml100k,itemknn,mmr,2,100,0.472540733394239
94,0.0,0.992190285866618,0.0,1.3,ml100k,itemknn,mmr,2,100,0.4617026161374299
96,0.3868528072345416,0.971060458741888,1.0,1.5,ml100k,itemknn,mmr,2,100,0.4953419662973302
130,0.3868528072345416,0.9921525648204732,1.0,1.0,ml100k,itemknn,mmr,2,100,0.4460569493804596
161,0.0,0.9893403132612526,0.0,1.1,ml100k,itemknn,mmr,2,100,0.4671052186720092
165,0.3868528072345416,0.9948513282948628,1.0,1.3,ml100k,itemknn,mmr,2,100,0.4764835909403342
173,0.0,0.9897505275219664,0.0,1.5,ml100k,itemknn,mmr,2,100,0.5188879194884776
182,0.0,0.9958498659379764,0.0,0.9,ml100k,itemknn,mmr,2,100,0.460971546727357
192,0.0,0.9882152354069542,0.0,0.9,ml100k,itemknn,mmr,2,100,0.4525605827342287
196,0.0,0.6873798780182133,0.0,0.6,ml100k,itemknn,mmr,2,100,0.1030523475428833
200,0.0,0.9936244791800511,0.0,1.5,ml100k,itemknn,mmr,2,100,0.5113649372424622
203,0.0,0.9775196688683602,0.0,0.9,ml100k,itemknn,mmr,2,100,0.3158207435991143
221,0.0,0.9929426129259716,0.0,1.1,ml100k,itemknn,mmr,2,100,0.4798426244413887
225,0.0,0.833714934477894,0.0,0.9,ml100k,itemknn,mmr,2,100,0.217061717323675
236,0.0,0.9752589227925936,0.0,1.1,ml100k,itemknn,mmr,2,100,0.3525121944705016
243,0.0,0.9953817721242908,0.0,1.1,ml100k,itemknn,mmr,2,100,0.5022844321737642
252,0.0,0.9869026576040696,0.0,0.9,ml100k,itemknn,mmr,2,100,0.3944502956193795
264,0.0,0.980337772772006,0.0,1.1,ml100k,itemknn,mmr,2,100,0.4876790386352317
284,0.0,0.9799873858756568,0.0,0.7,ml100k,itemknn,mmr,2,100,0.3256140981934121
285,0.6309297535714575,0.9933162955149312,1.0,0.9,ml100k,itemknn,mmr,2,100,0.2864230429884389
294,0.0,0.9777195299931188,0.0,1.1,ml100k,itemknn,mmr,2,100,0.3451238225227278
306,0.0,0.9867971999473076,0.0,1.3,ml100k,itemknn,mmr,2,100,0.5294357058536249
316,0.0,0.9819835609400694,0.0,1.0,ml100k,itemknn,mmr,2,100,0.2851680388438384
334,1.0,0.97519414106083,1.0,1.1,ml100k,itemknn,mmr,2,100,0.2951895993495392
345,0.0,0.9667725452689236,0.0,1.1,ml100k,itemknn,mmr,2,100,0.4502548148768079
350,0.0,0.96818854524996,0.0,1.1,ml100k,itemknn,mmr,2,100,0.3074093258117431
369,0.0,0.9956744569941646,0.0,0.9,ml100k,itemknn,mmr,2,100,0.3167189459882301
371,0.0,0.9959456077199608,0.0,1.5,ml100k,itemknn,mmr,2,100,0.4749359044820373
375,0.0,0.9822640207312534,0.0,1.1,ml100k,itemknn,mmr,2,100,0.4004652249884509
383,0.0,0.9826448377174454,0.0,0.9,ml100k,itemknn,mmr,2,100,0.4210417943397248
404,0.0,0.9562474585607844,0.0,1.1,ml100k,itemknn,mmr,2,100,0.3891660938324076
406,0.0,0.9802705131265652,0.0,1.1,ml100k,itemknn,mmr,2,100,0.4737362137328643
407,0.0,0.9956373794683856,0.0,1.3,ml100k,itemknn,mmr,2,100,0.4547307306053303
413,0.3868528072345416,0.9770113951890632,1.0,1.3,ml100k,itemknn,mmr,2,100,0.4624025725992027
414,0.0,0.9605346665041464,0.0,0.7,ml100k,itemknn,mmr,2,100,0.3377730380637546
422,0.0,0.9928906269129408,0.0,1.3,ml100k,itemknn,mmr,2,100,0.4731352479687528
430,0.0,0.9982132867677436,0.0,1.1,ml100k,itemknn,mmr,2,100,0.426984876721198
433,0.0,0.9976534831423997,0.0,1.3,ml100k,itemknn,mmr,2,100,0.482097947313977
449,0.0,0.9930941561585144,0.0,0.7,ml100k,itemknn,mmr,2,100,0.4610730513844855
453,0.0,0.9373290438024682,0.0,0.9,ml100k,itemknn,mmr,2,100,0.3265806412142014
454,0.6309297535714575,0.9952219332701728,1.0,1.1,ml100k,itemknn,mmr,2,100,0.457501599667764
463,0.0,0.9857004350688354,0.0,0.9,ml100k,itemknn,mmr,2,100,0.5047424504740461
472,0.0,0.9926254139281064,0.0,0.7,ml100k,itemknn,mmr,2,100,0.4323362029497623
473,0.0,0.9780441500810444,0.0,0.9,ml100k,itemknn,mmr,2,100,0.3936200783632878
474,0.0,0.9725211857660742,0.0,0.7,ml100k,itemknn,mmr,2,100,0.3760256778199536
480,0.430676558073393,0.9992863189480616,1.0,0.8,ml100k,itemknn,mmr,2,100,0.3422960597095518
486,0.0,0.8773844093224701,0.0,0.4,ml100k,itemknn,mmr,2,100,0.2192396403269954
489,0.0,0.9637066248822812,0.0,0.4,ml100k,itemknn,mmr,2,100,0.355946505790867
511,0.0,0.9941234167169558,0.0,1.3,ml100k,itemknn,mmr,2,100,0.3743286100050728
513,0.0,0.9593883634835388,0.0,0.7,ml100k,itemknn,mmr,2,100,0.2939956420815491
541,0.0,0.8881929080547339,0.0,1.1,ml100k,itemknn,mmr,2,100,0.2691052974405175
543,0.0,0.912072589078784,0.0,1.1,ml100k,itemknn,mmr,2,100,0.2364380650726123
545,0.0,0.9712726212465814,0.0,1.1,ml100k,itemknn,mmr,2,100,0.4496241723838836
554,0.0,0.984121998322248,0.0,0.9,ml100k,itemknn,mmr,2,100,0.4558340965600946
567,0.0,0.9912917085729056,0.0,1.3,ml100k,itemknn,mmr,2,100,0.3115499513230758
568,0.0,0.9954528141745044,0.0,0.7,ml100k,itemknn,mmr,2,100,0.4911316219442755
582,0.430676558073393,0.9893094485949656,1.0,1.3,ml100k,itemknn,mmr,2,100,0.5249972993047225
588,0.0,0.9819986721243408,0.0,0.9,ml100k,itemknn,mmr,2,100,0.4628078494846253
590,0.0,1.0,0.0,1.3,ml100k,itemknn,mmr,2,100,0.4849269597848902
591,0.0,0.9890494748808998,0.0,1.1,ml100k,itemknn,mmr,2,100,0.348159669646794
600,0.0,0.9657266647757856,0.0,0.9,ml100k,itemknn,mmr,2,100,0.314464285465859
614,0.0,0.9539318881898552,0.0,1.1,ml100k,itemknn,mmr,2,100,0.3839677416785562
617,0.0,0.7663513069764614,0.0,0.9,ml100k,itemknn,mmr,2,100,0.1707744092644216
622,0.0,0.9832908208865664,0.0,0.9,ml100k,itemknn,mmr,2,100,0.4072948411239346
623,0.0,0.9976811687400068,0.0,1.3,ml100k,itemknn,mmr,2,100,0.4055744163669528
630,0.0,0.9850012201589776,0.0,1.1,ml100k,itemknn,mmr,2,100,0.5022402694314259
646,0.3010299956639812,0.9994087258241094,1.0,0.7,ml100k,itemknn,mmr,2,100,0.3355855225912595
650,0.0,0.992808767389974,0.0,0.7,ml100k,itemknn,mmr,2,100,0.3560035206356088
691,0.0,0.9870020222781484,0.0,1.1,ml100k,itemknn,mmr,2,100,0.4705777438664606
694,0.0,0.8697275213475143,0.0,0.6,ml100k,itemknn,mmr,2,100,0.1885144786656566
706,0.0,0.9571309348638058,0.0,0.6,ml100k,itemknn,mmr,2,100,0.3698139971161053
719,0.0,0.9861922073535054,0.0,1.1,ml100k,itemknn,mmr,2,100,0.3915596218058634
720,0.0,0.997113310158687,0.0,0.9,ml100k,itemknn,mmr,2,100,0.4487906000152926
755,0.3333333333333333,0.9827713211568554,1.0,1.0,ml100k,itemknn,mmr,2,100,0.484457619571297
762,0.0,0.9936418526124166,0.0,0.7,ml100k,itemknn,mmr,2,100,0.4445787077122369
770,0.0,0.94998429460492,0.0,0.4,ml100k,itemknn,mmr,2,100,0.3505782225636084
773,0.0,0.8898361155080127,0.0,1.3,ml100k,itemknn,mmr,2,100,0.2300997852996068
780,0.0,0.985074538514936,0.0,0.7,ml100k,itemknn,mmr,2,100,0.3062632218111432
792,0.0,0.9834417379884178,0.0,0.7,ml100k,itemknn,mmr,2,100,0.2946529535101522
794,0.0,0.9883466231743108,0.0,1.5,ml100k,itemknn,mmr,2,100,0.5242723437399881
802,0.0,0.9844010266344904,0.0,1.1,ml100k,itemknn,mmr,2,100,0.5095344283830301
811,0.0,0.9955660558797674,0.0,1.1,ml100k,itemknn,mmr,2,100,0.4791412299152829
819,0.0,0.975197184195358,0.0,1.3,ml100k,itemknn,mmr,2,100,0.4600128245346064
824,0.0,0.9752301486038294,0.0,0.8,ml100k,itemknn,mmr,2,100,0.2875884871777914
825,0.0,0.98497501706516,0.0,0.8,ml100k,itemknn,mmr,2,100,0.3052863729143695
827,0.0,0.9836757857305528,0.0,1.3,ml100k,itemknn,mmr,2,100,0.4583185733513313
848,0.0,0.8668162931190014,0.0,1.5,ml100k,itemknn,mmr,2,100,0.2108474626232284
849,0.0,0.88912516339425,0.0,1.1,ml100k,itemknn,mmr,2,100,0.248745735537939
865,0.3010299956639812,0.9881745288268792,1.0,1.3,ml100k,itemknn,mmr,2,100,0.4041981240799558
871,0.0,0.9760305779118432,0.0,1.1,ml100k,itemknn,mmr,2,100,0.5088181198285753
890,0.0,0.9809347358955174,0.0,1.3,ml100k,itemknn,mmr,2,100,0.521820496357646
897,0.0,0.990457315987471,0.0,1.3,ml100k,itemknn,mmr,2,100,0.483198210933722
940,0.0,0.987471599469658,0.0,1.1,ml100k,itemknn,mmr,2,100,0.448628454019195
35,0.0,0.8384182291740294,0.0,0.2,ml100k,itemknn,quota_mmr,2,100,0.2794432696326898
36,0.0,0.9428354944256124,0.0,0.2,ml100k,itemknn,quota_mmr,2,100,0.3845417563988482
47,0.0,0.8397944329908642,0.0,0.3,ml100k,itemknn,quota_mmr,2,100,0.313675280991436
53,0.3868528072345416,0.95703584292884,1.0,0.2,ml100k,itemknn,quota_mmr,2,100,0.2821831727980177
71,0.0,0.8700883860942633,0.0,0.3,ml100k,itemknn,quota_mmr,2,100,0.428041140779694
78,0.0,0.8899293427691556,0.0,0.3,ml100k,itemknn,quota_mmr,2,100,0.3617312134077381
90,0.0,0.922703694759059,0.0,0.2,ml100k,itemknn,quota_mmr,2,100,0.4334084492905488
92,0.0,0.9304683447216392,0.0,0.2,ml100k,itemknn,quota_mmr,2,100,0.4358554234129779
94,0.0,0.7561776503108425,0.0,0.2,ml100k,itemknn,quota_mmr,2,100,0.331267376804039
96,0.0,0.8412407594489808,0.0,0.3,ml100k,itemknn,quota_mmr,2,100,0.4221597150609619
130,0.430676558073393,0.8529396040141679,1.0,0.2,ml100k,itemknn,quota_mmr,2,100,0.3803998027882066
161,0.0,0.7909592817594356,0.0,0.3,ml100k,itemknn,quota_mmr,2,100,0.3558129380178042
165,0.5,0.9026466257650532,1.0,0.3,ml100k,itemknn,quota_mmr,2,100,0.4336947027280172
173,0.0,0.822252418452369,0.0,0.2,ml100k,itemknn,quota_mmr,2,100,0.4044628264794916
182,0.0,0.8905355416231532,0.0,0.3,ml100k,itemknn,quota_mmr,2,100,0.3773451158717824
192,0.0,0.9714823942869952,0.0,0.2,ml100k,itemknn,quota_mmr,2,100,0.4535345709607069
196,0.0,0.5552827016709274,0.0,0.2,ml100k,itemknn,quota_mmr,2,100,0.0948526213090692
200,0.0,0.9174516592441574,0.0,0.2,ml100k,itemknn,quota_mmr,2,100,0.4624323391279452
203,0.0,0.93920357914056,0.0,0.3,ml100k,itemknn,quota_mmr,2,100,0.2927810036286251
221,0.0,0.8382722888102927,0.0,0.3,ml100k,itemknn,quota_mmr,2,100,0.3695051080135461
225,0.0,0.7972048814277606,0.0,0.3,ml100k,itemknn,quota_mmr,2,100,0.2315218767401342
236,0.0,0.7109800517282007,0.0,0.2,ml100k,itemknn,quota_mmr,2,100,0.2299058019088501
243,0.0,0.8616574070338309,0.0,0.3,ml100k,itemknn,quota_mmr,2,100,0.4238757632930397
252,0.0,0.9062321455382084,0.0,0.3,ml100k,itemknn,quota_mmr,2,100,0.3674199913598746
264,0.0,0.9306454908717148,0.0,0.2,ml100k,itemknn,quota_mmr,2,100,0.4544568303953311
284,0.0,0.9920787931169172,0.0,0.3,ml100k,itemknn,quota_mmr,2,100,0.3478421334934853
285,0.6309297535714575,0.9642414514699932,1.0,0.2,ml100k,itemknn,quota_mmr,2,100,0.2748188907571235
294,0.0,0.9071379490381382,0.0,0.3,ml100k,itemknn,quota_mmr,2,100,0.2903959344123694
306,0.0,0.8965453990155793,0.0,0.2,ml100k,itemknn,quota_mmr,2,100,0.4754279731786923
316,0.0,0.9594881442635096,0.0,0.3,ml100k,itemknn,quota_mmr,2,100,0.2775056982471123
334,1.0,0.9059624887426412,1.0,0.3,ml100k,itemknn,quota_mmr,2,100,0.2796349392860634
345,0.0,0.8952081470644058,0.0,0.3,ml100k,itemknn,quota_mmr,2,100,0.4031015808044082
350,0.0,0.8636874275582791,0.0,0.2,ml100k,itemknn,quota_mmr,2,100,0.2648569970212687
369,0.0,0.9199755418958526,0.0,0.2,ml100k,itemknn,quota_mmr,2,100,0.2782435849275999
371,0.0,0.8663410272107805,0.0,0.3,ml100k,itemknn,quota_mmr,2,100,0.3833334779001405
375,0.0,0.8450134579702109,0.0,0.3,ml100k,itemknn,quota_mmr,2,100,0.3278568292961274
383,0.0,0.9128481799254364,0.0,0.3,ml100k,itemknn,quota_mmr,2,100,0.3323094411966809
404,0.0,0.9096071892206338,0.0,0.2,ml100k,itemknn,quota_mmr,2,100,0.3933624184221289
406,0.0,0.9433526780747096,0.0,0.2,ml100k,itemknn,quota_mmr,2,100,0.4521998227056237
407,0.0,0.9485290138474828,0.0,0.2,ml100k,itemknn,quota_mmr,2,100,0.460306591130235
413,0.6309297535714575,0.922864456252816,1.0,0.3,ml100k,itemknn,quota_mmr,2,100,0.4413638430216816
414,0.0,0.9270817541499372,0.0,0.2,ml100k,itemknn,quota_mmr,2,100,0.3404993510496818
422,0.0,0.9576779896535296,0.0,0.2,ml100k,itemknn,quota_mmr,2,100,0.4590409345380559
430,0.0,0.8463544891809283,0.0,0.3,ml100k,itemknn,quota_mmr,2,100,0.343918545054457
433,0.0,0.9249566738681414,0.0,0.2,ml100k,itemknn,quota_mmr,2,100,0.4586598176949827
449,0.0,0.9455816832950904,0.0,0.2,ml100k,itemknn,quota_mmr,2,100,0.4397718400897653
453,0.0,0.8504872927962672,0.0,0.2,ml100k,itemknn,quota_mmr,2,100,0.2783787085305366
454,0.0,0.901591937479288,0.0,0.2,ml100k,itemknn,quota_mmr,2,100,0.4036860003461289
463,0.0,0.9482123285582238,0.0,0.3,ml100k,itemknn,quota_mmr,2,100,0.4773926981659824
472,0.0,0.924952374069984,0.0,0.3,ml100k,itemknn,quota_mmr,2,100,0.397763967146701
473,0.0,0.8994887166776347,0.0,0.2,ml100k,itemknn,quota_mmr,2,100,0.3535296780474575
474,0.0,0.9040768101841404,0.0,0.3,ml100k,itemknn,quota_mmr,2,100,0.3297374484983074
480,0.430676558073393,0.97870054731593,1.0,0.2,ml100k,itemknn,quota_mmr,2,100,0.3339913441876209
486,0.0,0.9070937461619476,0.0,0.2,ml100k,itemknn,quota_mmr,2,100,0.2478184937511258
489,0.0,0.9482396943927632,0.0,0.3,ml100k,itemknn,quota_mmr,2,100,0.3585786479336065
511,0.0,0.832816283711527,0.0,0.2,ml100k,itemknn,quota_mmr,2,100,0.3249447510425922
513,0.0,0.8982635319882063,0.0,0.3,ml100k,itemknn,quota_mmr,2,100,0.2828478384057776
541,0.0,0.7464302902856186,0.0,0.3,ml100k,itemknn,quota_mmr,2,100,0.1903367340319576
543,0.0,0.904860491645913,0.0,0.2,ml100k,itemknn,quota_mmr,2,100,0.242369008139967
545,0.3562071871080222,0.8829836433202237,1.0,0.2,ml100k,itemknn,quota_mmr,2,100,0.3615405484943281
554,0.0,0.8869088675423986,0.0,0.2,ml100k,itemknn,quota_mmr,2,100,0.3693192822001874
567,0.0,0.9035707105356722,0.0,0.3,ml100k,itemknn,quota_mmr,2,100,0.2787203393183301
568,0.0,0.9534827280301152,0.0,0.2,ml100k,itemknn,quota_mmr,2,100,0.4677406162302828
582,0.0,0.9039708997869514,0.0,0.3,ml100k,itemknn,quota_mmr,2,100,0.4519439423009557
588,0.0,0.9111509488592509,0.0,0.3,ml100k,itemknn,quota_mmr,2,100,0.4199795217900167
590,0.0,0.8742336936424938,0.0,0.3,ml100k,itemknn,quota_mmr,2,100,0.4011636287591675
591,0.0,0.9255453123331648,0.0,0.2,ml100k,itemknn,quota_mmr,2,100,0.3033319258687559
600,0.0,0.7882754398473304,0.0,0.2,ml100k,itemknn,quota_mmr,2,100,0.2357230032993455
614,0.0,0.8510650488809341,0.0,0.2,ml100k,itemknn,quota_mmr,2,100,0.3108178083225767
617,0.0,0.7195316760106785,0.0,0.3,ml100k,itemknn,quota_mmr,2,100,0.1868537627530146
622,0.0,0.9306723281473224,0.0,0.3,ml100k,itemknn,quota_mmr,2,100,0.3673881015321313
623,0.0,0.8135335912699413,0.0,0.3,ml100k,itemknn,quota_mmr,2,100,0.3319374694149031
630,0.0,0.896940513055568,0.0,0.3,ml100k,itemknn,quota_mmr,2,100,0.4359087844926568
646,0.0,0.969995156164724,0.0,0.2,ml100k,itemknn,quota_mmr,2,100,0.3266721397353765
650,0.0,0.9623451511190282,0.0,0.3,ml100k,itemknn,quota_mmr,2,100,0.3154990878458431
691,0.0,0.8530352370600297,0.0,0.2,ml100k,itemknn,quota_mmr,2,100,0.3328459223792001
694,0.0,0.8764301587055363,0.0,0.2,ml100k,itemknn,quota_mmr,2,100,0.2018502567446694
706,0.0,0.9143304542503448,0.0,0.3,ml100k,itemknn,quota_mmr,2,100,0.3400967612873495
719,0.0,0.7938837155113583,0.0,0.3,ml100k,itemknn,quota_mmr,2,100,0.2513977103742674
720,0.0,0.9190775268583596,0.0,0.2,ml100k,itemknn,quota_mmr,2,100,0.4154155683194692
755,0.430676558073393,0.8903661711246341,1.0,0.3,ml100k,itemknn,quota_mmr,2,100,0.3809964713705109
762,0.0,0.9571319287221972,0.0,0.3,ml100k,itemknn,quota_mmr,2,100,0.4301769295787467
770,0.0,0.9315171690288016,0.0,0.2,ml100k,itemknn,quota_mmr,2,100,0.3370353455525931
773,0.0,0.7796639154257732,0.0,0.2,ml100k,itemknn,quota_mmr,2,100,0.1990226966469482
780,0.0,0.9545203225680609,0.0,0.3,ml100k,itemknn,quota_mmr,2,100,0.2917769216179474
792,0.0,0.9657294504400712,0.0,0.2,ml100k,itemknn,quota_mmr,2,100,0.296617826724551
794,0.0,0.9118258253281106,0.0,0.3,ml100k,itemknn,quota_mmr,2,100,0.466969902700545
802,0.0,0.9333772890926076,0.0,0.2,ml100k,itemknn,quota_mmr,2,100,0.4842315859070195
811,0.0,0.87782256140611,0.0,0.3,ml100k,itemknn,quota_mmr,2,100,0.4219190837170292
819,0.0,0.8182724724110952,0.0,0.3,ml100k,itemknn,quota_mmr,2,100,0.3613861631602123
824,0.0,0.9627135634545751,0.0,0.2,ml100k,itemknn,quota_mmr,2,100,0.2806542602982647
825,0.0,0.9488265710894128,0.0,0.2,ml100k,itemknn,quota_mmr,2,100,0.2950447303539892
827,0.0,0.928635525326261,0.0,0.3,ml100k,itemknn,quota_mmr,2,100,0.44197903199208
848,0.0,0.7615081337060867,0.0,0.2,ml100k,itemknn,quota_mmr,2,100,0.1710504222039928
849,0.0,0.7627422641245021,0.0,0.3,ml100k,itemknn,quota_mmr,2,100,0.2246667778609721
865,0.430676558073393,0.8948067613013005,1.0,0.3,ml100k,itemknn,quota_mmr,2,100,0.3767159590884275
871,0.0,0.9136297004931042,0.0,0.2,ml100k,itemknn,quota_mmr,2,100,0.4665427121390475
890,0.0,0.8792173489052472,0.0,0.2,ml100k,itemknn,quota_mmr,2,100,0.4490141020652932
897,0.0,0.886767744660954,0.0,0.3,ml100k,itemknn,quota_mmr,2,100,0.4214714294284793
940,0.0,0.9362921808083774,0.0,0.3,ml100k,itemknn,quota_mmr,2,100,0.4206479961974007
35,0.0,0.6462382324217596,0.0,0.2,ml100k,itemknn,qubo_feasible,2,100,0.1815054063970296
36,0.0,0.8640808469465104,0.0,0.2,ml100k,itemknn,qubo_feasible,2,100,0.3361079429382797
47,0.0,0.7585349493462555,0.0,0.2,ml100k,itemknn,qubo_feasible,2,100,0.2585583448670704
53,0.6309297535714575,0.8223928630679525,1.0,0.2,ml100k,itemknn,qubo_feasible,2,100,0.2157613183599639
71,0.0,0.7427170325773292,0.0,0.2,ml100k,itemknn,qubo_feasible,2,100,0.2856385525585098
78,0.0,0.780120477116257,0.0,0.2,ml100k,itemknn,qubo_feasible,2,100,0.2958722314877939
90,0.0,0.8477082665903931,0.0,0.2,ml100k,itemknn,qubo_feasible,2,100,0.398949197775693
92,0.0,0.8461519029265123,0.0,0.2,ml100k,itemknn,qubo_feasible,2,100,0.3583399406261626
94,0.0,0.6661197770126652,0.0,0.2,ml100k,itemknn,qubo_feasible,2,100,0.2869608653825347
96,0.0,0.7533148350739817,0.0,0.2,ml100k,itemknn,qubo_feasible,2,100,0.3300049502379014
130,0.0,0.7790954099767692,0.0,0.2,ml100k,itemknn,qubo_feasible,2,100,0.3458190335718979
161,0.0,0.7059367650041876,0.0,0.2,ml100k,itemknn,qubo_feasible,2,100,0.3044098537214172
165,0.0,0.7524720335794648,0.0,0.2,ml100k,itemknn,qubo_feasible,2,100,0.3431023603949147
173,0.0,0.6706764925780516,0.0,0.2,ml100k,itemknn,qubo_feasible,2,100,0.2977955904995752
182,0.0,0.6750856713163241,0.0,0.2,ml100k,itemknn,qubo_feasible,2,100,0.2554759156553649
192,0.0,0.9300617992784724,0.0,0.2,ml100k,itemknn,qubo_feasible,2,100,0.4187823482247054
196,0.0,0.6369100052384193,0.0,0.2,ml100k,itemknn,qubo_feasible,2,100,0.1069076227122628
200,0.0,0.7612647732730735,0.0,0.2,ml100k,itemknn,qubo_feasible,2,100,0.3599900339001095
203,0.0,0.8800883555701742,0.0,0.2,ml100k,itemknn,qubo_feasible,2,100,0.258219176771206
221,0.0,0.7033715825568999,0.0,0.2,ml100k,itemknn,qubo_feasible,2,100,0.2952658763053229
225,0.0,0.5444067362094216,0.0,0.2,ml100k,itemknn,qubo_feasible,2,100,0.1677445987749295
236,0.0,0.6285145569632472,0.0,0.2,ml100k,itemknn,qubo_feasible,2,100,0.1931048184926543
243,0.0,0.771885884375148,0.0,0.2,ml100k,itemknn,qubo_feasible,2,100,0.3525735171806071
252,0.0,0.7634774042156247,0.0,0.2,ml100k,itemknn,qubo_feasible,2,100,0.2849784368643533
264,0.0,0.8555279086324903,0.0,0.2,ml100k,itemknn,qubo_feasible,2,100,0.3867792464006631
284,0.0,0.8344494032823992,0.0,0.2,ml100k,itemknn,qubo_feasible,2,100,0.2414163924880468
285,0.6309297535714575,0.9183090902165988,1.0,0.2,ml100k,itemknn,qubo_feasible,2,100,0.242498336519526
294,0.0,0.8048759615114645,0.0,0.2,ml100k,itemknn,qubo_feasible,2,100,0.2434049441617515
306,0.0,0.8243097890009234,0.0,0.2,ml100k,itemknn,qubo_feasible,2,100,0.4241286474977533
316,0.0,0.8495408119764722,0.0,0.2,ml100k,itemknn,qubo_feasible,2,100,0.2292744256490946
334,0.0,0.7796888100020904,0.0,0.2,ml100k,itemknn,qubo_feasible,2,100,0.2170908270239404
345,0.0,0.7653536403326339,0.0,0.2,ml100k,itemknn,qubo_feasible,2,100,0.3543337180857122
350,0.0,0.7749439385130924,0.0,0.2,ml100k,itemknn,qubo_feasible,2,100,0.2338173654003031
369,0.0,0.7693325086359946,0.0,0.2,ml100k,itemknn,qubo_feasible,2,100,0.214795944188154
371,0.0,0.6641041659555316,0.0,0.2,ml100k,itemknn,qubo_feasible,2,100,0.2604100250143648
375,0.0,0.802240046259017,0.0,0.2,ml100k,itemknn,qubo_feasible,2,100,0.3047664040002349
383,0.0,0.7954564000151795,0.0,0.2,ml100k,itemknn,qubo_feasible,2,100,0.2467546330663313
404,0.0,0.7788656907674001,0.0,0.2,ml100k,itemknn,qubo_feasible,2,100,0.2858761755115766
406,0.0,0.8019799132733932,0.0,0.2,ml100k,itemknn,qubo_feasible,2,100,0.3617778636200695
407,0.0,0.7792156213266296,0.0,0.2,ml100k,itemknn,qubo_feasible,2,100,0.2983964024842131
413,1.0,0.8701951755235221,1.0,0.2,ml100k,itemknn,qubo_feasible,2,100,0.4067359227999272
414,0.0,0.6889009228881787,0.0,0.2,ml100k,itemknn,qubo_feasible,2,100,0.2212443170125658
422,0.0,0.822733923681498,0.0,0.2,ml100k,itemknn,qubo_feasible,2,100,0.3520149558333784
430,0.0,0.6868325165806148,0.0,0.2,ml100k,itemknn,qubo_feasible,2,100,0.2411796730362945
433,0.0,0.7786409198649934,0.0,0.2,ml100k,itemknn,qubo_feasible,2,100,0.3410578732113139
449,0.0,0.7603667603621697,0.0,0.2,ml100k,itemknn,qubo_feasible,2,100,0.32892343326412
453,0.0,0.7617361581354464,0.0,0.2,ml100k,itemknn,qubo_feasible,2,100,0.2416726815676848
454,0.0,0.7822908717852738,0.0,0.2,ml100k,itemknn,qubo_feasible,2,100,0.3452340670276652
463,0.3154648767857287,0.8390643113770929,1.0,0.2,ml100k,itemknn,qubo_feasible,2,100,0.3984498097025022
472,0.0,0.7097551361106055,0.0,0.2,ml100k,itemknn,qubo_feasible,2,100,0.2447553864078034
473,0.0,0.8092029848238012,0.0,0.2,ml100k,itemknn,qubo_feasible,2,100,0.3302183355878947
474,0.0,0.7868403301222907,0.0,0.2,ml100k,itemknn,qubo_feasible,2,100,0.2351023909850799
480,0.6309297535714575,0.8737018238317625,1.0,0.2,ml100k,itemknn,qubo_feasible,2,100,0.2685671142191491
486,0.0,0.6804486365972456,0.0,0.2,ml100k,itemknn,qubo_feasible,2,100,0.1343255308166112
489,0.0,0.8618332385404477,0.0,0.2,ml100k,itemknn,qubo_feasible,2,100,0.3059659896085779
511,0.0,0.7347124032291222,0.0,0.2,ml100k,itemknn,qubo_feasible,2,100,0.2774436645994086
513,0.0,0.6753669945294395,0.0,0.2,ml100k,itemknn,qubo_feasible,2,100,0.1894190585794244
541,0.0,0.6290906683816938,0.0,0.2,ml100k,itemknn,qubo_feasible,2,100,0.1496762225801942
543,0.0,0.846126503883057,0.0,0.2,ml100k,itemknn,qubo_feasible,2,100,0.2202153171759462
545,0.3868528072345416,0.759951701515392,1.0,0.2,ml100k,itemknn,qubo_feasible,2,100,0.2829473162656259
554,0.0,0.8036423749635253,0.0,0.2,ml100k,itemknn,qubo_feasible,2,100,0.3084760448356053
567,0.0,0.7933099869609538,0.0,0.2,ml100k,itemknn,qubo_feasible,2,100,0.2250241743770924
568,0.0,0.8385465705186063,0.0,0.2,ml100k,itemknn,qubo_feasible,2,100,0.4023134333104579
582,0.0,0.7743008460614768,0.0,0.2,ml100k,itemknn,qubo_feasible,2,100,0.3707181830642957
588,0.0,0.7112169946483865,0.0,0.2,ml100k,itemknn,qubo_feasible,2,100,0.2863675261378018
590,0.0,0.7205098052896425,0.0,0.2,ml100k,itemknn,qubo_feasible,2,100,0.2943059269353027
591,0.0,0.855145331584431,0.0,0.2,ml100k,itemknn,qubo_feasible,2,100,0.2569571639618817
600,0.0,0.6569060200349072,0.0,0.2,ml100k,itemknn,qubo_feasible,2,100,0.2021952640738701
614,0.0,0.7444379901535605,0.0,0.2,ml100k,itemknn,qubo_feasible,2,100,0.2516396246136461
617,0.0,0.5330101737254758,0.0,0.2,ml100k,itemknn,qubo_feasible,2,100,0.1325019208475001
622,0.0,0.8076845377793961,0.0,0.2,ml100k,itemknn,qubo_feasible,2,100,0.3144138768545759
623,0.0,0.6263511187093417,0.0,0.2,ml100k,itemknn,qubo_feasible,2,100,0.2588612569639103
630,0.0,0.7571382876240637,0.0,0.2,ml100k,itemknn,qubo_feasible,2,100,0.3567744908318673
646,0.0,0.815808117363195,0.0,0.2,ml100k,itemknn,qubo_feasible,2,100,0.2379279257551987
650,0.0,0.7938325470718072,0.0,0.2,ml100k,itemknn,qubo_feasible,2,100,0.2156558023975107
691,0.0,0.7047055049513382,0.0,0.2,ml100k,itemknn,qubo_feasible,2,100,0.2561229929487931
694,0.3010299956639812,0.7751989730173071,1.0,0.2,ml100k,itemknn,qubo_feasible,2,100,0.1747352601854374
706,0.0,0.8386227771525658,0.0,0.2,ml100k,itemknn,qubo_feasible,2,100,0.3024478294972075
719,0.0,0.711779315653862,0.0,0.2,ml100k,itemknn,qubo_feasible,2,100,0.2221585715516317
720,0.0,0.6802293896913642,0.0,0.2,ml100k,itemknn,qubo_feasible,2,100,0.2702264006553579
755,0.6309297535714575,0.7791511718556658,1.0,0.2,ml100k,itemknn,qubo_feasible,2,100,0.2898996896811524
762,0.0,0.7374834869785976,0.0,0.2,ml100k,itemknn,qubo_feasible,2,100,0.3048951920496175
770,0.0,0.8504953404826879,0.0,0.2,ml100k,itemknn,qubo_feasible,2,100,0.3088069000953337
773,0.0,0.5807444377644031,0.0,0.2,ml100k,itemknn,qubo_feasible,2,100,0.1497416662639481
780,0.0,0.788400421006559,0.0,0.2,ml100k,itemknn,qubo_feasible,2,100,0.2131659167371105
792,0.0,0.856162645142725,0.0,0.2,ml100k,itemknn,qubo_feasible,2,100,0.2611651416369453
794,0.0,0.84227467466816,0.0,0.2,ml100k,itemknn,qubo_feasible,2,100,0.4235699583174267
802,0.0,0.7446526783715471,0.0,0.2,ml100k,itemknn,qubo_feasible,2,100,0.3323859347457893
811,0.0,0.78120254176113,0.0,0.2,ml100k,itemknn,qubo_feasible,2,100,0.3500779700900787
819,0.0,0.7282514241215027,0.0,0.2,ml100k,itemknn,qubo_feasible,2,100,0.2881266407713064
824,0.0,0.845943386089188,0.0,0.2,ml100k,itemknn,qubo_feasible,2,100,0.2259171853229373
825,0.0,0.8547411762675357,0.0,0.2,ml100k,itemknn,qubo_feasible,2,100,0.2353240292244601
827,0.0,0.7570492339648367,0.0,0.2,ml100k,itemknn,qubo_feasible,2,100,0.332130516490532
848,0.0,0.6673674265945414,0.0,0.2,ml100k,itemknn,qubo_feasible,2,100,0.1557739647100096
849,0.0,0.5823108356417372,0.0,0.2,ml100k,itemknn,qubo_feasible,2,100,0.1751956458976279
865,0.5,0.7722238349118713,1.0,0.2,ml100k,itemknn,qubo_feasible,2,100,0.302627133907613
871,0.0,0.7848373460762954,0.0,0.2,ml100k,itemknn,qubo_feasible,2,100,0.3421319914664331
890,0.0,0.8175843731942591,0.0,0.2,ml100k,itemknn,qubo_feasible,2,100,0.3808842208381431
897,0.0,0.7645613902249025,0.0,0.2,ml100k,itemknn,qubo_feasible,2,100,0.33007615439413
940,0.0,0.8711074924803426,0.0,0.2,ml100k,itemknn,qubo_feasible,2,100,0.3943898339474042
35,0.0,0.6626459124063442,0.0,0.2,ml100k,itemknn,qubo_tabu,2,100,0.1705020427702105
36,0.0,0.8739563529240819,0.0,0.2,ml100k,itemknn,qubo_tabu,2,100,0.3309070073949189
47,0.0,0.7977045233734276,0.0,0.2,ml100k,itemknn,qubo_tabu,2,100,0.2669209247545773
53,0.430676558073393,0.9351727431086694,1.0,0.2,ml100k,itemknn,qubo_tabu,2,100,0.2669932281077135
71,0.0,0.7573561262240688,0.0,0.2,ml100k,itemknn,qubo_tabu,2,100,0.29100274091417
78,0.3333333333333333,0.8172604231339226,1.0,0.2,ml100k,itemknn,qubo_tabu,2,100,0.3161758582448042
90,0.0,0.885209578603948,0.0,0.2,ml100k,itemknn,qubo_tabu,2,100,0.4074086904380556
92,0.0,0.8769988329746187,0.0,0.2,ml100k,itemknn,qubo_tabu,2,100,0.3769955163518437
94,0.0,0.6582079424966331,0.0,0.2,ml100k,itemknn,qubo_tabu,2,100,0.2748519342113606
96,0.0,0.7153895902892993,0.0,0.2,ml100k,itemknn,qubo_tabu,2,100,0.2977801518591615
130,0.0,0.8087993111477793,0.0,0.2,ml100k,itemknn,qubo_tabu,2,100,0.3483103549986479
161,0.0,0.7043304690853235,0.0,0.2,ml100k,itemknn,qubo_tabu,2,100,0.2924869162067836
165,0.0,0.7858482918648633,0.0,0.2,ml100k,itemknn,qubo_tabu,2,100,0.3518085737053791
173,0.0,0.7420740600254117,0.0,0.2,ml100k,itemknn,qubo_tabu,2,100,0.310075833921341
182,0.0,0.7139574850861999,0.0,0.2,ml100k,itemknn,qubo_tabu,2,100,0.2558081101788848
192,0.0,0.9231338290378286,0.0,0.2,ml100k,itemknn,qubo_tabu,2,100,0.4036281545430258
196,0.0,0.6836127110849741,0.0,0.2,ml100k,itemknn,qubo_tabu,2,100,0.1023663270834958
200,0.0,0.8330929736674085,0.0,0.2,ml100k,itemknn,qubo_tabu,2,100,0.3889504902655938
203,0.0,0.8815753878537037,0.0,0.2,ml100k,itemknn,qubo_tabu,2,100,0.2517206286399177
221,0.0,0.6615649102396421,0.0,0.2,ml100k,itemknn,qubo_tabu,2,100,0.2458492942238626
225,0.0,0.6305891209610096,0.0,0.2,ml100k,itemknn,qubo_tabu,2,100,0.1579006860540635
236,0.0,0.5965331980667087,0.0,0.2,ml100k,itemknn,qubo_tabu,2,100,0.1631215615556549
243,0.0,0.8183823903094426,0.0,0.2,ml100k,itemknn,qubo_tabu,2,100,0.3794233633761978
252,0.0,0.8129380728126301,0.0,0.2,ml100k,itemknn,qubo_tabu,2,100,0.2868164318605525
264,0.0,0.8637835771737578,0.0,0.2,ml100k,itemknn,qubo_tabu,2,100,0.3766549902631689
284,0.0,0.8820779484841054,0.0,0.2,ml100k,itemknn,qubo_tabu,2,100,0.2651160258771186
285,0.6309297535714575,0.9604310301598976,1.0,0.2,ml100k,itemknn,qubo_tabu,2,100,0.2641610458512909
294,0.0,0.8139070988633408,0.0,0.2,ml100k,itemknn,qubo_tabu,2,100,0.2410496046497524
306,0.0,0.8501083847558917,0.0,0.2,ml100k,itemknn,qubo_tabu,2,100,0.435363508111637
316,0.0,0.9138187048941788,0.0,0.2,ml100k,itemknn,qubo_tabu,2,100,0.2475563371957873
334,0.0,0.801937270246837,0.0,0.2,ml100k,itemknn,qubo_tabu,2,100,0.2213152434596943
345,0.0,0.792498993658443,0.0,0.2,ml100k,itemknn,qubo_tabu,2,100,0.350289544424505
350,0.0,0.8121907437711787,0.0,0.2,ml100k,itemknn,qubo_tabu,2,100,0.2320811115403648
369,0.0,0.8360458923840097,0.0,0.2,ml100k,itemknn,qubo_tabu,2,100,0.2379119633454088
371,0.0,0.6944803837742152,0.0,0.2,ml100k,itemknn,qubo_tabu,2,100,0.2474665457199942
375,0.0,0.7528833283947095,0.0,0.2,ml100k,itemknn,qubo_tabu,2,100,0.2648303978034673
383,0.0,0.8456214525522494,0.0,0.2,ml100k,itemknn,qubo_tabu,2,100,0.2600197474698629
404,0.0,0.760563471025245,0.0,0.2,ml100k,itemknn,qubo_tabu,2,100,0.2668784134188734
406,0.0,0.833657201848014,0.0,0.2,ml100k,itemknn,qubo_tabu,2,100,0.3712210178468978
407,0.0,0.7809594576024,0.0,0.2,ml100k,itemknn,qubo_tabu,2,100,0.2813513809981966
413,1.0,0.868595896649123,1.0,0.2,ml100k,itemknn,qubo_tabu,2,100,0.3916023494157966
414,0.0,0.6901892658471092,0.0,0.2,ml100k,itemknn,qubo_tabu,2,100,0.217561269569379
422,0.0,0.8177267115075455,0.0,0.2,ml100k,itemknn,qubo_tabu,2,100,0.3507815132933196
430,0.0,0.6726807829411751,0.0,0.2,ml100k,itemknn,qubo_tabu,2,100,0.2237065873880233
433,0.0,0.7916494283884357,0.0,0.2,ml100k,itemknn,qubo_tabu,2,100,0.3402707317455401
449,0.0,0.7598189314366867,0.0,0.2,ml100k,itemknn,qubo_tabu,2,100,0.3116742796846104
453,0.0,0.8170791984196553,0.0,0.2,ml100k,itemknn,qubo_tabu,2,100,0.2475836820033191
454,0.0,0.8440717545069916,0.0,0.2,ml100k,itemknn,qubo_tabu,2,100,0.3720465043829822
463,0.3154648767857287,0.8886884905422598,1.0,0.2,ml100k,itemknn,qubo_tabu,2,100,0.4246692833453915
472,0.0,0.7896887172378674,0.0,0.2,ml100k,itemknn,qubo_tabu,2,100,0.2706692681053934
473,0.0,0.8099677580231401,0.0,0.2,ml100k,itemknn,qubo_tabu,2,100,0.3124360752526809
474,0.0,0.7859733423379301,0.0,0.2,ml100k,itemknn,qubo_tabu,2,100,0.2379748180848888
480,0.6309297535714575,0.8810648541917886,1.0,0.2,ml100k,itemknn,qubo_tabu,2,100,0.2562381579478007
486,0.0,0.691881034808943,0.0,0.2,ml100k,itemknn,qubo_tabu,2,100,0.129157467715373
489,0.0,0.9025065813125588,0.0,0.2,ml100k,itemknn,qubo_tabu,2,100,0.3164511196103127
511,0.0,0.7477087961946735,0.0,0.2,ml100k,itemknn,qubo_tabu,2,100,0.2684920796952791
513,0.0,0.7296914600034701,0.0,0.2,ml100k,itemknn,qubo_tabu,2,100,0.1948087384431601
541,0.0,0.7198065658290094,0.0,0.2,ml100k,itemknn,qubo_tabu,2,100,0.1762638912839031
543,0.0,0.8986217889846632,0.0,0.2,ml100k,itemknn,qubo_tabu,2,100,0.2383169647642705
545,0.3562071871080222,0.8342412881072656,1.0,0.2,ml100k,itemknn,qubo_tabu,2,100,0.3323167190096302
554,0.3868528072345416,0.8266761132282022,1.0,0.2,ml100k,itemknn,qubo_tabu,2,100,0.3187864514628131
567,0.0,0.8196936615205284,0.0,0.2,ml100k,itemknn,qubo_tabu,2,100,0.2275780921867042
568,0.0,0.8289409000332588,0.0,0.2,ml100k,itemknn,qubo_tabu,2,100,0.3809818121328339
582,0.0,0.80880201704547,0.0,0.2,ml100k,itemknn,qubo_tabu,2,100,0.3883136793088508
588,0.0,0.7849718574534892,0.0,0.2,ml100k,itemknn,qubo_tabu,2,100,0.305414209751164
590,0.0,0.8083890943704175,0.0,0.2,ml100k,itemknn,qubo_tabu,2,100,0.326217728499005
591,0.0,0.836636337079823,0.0,0.2,ml100k,itemknn,qubo_tabu,2,100,0.2493180271196432
600,0.0,0.7125705637641412,0.0,0.2,ml100k,itemknn,qubo_tabu,2,100,0.2002262294919508
614,0.3562071871080222,0.792456476449381,1.0,0.2,ml100k,itemknn,qubo_tabu,2,100,0.2721801533387346
617,0.0,0.6023584105003004,0.0,0.2,ml100k,itemknn,qubo_tabu,2,100,0.1378433456735034
622,0.0,0.8383236139894492,0.0,0.2,ml100k,itemknn,qubo_tabu,2,100,0.3270057038621952
623,0.0,0.6341463226001808,0.0,0.2,ml100k,itemknn,qubo_tabu,2,100,0.240397630043924
630,0.0,0.7949235449831714,0.0,0.2,ml100k,itemknn,qubo_tabu,2,100,0.3743795025991854
646,0.430676558073393,0.8965588831969616,1.0,0.2,ml100k,itemknn,qubo_tabu,2,100,0.2702985668803386
650,0.0,0.8655186914358441,0.0,0.2,ml100k,itemknn,qubo_tabu,2,100,0.2427213285474485
691,0.0,0.7751001412112111,0.0,0.2,ml100k,itemknn,qubo_tabu,2,100,0.2747227582001116
694,0.0,0.8680894776451357,0.0,0.2,ml100k,itemknn,qubo_tabu,2,100,0.1985686515861393
706,0.0,0.7981644197814683,0.0,0.2,ml100k,itemknn,qubo_tabu,2,100,0.2618226469179596
719,0.0,0.7486082251782309,0.0,0.2,ml100k,itemknn,qubo_tabu,2,100,0.2188485766653539
720,0.0,0.7519342904147134,0.0,0.2,ml100k,itemknn,qubo_tabu,2,100,0.303990972153775
755,0.5,0.7944083569395143,1.0,0.2,ml100k,itemknn,qubo_tabu,2,100,0.2878770796943154
762,0.0,0.8131464984927503,0.0,0.2,ml100k,itemknn,qubo_tabu,2,100,0.3298777366712502
770,0.0,0.9192960935524342,0.0,0.2,ml100k,itemknn,qubo_tabu,2,100,0.3319718080970653
773,0.0,0.6802299774630699,0.0,0.2,ml100k,itemknn,qubo_tabu,2,100,0.1612316248610865
780,0.0,0.8422792585657808,0.0,0.2,ml100k,itemknn,qubo_tabu,2,100,0.2337717335388533
792,0.0,0.8966493856492322,0.0,0.2,ml100k,itemknn,qubo_tabu,2,100,0.2660925450604745
794,0.0,0.8276944924889519,0.0,0.2,ml100k,itemknn,qubo_tabu,2,100,0.3898040510717713
802,0.3868528072345416,0.7449117735995276,1.0,0.2,ml100k,itemknn,qubo_tabu,2,100,0.3278377810532668
811,0.0,0.733719614416208,0.0,0.2,ml100k,itemknn,qubo_tabu,2,100,0.3170687231203566
819,0.0,0.6856697911453382,0.0,0.2,ml100k,itemknn,qubo_tabu,2,100,0.2668561448504686
824,0.0,0.9541637463764486,0.0,0.2,ml100k,itemknn,qubo_tabu,2,100,0.2726758838330957
825,0.0,0.8383964564446885,0.0,0.2,ml100k,itemknn,qubo_tabu,2,100,0.2297247568982976
827,0.0,0.8411683498274383,0.0,0.2,ml100k,itemknn,qubo_tabu,2,100,0.3726667815592153
848,0.0,0.7568025069849538,0.0,0.2,ml100k,itemknn,qubo_tabu,2,100,0.1594009095252342
849,0.0,0.6097300778972241,0.0,0.2,ml100k,itemknn,qubo_tabu,2,100,0.1667856000982421
865,0.430676558073393,0.8248486949406172,1.0,0.2,ml100k,itemknn,qubo_tabu,2,100,0.3235970033374222
871,0.0,0.8363272408553643,0.0,0.2,ml100k,itemknn,qubo_tabu,2,100,0.3728458528493768
890,0.0,0.7926971425974427,0.0,0.2,ml100k,itemknn,qubo_tabu,2,100,0.3684285464182314
897,0.0,0.73092777952989,0.0,0.2,ml100k,itemknn,qubo_tabu,2,100,0.3071521906395573
940,0.0,0.8469749329158897,0.0,0.2,ml100k,itemknn,qubo_tabu,2,100,0.3706834894794178
35,0.0,1.0,0.0,0.8,ml100k,als,none,2,100,
36,0.0,1.0,0.0,0.4,ml100k,als,none,2,100,
47,0.0,1.0,0.0,0.4,ml100k,als,none,2,100,
53,0.5,1.0,1.0,0.4,ml100k,als,none,2,100,
71,0.0,1.0,0.0,1.1,ml100k,als,none,2,100,
78,0.0,1.0,0.0,1.1,ml100k,als,none,2,100,
90,0.0,1.0,0.0,0.6,ml100k,als,none,2,100,
92,0.0,1.0,0.0,0.7,ml100k,als,none,2,100,
94,0.0,1.0,0.0,1.1,ml100k,als,none,2,100,
96,0.0,1.0,0.0,1.3,ml100k,als,none,2,100,
130,0.0,1.0,0.0,0.9,ml100k,als,none,2,100,
161,0.0,1.0,0.0,0.6,ml100k,als,none,2,100,
165,0.2890648263178879,1.0,1.0,1.3,ml100k,als,none,2,100,
173,0.0,1.0,0.0,1.5,ml100k,als,none,2,100,
182,0.0,1.0,0.0,0.9,ml100k,als,none,2,100,
192,0.0,1.0,0.0,0.8,ml100k,als,none,2,100,
196,0.0,1.0,0.0,0.8,ml100k,als,none,2,100,
200,0.0,1.0,0.0,0.7,ml100k,als,none,2,100,
203,0.0,1.0,0.0,0.7,ml100k,als,none,2,100,
221,0.0,1.0,0.0,0.6,ml100k,als,none,2,100,
225,0.0,1.0,0.0,0.9,ml100k,als,none,2,100,
236,0.0,1.0,0.0,0.2,ml100k,als,none,2,100,
243,0.0,1.0,0.0,0.4,ml100k,als,none,2,100,
252,0.0,1.0,0.0,0.6,ml100k,als,none,2,100,
264,0.0,1.0,0.0,1.1,ml100k,als,none,2,100,
284,0.2890648263178879,1.0,1.0,0.9,ml100k,als,none,2,100,
285,0.5,1.0,1.0,0.7,ml100k,als,none,2,100,
294,0.0,1.0,0.0,0.9,ml100k,als,none,2,100,
306,0.3333333333333333,1.0,1.0,1.3,ml100k,als,none,2,100,
316,0.3154648767857287,1.0,1.0,0.6,ml100k,als,none,2,100,
334,0.6309297535714575,1.0,1.0,0.9,ml100k,als,none,2,100,
345,0.0,1.0,0.0,1.0,ml100k,als,none,2,100,
350,0.0,1.0,0.0,1.1,ml100k,als,none,2,100,
369,0.0,1.0,0.0,1.1,ml100k,als,none,2,100,
371,0.0,1.0,0.0,1.3,ml100k,als,none,2,100,
375,0.0,1.0,0.0,0.5,ml100k,als,none,2,100,
383,0.0,1.0,0.0,1.1,ml100k,als,none,2,100,
404,0.0,1.0,0.0,0.9,ml100k,als,none,2,100,
406,0.0,1.0,0.0,0.7,ml100k,als,none,2,100,
407,0.0,1.0,0.0,1.3,ml100k,als,none,2,100,
413,0.3562071871080222,1.0,1.0,1.3,ml100k,als,none,2,100,
414,0.0,1.0,0.0,1.1,ml100k,als,none,2,100,
422,0.0,1.0,0.0,1.1,ml100k,als,none,2,100,
430,0.0,1.0,0.0,0.7,ml100k,als,none,2,100,
433,0.0,1.0,0.0,1.1,ml100k,als,none,2,100,
449,0.0,1.0,0.0,1.1,ml100k,als,none,2,100,
453,0.2890648263178879,1.0,1.0,1.3,ml100k,als,none,2,100,
454,0.0,1.0,0.0,1.1,ml100k,als,none,2,100,
463,0.0,1.0,0.0,0.9,ml100k,als,none,2,100,
472,0.0,1.0,0.0,0.4,ml100k,als,none,2,100,
473,0.0,1.0,0.0,0.7,ml100k,als,none,2,100,
474,0.3562071871080222,1.0,1.0,0.6,ml100k,als,none,2,100,
480,0.3562071871080222,1.0,1.0,0.4,ml100k,als,none,2,100,
486,0.0,1.0,0.0,0.6,ml100k,als,none,2,100,
489,0.6309297535714575,1.0,1.0,0.7,ml100k,als,none,2,100,
511,0.0,1.0,0.0,0.9,ml100k,als,none,2,100,
513,0.0,1.0,0.0,0.7,ml100k,als,none,2,100,
541,0.0,1.0,0.0,0.7,ml100k,als,none,2,100,
543,0.3333333333333333,1.0,1.0,0.7,ml100k,als,none,2,100,
545,0.3333333333333333,1.0,1.0,0.7,ml100k,als,none,2,100,
554,0.0,1.0,0.0,1.1,ml100k,als,none,2,100,
567,0.0,1.0,0.0,0.9,ml100k,als,none,2,100,
568,0.0,1.0,0.0,0.8,ml100k,als,none,2,100,
582,0.0,1.0,0.0,0.9,ml100k,als,none,2,100,
588,0.0,1.0,0.0,0.9,ml100k,als,none,2,100,
590,0.0,1.0,0.0,1.0,ml100k,als,none,2,100,
591,0.0,1.0,0.0,1.3,ml100k,als,none,2,100,
600,0.0,1.0,0.0,0.6,ml100k,als,none,2,100,
614,0.0,1.0,0.0,1.3,ml100k,als,none,2,100,
617,0.0,1.0,0.0,0.6,ml100k,als,none,2,100,
622,0.0,1.0,0.0,0.9,ml100k,als,none,2,100,
623,0.0,1.0,0.0,0.9,ml100k,als,none,2,100,
630,0.3154648767857287,1.0,1.0,0.6,ml100k,als,none,2,100,
646,0.0,1.0,0.0,0.6,ml100k,als,none,2,100,
650,0.0,1.0,0.0,0.5,ml100k,als,none,2,100,
691,0.0,1.0,0.0,0.6,ml100k,als,none,2,100,
694,0.0,1.0,0.0,0.8,ml100k,als,none,2,100,
706,0.0,1.0,0.0,0.2,ml100k,als,none,2,100,
719,0.0,1.0,0.0,0.9,ml100k,als,none,2,100,
720,0.0,1.0,0.0,0.7,ml100k,als,none,2,100,
755,0.0,1.0,0.0,0.7,ml100k,als,none,2,100,
762,0.0,1.0,0.0,1.3,ml100k,als,none,2,100,
770,0.0,1.0,0.0,0.6,ml100k,als,none,2,100,
773,0.0,1.0,0.0,0.6,ml100k,als,none,2,100,
780,0.0,1.0,0.0,0.9,ml100k,als,none,2,100,
792,0.0,1.0,0.0,0.7,ml100k,als,none,2,100,
794,0.0,1.0,0.0,1.5,ml100k,als,none,2,100,
802,0.0,1.0,0.0,1.1,ml100k,als,none,2,100,
811,0.0,1.0,0.0,0.8,ml100k,als,none,2,100,
819,0.0,1.0,0.0,0.9,ml100k,als,none,2,100,
824,0.0,1.0,0.0,0.6,ml100k,als,none,2,100,
825,0.0,1.0,0.0,0.4,ml100k,als,none,2,100,
827,0.0,1.0,0.0,0.9,ml100k,als,none,2,100,
848,0.3154648767857287,1.0,1.0,1.0,ml100k,als,none,2,100,
849,0.0,1.0,0.0,0.4,ml100k,als,none,2,100,
865,0.0,1.0,0.0,0.9,ml100k,als,none,2,100,
871,0.0,1.0,0.0,0.5,ml100k,als,none,2,100,
890,0.0,1.0,0.0,0.9,ml100k,als,none,2,100,
897,0.0,1.0,0.0,0.5,ml100k,als,none,2,100,
940,0.0,1.0,0.0,0.9,ml100k,als,none,2,100,
35,0.0,1.0,0.0,0.8,ml100k,als,greedy_topk,2,100,0.0724626530027251
36,0.0,1.0,0.0,0.4,ml100k,als,greedy_topk,2,100,0.3496923530969759
47,0.0,1.0,0.0,0.4,ml100k,als,greedy_topk,2,100,0.1267367723611464
53,0.5,1.0,1.0,0.4,ml100k,als,greedy_topk,2,100,0.2040045948108117
71,0.0,1.0,0.0,1.1,ml100k,als,greedy_topk,2,100,0.4963210015771861
78,0.0,1.0,0.0,1.1,ml100k,als,greedy_topk,2,100,0.3899020457312205
90,0.0,1.0,0.0,0.6,ml100k,als,greedy_topk,2,100,0.2421098774011292
92,0.0,1.0,0.0,0.7,ml100k,als,greedy_topk,2,100,0.3327237186216467
94,0.0,1.0,0.0,1.1,ml100k,als,greedy_topk,2,100,0.182145469894271
96,0.0,1.0,0.0,1.3,ml100k,als,greedy_topk,2,100,0.3052414977502735
130,0.0,1.0,0.0,0.9,ml100k,als,greedy_topk,2,100,0.1668763767793962
161,0.0,1.0,0.0,0.6,ml100k,als,greedy_topk,2,100,0.1724336094178224
165,0.2890648263178879,1.0,1.0,1.3,ml100k,als,greedy_topk,2,100,0.4299723927609549
173,0.0,1.0,0.0,1.5,ml100k,als,greedy_topk,2,100,0.1181177316450268
182,0.0,1.0,0.0,0.9,ml100k,als,greedy_topk,2,100,0.1683801140505791
192,0.0,1.0,0.0,0.8,ml100k,als,greedy_topk,2,100,0.4148086428971967
196,0.0,1.0,0.0,0.8,ml100k,als,greedy_topk,2,100,0.0648821944105137
200,0.0,1.0,0.0,0.7,ml100k,als,greedy_topk,2,100,0.2271535654541746
203,0.0,1.0,0.0,0.7,ml100k,als,greedy_topk,2,100,0.2059707064212489
221,0.0,1.0,0.0,0.6,ml100k,als,greedy_topk,2,100,0.1053142816872462
225,0.0,1.0,0.0,0.9,ml100k,als,greedy_topk,2,100,0.1325844597423463
236,0.0,1.0,0.0,0.2,ml100k,als,greedy_topk,2,100,0.1225389711869883
243,0.0,1.0,0.0,0.4,ml100k,als,greedy_topk,2,100,0.1457637181337899
252,0.0,1.0,0.0,0.6,ml100k,als,greedy_topk,2,100,0.2301442984179683
264,0.0,1.0,0.0,1.1,ml100k,als,greedy_topk,2,100,0.4006250030186765
284,0.2890648263178879,1.0,1.0,0.9,ml100k,als,greedy_topk,2,100,0.2291385825453257
285,0.5,1.0,1.0,0.7,ml100k,als,greedy_topk,2,100,0.1781546947669841
294,0.0,1.0,0.0,0.9,ml100k,als,greedy_topk,2,100,0.2270451559683555
306,0.3333333333333333,1.0,1.0,1.3,ml100k,als,greedy_topk,2,100,0.2026759787628669
316,0.3154648767857287,1.0,1.0,0.6,ml100k,als,greedy_topk,2,100,0.253511692061566
334,0.6309297535714575,1.0,1.0,0.9,ml100k,als,greedy_topk,2,100,0.2502930219796865
345,0.0,1.0,0.0,1.0,ml100k,als,greedy_topk,2,100,0.4374237696145197
350,0.0,1.0,0.0,1.1,ml100k,als,greedy_topk,2,100,0.1993045960004219
369,0.0,1.0,0.0,1.1,ml100k,als,greedy_topk,2,100,0.2711408571093793
371,0.0,1.0,0.0,1.3,ml100k,als,greedy_topk,2,100,0.3540826828510579
375,0.0,1.0,0.0,0.5,ml100k,als,greedy_topk,2,100,0.1357296512120992
383,0.0,1.0,0.0,1.1,ml100k,als,greedy_topk,2,100,0.3919535433928883
404,0.0,1.0,0.0,0.9,ml100k,als,greedy_topk,2,100,0.1366023804181382
406,0.0,1.0,0.0,0.7,ml100k,als,greedy_topk,2,100,0.2300498966171636
407,0.0,1.0,0.0,1.3,ml100k,als,greedy_topk,2,100,0.2105934589658323
413,0.3562071871080222,1.0,1.0,1.3,ml100k,als,greedy_topk,2,100,0.2127072150566261
414,0.0,1.0,0.0,1.1,ml100k,als,greedy_topk,2,100,0.0967525928300552
422,0.0,1.0,0.0,1.1,ml100k,als,greedy_topk,2,100,0.3055476033871252
430,0.0,1.0,0.0,0.7,ml100k,als,greedy_topk,2,100,0.1506141745296002
433,0.0,1.0,0.0,1.1,ml100k,als,greedy_topk,2,100,0.0865132595724364
449,0.0,1.0,0.0,1.1,ml100k,als,greedy_topk,2,100,0.1740841051442261
453,0.2890648263178879,1.0,1.0,1.3,ml100k,als,greedy_topk,2,100,0.2214245927975855
454,0.0,1.0,0.0,1.1,ml100k,als,greedy_topk,2,100,0.3069153738991773
463,0.0,1.0,0.0,0.9,ml100k,als,greedy_topk,2,100,0.3060092054138572
472,0.0,1.0,0.0,0.4,ml100k,als,greedy_topk,2,100,0.1241654857487595
473,0.0,1.0,0.0,0.7,ml100k,als,greedy_topk,2,100,0.2399242400388583
474,0.3562071871080222,1.0,1.0,0.6,ml100k,als,greedy_topk,2,100,0.3588081410496047
480,0.3562071871080222,1.0,1.0,0.4,ml100k,als,greedy_topk,2,100,0.22814411691159
486,0.0,1.0,0.0,0.6,ml100k,als,greedy_topk,2,100,0.0647327815760626
489,0.6309297535714575,1.0,1.0,0.7,ml100k,als,greedy_topk,2,100,0.2759965594471444
511,0.0,1.0,0.0,0.9,ml100k,als,greedy_topk,2,100,0.1814038438214352
513,0.0,1.0,0.0,0.7,ml100k,als,greedy_topk,2,100,0.1156445629614999
541,0.0,1.0,0.0,0.7,ml100k,als,greedy_topk,2,100,0.0727411267639955
543,0.3333333333333333,1.0,1.0,0.7,ml100k,als,greedy_topk,2,100,0.1665128346637631
545,0.3333333333333333,1.0,1.0,0.7,ml100k,als,greedy_topk,2,100,0.3756675652528417
554,0.0,1.0,0.0,1.1,ml100k,als,greedy_topk,2,100,0.2483199176276253
567,0.0,1.0,0.0,0.9,ml100k,als,greedy_topk,2,100,0.2522934583064017
568,0.0,1.0,0.0,0.8,ml100k,als,greedy_topk,2,100,0.326901770211281
582,0.0,1.0,0.0,0.9,ml100k,als,greedy_topk,2,100,0.3738031528525027
588,0.0,1.0,0.0,0.9,ml100k,als,greedy_topk,2,100,0.1702430339963258
590,0.0,1.0,0.0,1.0,ml100k,als,greedy_topk,2,100,0.2353550802239035
591,0.0,1.0,0.0,1.3,ml100k,als,greedy_topk,2,100,0.2327932342071624
600,0.0,1.0,0.0,0.6,ml100k,als,greedy_topk,2,100,0.1744824649879525
614,0.0,1.0,0.0,1.3,ml100k,als,greedy_topk,2,100,0.3079297502983337
617,0.0,1.0,0.0,0.6,ml100k,als,greedy_topk,2,100,0.0428313453616961
622,0.0,1.0,0.0,0.9,ml100k,als,greedy_topk,2,100,0.3570932139182419
623,0.0,1.0,0.0,0.9,ml100k,als,greedy_topk,2,100,0.1396633825565758
630,0.3154648767857287,1.0,1.0,0.6,ml100k,als,greedy_topk,2,100,0.3184590104607295
646,0.0,1.0,0.0,0.6,ml100k,als,greedy_topk,2,100,0.1633073515952655
650,0.0,1.0,0.0,0.5,ml100k,als,greedy_topk,2,100,0.2737367441767892
691,0.0,1.0,0.0,0.6,ml100k,als,greedy_topk,2,100,0.1604624560994505
694,0.0,1.0,0.0,0.8,ml100k,als,greedy_topk,2,100,0.055579269419232
706,0.0,1.0,0.0,0.2,ml100k,als,greedy_topk,2,100,0.2503046269670038
719,0.0,1.0,0.0,0.9,ml100k,als,greedy_topk,2,100,0.0995893572667016
720,0.0,1.0,0.0,0.7,ml100k,als,greedy_topk,2,100,0.375836060640663
755,0.0,1.0,0.0,0.7,ml100k,als,greedy_topk,2,100,0.2289361920272868
762,0.0,1.0,0.0,1.3,ml100k,als,greedy_topk,2,100,0.2336661982361982
770,0.0,1.0,0.0,0.6,ml100k,als,greedy_topk,2,100,0.2595643089539117
773,0.0,1.0,0.0,0.6,ml100k,als,greedy_topk,2,100,0.103452186138842
780,0.0,1.0,0.0,0.9,ml100k,als,greedy_topk,2,100,0.2311510025490161
792,0.0,1.0,0.0,0.7,ml100k,als,greedy_topk,2,100,0.2463506966773801
794,0.0,1.0,0.0,1.5,ml100k,als,greedy_topk,2,100,0.1296595947092148
802,0.0,1.0,0.0,1.1,ml100k,als,greedy_topk,2,100,0.2404706910005813
811,0.0,1.0,0.0,0.8,ml100k,als,greedy_topk,2,100,0.2168424868782548
819,0.0,1.0,0.0,0.9,ml100k,als,greedy_topk,2,100,0.2625897223261538
824,0.0,1.0,0.0,0.6,ml100k,als,greedy_topk,2,100,0.2240715329627667
825,0.0,1.0,0.0,0.4,ml100k,als,greedy_topk,2,100,0.2143726149760269
827,0.0,1.0,0.0,0.9,ml100k,als,greedy_topk,2,100,0.2414549370307033
848,0.3154648767857287,1.0,1.0,1.0,ml100k,als,greedy_topk,2,100,0.0372496929718892
849,0.0,1.0,0.0,0.4,ml100k,als,greedy_topk,2,100,0.1240381687943452
865,0.0,1.0,0.0,0.9,ml100k,als,greedy_topk,2,100,0.3664140182320504
871,0.0,1.0,0.0,0.5,ml100k,als,greedy_topk,2,100,0.1315634048718949
890,0.0,1.0,0.0,0.9,ml100k,als,greedy_topk,2,100,0.2781085080426703
897,0.0,1.0,0.0,0.5,ml100k,als,greedy_topk,2,100,0.1187487031112671
940,0.0,1.0,0.0,0.9,ml100k,als,greedy_topk,2,100,0.3603091396049511
35,0.0,0.9972657454360696,0.0,0.9,ml100k,als,mmr,2,100,0.0708968911139643
36,0.0,0.9271480767184996,0.0,0.3,ml100k,als,mmr,2,100,0.1312994924621992
47,0.0,0.9725861564026086,0.0,0.8,ml100k,als,mmr,2,100,0.0611682603806133
53,0.5,0.9787829581286774,1.0,0.3,ml100k,als,mmr,2,100,0.1567032752297499
71,0.0,0.959191963524395,0.0,0.9,ml100k,als,mmr,2,100,0.2409607301963798
78,0.0,0.9619717409077616,0.0,0.8,ml100k,als,mmr,2,100,0.2417640158814685
90,0.0,0.9894701190600445,0.0,0.8,ml100k,als,mmr,2,100,0.1928344179119613
92,0.0,0.9786144469595862,0.0,0.6,ml100k,als,mmr,2,100,0.233278581037875
94,0.0,0.9964677873177518,0.0,0.9,ml100k,als,mmr,2,100,0.1538328490087637
96,0.0,0.9545910040697936,0.0,0.9,ml100k,als,mmr,2,100,0.1216596285282089
130,0.0,0.989787614590667,0.0,0.7,ml100k,als,mmr,2,100,0.1199318511184288
161,0.0,0.9930430284561752,0.0,0.8,ml100k,als,mmr,2,100,0.1118891395617946
165,0.0,0.9296987177299884,0.0,0.9,ml100k,als,mmr,2,100,0.1542160820344606
173,0.0,0.9984355596194798,0.0,1.5,ml100k,als,mmr,2,100,0.1011608512759058
182,0.0,0.9883300564279214,0.0,0.7,ml100k,als,mmr,2,100,0.1387042425024267
192,0.0,0.9650692254272424,0.0,0.6,ml100k,als,mmr,2,100,0.2798318629017868
196,0.0,0.9983457167228448,0.0,0.8,ml100k,als,mmr,2,100,0.0563067743399456
200,0.2890648263178879,0.9911658540392986,1.0,0.9,ml100k,als,mmr,2,100,0.1668603689721848
203,0.0,0.9834982982587912,0.0,0.9,ml100k,als,mmr,2,100,0.1708871415375451
221,0.0,0.9929173765891508,0.0,0.8,ml100k,als,mmr,2,100,0.0656173909730106
225,0.0,0.9964877536135122,0.0,0.9,ml100k,als,mmr,2,100,0.1246208729442279
236,0.0,0.9825063919334768,0.0,0.8,ml100k,als,mmr,2,100,0.0729285734966032
243,0.0,0.9793649628493096,0.0,0.6,ml100k,als,mmr,2,100,0.0821849543692968
252,0.0,0.970997637701272,0.0,0.6,ml100k,als,mmr,2,100,0.1250568892218474
264,0.0,0.8784518161095181,0.0,0.9,ml100k,als,mmr,2,100,0.1401007052099783
284,0.0,0.9107674870487192,0.0,0.4,ml100k,als,mmr,2,100,0.0631927329867219
285,0.0,0.9149869626410786,0.0,0.5,ml100k,als,mmr,2,100,0.0557451789714326
294,0.0,0.9748738661519356,0.0,0.7,ml100k,als,mmr,2,100,0.1515496882155247
306,0.3333333333333333,0.9767329914252468,1.0,1.3,ml100k,als,mmr,2,100,0.1280512781686432
316,0.0,0.972542746290143,0.0,0.7,ml100k,als,mmr,2,100,0.1347319498021665
334,0.0,0.9571382304690764,0.0,0.7,ml100k,als,mmr,2,100,0.1484209979481394
345,0.0,0.988771795521409,0.0,0.8,ml100k,als,mmr,2,100,0.3892462049752502
350,0.0,0.9968156953454632,0.0,1.0,ml100k,als,mmr,2,100,0.1949751166698932
369,0.0,0.9927718890299956,0.0,1.1,ml100k,als,mmr,2,100,0.2521544906490795
371,0.0,0.9668429469013752,0.0,0.7,ml100k,als,mmr,2,100,0.1302455054089923
375,0.0,0.9979609113057376,0.0,0.5,ml100k,als,mmr,2,100,0.1238451762258412
383,0.0,0.881251239276774,0.0,0.9,ml100k,als,mmr,2,100,0.1107762730449757
404,0.0,0.9743689601239628,0.0,1.0,ml100k,als,mmr,2,100,0.069599273685739
406,0.0,0.9898421561762806,0.0,1.0,ml100k,als,mmr,2,100,0.1548994609957414
407,0.0,0.973984179986546,0.0,0.9,ml100k,als,mmr,2,100,0.0926728256120244
413,0.3562071871080222,0.9888073180188128,1.0,1.3,ml100k,als,mmr,2,100,0.1644438292436647
414,0.0,0.9998432531809938,0.0,1.1,ml100k,als,mmr,2,100,0.0931600131534931
422,0.0,0.9844096672159006,0.0,0.9,ml100k,als,mmr,2,100,0.188669655509945
430,0.0,0.980599815427282,0.0,0.9,ml100k,als,mmr,2,100,0.1005683196283621
433,0.0,0.9911176676358656,0.0,0.9,ml100k,als,mmr,2,100,0.0608767779067461
449,0.0,0.9725373129012906,0.0,0.7,ml100k,als,mmr,2,100,0.0973939171589677
453,0.0,0.9483440267467296,0.0,0.9,ml100k,als,mmr,2,100,0.0965042453453304
454,0.0,0.9663681735180468,0.0,0.9,ml100k,als,mmr,2,100,0.1771894862361363
463,0.0,0.9821918286085214,0.0,0.7,ml100k,als,mmr,2,100,0.2559749506738801
472,0.0,0.9956055141902,0.0,0.2,ml100k,als,mmr,2,100,0.0748220269007567
473,0.0,0.982158054662958,0.0,0.6,ml100k,als,mmr,2,100,0.1582025639232734
474,0.430676558073393,0.9547974906070094,1.0,0.8,ml100k,als,mmr,2,100,0.1501383830946811
480,0.0,0.9672008793608574,0.0,0.6,ml100k,als,mmr,2,100,0.12016196563981
486,0.0,0.9952769542212796,0.0,0.6,ml100k,als,mmr,2,100,0.0564810892588928
489,0.6309297535714575,0.9526733248955038,1.0,0.9,ml100k,als,mmr,2,100,0.1637376394286023
511,0.0,0.9972428849418872,0.0,0.8,ml100k,als,mmr,2,100,0.1592611383592412
513,0.0,0.9943564340691275,0.0,0.9,ml100k,als,mmr,2,100,0.0702395900967326
541,0.2890648263178879,0.9847616101275112,1.0,0.5,ml100k,als,mmr,2,100,0.0532014531086306
543,0.3868528072345416,0.955751344015344,1.0,0.7,ml100k,als,mmr,2,100,0.0850705424988846
545,0.0,0.9515280413328644,0.0,0.2,ml100k,als,mmr,2,100,0.1690543558144914
554,0.0,0.9691254603172976,0.0,0.6,ml100k,als,mmr,2,100,0.1166122627618842
567,0.0,0.9436657591594004,0.0,0.9,ml100k,als,mmr,2,100,0.1536829749986426
568,0.0,0.9666583364112988,0.0,1.0,ml100k,als,mmr,2,100,0.1564420766704796
582,0.0,0.9483607244775242,0.0,0.6,ml100k,als,mmr,2,100,0.1906968723901148
588,0.0,0.994843974984316,0.0,1.3,ml100k,als,mmr,2,100,0.1365963045211672
590,0.0,0.9617948997174286,0.0,0.9,ml100k,als,mmr,2,100,0.1117572111129159
591,0.0,0.985919781124777,0.0,0.9,ml100k,als,mmr,2,100,0.2033901851026663
600,0.0,0.9894040921464036,0.0,0.6,ml100k,als,mmr,2,100,0.1340384838764532
614,0.0,0.9546921582139216,0.0,1.1,ml100k,als,mmr,2,100,0.1975126301206172
617,0.0,0.9929391353631504,0.0,0.6,ml100k,als,mmr,2,100,0.0342214290555389
622,0.0,0.9238387231420768,0.0,0.5,ml100k,als,mmr,2,100,0.1903890840221464
623,0.0,0.993992349407104,0.0,0.9,ml100k,als,mmr,2,100,0.1140609958166109
630,0.3868528072345416,0.9558417547616056,1.0,0.4,ml100k,als,mmr,2,100,0.1535430006818022
646,0.0,0.9741612072075158,0.0,0.3,ml100k,als,mmr,2,100,0.0708550592614199
650,0.0,0.8846831578600204,0.0,0.4,ml100k,als,mmr,2,100,0.0877427904749081
691,0.0,0.9948686391260088,0.0,0.6,ml100k,als,mmr,2,100,0.1354497341091629
694,0.0,0.9953552669994156,0.0,0.8,ml100k,als,mmr,2,100,0.0456833909744916
706,0.0,0.9656046779980916,0.0,0.3,ml100k,als,mmr,2,100,0.1388313878574439
719,0.0,1.0,0.0,0.9,ml100k,als,mmr,2,100,0.0995893572667016
720,0.3154648767857287,0.9699886153726688,1.0,0.6,ml100k,als,mmr,2,100,0.2210110334104889
755,0.0,0.9809688413508436,0.0,0.6,ml100k,als,mmr,2,100,0.1796404998524885
762,0.0,0.9952588100855811,0.0,1.3,ml100k,als,mmr,2,100,0.2117975524612217
770,0.0,0.9908000844516756,0.0,1.0,ml100k,als,mmr,2,100,0.1965534219320447
773,0.0,0.9801365342304812,0.0,0.6,ml100k,als,mmr,2,100,0.0797040098279858
780,0.0,0.951328899847321,0.0,1.1,ml100k,als,mmr,2,100,0.1149996869087565
792,0.0,0.8969550621082617,0.0,1.0,ml100k,als,mmr,2,100,0.0846632469928485
794,0.0,0.9803268270091432,0.0,1.5,ml100k,als,mmr,2,100,0.0783535613335355
802,0.0,0.9920168400729042,0.0,1.1,ml100k,als,mmr,2,100,0.1921660699795953
811,0.0,0.979139482666918,0.0,0.6,ml100k,als,mmr,2,100,0.1470248927020917
819,0.0,0.9784020277498758,0.0,0.4,ml100k,als,mmr,2,100,0.1396438695513616
824,0.0,0.920338889997175,0.0,0.6,ml100k,als,mmr,2,100,0.1061614566430714
825,0.0,0.9617235775199252,0.0,0.4,ml100k,als,mmr,2,100,0.1118548820138714
827,0.0,0.9838790777131056,0.0,0.5,ml100k,als,mmr,2,100,0.1740869596944296
848,0.3333333333333333,0.994151098657993,1.0,1.0,ml100k,als,mmr,2,100,0.0313219927860326
849,0.0,0.984532143029482,0.0,0.8,ml100k,als,mmr,2,100,0.08381876781591
865,0.0,0.9763512254695644,0.0,0.9,ml100k,als,mmr,2,100,0.3013279773307157
871,0.0,0.9923716785613734,0.0,0.5,ml100k,als,mmr,2,100,0.1041446505807022
890,0.0,0.9770435753631264,0.0,1.0,ml100k,als,mmr,2,100,0.1615662051414179
897,0.0,0.993059674296906,0.0,0.4,ml100k,als,mmr,2,100,0.0819127493354503
940,0.0,0.977918828943167,0.0,0.9,ml100k,als,mmr,2,100,0.2567561811088649
35,0.0,0.9667011975357171,0.0,0.3,ml100k,als,quota_mmr,2,100,0.0724560022705143
36,0.0,0.9505266693084736,0.0,0.2,ml100k,als,quota_mmr,2,100,0.1697649797650735
47,0.0,0.9476493754037072,0.0,0.3,ml100k,als,quota_mmr,2,100,0.0660682249721972
53,0.5,0.9751913711616574,1.0,0.2,ml100k,als,quota_mmr,2,100,0.154106569689882
71,0.0,0.875388658532446,0.0,0.2,ml100k,als,quota_mmr,2,100,0.1455850969225817
78,0.0,0.9072099710956332,0.0,0.2,ml100k,als,quota_mmr,2,100,0.1828778017029798
90,0.0,0.9785638218578938,0.0,0.3,ml100k,als,quota_mmr,2,100,0.2168769567127361
92,0.0,0.972100839134412,0.0,0.3,ml100k,als,quota_mmr,2,100,0.2421909893088501
94,0.0,0.9279882898029804,0.0,0.2,ml100k,als,quota_mmr,2,100,0.0988088155647517
96,0.0,0.898240051622556,0.0,0.2,ml100k,als,quota_mmr,2,100,0.0920550473709783
130,0.0,0.9741055947340512,0.0,0.2,ml100k,als,quota_mmr,2,100,0.1134053734201248
161,0.0,0.9790149019820612,0.0,0.2,ml100k,als,quota_mmr,2,100,0.1045954499945334
165,0.0,0.8991497432228902,0.0,0.2,ml100k,als,quota_mmr,2,100,0.1497648801767824
173,0.0,0.8797006150579827,0.0,0.2,ml100k,als,quota_mmr,2,100,0.1438830345330896
182,0.0,0.981029918787163,0.0,0.2,ml100k,als,quota_mmr,2,100,0.1440068680131912
192,0.0,0.9362919245866368,0.0,0.3,ml100k,als,quota_mmr,2,100,0.2466385165996095
196,0.0,0.9780899361218918,0.0,0.3,ml100k,als,quota_mmr,2,100,0.0486815668620826
200,0.0,0.966361524452492,0.0,0.2,ml100k,als,quota_mmr,2,100,0.1643810895258367
203,0.0,0.9421773476997272,0.0,0.3,ml100k,als,quota_mmr,2,100,0.1602761869250881
221,0.0,0.9568992699660104,0.0,0.2,ml100k,als,quota_mmr,2,100,0.0601669782662668
225,0.0,0.9342664302919712,0.0,0.2,ml100k,als,quota_mmr,2,100,0.1273419915956418
236,0.0,0.9867526390473916,0.0,0.3,ml100k,als,quota_mmr,2,100,0.0798085982005151
243,0.0,0.9786677723032268,0.0,0.2,ml100k,als,quota_mmr,2,100,0.0981155919198539
252,0.0,0.9748563961464322,0.0,0.2,ml100k,als,quota_mmr,2,100,0.1483147852591543
264,0.0,0.9044604274751232,0.0,0.2,ml100k,als,quota_mmr,2,100,0.2166133956539586
284,0.0,0.9017606873897848,0.0,0.3,ml100k,als,quota_mmr,2,100,0.0585583296286993
285,0.0,0.923467234592894,0.0,0.3,ml100k,als,quota_mmr,2,100,0.0752906563777391
294,0.0,0.9034323411856388,0.0,0.2,ml100k,als,quota_mmr,2,100,0.1058948272196189
306,0.0,0.8554168462961975,0.0,0.3,ml100k,als,quota_mmr,2,100,0.1342501913289004
316,0.0,0.9649066547698268,0.0,0.3,ml100k,als,quota_mmr,2,100,0.1573651334373552
334,0.0,0.9097543612052824,0.0,0.3,ml100k,als,quota_mmr,2,100,0.1181893806284623
345,0.0,0.956401029356107,0.0,0.2,ml100k,als,quota_mmr,2,100,0.3106680393708628
350,0.0,0.9190958572245274,0.0,0.3,ml100k,als,quota_mmr,2,100,0.1347165344570983
369,0.0,0.8726512013145251,0.0,0.3,ml100k,als,quota_mmr,2,100,0.1427780982692828
371,0.0,0.9019727605040206,0.0,0.3,ml100k,als,quota_mmr,2,100,0.1039465343833587
375,0.0,0.985644322207743,0.0,0.2,ml100k,als,quota_mmr,2,100,0.1200443451833805
383,0.0,0.8729617897445464,0.0,0.2,ml100k,als,quota_mmr,2,100,0.1321396899290207
404,0.0,0.937904481267398,0.0,0.2,ml100k,als,quota_mmr,2,100,0.0620096648949638
406,0.0,0.9687409004327124,0.0,0.3,ml100k,als,quota_mmr,2,100,0.1617721955968609
407,0.0,0.9251385349482364,0.0,0.2,ml100k,als,quota_mmr,2,100,0.0608345032562927
413,0.0,0.8854659585457795,0.0,0.2,ml100k,als,quota_mmr,2,100,0.1270311484251762
414,0.0,0.937378920132504,0.0,0.2,ml100k,als,quota_mmr,2,100,0.0786632194375029
422,0.0,0.9264482291372422,0.0,0.3,ml100k,als,quota_mmr,2,100,0.1302595929917971
430,0.0,0.96369747276059,0.0,0.3,ml100k,als,quota_mmr,2,100,0.1175308450431729
433,0.0,0.9593455703401635,0.0,0.3,ml100k,als,quota_mmr,2,100,0.0676124857129931
449,0.0,0.9587456967605618,0.0,0.2,ml100k,als,quota_mmr,2,100,0.1068445257963809
453,0.0,0.8844152591005421,0.0,0.3,ml100k,als,quota_mmr,2,100,0.0624473356626005
454,0.0,0.940489530352634,0.0,0.2,ml100k,als,quota_mmr,2,100,0.1714438240536285
463,0.0,0.9643188408444642,0.0,0.2,ml100k,als,quota_mmr,2,100,0.2291486867403768
472,0.0,0.9956055141902,0.0,0.2,ml100k,als,quota_mmr,2,100,0.0748220269007567
473,0.0,0.976760099657233,0.0,0.2,ml100k,als,quota_mmr,2,100,0.1571566193609259
474,0.430676558073393,0.9482000261312108,1.0,0.2,ml100k,als,quota_mmr,2,100,0.13956682293633
480,0.3868528072345416,0.9874952396540788,1.0,0.3,ml100k,als,quota_mmr,2,100,0.1753336752776259
486,0.0,0.984692052966762,0.0,0.2,ml100k,als,quota_mmr,2,100,0.0444567673564546
489,0.6309297535714575,0.9381337060465768,1.0,0.2,ml100k,als,quota_mmr,2,100,0.1921390398649815
511,0.0,0.9766355798982768,0.0,0.3,ml100k,als,quota_mmr,2,100,0.1570603634867182
513,0.0,0.9737861061220314,0.0,0.2,ml100k,als,quota_mmr,2,100,0.0865465226524231
541,0.0,0.9693919638518306,0.0,0.2,ml100k,als,quota_mmr,2,100,0.0501806115067152
543,0.0,0.9333597945955712,0.0,0.2,ml100k,als,quota_mmr,2,100,0.0823060110939908
545,0.0,0.9515280413328644,0.0,0.2,ml100k,als,quota_mmr,2,100,0.1690543558144914
554,0.0,0.9506422442124736,0.0,0.2,ml100k,als,quota_mmr,2,100,0.097259489714572
567,0.0,0.8844952860634231,0.0,0.2,ml100k,als,quota_mmr,2,100,0.1235090371362267
568,0.0,0.9623689839142648,0.0,0.3,ml100k,als,quota_mmr,2,100,0.1897809472708198
582,0.0,0.941112365084966,0.0,0.3,ml100k,als,quota_mmr,2,100,0.1974114075847075
588,0.0,0.9558406965069404,0.0,0.3,ml100k,als,quota_mmr,2,100,0.1563362857208116
590,0.0,0.9207823143776552,0.0,0.2,ml100k,als,quota_mmr,2,100,0.0851214178943247
591,0.0,0.9190185543931024,0.0,0.3,ml100k,als,quota_mmr,2,100,0.2022824821048576
600,0.0,0.9796142632259394,0.0,0.2,ml100k,als,quota_mmr,2,100,0.1377745081266712
614,0.0,0.8743632513962529,0.0,0.2,ml100k,als,quota_mmr,2,100,0.1323227230130404
617,0.0,0.9829929376226252,0.0,0.3,ml100k,als,quota_mmr,2,100,0.0320651280144
622,0.0,0.9112453006745896,0.0,0.3,ml100k,als,quota_mmr,2,100,0.2030100068767597
623,0.0,0.9699711867901276,0.0,0.3,ml100k,als,quota_mmr,2,100,0.1186379590819212
630,0.3868528072345416,0.952745166979692,1.0,0.3,ml100k,als,quota_mmr,2,100,0.1461607962768935
646,0.0,0.9741612072075158,0.0,0.3,ml100k,als,quota_mmr,2,100,0.0708550592614199
650,0.0,0.8791558034251541,0.0,0.2,ml100k,als,quota_mmr,2,100,0.0791597106077171
691,0.0,0.9859726173466205,0.0,0.3,ml100k,als,quota_mmr,2,100,0.1356963368926145
694,0.0,0.9714009076880824,0.0,0.2,ml100k,als,quota_mmr,2,100,0.0444421822025881
706,0.0,0.9791028214852826,0.0,0.2,ml100k,als,quota_mmr,2,100,0.1574128747967511
719,0.0,0.9570478334545516,0.0,0.3,ml100k,als,quota_mmr,2,100,0.0895427799911324
720,0.3333333333333333,0.9688737187170012,1.0,0.2,ml100k,als,quota_mmr,2,100,0.2416734674045719
755,0.0,0.936847360257627,0.0,0.3,ml100k,als,quota_mmr,2,100,0.1355953107149088
762,0.0,0.9713136167595292,0.0,0.3,ml100k,als,quota_mmr,2,100,0.2171115075939417
770,0.0,0.9542699471764534,0.0,0.2,ml100k,als,quota_mmr,2,100,0.1637556949257658
773,0.0,0.980645077976718,0.0,0.3,ml100k,als,quota_mmr,2,100,0.0893688147006595
780,0.0,0.9169621784441132,0.0,0.2,ml100k,als,quota_mmr,2,100,0.1366262638382534
792,0.0,0.9451240819140564,0.0,0.2,ml100k,als,quota_mmr,2,100,0.1337340952145497
794,0.0,0.8090256369567251,0.0,0.2,ml100k,als,quota_mmr,2,100,0.1655743099511933
802,0.0,0.9468791363186884,0.0,0.2,ml100k,als,quota_mmr,2,100,0.1781849151646579
811,0.0,0.9749927274301492,0.0,0.2,ml100k,als,quota_mmr,2,100,0.1475471006104997
819,0.0,0.9764388264066318,0.0,0.2,ml100k,als,quota_mmr,2,100,0.144200332223189
824,0.0,0.9048161267020574,0.0,0.3,ml100k,als,quota_mmr,2,100,0.0962864592491238
825,0.0,0.9526643053924524,0.0,0.2,ml100k,als,quota_mmr,2,100,0.1152361631798683
827,0.0,0.9674903924937382,0.0,0.2,ml100k,als,quota_mmr,2,100,0.1576316608061209
848,0.3868528072345416,0.967103623574525,1.0,0.3,ml100k,als,quota_mmr,2,100,0.0327072058776557
849,0.0,0.9880781536375683,0.0,0.2,ml100k,als,quota_mmr,2,100,0.1009659644946733
865,0.3562071871080222,0.925699904436544,1.0,0.3,ml100k,als,quota_mmr,2,100,0.2583265262406246
871,0.0,0.9814655689246896,0.0,0.2,ml100k,als,quota_mmr,2,100,0.0998001555478876
890,0.0,0.969467059415133,0.0,0.3,ml100k,als,quota_mmr,2,100,0.1846443836049878
897,0.0,0.9918632224096886,0.0,0.2,ml100k,als,quota_mmr,2,100,0.0784103186788212
940,0.0,0.9483869123598644,0.0,0.3,ml100k,als,quota_mmr,2,100,0.2693851835304342
35,0.0,0.945348053211828,0.0,0.2,ml100k,als,qubo_feasible,2,100,0.075674224309673
36,0.0,0.932637232533559,0.0,0.2,ml100k,als,qubo_feasible,2,100,0.1595098410061738
47,0.0,0.9141475866758112,0.0,0.2,ml100k,als,qubo_feasible,2,100,0.0543682747127936
53,0.6309297535714575,0.935536829921147,1.0,0.2,ml100k,als,qubo_feasible,2,100,0.1334091435038778
71,0.0,0.8673089077040703,0.0,0.2,ml100k,als,qubo_feasible,2,100,0.1595388971822103
78,0.0,0.8596852556759582,0.0,0.2,ml100k,als,qubo_feasible,2,100,0.1533898832254275
90,0.0,0.949192749009985,0.0,0.2,ml100k,als,qubo_feasible,2,100,0.1891311992682713
92,0.0,0.8542674920095353,0.0,0.2,ml100k,als,qubo_feasible,2,100,0.1524760838973631
94,0.0,0.8646851240745655,0.0,0.2,ml100k,als,qubo_feasible,2,100,0.0760580117406243
96,0.0,0.8988537877032644,0.0,0.2,ml100k,als,qubo_feasible,2,100,0.1142885141689177
130,0.0,0.9116022575159218,0.0,0.2,ml100k,als,qubo_feasible,2,100,0.0983120312721968
161,0.0,0.9380295373458268,0.0,0.2,ml100k,als,qubo_feasible,2,100,0.0888364216672254
165,0.0,0.8352184685708007,0.0,0.2,ml100k,als,qubo_feasible,2,100,0.1238380064890678
173,0.0,0.813753903110032,0.0,0.2,ml100k,als,qubo_feasible,2,100,0.0958237722160201
182,0.0,0.9375809432241762,0.0,0.2,ml100k,als,qubo_feasible,2,100,0.1100282032302029
192,0.0,0.8544452130536887,0.0,0.2,ml100k,als,qubo_feasible,2,100,0.187971967894117
196,0.0,0.9689215228753956,0.0,0.2,ml100k,als,qubo_feasible,2,100,0.0541229676945126
200,0.0,0.9413544679404328,0.0,0.2,ml100k,als,qubo_feasible,2,100,0.1452225829644396
203,0.0,0.8614977835881897,0.0,0.2,ml100k,als,qubo_feasible,2,100,0.1082070785740368
221,0.0,0.9663128408224136,0.0,0.2,ml100k,als,qubo_feasible,2,100,0.0669625748169654
225,0.0,0.933927057413738,0.0,0.2,ml100k,als,qubo_feasible,2,100,0.1237824504975276
236,0.0,0.9589500032750052,0.0,0.2,ml100k,als,qubo_feasible,2,100,0.0652436529841399
243,0.0,0.9433692372342144,0.0,0.2,ml100k,als,qubo_feasible,2,100,0.0684655835023351
252,0.0,0.9226108844704958,0.0,0.2,ml100k,als,qubo_feasible,2,100,0.0910336392671308
264,0.0,0.8101576422399044,0.0,0.2,ml100k,als,qubo_feasible,2,100,0.1238554816193318
284,0.0,0.896888802551625,0.0,0.2,ml100k,als,qubo_feasible,2,100,0.0703995877290681
285,0.0,0.8281762732924002,0.0,0.2,ml100k,als,qubo_feasible,2,100,0.0511051990537207
294,0.0,0.8951553285686726,0.0,0.2,ml100k,als,qubo_feasible,2,100,0.1043745422037452
306,0.0,0.8486955904708156,0.0,0.2,ml100k,als,qubo_feasible,2,100,0.1194163970464652
316,0.0,0.9212184487688866,0.0,0.2,ml100k,als,qubo_feasible,2,100,0.1298409612033877
334,0.0,0.8227306545473562,0.0,0.2,ml100k,als,qubo_feasible,2,100,0.0805844499631815
345,0.0,0.8539155502258791,0.0,0.2,ml100k,als,qubo_feasible,2,100,0.1785112303992445
350,0.0,0.8962249905460472,0.0,0.2,ml100k,als,qubo_feasible,2,100,0.1232483063583157
369,0.0,0.8082446702539974,0.0,0.2,ml100k,als,qubo_feasible,2,100,0.1097052586579382
371,0.0,0.8620156123505778,0.0,0.2,ml100k,als,qubo_feasible,2,100,0.1011024989571045
375,0.0,0.9164986538245604,0.0,0.2,ml100k,als,qubo_feasible,2,100,0.0736120650499758
383,0.0,0.8157101257982661,0.0,0.2,ml100k,als,qubo_feasible,2,100,0.1191446906587559
404,0.0,0.8943564872632795,0.0,0.2,ml100k,als,qubo_feasible,2,100,0.0455061789546618
406,0.0,0.932222922842892,0.0,0.2,ml100k,als,qubo_feasible,2,100,0.1159012671697828
407,0.0,0.8920992264264617,0.0,0.2,ml100k,als,qubo_feasible,2,100,0.0503923790092702
413,0.0,0.8466464828282199,0.0,0.2,ml100k,als,qubo_feasible,2,100,0.1325909183998738
414,0.0,0.930318946134544,0.0,0.2,ml100k,als,qubo_feasible,2,100,0.0944166285885506
422,0.0,0.8694373265841315,0.0,0.2,ml100k,als,qubo_feasible,2,100,0.0972252621811025
430,0.0,0.91107790907548,0.0,0.2,ml100k,als,qubo_feasible,2,100,0.073460815420071
433,0.0,0.89592523933794,0.0,0.2,ml100k,als,qubo_feasible,2,100,0.067420879939552
449,0.0,0.8772456962356282,0.0,0.2,ml100k,als,qubo_feasible,2,100,0.084099701446685
453,0.0,0.8622682856406746,0.0,0.2,ml100k,als,qubo_feasible,2,100,0.0787858388478937
454,0.0,0.9208891688479116,0.0,0.2,ml100k,als,qubo_feasible,2,100,0.1611246500297246
463,0.0,0.8912490119155555,0.0,0.2,ml100k,als,qubo_feasible,2,100,0.1593506728895827
472,0.0,0.9585228203721464,0.0,0.2,ml100k,als,qubo_feasible,2,100,0.0488643515599043
473,0.0,0.9312257524236066,0.0,0.2,ml100k,als,qubo_feasible,2,100,0.1450097161911002
474,0.0,0.8625744568892445,0.0,0.2,ml100k,als,qubo_feasible,2,100,0.0996906994131603
480,0.0,0.9002001055620787,0.0,0.2,ml100k,als,qubo_feasible,2,100,0.0780427475911581
486,0.0,0.9586688870985092,0.0,0.2,ml100k,als,qubo_feasible,2,100,0.0388514586882323
489,0.0,0.7639808800252094,0.0,0.2,ml100k,als,qubo_feasible,2,100,0.0940850923945758
511,0.0,0.9145567200192412,0.0,0.2,ml100k,als,qubo_feasible,2,100,0.1035922978895279
513,0.0,0.9256032162525784,0.0,0.2,ml100k,als,qubo_feasible,2,100,0.060796830501128
541,0.3562071871080222,0.9066321068648704,1.0,0.2,ml100k,als,qubo_feasible,2,100,0.0353691696233558
543,0.0,0.840930442527876,0.0,0.2,ml100k,als,qubo_feasible,2,100,0.0539152282977601
545,0.0,0.922557471977104,0.0,0.2,ml100k,als,qubo_feasible,2,100,0.1403993186288735
554,0.0,0.938857121298826,0.0,0.2,ml100k,als,qubo_feasible,2,100,0.1236713087932509
567,0.0,0.7889714086028139,0.0,0.2,ml100k,als,qubo_feasible,2,100,0.0824470868079516
568,0.0,0.916568960064949,0.0,0.2,ml100k,als,qubo_feasible,2,100,0.141100481464122
582,0.0,0.8838130223894151,0.0,0.2,ml100k,als,qubo_feasible,2,100,0.1903363301531658
588,0.0,0.9195502855212644,0.0,0.2,ml100k,als,qubo_feasible,2,100,0.1447880373178942
590,0.0,0.900726238223184,0.0,0.2,ml100k,als,qubo_feasible,2,100,0.0923719346797861
591,0.0,0.7751387689558266,0.0,0.2,ml100k,als,qubo_feasible,2,100,0.1018471187439433
600,0.0,0.9192746096387336,0.0,0.2,ml100k,als,qubo_feasible,2,100,0.1013654677206436
614,0.0,0.8297370710851657,0.0,0.2,ml100k,als,qubo_feasible,2,100,0.1199747969148784
617,0.0,0.9441926498039576,0.0,0.2,ml100k,als,qubo_feasible,2,100,0.0242795291682506
622,0.0,0.8229197870972496,0.0,0.2,ml100k,als,qubo_feasible,2,100,0.1123899820235449
623,0.0,0.9088814202944966,0.0,0.2,ml100k,als,qubo_feasible,2,100,0.0895111970254499
630,0.0,0.928989957362938,0.0,0.2,ml100k,als,qubo_feasible,2,100,0.1514662955561614
646,0.0,0.8954812223786889,0.0,0.2,ml100k,als,qubo_feasible,2,100,0.0495946163642493
650,0.0,0.8331876603207197,0.0,0.2,ml100k,als,qubo_feasible,2,100,0.0594270559660348
691,0.0,0.940771686446321,0.0,0.2,ml100k,als,qubo_feasible,2,100,0.0949901720116581
694,0.0,0.9391876165508188,0.0,0.2,ml100k,als,qubo_feasible,2,100,0.0392820753696916
706,0.0,0.8483352313091009,0.0,0.2,ml100k,als,qubo_feasible,2,100,0.0934153961002258
719,0.0,0.8880485470333975,0.0,0.2,ml100k,als,qubo_feasible,2,100,0.0732931113934876
720,0.0,0.903951737635237,0.0,0.2,ml100k,als,qubo_feasible,2,100,0.1382058685435256
755,0.0,0.8583100163278269,0.0,0.2,ml100k,als,qubo_feasible,2,100,0.0987040815968261
762,0.0,0.8946811618366056,0.0,0.2,ml100k,als,qubo_feasible,2,100,0.1508394117641834
770,0.0,0.857957476324831,0.0,0.2,ml100k,als,qubo_feasible,2,100,0.100815631484641
773,0.0,0.9167577665619284,0.0,0.2,ml100k,als,qubo_feasible,2,100,0.0602290036782425
780,0.0,0.817127681401461,0.0,0.2,ml100k,als,qubo_feasible,2,100,0.0790666234864726
792,0.0,0.8583093567882604,0.0,0.2,ml100k,als,qubo_feasible,2,100,0.105982121996021
794,0.0,0.7607015710505733,0.0,0.2,ml100k,als,qubo_feasible,2,100,0.1476668158041378
802,0.0,0.9149020770075292,0.0,0.2,ml100k,als,qubo_feasible,2,100,0.14566278383283
811,0.0,0.9145203354356592,0.0,0.2,ml100k,als,qubo_feasible,2,100,0.1013607018660406
819,0.0,0.9189914943536948,0.0,0.2,ml100k,als,qubo_feasible,2,100,0.0934264408174613
824,0.0,0.8043204078774024,0.0,0.2,ml100k,als,qubo_feasible,2,100,0.0678744299974311
825,0.0,0.8730743054221513,0.0,0.2,ml100k,als,qubo_feasible,2,100,0.0659209806780777
827,0.0,0.916653738043564,0.0,0.2,ml100k,als,qubo_feasible,2,100,0.1150496099234642
848,0.5,0.913199204809708,1.0,0.2,ml100k,als,qubo_feasible,2,100,0.0242167055710108
849,0.0,0.9477888444874774,0.0,0.2,ml100k,als,qubo_feasible,2,100,0.0695172174419005
865,0.0,0.7880022588504405,0.0,0.2,ml100k,als,qubo_feasible,2,100,0.1199216716268515
871,0.0,0.9524257132735916,0.0,0.2,ml100k,als,qubo_feasible,2,100,0.0939683798982554
890,0.0,0.897234941174515,0.0,0.2,ml100k,als,qubo_feasible,2,100,0.1296432188540537
897,0.0,0.9409629137546184,0.0,0.2,ml100k,als,qubo_feasible,2,100,0.0642375157203968
940,0.0,0.7723033665155543,0.0,0.2,ml100k,als,qubo_feasible,2,100,0.1254925126516929
35,0.0,0.9718640908598961,0.0,0.2,ml100k,als,qubo_tabu,2,100,0.07883080824796856
36,0.0,0.9355985998479002,0.0,0.2,ml100k,als,qubo_tabu,2,100,0.15068419535000319
47,0.0,0.9139935795610926,0.0,0.2,ml100k,als,qubo_tabu,2,100,0.03790841225929125
53,0.6309297535714575,0.9162640335019602,1.0,0.2,ml100k,als,qubo_tabu,2,100,0.09992424292446726
71,0.0,0.8406791180775401,0.0,0.2,ml100k,als,qubo_tabu,2,100,0.10917920684117477
78,0.0,0.8789746505861703,0.0,0.2,ml100k,als,qubo_tabu,2,100,0.14818855110587606
90,0.0,0.9564453496506208,0.0,0.2,ml100k,als,qubo_tabu,2,100,0.16040858040204659
92,0.0,0.9485202249815455,0.0,0.2,ml100k,als,qubo_tabu,2,100,0.21222705585754398
94,0.0,0.909926694454688,0.0,0.2,ml100k,als,qubo_tabu,2,100,0.07328122380362226
96,0.0,0.8905148962769663,0.0,0.2,ml100k,als,qubo_tabu,2,100,0.08926869768752296
130,0.0,0.949659127120627,0.0,0.2,ml100k,als,qubo_tabu,2,100,0.10650641181890545
161,0.0,0.9576139210946669,0.0,0.2,ml100k,als,qubo_tabu,2,100,0.08886898991977185
165,0.0,0.8335290174362853,0.0,0.2,ml100k,als,qubo_tabu,2,100,0.09998383808981877
173,0.0,0.7733233202381448,0.0,0.2,ml100k,als,qubo_tabu,2,100,0.08353826048625862
182,0.0,0.9676597416617261,0.0,0.2,ml100k,als,qubo_tabu,2,100,0.12052189336764453
192,0.0,0.8176801915513016,0.0,0.2,ml100k,als,qubo_tabu,2,100,0.1358662746524667
196,0.0,0.981165525732384,0.0,0.2,ml100k,als,qubo_tabu,2,100,0.04901790649984236
200,0.0,0.93731975371117,0.0,0.2,ml100k,als,qubo_tabu,2,100,0.1328957730876491
203,0.0,0.8750601092519329,0.0,0.2,ml100k,als,qubo_tabu,2,100,0.105400618977987
221,0.0,0.9826440596531283,0.0,0.2,ml100k,als,qubo_tabu,2,100,0.06514785375852614
225,0.0,0.927206210936295,0.0,0.2,ml100k,als,qubo_tabu,2,100,0.11062079229370315
236,0.0,0.9684473616261255,0.0,0.2,ml100k,als,qubo_tabu,2,100,0.05763428456339691
243,0.0,0.9671064644576952,0.0,0.2,ml100k,als,qubo_tabu,2,100,0.08016477488235779
252,0.0,0.9341269297172543,0.0,0.2,ml100k,als,qubo_tabu,2,100,0.08784391505301639
264,0.0,0.821902740513524,0.0,0.2,ml100k,als,qubo_tabu,2,100,0.1270091648198951
284,0.0,0.8908183773687562,0.0,0.2,ml100k,als,qubo_tabu,2,100,0.05437710147217499
285,0.0,0.8809728417839809,0.0,0.2,ml100k,als,qubo_tabu,2,100,0.050068608708973894
294,0.0,0.9000966542551206,0.0,0.2,ml100k,als,qubo_tabu,2,100,0.09783498568204184
306,0.43067655807339306,0.8446821904082364,1.0,0.2,ml100k,als,qubo_tabu,2,100,0.11112874012085745
316,0.0,0.9133986561518637,0.0,0.2,ml100k,als,qubo_tabu,2,100,0.0965858816745123
334,0.0,0.8795431592626652,0.0,0.2,ml100k,als,qubo_tabu,2,100,0.09711439429306738
345,0.0,0.835201678585501,0.0,0.2,ml100k,als,qubo_tabu,2,100,0.13790297650586603
350,0.0,0.8965239517641054,0.0,0.2,ml100k,als,qubo_tabu,2,100,0.1065278436997695
369,0.0,0.8249857316152066,0.0,0.2,ml100k,als,qubo_tabu,2,100,0.10866302271260112
371,0.0,0.8794173918540112,0.0,0.2,ml100k,als,qubo_tabu,2,100,0.09485870633746568
375,0.0,0.971966748576002,0.0,0.2,ml100k,als,qubo_tabu,2,100,0.0999602157255079
383,0.0,0.8517495612437914,0.0,0.2,ml100k,als,qubo_tabu,2,100,0.10247068446987123
404,0.0,0.9460335547606203,0.0,0.2,ml100k,als,qubo_tabu,2,100,0.06315006088982211
406,0.0,0.9399281440865452,0.0,0.2,ml100k,als,qubo_tabu,2,100,0.1142482169515515
407,0.0,0.9024552077919294,0.0,0.2,ml100k,als,qubo_tabu,2,100,0.041911938034317184
413,0.0,0.851966061540839,0.0,0.2,ml100k,als,qubo_tabu,2,100,0.10853436883674973
414,0.0,0.9327957168506981,0.0,0.2,ml100k,als,qubo_tabu,2,100,0.08065876009532513
422,0.0,0.8651491641419597,0.0,0.2,ml100k,als,qubo_tabu,2,100,0.08536937155157023
430,0.0,0.962948007183035,0.0,0.2,ml100k,als,qubo_tabu,2,100,0.10489289172288566
433,0.0,0.9456594030923247,0.0,0.2,ml100k,als,qubo_tabu,2,100,0.05071975999725689
449,0.0,0.9532261708751363,0.0,0.2,ml100k,als,qubo_tabu,2,100,0.09076078934424431
453,0.0,0.8737329752292983,0.0,0.2,ml100k,als,qubo_tabu,2,100,0.06518905054577656
454,0.0,0.9004273613944521,0.0,0.2,ml100k,als,qubo_tabu,2,100,0.09851192651862563
463,0.0,0.9149561821321469,0.0,0.2,ml100k,als,qubo_tabu,2,100,0.1577919345032852
472,0.0,0.9818843565568813,0.0,0.2,ml100k,als,qubo_tabu,2,100,0.05160430593694031
473,0.0,0.9630412795337642,0.0,0.2,ml100k,als,qubo_tabu,2,100,0.14029587600568266
474,0.0,0.9298409258169122,0.0,0.2,ml100k,als,qubo_tabu,2,100,0.12364743620660121
480,0.5,0.9305454841461924,1.0,0.2,ml100k,als,qubo_tabu,2,100,0.09436668930043297
486,0.0,0.9876779259166778,0.0,0.2,ml100k,als,qubo_tabu,2,100,0.05141782235997835
489,1.0,0.840292270217577,1.0,0.2,ml100k,als,qubo_tabu,2,100,0.10795996040656278
511,0.0,0.9414435700800475,0.0,0.2,ml100k,als,qubo_tabu,2,100,0.10702020858491053
513,0.0,0.9648216879027857,0.0,0.2,ml100k,als,qubo_tabu,2,100,0.06893917113264722
541,0.31546487678572877,0.9562437951336035,1.0,0.2,ml100k,als,qubo_tabu,2,100,0.04184897945318499
543,0.0,0.9161452808548343,0.0,0.2,ml100k,als,qubo_tabu,2,100,0.07119008758961091
545,0.0,0.8853178146221881,0.0,0.2,ml100k,als,qubo_tabu,2,100,0.10159801663299402
554,0.0,0.9470334219250612,0.0,0.2,ml100k,als,qubo_tabu,2,100,0.09203058328243
567,0.0,0.8566060161991792,0.0,0.2,ml100k,als,qubo_tabu,2,100,0.09934419450586894
568,0.0,0.9180834924512216,0.0,0.2,ml100k,als,qubo_tabu,2,100,0.11041144886223143
582,0.0,0.9071050375469925,0.0,0.2,ml100k,als,qubo_tabu,2,100,0.18437739152836702
588,0.0,0.9351599532737803,0.0,0.2,ml100k,als,qubo_tabu,2,100,0.12362434934219088
590,0.0,0.9251419208254642,0.0,0.2,ml100k,als,qubo_tabu,2,100,0.08412519814881189
591,0.0,0.8340407823502947,0.0,0.2,ml100k,als,qubo_tabu,2,100,0.1028553685579759
600,0.0,0.9663915343445446,0.0,0.2,ml100k,als,qubo_tabu,2,100,0.1199213081347708
614,0.0,0.8146339219004924,0.0,0.2,ml100k,als,qubo_tabu,2,100,0.09257184369417361
617,0.0,0.9700573191138179,0.0,0.2,ml100k,als,qubo_tabu,2,100,0.02702090129166966
622,0.0,0.8048153689541072,0.0,0.2,ml100k,als,qubo_tabu,2,100,0.0986437884105039
623,0.0,0.952510868521978,0.0,0.2,ml100k,als,qubo_tabu,2,100,0.09952052727000572
630,0.43067655807339306,0.9398730024113499,1.0,0.2,ml100k,als,qubo_tabu,2,100,0.14415347309674748
646,0.0,0.9666582427638775,0.0,0.2,ml100k,als,qubo_tabu,2,100,0.07303897967293466
650,0.0,0.9125570310085366,0.0,0.2,ml100k,als,qubo_tabu,2,100,0.0997747772337951
691,0.0,0.9656377982925196,0.0,0.2,ml100k,als,qubo_tabu,2,100,0.11837905647834418
694,0.0,0.9568744470120316,0.0,0.2,ml100k,als,qubo_tabu,2,100,0.031726978232663586
706,0.0,0.9344963605063782,0.0,0.2,ml100k,als,qubo_tabu,2,100,0.12624048948437927
719,0.0,0.9476788668545634,0.0,0.2,ml100k,als,qubo_tabu,2,100,0.07879483799480015
720,0.43067655807339306,0.8937108943497077,1.0,0.2,ml100k,als,qubo_tabu,2,100,0.10488010748661937
755,0.0,0.9407986023651537,0.0,0.2,ml100k,als,qubo_tabu,2,100,0.13931394931640192
762,0.0,0.9459846093437215,0.0,0.2,ml100k,als,qubo_tabu,2,100,0.17496964315730643
770,0.0,0.90713527295536,0.0,0.2,ml100k,als,qubo_tabu,2,100,0.10736013298857551
773,0.0,0.9737743675248477,0.0,0.2,ml100k,als,qubo_tabu,2,100,0.07313383708079754
780,0.0,0.870685761609084,0.0,0.2,ml100k,als,qubo_tabu,2,100,0.10879359816234449
792,0.0,0.922185893115702,0.0,0.2,ml100k,als,qubo_tabu,2,100,0.11294465171334725
794,0.0,0.7386197990049839,0.0,0.2,ml100k,als,qubo_tabu,2,100,0.1436760953120578
802,0.0,0.9231951450313729,0.0,0.2,ml100k,als,qubo_tabu,2,100,0.12516607901151414
811,0.0,0.9464422004957963,0.0,0.2,ml100k,als,qubo_tabu,2,100,0.10465162137604754
819,0.0,0.9451024333197011,0.0,0.2,ml100k,als,qubo_tabu,2,100,0.10160648654801992
824,0.0,0.8066028602061301,0.0,0.2,ml100k,als,qubo_tabu,2,100,0.04749190309804972
825,0.0,0.9176251774729232,0.0,0.2,ml100k,als,qubo_tabu,2,100,0.07557391523297163
827,0.0,0.922853053779683,0.0,0.2,ml100k,als,qubo_tabu,2,100,0.11056889023004189
848,0.38685280723454163,0.9625013342993358,1.0,0.2,ml100k,als,qubo_tabu,2,100,0.03001254878253382
849,0.0,0.9797427064778979,0.0,0.2,ml100k,als,qubo_tabu,2,100,0.09077243644707994
865,0.0,0.8211326889562606,0.0,0.2,ml100k,als,qubo_tabu,2,100,0.12046040971089832
871,0.0,0.9761567032668798,0.0,0.2,ml100k,als,qubo_tabu,2,100,0.08943282830251713
890,0.0,0.9241668943671102,0.0,0.2,ml100k,als,qubo_tabu,2,100,0.15608131231672492
897,0.0,0.9918632224096886,0.0,0.2,ml100k,als,qubo_tabu,2,100,0.07841031867882127
940,0.0,0.8887166158036952,0.0,0.2,ml100k,als,qubo_tabu,2,100,0.1870110321689099
