user_row,ndcg,ndcg_vs_retrieval,recall,exposure_parity,dataset,family,reranker,repeat,n_candidates,intra_list_similarity
2,0.0,1.0,0.0,1.5,ml100k,popularity,none,0,100,
4,0.0,1.0,0.0,0.9,ml100k,popularity,none,0,100,
7,0.0,1.0,0.0,1.3,ml100k,popularity,none,0,100,
14,0.0,1.0,0.0,1.3,ml100k,popularity,none,0,100,
19,0.0,1.0,0.0,1.3,ml100k,popularity,none,0,100,
25,0.0,1.0,0.0,1.5,ml100k,popularity,none,0,100,
29,0.0,1.0,0.0,1.1,ml100k,popularity,none,0,100,
34,0.0,1.0,0.0,0.8,ml100k,popularity,none,0,100,
45,0.0,1.0,0.0,1.1,ml100k,popularity,none,0,100,
63,0.0,1.0,0.0,1.3,ml100k,popularity,none,0,100,
67,0.0,1.0,0.0,1.3,ml100k,popularity,none,0,100,
70,0.0,1.0,0.0,1.5,ml100k,popularity,none,0,100,
78,0.0,1.0,0.0,1.5,ml100k,popularity,none,0,100,
79,0.0,1.0,0.0,1.5,ml100k,popularity,none,0,100,
110,0.0,1.0,0.0,1.3,ml100k,popularity,none,0,100,
122,0.6309297535714575,1.0,1.0,1.3,ml100k,popularity,none,0,100,
149,0.0,1.0,0.0,1.1,ml100k,popularity,none,0,100,
153,0.3010299956639812,1.0,1.0,1.3,ml100k,popularity,none,0,100,
212,0.0,1.0,0.0,1.1,ml100k,popularity,none,0,100,
228,0.0,1.0,0.0,1.5,ml100k,popularity,none,0,100,
229,0.0,1.0,0.0,0.5,ml100k,popularity,none,0,100,
235,0.5,1.0,1.0,1.3,ml100k,popularity,none,0,100,
239,0.0,1.0,0.0,1.5,ml100k,popularity,none,0,100,
247,0.0,1.0,0.0,1.1,ml100k,popularity,none,0,100,
261,0.0,1.0,0.0,0.3,ml100k,popularity,none,0,100,
264,0.0,1.0,0.0,1.3,ml100k,popularity,none,0,100,
283,0.0,1.0,0.0,1.1,ml100k,popularity,none,0,100,
298,0.3154648767857287,1.0,1.0,1.1,ml100k,popularity,none,0,100,
306,0.0,1.0,0.0,1.3,ml100k,popularity,none,0,100,
314,0.0,1.0,0.0,1.1,ml100k,popularity,none,0,100,
330,0.0,1.0,0.0,1.1,ml100k,popularity,none,0,100,
341,0.0,1.0,0.0,0.9,ml100k,popularity,none,0,100,
342,0.5,1.0,1.0,0.6,ml100k,popularity,none,0,100,
343,0.0,1.0,0.0,1.5,ml100k,popularity,none,0,100,
352,0.0,1.0,0.0,1.3,ml100k,popularity,none,0,100,
355,0.0,1.0,0.0,1.1,ml100k,popularity,none,0,100,
356,0.0,1.0,0.0,1.3,ml100k,popularity,none,0,100,
365,0.0,1.0,0.0,1.5,ml100k,popularity,none,0,100,
373,0.0,1.0,0.0,0.6,ml100k,popularity,none,0,100,
387,0.0,1.0,0.0,1.3,ml100k,popularity,none,0,100,
412,1.0,1.0,1.0,1.3,ml100k,popularity,none,0,100,
424,0.0,1.0,0.0,1.3,ml100k,popularity,none,0,100,
431,0.0,1.0,0.0,1.1,ml100k,popularity,none,0,100,
432,0.0,1.0,0.0,1.5,ml100k,popularity,none,0,100,
445,0.0,1.0,0.0,1.3,ml100k,popularity,none,0,100,
467,0.0,1.0,0.0,1.3,ml100k,popularity,none,0,100,
468,0.0,1.0,0.0,1.5,ml100k,popularity,none,0,100,
469,0.0,1.0,0.0,0.4,ml100k,popularity,none,0,100,
475,0.0,1.0,0.0,1.1,ml100k,popularity,none,0,100,
479,0.0,1.0,0.0,1.3,ml100k,popularity,none,0,100,
482,0.0,1.0,0.0,0.8,ml100k,popularity,none,0,100,
489,0.0,1.0,0.0,1.3,ml100k,popularity,none,0,100,
519,0.0,1.0,0.0,1.1,ml100k,popularity,none,0,100,
526,0.0,1.0,0.0,1.3,ml100k,popularity,none,0,100,
528,0.0,1.0,0.0,1.5,ml100k,popularity,none,0,100,
538,0.0,1.0,0.0,1.3,ml100k,popularity,none,0,100,
543,0.0,1.0,0.0,1.5,ml100k,popularity,none,0,100,
549,0.0,1.0,0.0,1.3,ml100k,popularity,none,0,100,
552,0.0,1.0,0.0,1.3,ml100k,popularity,none,0,100,
554,0.0,1.0,0.0,1.5,ml100k,popularity,none,0,100,
576,0.0,1.0,0.0,0.9,ml100k,popularity,none,0,100,
580,0.3868528072345416,1.0,1.0,1.1,ml100k,popularity,none,0,100,
585,0.0,1.0,0.0,1.5,ml100k,popularity,none,0,100,
587,0.3868528072345416,1.0,1.0,1.3,ml100k,popularity,none,0,100,
596,0.0,1.0,0.0,1.3,ml100k,popularity,none,0,100,
617,0.0,1.0,0.0,0.9,ml100k,popularity,none,0,100,
621,0.0,1.0,0.0,1.3,ml100k,popularity,none,0,100,
623,0.0,1.0,0.0,0.7,ml100k,popularity,none,0,100,
626,0.0,1.0,0.0,1.1,ml100k,popularity,none,0,100,
636,0.0,1.0,0.0,1.3,ml100k,popularity,none,0,100,
637,0.0,1.0,0.0,1.5,ml100k,popularity,none,0,100,
657,0.0,1.0,0.0,1.5,ml100k,popularity,none,0,100,
659,0.0,1.0,0.0,0.9,ml100k,popularity,none,0,100,
666,0.0,1.0,0.0,0.8,ml100k,popularity,none,0,100,
667,0.0,1.0,0.0,1.1,ml100k,popularity,none,0,100,
669,0.0,1.0,0.0,1.3,ml100k,popularity,none,0,100,
683,0.0,1.0,0.0,1.3,ml100k,popularity,none,0,100,
693,0.0,1.0,0.0,1.3,ml100k,popularity,none,0,100,
705,0.3333333333333333,1.0,1.0,1.3,ml100k,popularity,none,0,100,
708,0.0,1.0,0.0,1.3,ml100k,popularity,none,0,100,
717,0.0,1.0,0.0,0.9,ml100k,popularity,none,0,100,
722,0.0,1.0,0.0,1.5,ml100k,popularity,none,0,100,
739,0.0,1.0,0.0,1.3,ml100k,popularity,none,0,100,
745,0.0,1.0,0.0,1.1,ml100k,popularity,none,0,100,
757,0.0,1.0,0.0,1.1,ml100k,popularity,none,0,100,
759,0.0,1.0,0.0,1.5,ml100k,popularity,none,0,100,
771,0.0,1.0,0.0,1.1,ml100k,popularity,none,0,100,
780,0.0,1.0,0.0,1.5,ml100k,popularity,none,0,100,
785,0.0,1.0,0.0,0.7,ml100k,popularity,none,0,100,
794,0.0,1.0,0.0,1.3,ml100k,popularity,none,0,100,
806,0.0,1.0,0.0,1.3,ml100k,popularity,none,0,100,
817,0.0,1.0,0.0,1.5,ml100k,popularity,none,0,100,
832,0.0,1.0,0.0,1.3,ml100k,popularity,none,0,100,
856,0.0,1.0,0.0,0.9,ml100k,popularity,none,0,100,
860,0.0,1.0,0.0,1.3,ml100k,popularity,none,0,100,
869,0.0,1.0,0.0,0.7,ml100k,popularity,none,0,100,
881,0.0,1.0,0.0,1.3,ml100k,popularity,none,0,100,
894,0.0,1.0,0.0,1.3,ml100k,popularity,none,0,100,
913,0.0,1.0,0.0,1.5,ml100k,popularity,none,0,100,
934,0.0,1.0,0.0,1.3,ml100k,popularity,none,0,100,
2,0.0,1.0,0.0,1.5,ml100k,popularity,greedy_topk,0,100,0.5438269742339117
4,0.0,1.0,0.0,0.9,ml100k,popularity,greedy_topk,0,100,0.4030551621947433
7,0.0,1.0,0.0,1.3,ml100k,popularity,greedy_topk,0,100,0.494854693571831
14,0.0,1.0,0.0,1.3,ml100k,popularity,greedy_topk,0,100,0.4827714806992631
19,0.0,1.0,0.0,1.3,ml100k,popularity,greedy_topk,0,100,0.5025495877749062
25,0.0,1.0,0.0,1.5,ml100k,popularity,greedy_topk,0,100,0.4197972142725361
29,0.0,1.0,0.0,1.1,ml100k,popularity,greedy_topk,0,100,0.4228580777051972
34,0.0,1.0,0.0,0.8,ml100k,popularity,greedy_topk,0,100,0.2954800800383333
45,0.0,1.0,0.0,1.1,ml100k,popularity,greedy_topk,0,100,0.4200230730924827
63,0.0,1.0,0.0,1.3,ml100k,popularity,greedy_topk,0,100,0.4654009296664574
67,0.0,1.0,0.0,1.3,ml100k,popularity,greedy_topk,0,100,0.4678650101448984
70,0.0,1.0,0.0,1.5,ml100k,popularity,greedy_topk,0,100,0.4293677778997288
78,0.0,1.0,0.0,1.5,ml100k,popularity,greedy_topk,0,100,0.4743321806133987
79,0.0,1.0,0.0,1.5,ml100k,popularity,greedy_topk,0,100,0.5122360593745131
110,0.0,1.0,0.0,1.3,ml100k,popularity,greedy_topk,0,100,0.4731337970277884
122,0.6309297535714575,1.0,1.0,1.3,ml100k,popularity,greedy_topk,0,100,0.451758639549724
149,0.0,1.0,0.0,1.1,ml100k,popularity,greedy_topk,0,100,0.4443568431666296
153,0.3010299956639812,1.0,1.0,1.3,ml100k,popularity,greedy_topk,0,100,0.4761640309039405
212,0.0,1.0,0.0,1.1,ml100k,popularity,greedy_topk,0,100,0.4338915488083033
228,0.0,1.0,0.0,1.5,ml100k,popularity,greedy_topk,0,100,0.5246389787825264
229,0.0,1.0,0.0,0.5,ml100k,popularity,greedy_topk,0,100,0.3285383290759506
235,0.5,1.0,1.0,1.3,ml100k,popularity,greedy_topk,0,100,0.4360837705641265
239,0.0,1.0,0.0,1.5,ml100k,popularity,greedy_topk,0,100,0.4753960547579856
247,0.0,1.0,0.0,1.1,ml100k,popularity,greedy_topk,0,100,0.4560489351635006
261,0.0,1.0,0.0,0.3,ml100k,popularity,greedy_topk,0,100,0.3707341597877527
264,0.0,1.0,0.0,1.3,ml100k,popularity,greedy_topk,0,100,0.4409240032337336
283,0.0,1.0,0.0,1.1,ml100k,popularity,greedy_topk,0,100,0.4353814789476176
298,0.3154648767857287,1.0,1.0,1.1,ml100k,popularity,greedy_topk,0,100,0.435645889621165
306,0.0,1.0,0.0,1.3,ml100k,popularity,greedy_topk,0,100,0.4908261763632746
314,0.0,1.0,0.0,1.1,ml100k,popularity,greedy_topk,0,100,0.4580044404703357
330,0.0,1.0,0.0,1.1,ml100k,popularity,greedy_topk,0,100,0.4410264127048698
341,0.0,1.0,0.0,0.9,ml100k,popularity,greedy_topk,0,100,0.3571089681610812
342,0.5,1.0,1.0,0.6,ml100k,popularity,greedy_topk,0,100,0.3618531858851668
343,0.0,1.0,0.0,1.5,ml100k,popularity,greedy_topk,0,100,0.5438269742339117
352,0.0,1.0,0.0,1.3,ml100k,popularity,greedy_topk,0,100,0.3345842140039288
355,0.0,1.0,0.0,1.1,ml100k,popularity,greedy_topk,0,100,0.4492296623494529
356,0.0,1.0,0.0,1.3,ml100k,popularity,greedy_topk,0,100,0.418559948108642
365,0.0,1.0,0.0,1.5,ml100k,popularity,greedy_topk,0,100,0.5246389787825264
373,0.0,1.0,0.0,0.6,ml100k,popularity,greedy_topk,0,100,0.2959661692835381
387,0.0,1.0,0.0,1.3,ml100k,popularity,greedy_topk,0,100,0.494854693571831
412,1.0,1.0,1.0,1.3,ml100k,popularity,greedy_topk,0,100,0.4734783114547611
424,0.0,1.0,0.0,1.3,ml100k,popularity,greedy_topk,0,100,0.4295474042147403
431,0.0,1.0,0.0,1.1,ml100k,popularity,greedy_topk,0,100,0.4147950214118276
432,0.0,1.0,0.0,1.5,ml100k,popularity,greedy_topk,0,100,0.5438269742339117
445,0.0,1.0,0.0,1.3,ml100k,popularity,greedy_topk,0,100,0.4817974382824916
467,0.0,1.0,0.0,1.3,ml100k,popularity,greedy_topk,0,100,0.4669119597653027
468,0.0,1.0,0.0,1.5,ml100k,popularity,greedy_topk,0,100,0.4993831007601783
469,0.0,1.0,0.0,0.4,ml100k,popularity,greedy_topk,0,100,0.3435366475920399
475,0.0,1.0,0.0,1.1,ml100k,popularity,greedy_topk,0,100,0.4453580739431327
479,0.0,1.0,0.0,1.3,ml100k,popularity,greedy_topk,0,100,0.439491629093617
482,0.0,1.0,0.0,0.8,ml100k,popularity,greedy_topk,0,100,0.3411083554096511
489,0.0,1.0,0.0,1.3,ml100k,popularity,greedy_topk,0,100,0.4428446440245034
519,0.0,1.0,0.0,1.1,ml100k,popularity,greedy_topk,0,100,0.4230589161380504
526,0.0,1.0,0.0,1.3,ml100k,popularity,greedy_topk,0,100,0.4655407529995957
528,0.0,1.0,0.0,1.5,ml100k,popularity,greedy_topk,0,100,0.4430954055613779
538,0.0,1.0,0.0,1.3,ml100k,popularity,greedy_topk,0,100,0.4360837705641265
543,0.0,1.0,0.0,1.5,ml100k,popularity,greedy_topk,0,100,0.5438269742339117
549,0.0,1.0,0.0,1.3,ml100k,popularity,greedy_topk,0,100,0.4468159978686837
552,0.0,1.0,0.0,1.3,ml100k,popularity,greedy_topk,0,100,0.4733116343171371
554,0.0,1.0,0.0,1.5,ml100k,popularity,greedy_topk,0,100,0.4748939646107228
576,0.0,1.0,0.0,0.9,ml100k,popularity,greedy_topk,0,100,0.3762268426968862
580,0.3868528072345416,1.0,1.0,1.1,ml100k,popularity,greedy_topk,0,100,0.414872203960005
585,0.0,1.0,0.0,1.5,ml100k,popularity,greedy_topk,0,100,0.5079891267889785
587,0.3868528072345416,1.0,1.0,1.3,ml100k,popularity,greedy_topk,0,100,0.497442605306669
596,0.0,1.0,0.0,1.3,ml100k,popularity,greedy_topk,0,100,0.4531890207103664
617,0.0,1.0,0.0,0.9,ml100k,popularity,greedy_topk,0,100,0.284953986897963
621,0.0,1.0,0.0,1.3,ml100k,popularity,greedy_topk,0,100,0.4341989709594758
623,0.0,1.0,0.0,0.7,ml100k,popularity,greedy_topk,0,100,0.3736855368347875
626,0.0,1.0,0.0,1.1,ml100k,popularity,greedy_topk,0,100,0.4225138939702079
636,0.0,1.0,0.0,1.3,ml100k,popularity,greedy_topk,0,100,0.441151067051816
637,0.0,1.0,0.0,1.5,ml100k,popularity,greedy_topk,0,100,0.5438269742339117
657,0.0,1.0,0.0,1.5,ml100k,popularity,greedy_topk,0,100,0.4478753853344303
659,0.0,1.0,0.0,0.9,ml100k,popularity,greedy_topk,0,100,0.4286188568936476
666,0.0,1.0,0.0,0.8,ml100k,popularity,greedy_topk,0,100,0.3365133088222372
667,0.0,1.0,0.0,1.1,ml100k,popularity,greedy_topk,0,100,0.4412870086304233
669,0.0,1.0,0.0,1.3,ml100k,popularity,greedy_topk,0,100,0.4740176736950994
683,0.0,1.0,0.0,1.3,ml100k,popularity,greedy_topk,0,100,0.4251587964878257
693,0.0,1.0,0.0,1.3,ml100k,popularity,greedy_topk,0,100,0.4574341725787708
705,0.3333333333333333,1.0,1.0,1.3,ml100k,popularity,greedy_topk,0,100,0.4595356703029806
708,0.0,1.0,0.0,1.3,ml100k,popularity,greedy_topk,0,100,0.4590968932041709
717,0.0,1.0,0.0,0.9,ml100k,popularity,greedy_topk,0,100,0.4168841230686564
722,0.0,1.0,0.0,1.5,ml100k,popularity,greedy_topk,0,100,0.4547421235165571
739,0.0,1.0,0.0,1.3,ml100k,popularity,greedy_topk,0,100,0.4627999877923043
745,0.0,1.0,0.0,1.1,ml100k,popularity,greedy_topk,0,100,0.4368547485825834
757,0.0,1.0,0.0,1.1,ml100k,popularity,greedy_topk,0,100,0.4400381433579726
759,0.0,1.0,0.0,1.5,ml100k,popularity,greedy_topk,0,100,0.5438269742339117
771,0.0,1.0,0.0,1.1,ml100k,popularity,greedy_topk,0,100,0.4385800186861142
780,0.0,1.0,0.0,1.5,ml100k,popularity,greedy_topk,0,100,0.4997447550822193
785,0.0,1.0,0.0,0.7,ml100k,popularity,greedy_topk,0,100,0.3409830755899676
794,0.0,1.0,0.0,1.3,ml100k,popularity,greedy_topk,0,100,0.4686152284700159
806,0.0,1.0,0.0,1.3,ml100k,popularity,greedy_topk,0,100,0.4278453872956191
817,0.0,1.0,0.0,1.5,ml100k,popularity,greedy_topk,0,100,0.4720533477341276
832,0.0,1.0,0.0,1.3,ml100k,popularity,greedy_topk,0,100,0.467931400095214
856,0.0,1.0,0.0,0.9,ml100k,popularity,greedy_topk,0,100,0.4202830815900223
860,0.0,1.0,0.0,1.3,ml100k,popularity,greedy_topk,0,100,0.4761640309039405
869,0.0,1.0,0.0,0.7,ml100k,popularity,greedy_topk,0,100,0.3538564647778144
881,0.0,1.0,0.0,1.3,ml100k,popularity,greedy_topk,0,100,0.4374548183792778
894,0.0,1.0,0.0,1.3,ml100k,popularity,greedy_topk,0,100,0.4750982715216493
913,0.0,1.0,0.0,1.5,ml100k,popularity,greedy_topk,0,100,0.432554881138053
934,0.0,1.0,0.0,1.3,ml100k,popularity,greedy_topk,0,100,0.4625094294990642
2,0.0,0.9993252971938432,0.0,1.3,ml100k,popularity,mmr,0,100,0.5337506556818484
4,0.0,0.9812305315461008,0.0,0.7,ml100k,popularity,mmr,0,100,0.3473531947378577
7,0.0,0.9997359148237676,0.0,1.3,ml100k,popularity,mmr,0,100,0.4965713786583068
14,0.0,1.0,0.0,1.3,ml100k,popularity,mmr,0,100,0.4827714806992631
19,0.0,1.0,0.0,1.3,ml100k,popularity,mmr,0,100,0.5025495877749062
25,0.0,0.9935578018455284,0.0,1.1,ml100k,popularity,mmr,0,100,0.3747876733446925
29,0.0,0.9921948194282654,0.0,1.1,ml100k,popularity,mmr,0,100,0.3958980135693183
34,0.0,0.9871817289163788,0.0,0.6,ml100k,popularity,mmr,0,100,0.2711033988767071
45,0.0,0.9988217537651752,0.0,0.9,ml100k,popularity,mmr,0,100,0.4157529245857343
63,0.0,1.0,0.0,1.3,ml100k,popularity,mmr,0,100,0.4654009296664574
67,0.0,0.9923244877265912,0.0,0.9,ml100k,popularity,mmr,0,100,0.4108557033461545
70,0.0,0.9995739284250776,0.0,1.3,ml100k,popularity,mmr,0,100,0.4139173035703087
78,0.0,1.0,0.0,1.5,ml100k,popularity,mmr,0,100,0.4743321806133986
79,0.0,0.9983961828043506,0.0,1.3,ml100k,popularity,mmr,0,100,0.5073631287558644
110,0.0,1.0,0.0,1.3,ml100k,popularity,mmr,0,100,0.4731337970277884
122,0.6309297535714575,0.999301576806218,1.0,1.1,ml100k,popularity,mmr,0,100,0.447062800078652
149,0.2890648263178879,0.997021181404106,1.0,0.9,ml100k,popularity,mmr,0,100,0.4332811807597808
153,0.3010299956639812,0.9997385035741329,1.0,1.3,ml100k,popularity,mmr,0,100,0.4790301674279684
212,0.0,1.0,0.0,1.1,ml100k,popularity,mmr,0,100,0.4338915488083033
228,0.0,1.0,0.0,1.5,ml100k,popularity,mmr,0,100,0.5246389787825264
229,0.0,1.0,0.0,0.5,ml100k,popularity,mmr,0,100,0.3285383290759506
235,0.5,0.9997224819002491,1.0,1.3,ml100k,popularity,mmr,0,100,0.4385664647465701
239,0.0,0.9972297413730624,0.0,1.3,ml100k,popularity,mmr,0,100,0.4507730376513483
247,0.0,1.0,0.0,1.1,ml100k,popularity,mmr,0,100,0.4560489351635006
261,0.0,0.996320550803193,0.0,0.3,ml100k,popularity,mmr,0,100,0.3638149400443483
264,0.0,0.9983460503096008,0.0,1.1,ml100k,popularity,mmr,0,100,0.4395395134864707
283,0.0,1.0,0.0,1.1,ml100k,popularity,mmr,0,100,0.4353814789476176
298,0.3154648767857287,1.0,1.0,1.1,ml100k,popularity,mmr,0,100,0.435645889621165
306,0.0,1.0,0.0,1.3,ml100k,popularity,mmr,0,100,0.4908261763632746
314,0.0,0.997003590267044,0.0,0.9,ml100k,popularity,mmr,0,100,0.4377463510463901
330,0.0,0.9948311883698376,0.0,0.9,ml100k,popularity,mmr,0,100,0.4057519262898827
341,0.0,0.9996713692540808,0.0,0.9,ml100k,popularity,mmr,0,100,0.3430968526418141
342,0.5,0.9998313924323377,1.0,0.6,ml100k,popularity,mmr,0,100,0.3463464885707655
343,0.0,0.9993252971938432,0.0,1.3,ml100k,popularity,mmr,0,100,0.5337506556818484
352,0.0,0.9919007601376764,0.0,1.1,ml100k,popularity,mmr,0,100,0.2943733572866547
355,0.0,1.0,0.0,1.1,ml100k,popularity,mmr,0,100,0.4492296623494529
356,0.0,1.0,0.0,1.3,ml100k,popularity,mmr,0,100,0.418559948108642
365,0.0,0.9984028159274008,0.0,1.3,ml100k,popularity,mmr,0,100,0.5193944533772372
373,0.0,0.9988647352642152,0.0,0.4,ml100k,popularity,mmr,0,100,0.2993777050529607
387,0.0,0.9997359148237676,0.0,1.3,ml100k,popularity,mmr,0,100,0.4965713786583068
412,1.0,0.9968515548231852,1.0,1.1,ml100k,popularity,mmr,0,100,0.4378455866670079
424,0.0,0.9997223486199668,0.0,1.3,ml100k,popularity,mmr,0,100,0.4320649724335987
431,0.0,0.9980455638502148,0.0,1.0,ml100k,popularity,mmr,0,100,0.3786750510790385
432,0.0,0.9993252971938432,0.0,1.3,ml100k,popularity,mmr,0,100,0.5337506556818484
445,0.0,0.99973583869146,0.0,1.3,ml100k,popularity,mmr,0,100,0.4835489974053821
467,0.0,0.9945276492441492,0.0,1.1,ml100k,popularity,mmr,0,100,0.4408528472440063
468,0.0,0.9983931751235844,0.0,1.3,ml100k,popularity,mmr,0,100,0.4934649549996944
469,0.0,0.9989715745956884,0.0,0.4,ml100k,popularity,mmr,0,100,0.3425952611615314
475,0.0,1.0,0.0,1.1,ml100k,popularity,mmr,0,100,0.4453580739431327
479,0.0,1.0,0.0,1.3,ml100k,popularity,mmr,0,100,0.439491629093617
482,0.0,0.9973700177741054,0.0,0.9,ml100k,popularity,mmr,0,100,0.3085698164312356
489,0.0,0.9943752072175298,0.0,1.1,ml100k,popularity,mmr,0,100,0.4182137321980749
519,0.0,0.9995727003797636,0.0,1.1,ml100k,popularity,mmr,0,100,0.4287214898698365
526,0.0,1.0,0.0,1.3,ml100k,popularity,mmr,0,100,0.4655407529995957
528,0.0,0.9983302602998068,0.0,1.3,ml100k,popularity,mmr,0,100,0.442499104320867
538,0.0,0.9997224819002491,0.0,1.3,ml100k,popularity,mmr,0,100,0.4385664647465701
543,0.0,0.9993252971938432,0.0,1.3,ml100k,popularity,mmr,0,100,0.5337506556818484
549,0.0,1.0,0.0,1.3,ml100k,popularity,mmr,0,100,0.4468159978686837
552,0.0,1.0,0.0,1.3,ml100k,popularity,mmr,0,100,0.4733116343171371
554,0.0,0.9997385760019792,0.0,1.5,ml100k,popularity,mmr,0,100,0.4757036134263773
576,0.0,1.0,0.0,0.9,ml100k,popularity,mmr,0,100,0.3762268426968862
580,0.3868528072345416,1.0,1.0,1.1,ml100k,popularity,mmr,0,100,0.414872203960005
585,0.0,0.998380467609206,0.0,1.3,ml100k,popularity,mmr,0,100,0.5038010145646594
587,0.3868528072345416,0.999738214956784,1.0,1.3,ml100k,popularity,mmr,0,100,0.4985879254415214
596,0.0,0.998395237382742,0.0,1.1,ml100k,popularity,mmr,0,100,0.4470925350304428
617,0.0,0.9986530398618564,0.0,0.9,ml100k,popularity,mmr,0,100,0.2748420024804415
621,0.0,0.9938104288804526,0.0,0.9,ml100k,popularity,mmr,0,100,0.4027611352348965
623,0.0,0.9993842766274924,0.0,0.9,ml100k,popularity,mmr,0,100,0.3698448579190498
626,0.0,0.990774520284506,0.0,0.9,ml100k,popularity,mmr,0,100,0.3398594081393667
636,0.0,0.9997275994244712,0.0,1.3,ml100k,popularity,mmr,0,100,0.4451821009274359
637,0.0,0.9993252971938432,0.0,1.3,ml100k,popularity,mmr,0,100,0.5337506556818484
657,0.0,1.0,0.0,1.5,ml100k,popularity,mmr,0,100,0.4478753853344303
659,0.0,0.9976758556310088,0.0,0.7,ml100k,popularity,mmr,0,100,0.3873923450559926
666,0.0,0.9933241136011924,0.0,1.0,ml100k,popularity,mmr,0,100,0.3239205796628669
667,0.0,0.9982967441840694,0.0,1.1,ml100k,popularity,mmr,0,100,0.4436469519739902
669,0.0,1.0,0.0,1.3,ml100k,popularity,mmr,0,100,0.4740176736950994
683,0.0,1.0,0.0,1.3,ml100k,popularity,mmr,0,100,0.4251587964878257
693,0.0,0.9993005628403036,0.0,1.1,ml100k,popularity,mmr,0,100,0.4546590963927663
705,0.3333333333333333,1.0,1.0,1.3,ml100k,popularity,mmr,0,100,0.4595356703029806
708,0.0,1.0,0.0,1.3,ml100k,popularity,mmr,0,100,0.4590968932041709
717,0.0,0.9946821830647616,0.0,0.7,ml100k,popularity,mmr,0,100,0.3853535336360593
722,0.0,1.0,0.0,1.5,ml100k,popularity,mmr,0,100,0.4547421235165571
739,0.0,0.999728940449208,0.0,1.3,ml100k,popularity,mmr,0,100,0.4669608759252062
745,0.0,1.0,0.0,1.1,ml100k,popularity,mmr,0,100,0.4368547485825834
757,0.0,0.9944552730707172,0.0,0.9,ml100k,popularity,mmr,0,100,0.3982577041547406
759,0.0,0.9927676467143486,0.0,1.1,ml100k,popularity,mmr,0,100,0.4951502625121381
771,0.0,1.0,0.0,1.1,ml100k,popularity,mmr,0,100,0.4385800186861142
780,0.0,0.9997393736198172,0.0,1.5,ml100k,popularity,mmr,0,100,0.501536729133479
785,0.0,0.9994950611260128,0.0,0.6,ml100k,popularity,mmr,0,100,0.3322679519231795
794,0.0,1.0,0.0,1.3,ml100k,popularity,mmr,0,100,0.4686152284700158
806,0.0,0.996418317622058,0.0,1.1,ml100k,popularity,mmr,0,100,0.3847250530680137
817,0.0,1.0,0.0,1.5,ml100k,popularity,mmr,0,100,0.4720533477341275
832,0.0,1.0,0.0,1.3,ml100k,popularity,mmr,0,100,0.467931400095214
856,0.0,0.9938407822070182,0.0,0.7,ml100k,popularity,mmr,0,100,0.3797398527926985
860,0.0,0.9997385035741329,0.0,1.3,ml100k,popularity,mmr,0,100,0.4790301674279684
869,0.0,0.9990202883244688,0.0,1.1,ml100k,popularity,mmr,0,100,0.3478063450605941
881,0.0,0.9942186462385886,0.0,1.1,ml100k,popularity,mmr,0,100,0.4060016814127874
894,0.0,0.999738214956784,0.0,1.3,ml100k,popularity,mmr,0,100,0.4770978891440401
913,0.0,1.0,0.0,1.5,ml100k,popularity,mmr,0,100,0.432554881138053
934,0.0,0.9951370253644484,0.0,1.1,ml100k,popularity,mmr,0,100,0.4274948053901999
2,0.0,0.8903974671713866,0.0,0.2,ml100k,popularity,quota_mmr,0,100,0.417338892972495
4,0.0,0.985096484575254,0.0,0.3,ml100k,popularity,quota_mmr,0,100,0.3807842657548264
7,0.0,0.9023805380367088,0.0,0.2,ml100k,popularity,quota_mmr,0,100,0.4369602032658811
14,0.0,0.8885584144203574,0.0,0.2,ml100k,popularity,quota_mmr,0,100,0.3986719191375535
19,0.0,0.913360175087246,0.0,0.2,ml100k,popularity,quota_mmr,0,100,0.4255261278121364
25,0.0,0.9231813742203766,0.0,0.2,ml100k,popularity,quota_mmr,0,100,0.3335402504676736
29,0.0,0.908676048372444,0.0,0.3,ml100k,popularity,quota_mmr,0,100,0.3489313829374194
34,0.0,0.9593049149409084,0.0,0.3,ml100k,popularity,quota_mmr,0,100,0.2709411593015778
45,0.3333333333333333,0.9363082546455326,1.0,0.3,ml100k,popularity,quota_mmr,0,100,0.3496115732298785
63,0.0,0.8893782249189798,0.0,0.3,ml100k,popularity,quota_mmr,0,100,0.3717964158161008
67,0.0,0.9236681584859504,0.0,0.3,ml100k,popularity,quota_mmr,0,100,0.3469292057389827
70,0.0,0.8888428064151567,0.0,0.2,ml100k,popularity,quota_mmr,0,100,0.3457379765112629
78,0.0,0.8605027364809199,0.0,0.2,ml100k,popularity,quota_mmr,0,100,0.3471840971299201
79,0.0,0.8817913567302333,0.0,0.2,ml100k,popularity,quota_mmr,0,100,0.3611216411054416
110,0.0,0.887747794331682,0.0,0.2,ml100k,popularity,quota_mmr,0,100,0.3829070869236124
122,0.6309297535714575,0.920297491714089,1.0,0.3,ml100k,popularity,quota_mmr,0,100,0.3799081374133105
149,0.3562071871080222,0.9190909567940534,1.0,0.2,ml100k,popularity,quota_mmr,0,100,0.3784906402880272
153,0.0,0.8994028815905141,0.0,0.3,ml100k,popularity,quota_mmr,0,100,0.372818764999005
212,0.0,0.9140912625255488,0.0,0.3,ml100k,popularity,quota_mmr,0,100,0.3763963529634348
228,0.0,0.8582368785217515,0.0,0.2,ml100k,popularity,quota_mmr,0,100,0.3656953269386753
229,0.0,0.9875355498113376,0.0,0.3,ml100k,popularity,quota_mmr,0,100,0.3242549876639195
235,0.5,0.9089146382751412,1.0,0.3,ml100k,popularity,quota_mmr,0,100,0.3696459356902816
239,0.0,0.8462428528108382,0.0,0.2,ml100k,popularity,quota_mmr,0,100,0.3328901110538685
247,0.0,0.922067295823043,0.0,0.3,ml100k,popularity,quota_mmr,0,100,0.3680943184116226
261,0.0,0.9934609117218512,0.0,0.2,ml100k,popularity,quota_mmr,0,100,0.3600948288867158
264,0.0,0.9069241670822508,0.0,0.3,ml100k,popularity,quota_mmr,0,100,0.3685630210299496
283,0.0,0.9079436782513396,0.0,0.3,ml100k,popularity,quota_mmr,0,100,0.3646302760453636
298,0.0,0.9155455716531664,0.0,0.3,ml100k,popularity,quota_mmr,0,100,0.3637771890705374
306,0.0,0.8872738226409338,0.0,0.3,ml100k,popularity,quota_mmr,0,100,0.3714830443603556
314,0.0,0.9238913223364368,0.0,0.2,ml100k,popularity,quota_mmr,0,100,0.3642391960946595
330,0.0,0.9400730413219284,0.0,0.2,ml100k,popularity,quota_mmr,0,100,0.365091278122908
341,0.0,0.9567944839545328,0.0,0.2,ml100k,popularity,quota_mmr,0,100,0.329975851046264
342,0.5,0.9969217485131296,1.0,0.3,ml100k,popularity,quota_mmr,0,100,0.3615508233504876
343,0.0,0.8895660481717927,0.0,0.2,ml100k,popularity,quota_mmr,0,100,0.410695079741215
352,0.0,0.9075126887594848,0.0,0.3,ml100k,popularity,quota_mmr,0,100,0.2169163778342659
355,0.0,0.937252793526168,0.0,0.2,ml100k,popularity,quota_mmr,0,100,0.3734634396033343
356,0.0,0.8643817741127726,0.0,0.3,ml100k,popularity,quota_mmr,0,100,0.330607888025431
365,0.0,0.8722265726457458,0.0,0.2,ml100k,popularity,quota_mmr,0,100,0.3989738810586352
373,0.0,0.993529916269481,0.0,0.3,ml100k,popularity,quota_mmr,0,100,0.3002362979230852
387,0.0,0.9133783446859872,0.0,0.2,ml100k,popularity,quota_mmr,0,100,0.4009948704854933
412,1.0,0.915640076235709,1.0,0.3,ml100k,popularity,quota_mmr,0,100,0.351864753175842
424,0.0,0.9035786674688002,0.0,0.3,ml100k,popularity,quota_mmr,0,100,0.3628564348649414
431,0.0,0.9445276323406134,0.0,0.2,ml100k,popularity,quota_mmr,0,100,0.3406472602497026
432,0.0,0.8854855738267053,0.0,0.2,ml100k,popularity,quota_mmr,0,100,0.4386348764992912
445,0.0,0.9135510595234386,0.0,0.3,ml100k,popularity,quota_mmr,0,100,0.3827697118042532
467,0.0,0.9020392897441418,0.0,0.2,ml100k,popularity,quota_mmr,0,100,0.3679251272589769
468,0.0,0.8775561900387367,0.0,0.3,ml100k,popularity,quota_mmr,0,100,0.3647081894851219
469,0.0,0.9991370358150412,0.0,0.2,ml100k,popularity,quota_mmr,0,100,0.3431304933174881
475,0.0,0.9303398726797616,0.0,0.3,ml100k,popularity,quota_mmr,0,100,0.3745460228621044
479,0.0,0.9024246049850202,0.0,0.3,ml100k,popularity,quota_mmr,0,100,0.3552666759473419
482,0.0,0.927777932442408,0.0,0.2,ml100k,popularity,quota_mmr,0,100,0.2625106959444994
489,0.0,0.9236215438411052,0.0,0.2,ml100k,popularity,quota_mmr,0,100,0.3334805567222421
519,0.0,0.9294463741743518,0.0,0.2,ml100k,popularity,quota_mmr,0,100,0.3667204019863692
526,0.0,0.9037697878460244,0.0,0.2,ml100k,popularity,quota_mmr,0,100,0.3544295252650252
528,0.0,0.8765401887723028,0.0,0.2,ml100k,popularity,quota_mmr,0,100,0.3637188610987028
538,0.0,0.9036249523546516,0.0,0.3,ml100k,popularity,quota_mmr,0,100,0.3669969757628607
543,0.0,0.8928185008908271,0.0,0.3,ml100k,popularity,quota_mmr,0,100,0.3914154713187664
549,0.0,0.9006108004608894,0.0,0.3,ml100k,popularity,quota_mmr,0,100,0.3535374182507266
552,0.0,0.9101736448597132,0.0,0.3,ml100k,popularity,quota_mmr,0,100,0.3636430025537877
554,0.0,0.8474651870716156,0.0,0.3,ml100k,popularity,quota_mmr,0,100,0.3502656933509694
576,0.0,0.9487213091264444,0.0,0.2,ml100k,popularity,quota_mmr,0,100,0.3288466859015345
580,0.0,0.9215759250972082,0.0,0.2,ml100k,popularity,quota_mmr,0,100,0.3555923400380794
585,0.0,0.8669123777569273,0.0,0.2,ml100k,popularity,quota_mmr,0,100,0.3803988413517002
587,0.430676558073393,0.8998032721370378,1.0,0.2,ml100k,popularity,quota_mmr,0,100,0.3780311011553928
596,0.0,0.8987551711340074,0.0,0.3,ml100k,popularity,quota_mmr,0,100,0.3635886169242876
617,0.0,0.9314430230102974,0.0,0.3,ml100k,popularity,quota_mmr,0,100,0.2873089513045598
621,0.0,0.913822534990745,0.0,0.2,ml100k,popularity,quota_mmr,0,100,0.3740724097001434
623,0.0,0.9396504293542476,0.0,0.2,ml100k,popularity,quota_mmr,0,100,0.36156776170946
626,0.0,0.9581581276915996,0.0,0.3,ml100k,popularity,quota_mmr,0,100,0.3990081110104208
636,0.0,0.8845115909047573,0.0,0.2,ml100k,popularity,quota_mmr,0,100,0.3635456778645635
637,0.0,0.8903974671713866,0.0,0.2,ml100k,popularity,quota_mmr,0,100,0.417338892972495
657,0.0,0.8712029441588118,0.0,0.2,ml100k,popularity,quota_mmr,0,100,0.3713613210256604
659,0.0,0.978554452890505,0.0,0.3,ml100k,popularity,quota_mmr,0,100,0.3703073705672539
666,0.0,0.9635705389571934,0.0,0.3,ml100k,popularity,quota_mmr,0,100,0.3195999592204742
667,0.0,0.9112739870789768,0.0,0.3,ml100k,popularity,quota_mmr,0,100,0.3711971083018274
669,0.0,0.905258630596848,0.0,0.2,ml100k,popularity,quota_mmr,0,100,0.3717618203145115
683,0.0,0.9060776067672716,0.0,0.3,ml100k,popularity,quota_mmr,0,100,0.3361653881446073
693,0.0,0.918223099416008,0.0,0.3,ml100k,popularity,quota_mmr,0,100,0.3812753524941232
705,0.0,0.8735585698950812,0.0,0.3,ml100k,popularity,quota_mmr,0,100,0.3721277216253338
708,0.0,0.9016428383411637,0.0,0.3,ml100k,popularity,quota_mmr,0,100,0.3636090182654909
717,0.0,0.9542716085167902,0.0,0.3,ml100k,popularity,quota_mmr,0,100,0.3663733128593855
722,0.0,0.8633468913345029,0.0,0.2,ml100k,popularity,quota_mmr,0,100,0.3469837429541964
739,0.0,0.8888812088619497,0.0,0.3,ml100k,popularity,quota_mmr,0,100,0.3633778185338828
745,0.0,0.9275267270631566,0.0,0.2,ml100k,popularity,quota_mmr,0,100,0.3532702471694679
757,0.0,0.9397674329654084,0.0,0.2,ml100k,popularity,quota_mmr,0,100,0.3442921864090917
759,0.0,0.8984711365567941,0.0,0.2,ml100k,popularity,quota_mmr,0,100,0.3977723809650617
771,0.0,0.9250900230436804,0.0,0.2,ml100k,popularity,quota_mmr,0,100,0.365086031942793
780,0.0,0.8577053620016948,0.0,0.2,ml100k,popularity,quota_mmr,0,100,0.360933760918464
785,0.0,0.9885455977363056,0.0,0.2,ml100k,popularity,quota_mmr,0,100,0.3262503629302175
794,0.0,0.8982574009610838,0.0,0.3,ml100k,popularity,quota_mmr,0,100,0.3714830443603556
806,0.0,0.9446916860860723,0.0,0.2,ml100k,popularity,quota_mmr,0,100,0.3246657914330341
817,0.0,0.88556858372096,0.0,0.2,ml100k,popularity,quota_mmr,0,100,0.3500197598917416
832,0.0,0.8897935843089236,0.0,0.3,ml100k,popularity,quota_mmr,0,100,0.3714830443603556
856,0.0,0.9648499633530936,0.0,0.3,ml100k,popularity,quota_mmr,0,100,0.3634694708257528
860,0.0,0.8876222094749722,0.0,0.3,ml100k,popularity,quota_mmr,0,100,0.3730180014403311
869,0.0,0.9565780760998684,0.0,0.2,ml100k,popularity,quota_mmr,0,100,0.3308335276079326
881,0.0,0.9117647770917277,0.0,0.2,ml100k,popularity,quota_mmr,0,100,0.3397423958746588
894,0.0,0.8885088224444709,0.0,0.3,ml100k,popularity,quota_mmr,0,100,0.3607991744220826
913,0.0,0.8828358596426866,0.0,0.2,ml100k,popularity,quota_mmr,0,100,0.3388407535604884
934,0.0,0.917211183005667,0.0,0.3,ml100k,popularity,quota_mmr,0,100,0.3664998016107084
2,0.0,0.8903974671713866,0.0,0.2,ml100k,popularity,balanced_quota,0,100,0.417338892972495
4,0.0,0.980116823698006,0.0,0.2,ml100k,popularity,balanced_quota,0,100,0.3765253458782839
7,0.0,0.9023805380367088,0.0,0.2,ml100k,popularity,balanced_quota,0,100,0.4369602032658811
14,0.0,0.8873511193146241,0.0,0.2,ml100k,popularity,balanced_quota,0,100,0.3988407003192371
19,0.0,0.9151924125373628,0.0,0.2,ml100k,popularity,balanced_quota,0,100,0.4321662696314968
25,0.0,0.9142288748964328,0.0,0.2,ml100k,popularity,balanced_quota,0,100,0.3205952308855222
29,0.0,0.8974489671187924,0.0,0.2,ml100k,popularity,balanced_quota,0,100,0.333234902581999
34,0.0,0.9433166605127182,0.0,0.2,ml100k,popularity,balanced_quota,0,100,0.2645399350920329
45,0.3333333333333333,0.9307316156370372,1.0,0.2,ml100k,popularity,balanced_quota,0,100,0.3494516178095724
63,0.0,0.8809740875821943,0.0,0.2,ml100k,popularity,balanced_quota,0,100,0.3632297965531313
67,0.0,0.9229222464694816,0.0,0.2,ml100k,popularity,balanced_quota,0,100,0.3477286576564573
70,0.0,0.8888428064151567,0.0,0.2,ml100k,popularity,balanced_quota,0,100,0.3457379765112629
78,0.0,0.8605027364809199,0.0,0.2,ml100k,popularity,balanced_quota,0,100,0.3471840971299201
79,0.0,0.8817913567302333,0.0,0.2,ml100k,popularity,balanced_quota,0,100,0.3611216411054416
110,0.0,0.887747794331682,0.0,0.2,ml100k,popularity,balanced_quota,0,100,0.3829070869236124
122,0.6309297535714575,0.9155365526622724,1.0,0.2,ml100k,popularity,balanced_quota,0,100,0.3801296373555164
149,0.3562071871080222,0.9100676141048144,1.0,0.2,ml100k,popularity,balanced_quota,0,100,0.3699012382964697
153,0.0,0.8908886980205664,0.0,0.2,ml100k,popularity,balanced_quota,0,100,0.3643167124214385
212,0.0,0.9049213519667166,0.0,0.2,ml100k,popularity,balanced_quota,0,100,0.3730126359630023
228,0.0,0.8582368785217515,0.0,0.2,ml100k,popularity,balanced_quota,0,100,0.3656953269386753
229,0.0,0.980237322478053,0.0,0.2,ml100k,popularity,balanced_quota,0,100,0.3090083085611791
235,0.5,0.9082150994160996,1.0,0.2,ml100k,popularity,balanced_quota,0,100,0.3638221268411686
239,0.0,0.8462428528108382,0.0,0.2,ml100k,popularity,balanced_quota,0,100,0.3328901110538685
247,0.0,0.9129774236568324,0.0,0.2,ml100k,popularity,balanced_quota,0,100,0.3593402402843588
261,0.0,0.9811287181835648,0.0,0.2,ml100k,popularity,balanced_quota,0,100,0.3600607747575785
264,0.0,0.902413353167694,0.0,0.2,ml100k,popularity,balanced_quota,0,100,0.3691350124244411
283,0.0,0.8931092372245872,0.0,0.2,ml100k,popularity,balanced_quota,0,100,0.3399495899773245
298,0.0,0.9148325103635816,0.0,0.2,ml100k,popularity,balanced_quota,0,100,0.3630632453158914
306,0.0,0.8844489035056619,0.0,0.2,ml100k,popularity,balanced_quota,0,100,0.3710009498365873
314,0.0,0.9150901099134924,0.0,0.2,ml100k,popularity,balanced_quota,0,100,0.3597457807560221
330,0.0,0.9400730413219284,0.0,0.2,ml100k,popularity,balanced_quota,0,100,0.365091278122908
341,0.0,0.9577803761922904,0.0,0.2,ml100k,popularity,balanced_quota,0,100,0.3321188510090733
342,0.5,0.9680615970959152,1.0,0.2,ml100k,popularity,balanced_quota,0,100,0.3277068377096058
343,0.0,0.8865973558247038,0.0,0.2,ml100k,popularity,balanced_quota,0,100,0.4007475945104695
352,0.0,0.9063154753259348,0.0,0.2,ml100k,popularity,balanced_quota,0,100,0.2109940816333144
355,0.0,0.92992060717692,0.0,0.2,ml100k,popularity,balanced_quota,0,100,0.3697331395917257
356,0.0,0.867359712568695,0.0,0.2,ml100k,popularity,balanced_quota,0,100,0.3346500790821892
365,0.0,0.8722265726457458,0.0,0.2,ml100k,popularity,balanced_quota,0,100,0.3989738810586352
373,0.0,0.9867649975465752,0.0,0.2,ml100k,popularity,balanced_quota,0,100,0.2935824889112924
387,0.0,0.9098504088158804,0.0,0.2,ml100k,popularity,balanced_quota,0,100,0.4156284493955385
412,1.0,0.914590594510104,1.0,0.2,ml100k,popularity,balanced_quota,0,100,0.3469533695216245
424,0.0,0.9028787926506382,0.0,0.2,ml100k,popularity,balanced_quota,0,100,0.3599933830395528
431,0.0,0.9445276323406134,0.0,0.2,ml100k,popularity,balanced_quota,0,100,0.3406472602497026
432,0.0,0.8834614654082356,0.0,0.2,ml100k,popularity,balanced_quota,0,100,0.431605831700925
445,0.0,0.9025125181217863,0.0,0.2,ml100k,popularity,balanced_quota,0,100,0.3788965982313075
467,0.0,0.9020392897441418,0.0,0.2,ml100k,popularity,balanced_quota,0,100,0.3679251272589769
468,0.0,0.8705080040584378,0.0,0.2,ml100k,popularity,balanced_quota,0,100,0.3482946354622681
469,0.0,0.9876426891164332,0.0,0.2,ml100k,popularity,balanced_quota,0,100,0.3309191871696635
475,0.0,0.9208107528154432,0.0,0.2,ml100k,popularity,balanced_quota,0,100,0.3649877612957498
479,0.0,0.902279050712438,0.0,0.2,ml100k,popularity,balanced_quota,0,100,0.3539970960139239
482,0.0,0.9285186522638128,0.0,0.2,ml100k,popularity,balanced_quota,0,100,0.2703998692455603
489,0.0,0.9236215438411052,0.0,0.2,ml100k,popularity,balanced_quota,0,100,0.3334805567222421
519,0.0,0.9255447644663508,0.0,0.2,ml100k,popularity,balanced_quota,0,100,0.364033473701432
526,0.0,0.9037697878460244,0.0,0.2,ml100k,popularity,balanced_quota,0,100,0.3544295252650252
528,0.0,0.8765401887723028,0.0,0.2,ml100k,popularity,balanced_quota,0,100,0.3637188610987028
538,0.0,0.90292541349561,0.0,0.2,ml100k,popularity,balanced_quota,0,100,0.3626404773599248
543,0.0,0.8933582631357525,0.0,0.2,ml100k,popularity,balanced_quota,0,100,0.3891447967209411
549,0.0,0.90273569106087,0.0,0.2,ml100k,popularity,balanced_quota,0,100,0.3599263878892127
552,0.0,0.9091680208936108,0.0,0.2,ml100k,popularity,balanced_quota,0,100,0.3598187219941706
554,0.0,0.8404184196703907,0.0,0.2,ml100k,popularity,balanced_quota,0,100,0.3351300013612574
576,0.0,0.9487213091264444,0.0,0.2,ml100k,popularity,balanced_quota,0,100,0.3288466859015345
580,0.0,0.9215759250972082,0.0,0.2,ml100k,popularity,balanced_quota,0,100,0.3555923400380794
585,0.0,0.8639635781626716,0.0,0.2,ml100k,popularity,balanced_quota,0,100,0.3715844282078135
587,0.430676558073393,0.8962656085234132,1.0,0.2,ml100k,popularity,balanced_quota,0,100,0.3854925428217681
596,0.0,0.8922921404523114,0.0,0.2,ml100k,popularity,balanced_quota,0,100,0.3575911521666449
617,0.0,0.9215467305649367,0.0,0.2,ml100k,popularity,balanced_quota,0,100,0.280766016546031
621,0.0,0.90682867266291,0.0,0.2,ml100k,popularity,balanced_quota,0,100,0.3531714422647241
623,0.0,0.937212761271089,0.0,0.2,ml100k,popularity,balanced_quota,0,100,0.3543578984877137
626,0.0,0.9481590071977531,0.0,0.2,ml100k,popularity,balanced_quota,0,100,0.3855790636032781
636,0.0,0.8785579740372979,0.0,0.2,ml100k,popularity,balanced_quota,0,100,0.3592464049465143
637,0.0,0.8903974671713866,0.0,0.2,ml100k,popularity,balanced_quota,0,100,0.417338892972495
657,0.0,0.8712029441588118,0.0,0.2,ml100k,popularity,balanced_quota,0,100,0.3713613210256604
659,0.0,0.9712661332563272,0.0,0.2,ml100k,popularity,balanced_quota,0,100,0.3623632550167914
666,0.0,0.9579834790935948,0.0,0.2,ml100k,popularity,balanced_quota,0,100,0.3141891311925517
667,0.0,0.910576329620476,0.0,0.2,ml100k,popularity,balanced_quota,0,100,0.3711780730666492
669,0.0,0.905258630596848,0.0,0.2,ml100k,popularity,balanced_quota,0,100,0.3717618203145115
683,0.0,0.8925333783121908,0.0,0.2,ml100k,popularity,balanced_quota,0,100,0.3222076072228047
693,0.0,0.91589786022448,0.0,0.2,ml100k,popularity,balanced_quota,0,100,0.3737897032877347
705,0.0,0.8725947366613499,0.0,0.2,ml100k,popularity,balanced_quota,0,100,0.3693581751272812
708,0.0,0.8987477199505316,0.0,0.2,ml100k,popularity,balanced_quota,0,100,0.3640506873133791
717,0.0,0.9460073325231512,0.0,0.2,ml100k,popularity,balanced_quota,0,100,0.3525165542228815
722,0.0,0.8633468913345029,0.0,0.2,ml100k,popularity,balanced_quota,0,100,0.3469837429541964
739,0.0,0.8867071225142906,0.0,0.2,ml100k,popularity,balanced_quota,0,100,0.3623616969387534
745,0.0,0.9251174561635948,0.0,0.2,ml100k,popularity,balanced_quota,0,100,0.3514972626584211
757,0.0,0.9397674329654084,0.0,0.2,ml100k,popularity,balanced_quota,0,100,0.3442921864090917
759,0.0,0.8984711365567941,0.0,0.2,ml100k,popularity,balanced_quota,0,100,0.3977723809650617
771,0.0,0.9236090183389748,0.0,0.2,ml100k,popularity,balanced_quota,0,100,0.3683938878004463
780,0.0,0.8577053620016948,0.0,0.2,ml100k,popularity,balanced_quota,0,100,0.360933760918464
785,0.0,0.98698754153059,0.0,0.2,ml100k,popularity,balanced_quota,0,100,0.3273689409635687
794,0.0,0.8953975121019468,0.0,0.2,ml100k,popularity,balanced_quota,0,100,0.3710009498365873
806,0.0,0.9446916860860723,0.0,0.2,ml100k,popularity,balanced_quota,0,100,0.3246657914330341
817,0.0,0.8759819232775645,0.0,0.2,ml100k,popularity,balanced_quota,0,100,0.3372143966008355
832,0.0,0.8855411624862182,0.0,0.2,ml100k,popularity,balanced_quota,0,100,0.3711611539898518
856,0.0,0.9592365477996924,0.0,0.2,ml100k,popularity,balanced_quota,0,100,0.3734994441680532
860,0.0,0.8835690148740296,0.0,0.2,ml100k,popularity,balanced_quota,0,100,0.3620009091812335
869,0.0,0.9598835123034136,0.0,0.2,ml100k,popularity,balanced_quota,0,100,0.3363413334622177
881,0.0,0.9117647770917277,0.0,0.2,ml100k,popularity,balanced_quota,0,100,0.3397423958746588
894,0.0,0.8840614474919224,0.0,0.2,ml100k,popularity,balanced_quota,0,100,0.3586791817333743
913,0.0,0.8742220020023876,0.0,0.2,ml100k,popularity,balanced_quota,0,100,0.3271168139824101
934,0.0,0.908292273736822,0.0,0.2,ml100k,popularity,balanced_quota,0,100,0.3591077343639419
2,0.0,0.801625429373112,0.0,0.2,ml100k,popularity,qubo_feasible,0,100,0.3249346719035449
4,0.0,0.7762508928674938,0.0,0.2,ml100k,popularity,qubo_feasible,0,100,0.2032886027351261
7,0.0,0.7835598462802771,0.0,0.2,ml100k,popularity,qubo_feasible,0,100,0.3269062141930942
14,0.0,0.7993057578985177,0.0,0.2,ml100k,popularity,qubo_feasible,0,100,0.3318483157333132
19,0.0,0.7740758969373569,0.0,0.2,ml100k,popularity,qubo_feasible,0,100,0.3024413176542328
25,0.0,0.8520561146077285,0.0,0.2,ml100k,popularity,qubo_feasible,0,100,0.2755526804918787
29,0.0,0.756866291265234,0.0,0.2,ml100k,popularity,qubo_feasible,0,100,0.2406598203196152
34,0.0,0.6797429893941793,0.0,0.2,ml100k,popularity,qubo_feasible,0,100,0.1246769573833812
45,0.0,0.8150377096112357,0.0,0.2,ml100k,popularity,qubo_feasible,0,100,0.2747202530973168
63,0.0,0.8530340028344656,0.0,0.2,ml100k,popularity,qubo_feasible,0,100,0.3441884630876193
67,0.0,0.8170517131163009,0.0,0.2,ml100k,popularity,qubo_feasible,0,100,0.2686366359612299
70,0.0,0.8145951649172737,0.0,0.2,ml100k,popularity,qubo_feasible,0,100,0.2981141018045715
78,0.0,0.8304861018536895,0.0,0.2,ml100k,popularity,qubo_feasible,0,100,0.324750055510726
79,0.0,0.7971295268513022,0.0,0.2,ml100k,popularity,qubo_feasible,0,100,0.3094443047367421
110,0.0,0.735132985331956,0.0,0.2,ml100k,popularity,qubo_feasible,0,100,0.2793090417333136
122,0.6309297535714575,0.8773980144630135,1.0,0.2,ml100k,popularity,qubo_feasible,0,100,0.3342025638495994
149,0.0,0.8278646852950727,0.0,0.2,ml100k,popularity,qubo_feasible,0,100,0.2943179792704881
153,0.0,0.7791463913939167,0.0,0.2,ml100k,popularity,qubo_feasible,0,100,0.3015618768531588
212,0.0,0.806063930480905,0.0,0.2,ml100k,popularity,qubo_feasible,0,100,0.2879105403473362
228,0.0,0.8030571384092853,0.0,0.2,ml100k,popularity,qubo_feasible,0,100,0.3143980486300542
229,0.0,0.8881005912238942,0.0,0.2,ml100k,popularity,qubo_feasible,0,100,0.2381437765586615
235,0.6309297535714575,0.8593406117218387,1.0,0.2,ml100k,popularity,qubo_feasible,0,100,0.3298158773841644
239,0.0,0.7849953157422871,0.0,0.2,ml100k,popularity,qubo_feasible,0,100,0.299808981532087
247,0.0,0.8498569593708025,0.0,0.2,ml100k,popularity,qubo_feasible,0,100,0.3109116686322815
261,0.0,0.868557701195328,0.0,0.2,ml100k,popularity,qubo_feasible,0,100,0.2321244421412611
264,0.0,0.8467746546031926,0.0,0.2,ml100k,popularity,qubo_feasible,0,100,0.3271455551193049
283,0.0,0.8032692189531225,0.0,0.2,ml100k,popularity,qubo_feasible,0,100,0.2666611942112639
298,0.0,0.8416089925713659,0.0,0.2,ml100k,popularity,qubo_feasible,0,100,0.3154734202418621
306,0.0,0.835348318575171,0.0,0.2,ml100k,popularity,qubo_feasible,0,100,0.3294319520133541
314,0.0,0.864633322018689,0.0,0.2,ml100k,popularity,qubo_feasible,0,100,0.3189524303266021
330,0.0,0.8685554937789397,0.0,0.2,ml100k,popularity,qubo_feasible,0,100,0.3087439242102944
341,0.0,0.7187801274038419,0.0,0.2,ml100k,popularity,qubo_feasible,0,100,0.1956740864791305
342,0.0,0.7909914853134558,0.0,0.2,ml100k,popularity,qubo_feasible,0,100,0.2030232248335632
343,0.0,0.765807825620372,0.0,0.2,ml100k,popularity,qubo_feasible,0,100,0.3034699226005453
352,0.0,0.7252504012744541,0.0,0.2,ml100k,popularity,qubo_feasible,0,100,0.1252488385279697
355,0.0,0.9081996997241836,0.0,0.2,ml100k,popularity,qubo_feasible,0,100,0.3431794887612129
356,0.0,0.7427534564590583,0.0,0.2,ml100k,popularity,qubo_feasible,0,100,0.2462650188553953
365,0.0,0.837236487760557,0.0,0.2,ml100k,popularity,qubo_feasible,0,100,0.3611028519569067
373,0.0,0.659107056561245,0.0,0.2,ml100k,popularity,qubo_feasible,0,100,0.1504292120930555
387,0.0,0.8057454383668885,0.0,0.2,ml100k,popularity,qubo_feasible,0,100,0.3145250216888535
412,1.0,0.8544952758142135,1.0,0.2,ml100k,popularity,qubo_feasible,0,100,0.3105889352088434
424,0.0,0.8480742417692902,0.0,0.2,ml100k,popularity,qubo_feasible,0,100,0.3300588206104417
431,0.0,0.8432609107430358,0.0,0.2,ml100k,popularity,qubo_feasible,0,100,0.2602800458818962
432,0.0,0.7968603088309616,0.0,0.2,ml100k,popularity,qubo_feasible,0,100,0.3702354395150409
445,0.0,0.8227973004205418,0.0,0.2,ml100k,popularity,qubo_feasible,0,100,0.3365088467757106
467,0.0,0.8535145153383865,0.0,0.2,ml100k,popularity,qubo_feasible,0,100,0.3304178125860387
468,0.0,0.8097117463900138,0.0,0.2,ml100k,popularity,qubo_feasible,0,100,0.317926703629434
469,0.0,0.8687545030678114,0.0,0.2,ml100k,popularity,qubo_feasible,0,100,0.2488905197799046
475,0.0,0.8804081441081238,0.0,0.2,ml100k,popularity,qubo_feasible,0,100,0.3279305548186669
479,0.0,0.8404296954573236,0.0,0.2,ml100k,popularity,qubo_feasible,0,100,0.3181613724740397
482,0.0,0.8116350924678654,0.0,0.2,ml100k,popularity,qubo_feasible,0,100,0.1863251203769316
489,0.0,0.8416540792179324,0.0,0.2,ml100k,popularity,qubo_feasible,0,100,0.282673027767747
519,0.0,0.8538453563908774,0.0,0.2,ml100k,popularity,qubo_feasible,0,100,0.3028806649275131
526,0.0,0.8228514704937395,0.0,0.2,ml100k,popularity,qubo_feasible,0,100,0.319052198561525
528,0.0,0.8200236712792117,0.0,0.2,ml100k,popularity,qubo_feasible,0,100,0.3072119505657074
538,0.0,0.8615487451644587,0.0,0.2,ml100k,popularity,qubo_feasible,0,100,0.3419518906726588
543,0.0,0.7753404682205691,0.0,0.2,ml100k,popularity,qubo_feasible,0,100,0.3159676595715177
549,0.0,0.8621594240936488,0.0,0.2,ml100k,popularity,qubo_feasible,0,100,0.3274274624472445
552,0.0,0.8288914911171887,0.0,0.2,ml100k,popularity,qubo_feasible,0,100,0.3023977208380011
554,0.0,0.7990144008445015,0.0,0.2,ml100k,popularity,qubo_feasible,0,100,0.3145259012819031
576,0.0,0.8117055871003922,0.0,0.2,ml100k,popularity,qubo_feasible,0,100,0.2380517998842988
580,0.0,0.8002665030253299,0.0,0.2,ml100k,popularity,qubo_feasible,0,100,0.2688617279494617
585,0.0,0.8150728722957488,0.0,0.2,ml100k,popularity,qubo_feasible,0,100,0.3220562829541413
587,0.430676558073393,0.8613053848324905,1.0,0.2,ml100k,popularity,qubo_feasible,0,100,0.3485251372354833
596,0.0,0.8587744887118977,0.0,0.2,ml100k,popularity,qubo_feasible,0,100,0.3397115425620239
617,0.2890648263178879,0.7776313346901885,1.0,0.2,ml100k,popularity,qubo_feasible,0,100,0.1690233182284823
621,0.0,0.7235445096341124,0.0,0.2,ml100k,popularity,qubo_feasible,0,100,0.2300559735150682
623,0.0,0.7077559728526323,0.0,0.2,ml100k,popularity,qubo_feasible,0,100,0.2039033232578616
626,0.0,0.8556254459503128,0.0,0.2,ml100k,popularity,qubo_feasible,0,100,0.2505911922544488
636,0.0,0.8592622339058905,0.0,0.2,ml100k,popularity,qubo_feasible,0,100,0.3488016452767533
637,0.0,0.7618603992145327,0.0,0.2,ml100k,popularity,qubo_feasible,0,100,0.3184163269759106
657,0.0,0.795225273146365,0.0,0.2,ml100k,popularity,qubo_feasible,0,100,0.300455489274143
659,0.0,0.7966594492521131,0.0,0.2,ml100k,popularity,qubo_feasible,0,100,0.2452764976916014
666,0.0,0.8153062728805728,0.0,0.2,ml100k,popularity,qubo_feasible,0,100,0.2098628115617058
667,0.0,0.8616422664430221,0.0,0.2,ml100k,popularity,qubo_feasible,0,100,0.322424875895884
669,0.0,0.8531137184445371,0.0,0.2,ml100k,popularity,qubo_feasible,0,100,0.327709149940436
683,0.0,0.8791663553981224,0.0,0.2,ml100k,popularity,qubo_feasible,0,100,0.3100805990558942
693,0.0,0.8405093751999481,0.0,0.2,ml100k,popularity,qubo_feasible,0,100,0.3176065323717311
705,0.0,0.8160654418091191,0.0,0.2,ml100k,popularity,qubo_feasible,0,100,0.3152610579768445
708,0.0,0.780006812300543,0.0,0.2,ml100k,popularity,qubo_feasible,0,100,0.3091358907742498
717,0.0,0.8944058705677406,0.0,0.2,ml100k,popularity,qubo_feasible,0,100,0.3162682090818186
722,0.0,0.8016429890877661,0.0,0.2,ml100k,popularity,qubo_feasible,0,100,0.2974487973480256
739,0.0,0.804296615427429,0.0,0.2,ml100k,popularity,qubo_feasible,0,100,0.3049302653310971
745,0.0,0.8575108294269606,0.0,0.2,ml100k,popularity,qubo_feasible,0,100,0.2958080922347003
757,0.0,0.8583041580176178,0.0,0.2,ml100k,popularity,qubo_feasible,0,100,0.2983726705630845
759,0.0,0.7369502779400656,0.0,0.2,ml100k,popularity,qubo_feasible,0,100,0.2759712074020288
771,0.0,0.8595057061272665,0.0,0.2,ml100k,popularity,qubo_feasible,0,100,0.3127090982768137
780,0.0,0.7961798329455593,0.0,0.2,ml100k,popularity,qubo_feasible,0,100,0.3248211211289434
785,0.0,0.8708445373057861,0.0,0.2,ml100k,popularity,qubo_feasible,0,100,0.2508748985105257
794,0.0,0.8437306774124927,0.0,0.2,ml100k,popularity,qubo_feasible,0,100,0.3366836141023128
806,0.0,0.9030769823383,0.0,0.2,ml100k,popularity,qubo_feasible,0,100,0.2977928086563696
817,0.0,0.7804493046683826,0.0,0.2,ml100k,popularity,qubo_feasible,0,100,0.266626565718949
832,0.0,0.8250583042377752,0.0,0.2,ml100k,popularity,qubo_feasible,0,100,0.3338217440042128
856,0.0,0.8114791909936446,0.0,0.2,ml100k,popularity,qubo_feasible,0,100,0.244516947719996
860,0.0,0.8595706247662188,0.0,0.2,ml100k,popularity,qubo_feasible,0,100,0.3544524399123035
869,0.0,0.6990318430787424,0.0,0.2,ml100k,popularity,qubo_feasible,0,100,0.2071761263856481
881,0.0,0.8526180619694187,0.0,0.2,ml100k,popularity,qubo_feasible,0,100,0.3148852066475672
894,0.0,0.8101051764236901,0.0,0.2,ml100k,popularity,qubo_feasible,0,100,0.3113259304390185
913,0.0,0.7759201165167917,0.0,0.2,ml100k,popularity,qubo_feasible,0,100,0.2776389229077862
934,0.0,0.7899422593683678,0.0,0.2,ml100k,popularity,qubo_feasible,0,100,0.2479301070077036
2,0.0,0.8673844136284782,0.0,0.2,ml100k,popularity,qubo_tabu,0,100,0.3588689310414242
4,0.0,0.8073296568804768,0.0,0.2,ml100k,popularity,qubo_tabu,0,100,0.1988922626893175
7,0.0,0.8638885075211057,0.0,0.2,ml100k,popularity,qubo_tabu,0,100,0.3518358105446481
14,0.0,0.8559762203415643,0.0,0.2,ml100k,popularity,qubo_tabu,0,100,0.3441331362617518
19,0.0,0.8219804981161464,0.0,0.2,ml100k,popularity,qubo_tabu,0,100,0.3240003092832672
25,0.0,0.8952974641125063,0.0,0.2,ml100k,popularity,qubo_tabu,0,100,0.297573350271396
29,0.0,0.8510361730588393,0.0,0.2,ml100k,popularity,qubo_tabu,0,100,0.2800862664655401
34,0.0,0.6859156674260148,0.0,0.2,ml100k,popularity,qubo_tabu,0,100,0.1160736295658338
45,0.3562071871080222,0.8827834484443497,1.0,0.2,ml100k,popularity,qubo_tabu,0,100,0.2936732340036374
63,0.0,0.8431684444277917,0.0,0.2,ml100k,popularity,qubo_tabu,0,100,0.32730247578555
67,0.0,0.8840713908865067,0.0,0.2,ml100k,popularity,qubo_tabu,0,100,0.2970862768093585
70,0.0,0.8658588852275709,0.0,0.2,ml100k,popularity,qubo_tabu,0,100,0.3179704627138726
78,0.0,0.8228034140073169,0.0,0.2,ml100k,popularity,qubo_tabu,0,100,0.3061547040649488
79,0.0,0.8036549648737339,0.0,0.2,ml100k,popularity,qubo_tabu,0,100,0.3032990501033166
110,0.0,0.8515613501710133,0.0,0.2,ml100k,popularity,qubo_tabu,0,100,0.3193297606435148
122,1.0,0.8808817333349808,1.0,0.2,ml100k,popularity,qubo_tabu,0,100,0.3364264904938831
149,0.0,0.8414421133846572,0.0,0.2,ml100k,popularity,qubo_tabu,0,100,0.2857241266714169
153,0.0,0.8614679634806841,0.0,0.2,ml100k,popularity,qubo_tabu,0,100,0.3341931735250218
212,0.0,0.8407720726647036,0.0,0.2,ml100k,popularity,qubo_tabu,0,100,0.2944372717976782
228,0.0,0.8251570602988305,0.0,0.2,ml100k,popularity,qubo_tabu,0,100,0.3198357492390223
229,0.0,0.8730451386969881,0.0,0.2,ml100k,popularity,qubo_tabu,0,100,0.2179905678438271
235,0.6309297535714575,0.8775379419722762,1.0,0.2,ml100k,popularity,qubo_tabu,0,100,0.3384512953431462
239,0.0,0.8131009203185365,0.0,0.2,ml100k,popularity,qubo_tabu,0,100,0.2974024171934412
247,0.0,0.893426191440798,0.0,0.2,ml100k,popularity,qubo_tabu,0,100,0.3337468169235317
261,0.0,0.8363563775134211,0.0,0.2,ml100k,popularity,qubo_tabu,0,100,0.2050307838886459
264,0.0,0.8801263936628282,0.0,0.2,ml100k,popularity,qubo_tabu,0,100,0.3437645966004817
283,0.0,0.850723727222695,0.0,0.2,ml100k,popularity,qubo_tabu,0,100,0.2883931451146378
298,0.0,0.902059223007832,0.0,0.2,ml100k,popularity,qubo_tabu,0,100,0.3440033322663876
306,0.0,0.8759348353481566,0.0,0.2,ml100k,popularity,qubo_tabu,0,100,0.3598643969128974
314,0.0,0.913267577377854,0.0,0.2,ml100k,popularity,qubo_tabu,0,100,0.3474416336663977
330,0.0,0.9065848298512542,0.0,0.2,ml100k,popularity,qubo_tabu,0,100,0.3190937145882643
341,0.0,0.755111962107654,0.0,0.2,ml100k,popularity,qubo_tabu,0,100,0.1935947998722028
342,0.5,0.7853019717839868,1.0,0.2,ml100k,popularity,qubo_tabu,0,100,0.1910076306963612
343,0.0,0.7699339370540494,0.0,0.2,ml100k,popularity,qubo_tabu,0,100,0.279051223331615
352,0.0,0.8456448097061134,0.0,0.2,ml100k,popularity,qubo_tabu,0,100,0.1666164202688493
355,0.0,0.909469347151674,0.0,0.2,ml100k,popularity,qubo_tabu,0,100,0.3333746258309332
356,0.0,0.7999525864208709,0.0,0.2,ml100k,popularity,qubo_tabu,0,100,0.2716626370498715
365,0.2890648263178879,0.783616061505301,1.0,0.2,ml100k,popularity,qubo_tabu,0,100,0.3150167594062225
373,0.0,0.7693418827540468,0.0,0.2,ml100k,popularity,qubo_tabu,0,100,0.1618224702370564
387,0.0,0.8637951903226875,0.0,0.2,ml100k,popularity,qubo_tabu,0,100,0.341387582474572
412,1.0,0.8759111767811852,1.0,0.2,ml100k,popularity,qubo_tabu,0,100,0.3120933457903527
424,0.0,0.891013532148593,0.0,0.2,ml100k,popularity,qubo_tabu,0,100,0.347172436420903
431,0.0,0.8883856080191005,0.0,0.2,ml100k,popularity,qubo_tabu,0,100,0.2699278894110518
432,0.0,0.825919437286732,0.0,0.2,ml100k,popularity,qubo_tabu,0,100,0.3703700076164488
445,0.0,0.8783410190019587,0.0,0.2,ml100k,popularity,qubo_tabu,0,100,0.351333109756981
467,0.0,0.8607747912360008,0.0,0.2,ml100k,popularity,qubo_tabu,0,100,0.3243660343324643
468,0.0,0.8603148467658311,0.0,0.2,ml100k,popularity,qubo_tabu,0,100,0.333050883246904
469,0.0,0.9331618244087176,0.0,0.2,ml100k,popularity,qubo_tabu,0,100,0.2760080773043295
475,0.0,0.8949440346759215,0.0,0.2,ml100k,popularity,qubo_tabu,0,100,0.3262978606307981
479,0.0,0.8888701974197223,0.0,0.2,ml100k,popularity,qubo_tabu,0,100,0.3356349651028329
482,0.0,0.8536286801104528,0.0,0.2,ml100k,popularity,qubo_tabu,0,100,0.2004623641355414
489,0.0,0.925046369855504,0.0,0.2,ml100k,popularity,qubo_tabu,0,100,0.3347408173660688
519,0.0,0.8836284932372089,0.0,0.2,ml100k,popularity,qubo_tabu,0,100,0.3175906155060615
526,0.0,0.8751300987470063,0.0,0.2,ml100k,popularity,qubo_tabu,0,100,0.3324499106772633
528,0.0,0.8402601546609308,0.0,0.2,ml100k,popularity,qubo_tabu,0,100,0.3206412000190363
538,0.0,0.8848546693591116,0.0,0.2,ml100k,popularity,qubo_tabu,0,100,0.3438513665737045
543,0.0,0.7970614199155266,0.0,0.2,ml100k,popularity,qubo_tabu,0,100,0.3050717094799649
549,0.0,0.8905656437671655,0.0,0.2,ml100k,popularity,qubo_tabu,0,100,0.3350767648036626
552,0.0,0.8897873439350817,0.0,0.2,ml100k,popularity,qubo_tabu,0,100,0.3281080081346813
554,0.0,0.812223743679475,0.0,0.2,ml100k,popularity,qubo_tabu,0,100,0.3112960318835964
576,0.0,0.8345980976638402,0.0,0.2,ml100k,popularity,qubo_tabu,0,100,0.2344016396149292
580,0.0,0.892770276261077,0.0,0.2,ml100k,popularity,qubo_tabu,0,100,0.318136597492178
585,0.0,0.8382568901546958,0.0,0.2,ml100k,popularity,qubo_tabu,0,100,0.3288873020065489
587,0.430676558073393,0.8811207315781011,1.0,0.2,ml100k,popularity,qubo_tabu,0,100,0.3482812188993266
596,0.0,0.8448236163740915,0.0,0.2,ml100k,popularity,qubo_tabu,0,100,0.3349275447768218
617,0.0,0.8558082037323578,0.0,0.2,ml100k,popularity,qubo_tabu,0,100,0.2010950941110881
621,0.0,0.8101800085423598,0.0,0.2,ml100k,popularity,qubo_tabu,0,100,0.2576349949307316
623,0.0,0.8287106856244055,0.0,0.2,ml100k,popularity,qubo_tabu,0,100,0.2421060119248789
626,0.0,0.9100358377927608,0.0,0.2,ml100k,popularity,qubo_tabu,0,100,0.2750510587253661
636,0.0,0.8436713604746322,0.0,0.2,ml100k,popularity,qubo_tabu,0,100,0.3258966593067787
637,0.0,0.7454193303496726,0.0,0.2,ml100k,popularity,qubo_tabu,0,100,0.2971674346696666
657,0.0,0.8484138548995016,0.0,0.2,ml100k,popularity,qubo_tabu,0,100,0.3298129499492537
659,0.0,0.9302171566186868,0.0,0.2,ml100k,popularity,qubo_tabu,0,100,0.3115982611477105
666,0.0,0.8288526600896967,0.0,0.2,ml100k,popularity,qubo_tabu,0,100,0.2064128355385854
667,0.0,0.8679153382481424,0.0,0.2,ml100k,popularity,qubo_tabu,0,100,0.3120560346205279
669,0.3154648767857287,0.8861345196744413,1.0,0.2,ml100k,popularity,qubo_tabu,0,100,0.3329402521760029
683,0.0,0.8709348082176945,0.0,0.2,ml100k,popularity,qubo_tabu,0,100,0.2966158850010221
693,0.0,0.8876734225347516,0.0,0.2,ml100k,popularity,qubo_tabu,0,100,0.3401558606901003
705,0.0,0.8427016661616061,0.0,0.2,ml100k,popularity,qubo_tabu,0,100,0.3164929487903863
708,0.0,0.8858020490289713,0.0,0.2,ml100k,popularity,qubo_tabu,0,100,0.3492327775526174
717,0.0,0.9260977022581398,0.0,0.2,ml100k,popularity,qubo_tabu,0,100,0.3223395145685197
722,0.0,0.8513215190773227,0.0,0.2,ml100k,popularity,qubo_tabu,0,100,0.3316284598523867
739,0.0,0.8710964950812086,0.0,0.2,ml100k,popularity,qubo_tabu,0,100,0.3417014079187842
745,0.0,0.90750614991162,0.0,0.2,ml100k,popularity,qubo_tabu,0,100,0.3217450377750895
757,0.0,0.9229748314081522,0.0,0.2,ml100k,popularity,qubo_tabu,0,100,0.3202480813203187
759,0.0,0.779113397783966,0.0,0.2,ml100k,popularity,qubo_tabu,0,100,0.3008094255075652
771,0.0,0.9090218683887245,0.0,0.2,ml100k,popularity,qubo_tabu,0,100,0.3418619161154365
780,0.0,0.8391055105408264,0.0,0.2,ml100k,popularity,qubo_tabu,0,100,0.3350149386371419
785,0.0,0.9686414291090522,0.0,0.2,ml100k,popularity,qubo_tabu,0,100,0.3013696340090276
794,0.0,0.8867780481443575,0.0,0.2,ml100k,popularity,qubo_tabu,0,100,0.3598643969128974
806,0.0,0.9236108208997746,0.0,0.2,ml100k,popularity,qubo_tabu,0,100,0.2920305416479162
817,0.0,0.8435096676610695,0.0,0.2,ml100k,popularity,qubo_tabu,0,100,0.2996187139912961
832,0.0,0.858178848586956,0.0,0.2,ml100k,popularity,qubo_tabu,0,100,0.3414421511531923
856,0.0,0.8835563572186003,0.0,0.2,ml100k,popularity,qubo_tabu,0,100,0.2746748982965657
860,0.0,0.8736663422931965,0.0,0.2,ml100k,popularity,qubo_tabu,0,100,0.3486916070319473
869,0.0,0.8470792572593228,0.0,0.2,ml100k,popularity,qubo_tabu,0,100,0.2393670782335366
881,0.0,0.9000530377227236,0.0,0.2,ml100k,popularity,qubo_tabu,0,100,0.3246961400635856
894,0.0,0.8579625382877761,0.0,0.2,ml100k,popularity,qubo_tabu,0,100,0.3301388370732397
913,0.0,0.8477772247499245,0.0,0.2,ml100k,popularity,qubo_tabu,0,100,0.2960214468963545
934,0.0,0.8496628482185183,0.0,0.2,ml100k,popularity,qubo_tabu,0,100,0.2786326794426434
2,0.0,1.0,0.0,1.1,ml100k,itemknn,none,0,100,
4,0.0,1.0,0.0,0.7,ml100k,itemknn,none,0,100,
7,0.0,1.0,0.0,1.1,ml100k,itemknn,none,0,100,
14,0.3868528072345416,1.0,1.0,0.9,ml100k,itemknn,none,0,100,
19,0.0,1.0,0.0,1.5,ml100k,itemknn,none,0,100,
25,0.0,1.0,0.0,1.1,ml100k,itemknn,none,0,100,
29,0.0,1.0,0.0,1.3,ml100k,itemknn,none,0,100,
34,0.0,1.0,0.0,0.9,ml100k,itemknn,none,0,100,
45,0.0,1.0,0.0,1.1,ml100k,itemknn,none,0,100,
63,0.0,1.0,0.0,1.5,ml100k,itemknn,none,0,100,
67,0.0,1.0,0.0,1.1,ml100k,itemknn,none,0,100,
70,0.0,1.0,0.0,1.5,ml100k,itemknn,none,0,100,
78,0.0,1.0,0.0,1.3,ml100k,itemknn,none,0,100,
79,0.0,1.0,0.0,1.1,ml100k,itemknn,none,0,100,
110,0.0,1.0,0.0,1.3,ml100k,itemknn,none,0,100,
122,0.6309297535714575,1.0,1.0,1.1,ml100k,itemknn,none,0,100,
149,0.0,1.0,0.0,1.3,ml100k,itemknn,none,0,100,
153,1.0,1.0,1.0,1.1,ml100k,itemknn,none,0,100,
212,0.0,1.0,0.0,1.1,ml100k,itemknn,none,0,100,
228,0.0,1.0,0.0,1.3,ml100k,itemknn,none,0,100,
229,0.0,1.0,0.0,1.1,ml100k,itemknn,none,0,100,
235,0.0,1.0,0.0,1.3,ml100k,itemknn,none,0,100,
239,0.0,1.0,0.0,1.5,ml100k,itemknn,none,0,100,
247,0.0,1.0,0.0,1.1,ml100k,itemknn,none,0,100,
261,0.0,1.0,0.0,0.7,ml100k,itemknn,none,0,100,
264,0.0,1.0,0.0,1.5,ml100k,itemknn,none,0,100,
283,0.0,1.0,0.0,1.3,ml100k,itemknn,none,0,100,
298,0.0,1.0,0.0,1.5,ml100k,itemknn,none,0,100,
306,0.0,1.0,0.0,1.5,ml100k,itemknn,none,0,100,
314,0.0,1.0,0.0,1.1,ml100k,itemknn,none,0,100,
330,0.0,1.0,0.0,1.1,ml100k,itemknn,none,0,100,
341,0.0,1.0,0.0,1.1,ml100k,itemknn,none,0,100,
342,0.3333333333333333,1.0,1.0,0.9,ml100k,itemknn,none,0,100,
343,0.0,1.0,0.0,0.9,ml100k,itemknn,none,0,100,
352,0.0,1.0,0.0,1.5,ml100k,itemknn,none,0,100,
355,0.0,1.0,0.0,1.1,ml100k,itemknn,none,0,100,
356,0.0,1.0,0.0,1.1,ml100k,itemknn,none,0,100,
365,0.3562071871080222,1.0,1.0,1.3,ml100k,itemknn,none,0,100,
373,0.0,1.0,0.0,0.8,ml100k,itemknn,none,0,100,
387,0.0,1.0,0.0,0.7,ml100k,itemknn,none,0,100,
412,1.0,1.0,1.0,1.1,ml100k,itemknn,none,0,100,
424,0.3010299956639812,1.0,1.0,1.1,ml100k,itemknn,none,0,100,
431,0.0,1.0,0.0,1.1,ml100k,itemknn,none,0,100,
432,0.0,1.0,0.0,1.3,ml100k,itemknn,none,0,100,
445,0.0,1.0,0.0,1.1,ml100k,itemknn,none,0,100,
467,0.0,1.0,0.0,1.5,ml100k,itemknn,none,0,100,
468,0.0,1.0,0.0,1.3,ml100k,itemknn,none,0,100,
469,0.0,1.0,0.0,0.9,ml100k,itemknn,none,0,100,
475,0.0,1.0,0.0,1.1,ml100k,itemknn,none,0,100,
479,0.0,1.0,0.0,1.1,ml100k,itemknn,none,0,100,
482,0.0,1.0,0.0,1.1,ml100k,itemknn,none,0,100,
489,0.0,1.0,0.0,0.9,ml100k,itemknn,none,0,100,
519,0.0,1.0,0.0,0.7,ml100k,itemknn,none,0,100,
526,0.0,1.0,0.0,1.3,ml100k,itemknn,none,0,100,
528,0.0,1.0,0.0,1.3,ml100k,itemknn,none,0,100,
538,0.0,1.0,0.0,1.5,ml100k,itemknn,none,0,100,
543,0.0,1.0,0.0,0.9,ml100k,itemknn,none,0,100,
549,0.0,1.0,0.0,1.5,ml100k,itemknn,none,0,100,
552,0.0,1.0,0.0,1.3,ml100k,itemknn,none,0,100,
554,0.0,1.0,0.0,1.1,ml100k,itemknn,none,0,100,
576,0.0,1.0,0.0,0.7,ml100k,itemknn,none,0,100,
580,0.0,1.0,0.0,1.1,ml100k,itemknn,none,0,100,
585,0.0,1.0,0.0,1.1,ml100k,itemknn,none,0,100,
587,0.3868528072345416,1.0,1.0,1.3,ml100k,itemknn,none,0,100,
596,0.0,1.0,0.0,1.3,ml100k,itemknn,none,0,100,
617,0.0,1.0,0.0,1.1,ml100k,itemknn,none,0,100,
621,0.0,1.0,0.0,1.1,ml100k,itemknn,none,0,100,
623,0.0,1.0,0.0,1.1,ml100k,itemknn,none,0,100,
626,0.0,1.0,0.0,1.1,ml100k,itemknn,none,0,100,
636,0.0,1.0,0.0,1.3,ml100k,itemknn,none,0,100,
637,0.0,1.0,0.0,1.3,ml100k,itemknn,none,0,100,
657,0.0,1.0,0.0,1.3,ml100k,itemknn,none,0,100,
659,0.0,1.0,0.0,0.9,ml100k,itemknn,none,0,100,
666,0.0,1.0,0.0,0.8,ml100k,itemknn,none,0,100,
667,0.0,1.0,0.0,0.9,ml100k,itemknn,none,0,100,
669,0.0,1.0,0.0,1.1,ml100k,itemknn,none,0,100,
683,0.0,1.0,0.0,1.1,ml100k,itemknn,none,0,100,
693,0.0,1.0,0.0,1.5,ml100k,itemknn,none,0,100,
705,0.0,1.0,0.0,0.7,ml100k,itemknn,none,0,100,
708,0.0,1.0,0.0,1.3,ml100k,itemknn,none,0,100,
717,0.0,1.0,0.0,1.3,ml100k,itemknn,none,0,100,
722,0.0,1.0,0.0,1.5,ml100k,itemknn,none,0,100,
739,0.0,1.0,0.0,1.5,ml100k,itemknn,none,0,100,
745,0.0,1.0,0.0,0.9,ml100k,itemknn,none,0,100,
757,0.0,1.0,0.0,1.1,ml100k,itemknn,none,0,100,
759,0.0,1.0,0.0,1.0,ml100k,itemknn,none,0,100,
771,0.0,1.0,0.0,1.1,ml100k,itemknn,none,0,100,
780,0.0,1.0,0.0,1.1,ml100k,itemknn,none,0,100,
785,0.0,1.0,0.0,1.1,ml100k,itemknn,none,0,100,
794,0.0,1.0,0.0,1.5,ml100k,itemknn,none,0,100,
806,0.0,1.0,0.0,1.5,ml100k,itemknn,none,0,100,
817,0.0,1.0,0.0,1.1,ml100k,itemknn,none,0,100,
832,0.0,1.0,0.0,1.5,ml100k,itemknn,none,0,100,
856,0.0,1.0,0.0,1.3,ml100k,itemknn,none,0,100,
860,0.0,1.0,0.0,1.5,ml100k,itemknn,none,0,100,
869,0.0,1.0,0.0,0.9,ml100k,itemknn,none,0,100,
881,0.0,1.0,0.0,1.5,ml100k,itemknn,none,0,100,
894,0.0,1.0,0.0,1.5,ml100k,itemknn,none,0,100,
913,0.2890648263178879,1.0,1.0,1.3,ml100k,itemknn,none,0,100,
934,0.0,1.0,0.0,1.3,ml100k,itemknn,none,0,100,
2,0.0,1.0,0.0,1.1,ml100k,itemknn,greedy_topk,0,100,0.2891046400171092
4,0.0,1.0,0.0,0.7,ml100k,itemknn,greedy_topk,0,100,0.4713038184673448
7,0.0,1.0,0.0,1.1,ml100k,itemknn,greedy_topk,0,100,0.3512654087487653
14,0.3868528072345416,1.0,1.0,0.9,ml100k,itemknn,greedy_topk,0,100,0.3570190571949464
19,0.0,1.0,0.0,1.5,ml100k,itemknn,greedy_topk,0,100,0.5138268962228765
25,0.0,1.0,0.0,1.1,ml100k,itemknn,greedy_topk,0,100,0.4992336525412868
29,0.0,1.0,0.0,1.3,ml100k,itemknn,greedy_topk,0,100,0.4537659074051418
34,0.0,1.0,0.0,0.9,ml100k,itemknn,greedy_topk,0,100,0.2904350672154139
45,0.0,1.0,0.0,1.1,ml100k,itemknn,greedy_topk,0,100,0.4700137309639987
63,0.0,1.0,0.0,1.5,ml100k,itemknn,greedy_topk,0,100,0.5728045554055956
67,0.0,1.0,0.0,1.1,ml100k,itemknn,greedy_topk,0,100,0.4849171307214763
70,0.0,1.0,0.0,1.5,ml100k,itemknn,greedy_topk,0,100,0.5200090125165379
78,0.0,1.0,0.0,1.3,ml100k,itemknn,greedy_topk,0,100,0.4709191971130143
79,0.0,1.0,0.0,1.1,ml100k,itemknn,greedy_topk,0,100,0.3588738585683063
110,0.0,1.0,0.0,1.3,ml100k,itemknn,greedy_topk,0,100,0.4958458196943663
122,0.6309297535714575,1.0,1.0,1.1,ml100k,itemknn,greedy_topk,0,100,0.4659768251357147
149,0.0,1.0,0.0,1.3,ml100k,itemknn,greedy_topk,0,100,0.5026277073906598
153,1.0,1.0,1.0,1.1,ml100k,itemknn,greedy_topk,0,100,0.5411246421201759
212,0.0,1.0,0.0,1.1,ml100k,itemknn,greedy_topk,0,100,0.4588018719595046
228,0.0,1.0,0.0,1.3,ml100k,itemknn,greedy_topk,0,100,0.5033820857569059
229,0.0,1.0,0.0,1.1,ml100k,itemknn,greedy_topk,0,100,0.4289780075798678
235,0.0,1.0,0.0,1.3,ml100k,itemknn,greedy_topk,0,100,0.5039035085393191
239,0.0,1.0,0.0,1.5,ml100k,itemknn,greedy_topk,0,100,0.561993489831925
247,0.0,1.0,0.0,1.1,ml100k,itemknn,greedy_topk,0,100,0.5344754688975609
261,0.0,1.0,0.0,0.7,ml100k,itemknn,greedy_topk,0,100,0.4416368209203319
264,0.0,1.0,0.0,1.5,ml100k,itemknn,greedy_topk,0,100,0.535697802462821
283,0.0,1.0,0.0,1.3,ml100k,itemknn,greedy_topk,0,100,0.5020940635281275
298,0.0,1.0,0.0,1.5,ml100k,itemknn,greedy_topk,0,100,0.5413360986229996
306,0.0,1.0,0.0,1.5,ml100k,itemknn,greedy_topk,0,100,0.5726619180755951
314,0.0,1.0,0.0,1.1,ml100k,itemknn,greedy_topk,0,100,0.5398118844052758
330,0.0,1.0,0.0,1.1,ml100k,itemknn,greedy_topk,0,100,0.5010411398248534
341,0.0,1.0,0.0,1.1,ml100k,itemknn,greedy_topk,0,100,0.4138690325193175
342,0.3333333333333333,1.0,1.0,0.9,ml100k,itemknn,greedy_topk,0,100,0.405193527097926
343,0.0,1.0,0.0,0.9,ml100k,itemknn,greedy_topk,0,100,0.3126654023426506
352,0.0,1.0,0.0,1.5,ml100k,itemknn,greedy_topk,0,100,0.3927814154540253
355,0.0,1.0,0.0,1.1,ml100k,itemknn,greedy_topk,0,100,0.530593032021688
356,0.0,1.0,0.0,1.1,ml100k,itemknn,greedy_topk,0,100,0.4309458904930346
365,0.3562071871080222,1.0,1.0,1.3,ml100k,itemknn,greedy_topk,0,100,0.3475476644227573
373,0.0,1.0,0.0,0.8,ml100k,itemknn,greedy_topk,0,100,0.3712161377407127
387,0.0,1.0,0.0,0.7,ml100k,itemknn,greedy_topk,0,100,0.3572037861221588
412,1.0,1.0,1.0,1.1,ml100k,itemknn,greedy_topk,0,100,0.4823739234775364
424,0.3010299956639812,1.0,1.0,1.1,ml100k,itemknn,greedy_topk,0,100,0.5421738093016798
431,0.0,1.0,0.0,1.1,ml100k,itemknn,greedy_topk,0,100,0.4277771960568745
432,0.0,1.0,0.0,1.3,ml100k,itemknn,greedy_topk,0,100,0.4648585117752856
445,0.0,1.0,0.0,1.1,ml100k,itemknn,greedy_topk,0,100,0.5029927891938251
467,0.0,1.0,0.0,1.5,ml100k,itemknn,greedy_topk,0,100,0.5370249737666608
468,0.0,1.0,0.0,1.3,ml100k,itemknn,greedy_topk,0,100,0.498070038528612
469,0.0,1.0,0.0,0.9,ml100k,itemknn,greedy_topk,0,100,0.4293136406990816
475,0.0,1.0,0.0,1.1,ml100k,itemknn,greedy_topk,0,100,0.4770500966681192
479,0.0,1.0,0.0,1.1,ml100k,itemknn,greedy_topk,0,100,0.4918574063289854
482,0.0,1.0,0.0,1.1,ml100k,itemknn,greedy_topk,0,100,0.4377474117928119
489,0.0,1.0,0.0,0.9,ml100k,itemknn,greedy_topk,0,100,0.442687939106651
519,0.0,1.0,0.0,0.7,ml100k,itemknn,greedy_topk,0,100,0.5074998485626268
526,0.0,1.0,0.0,1.3,ml100k,itemknn,greedy_topk,0,100,0.5411999990694908
528,0.0,1.0,0.0,1.3,ml100k,itemknn,greedy_topk,0,100,0.5400177232874197
538,0.0,1.0,0.0,1.5,ml100k,itemknn,greedy_topk,0,100,0.5399859154857838
543,0.0,1.0,0.0,0.9,ml100k,itemknn,greedy_topk,0,100,0.3894708170385786
549,0.0,1.0,0.0,1.5,ml100k,itemknn,greedy_topk,0,100,0.4997104926653124
552,0.0,1.0,0.0,1.3,ml100k,itemknn,greedy_topk,0,100,0.4711344187243179
554,0.0,1.0,0.0,1.1,ml100k,itemknn,greedy_topk,0,100,0.4983564414118254
576,0.0,1.0,0.0,0.7,ml100k,itemknn,greedy_topk,0,100,0.3767321208454953
580,0.0,1.0,0.0,1.1,ml100k,itemknn,greedy_topk,0,100,0.5246957318226717
585,0.0,1.0,0.0,1.1,ml100k,itemknn,greedy_topk,0,100,0.3180391027455265
587,0.3868528072345416,1.0,1.0,1.3,ml100k,itemknn,greedy_topk,0,100,0.4568125430551524
596,0.0,1.0,0.0,1.3,ml100k,itemknn,greedy_topk,0,100,0.5037524263588915
617,0.0,1.0,0.0,1.1,ml100k,itemknn,greedy_topk,0,100,0.3754623999614261
621,0.0,1.0,0.0,1.1,ml100k,itemknn,greedy_topk,0,100,0.4286556604264379
623,0.0,1.0,0.0,1.1,ml100k,itemknn,greedy_topk,0,100,0.4129989649048337
626,0.0,1.0,0.0,1.1,ml100k,itemknn,greedy_topk,0,100,0.489938246155657
636,0.0,1.0,0.0,1.3,ml100k,itemknn,greedy_topk,0,100,0.4899780427111948
637,0.0,1.0,0.0,1.3,ml100k,itemknn,greedy_topk,0,100,0.3485024734666969
657,0.0,1.0,0.0,1.3,ml100k,itemknn,greedy_topk,0,100,0.5514113714814383
659,0.0,1.0,0.0,0.9,ml100k,itemknn,greedy_topk,0,100,0.4711962535438175
666,0.0,1.0,0.0,0.8,ml100k,itemknn,greedy_topk,0,100,0.3476836422714
667,0.0,1.0,0.0,0.9,ml100k,itemknn,greedy_topk,0,100,0.4765965004208904
669,0.0,1.0,0.0,1.1,ml100k,itemknn,greedy_topk,0,100,0.4541891275395842
683,0.0,1.0,0.0,1.1,ml100k,itemknn,greedy_topk,0,100,0.4020082260429666
693,0.0,1.0,0.0,1.5,ml100k,itemknn,greedy_topk,0,100,0.5202172158130143
705,0.0,1.0,0.0,0.7,ml100k,itemknn,greedy_topk,0,100,0.483770726438307
708,0.0,1.0,0.0,1.3,ml100k,itemknn,greedy_topk,0,100,0.5556950185750582
717,0.0,1.0,0.0,1.3,ml100k,itemknn,greedy_topk,0,100,0.5122113929572176
722,0.0,1.0,0.0,1.5,ml100k,itemknn,greedy_topk,0,100,0.5134936885230759
739,0.0,1.0,0.0,1.5,ml100k,itemknn,greedy_topk,0,100,0.5277348229495392
745,0.0,1.0,0.0,0.9,ml100k,itemknn,greedy_topk,0,100,0.4503481712025441
757,0.0,1.0,0.0,1.1,ml100k,itemknn,greedy_topk,0,100,0.4847263481338222
759,0.0,1.0,0.0,1.0,ml100k,itemknn,greedy_topk,0,100,0.306202933567399
771,0.0,1.0,0.0,1.1,ml100k,itemknn,greedy_topk,0,100,0.5002563635860575
780,0.0,1.0,0.0,1.1,ml100k,itemknn,greedy_topk,0,100,0.3531434069207416
785,0.0,1.0,0.0,1.1,ml100k,itemknn,greedy_topk,0,100,0.4627740782942587
794,0.0,1.0,0.0,1.5,ml100k,itemknn,greedy_topk,0,100,0.5594039653402448
806,0.0,1.0,0.0,1.5,ml100k,itemknn,greedy_topk,0,100,0.5070996275838335
817,0.0,1.0,0.0,1.1,ml100k,itemknn,greedy_topk,0,100,0.5081451551255577
832,0.0,1.0,0.0,1.5,ml100k,itemknn,greedy_topk,0,100,0.5504345788208229
856,0.0,1.0,0.0,1.3,ml100k,itemknn,greedy_topk,0,100,0.462516974438766
860,0.0,1.0,0.0,1.5,ml100k,itemknn,greedy_topk,0,100,0.5291471519739697
869,0.0,1.0,0.0,0.9,ml100k,itemknn,greedy_topk,0,100,0.4252965472991489
881,0.0,1.0,0.0,1.5,ml100k,itemknn,greedy_topk,0,100,0.5134720393412313
894,0.0,1.0,0.0,1.5,ml100k,itemknn,greedy_topk,0,100,0.5526249916930195
913,0.2890648263178879,1.0,1.0,1.3,ml100k,itemknn,greedy_topk,0,100,0.505765540530551
934,0.0,1.0,0.0,1.3,ml100k,itemknn,greedy_topk,0,100,0.4653864955818762
2,0.2890648263178879,0.9843272410175348,1.0,1.1,ml100k,itemknn,mmr,0,100,0.2605392431462062
4,0.0,1.0,0.0,0.7,ml100k,itemknn,mmr,0,100,0.4713038184673448
7,0.0,0.9913835917527176,0.0,1.1,ml100k,itemknn,mmr,0,100,0.3350280593461062
14,0.3868528072345416,0.9947010306219184,1.0,0.7,ml100k,itemknn,mmr,0,100,0.3131224995308144
19,0.0,0.9997471055934248,0.0,1.5,ml100k,itemknn,mmr,0,100,0.5072857332113414
25,0.0,1.0,0.0,1.1,ml100k,itemknn,mmr,0,100,0.4992336525412868
29,0.0,0.9985954754924536,0.0,1.3,ml100k,itemknn,mmr,0,100,0.4388184988722909
34,0.0,0.988552275003238,0.0,1.1,ml100k,itemknn,mmr,0,100,0.2681104290356535
45,0.0,1.0,0.0,1.1,ml100k,itemknn,mmr,0,100,0.4700137309639987
63,0.0,0.9970650626676022,0.0,1.5,ml100k,itemknn,mmr,0,100,0.5431980832212259
67,0.0,0.9955508636984148,0.0,1.1,ml100k,itemknn,mmr,0,100,0.4778990471650835
70,0.0,1.0,0.0,1.5,ml100k,itemknn,mmr,0,100,0.5200090125165379
78,0.0,0.9968967362036816,0.0,1.1,ml100k,itemknn,mmr,0,100,0.4560255227918368
79,0.0,0.9919019622966254,0.0,0.8,ml100k,itemknn,mmr,0,100,0.3158914414049237
110,0.0,0.9995138353380938,0.0,1.1,ml100k,itemknn,mmr,0,100,0.4788872421791036
122,0.6309297535714575,0.9973791902109316,1.0,1.1,ml100k,itemknn,mmr,0,100,0.4546639153300538
149,0.0,0.9986676423591206,0.0,1.3,ml100k,itemknn,mmr,0,100,0.4926732202369901
153,1.0,0.997621153802004,1.0,1.1,ml100k,itemknn,mmr,0,100,0.5320748113483452
212,0.0,1.0,0.0,1.1,ml100k,itemknn,mmr,0,100,0.4588018719595046
228,0.0,1.0,0.0,1.3,ml100k,itemknn,mmr,0,100,0.5033820857569059
229,0.0,0.9964007920883576,0.0,1.5,ml100k,itemknn,mmr,0,100,0.4042754135323096
235,0.2890648263178879,0.9951343920096324,1.0,1.1,ml100k,itemknn,mmr,0,100,0.4839421332020948
239,0.0,1.0,0.0,1.5,ml100k,itemknn,mmr,0,100,0.561993489831925
247,0.0,0.9981266437156668,0.0,1.1,ml100k,itemknn,mmr,0,100,0.5182981348470561
261,0.0,1.0,0.0,0.7,ml100k,itemknn,mmr,0,100,0.4416368209203319
264,0.0,0.9999399079985656,0.0,1.5,ml100k,itemknn,mmr,0,100,0.5331082971283121
283,0.0,0.9996679549306244,0.0,1.3,ml100k,itemknn,mmr,0,100,0.4893155993515587
298,0.0,0.9948613809799584,0.0,1.5,ml100k,itemknn,mmr,0,100,0.5135530252188283
306,0.0,0.9962699952749752,0.0,1.5,ml100k,itemknn,mmr,0,100,0.5528713851204573
314,0.0,1.0,0.0,1.1,ml100k,itemknn,mmr,0,100,0.5398118844052758
330,0.0,1.0,0.0,1.1,ml100k,itemknn,mmr,0,100,0.5010411398248534
341,0.0,1.0,0.0,1.1,ml100k,itemknn,mmr,0,100,0.4138690325193175
342,0.3333333333333333,0.994785348657796,1.0,1.1,ml100k,itemknn,mmr,0,100,0.3867456784090846
343,0.0,0.9915541900140664,0.0,0.9,ml100k,itemknn,mmr,0,100,0.2841100823758158
352,0.0,0.9951906702192002,0.0,1.5,ml100k,itemknn,mmr,0,100,0.3929165559118087
355,0.0,0.9979794270533988,0.0,1.1,ml100k,itemknn,mmr,0,100,0.5117290222531384
356,0.0,1.0,0.0,1.1,ml100k,itemknn,mmr,0,100,0.4309458904930346
365,0.3562071871080222,0.9925967437093592,1.0,1.3,ml100k,itemknn,mmr,0,100,0.3156904466700165
373,0.0,0.9979369725511557,0.0,0.8,ml100k,itemknn,mmr,0,100,0.3494313300333116
387,0.0,0.9957325272725446,0.0,0.7,ml100k,itemknn,mmr,0,100,0.3400877207040799
412,1.0,0.9972743347298384,1.0,0.9,ml100k,itemknn,mmr,0,100,0.466705594257538
424,0.3010299956639812,0.9992020970641756,1.0,0.9,ml100k,itemknn,mmr,0,100,0.5342296959585463
431,0.2890648263178879,0.998375659018325,1.0,1.1,ml100k,itemknn,mmr,0,100,0.4271464296319106
432,0.0,1.0,0.0,1.3,ml100k,itemknn,mmr,0,100,0.4648585117752856
445,0.0,1.0,0.0,1.1,ml100k,itemknn,mmr,0,100,0.5029927891938251
467,0.0,0.9987454119954476,0.0,1.5,ml100k,itemknn,mmr,0,100,0.5308742840531157
468,0.0,0.9968346318933352,0.0,1.1,ml100k,itemknn,mmr,0,100,0.4776487261822922
469,0.0,1.0,0.0,0.9,ml100k,itemknn,mmr,0,100,0.4293136406990816
475,0.0,1.0,0.0,1.1,ml100k,itemknn,mmr,0,100,0.4770500966681192
479,0.0,0.9979405993840396,0.0,1.3,ml100k,itemknn,mmr,0,100,0.4776154291884959
482,0.0,1.0,0.0,1.1,ml100k,itemknn,mmr,0,100,0.4377474117928119
489,0.0,0.9860784580647486,0.0,0.5,ml100k,itemknn,mmr,0,100,0.3770565454318314
519,0.0,0.997816769657326,0.0,0.9,ml100k,itemknn,mmr,0,100,0.4950672060554264
526,0.0,0.9995289574656858,0.0,1.5,ml100k,itemknn,mmr,0,100,0.5287553749143699
528,0.0,1.0,0.0,1.3,ml100k,itemknn,mmr,0,100,0.5400177232874197
538,0.0,0.9995224518496972,0.0,1.5,ml100k,itemknn,mmr,0,100,0.5360715985985521
543,0.0,0.9738643945140152,0.0,0.9,ml100k,itemknn,mmr,0,100,0.3044498427442951
549,0.0,0.9980927259511968,0.0,1.3,ml100k,itemknn,mmr,0,100,0.469599335329441
552,0.0,1.0,0.0,1.3,ml100k,itemknn,mmr,0,100,0.4711344187243179
554,0.0,0.993701761318887,0.0,1.1,ml100k,itemknn,mmr,0,100,0.4738485899871165
576,0.0,1.0,0.0,0.7,ml100k,itemknn,mmr,0,100,0.3767321208454953
580,0.0,0.9985075147917324,0.0,1.1,ml100k,itemknn,mmr,0,100,0.5159609528576385
585,0.0,0.9965957807779934,0.0,1.1,ml100k,itemknn,mmr,0,100,0.2982792339088648
587,0.3868528072345416,0.9899506700597516,1.0,0.7,ml100k,itemknn,mmr,0,100,0.3744931034222939
596,0.0,0.9904241592759072,0.0,0.8,ml100k,itemknn,mmr,0,100,0.463885348776294
617,0.0,1.0,0.0,1.1,ml100k,itemknn,mmr,0,100,0.3754623999614261
621,0.0,1.0,0.0,1.1,ml100k,itemknn,mmr,0,100,0.4286556604264379
623,0.0,1.0,0.0,1.1,ml100k,itemknn,mmr,0,100,0.4129989649048337
626,0.0,1.0,0.0,1.1,ml100k,itemknn,mmr,0,100,0.489938246155657
636,0.0,0.999397103001328,0.0,1.3,ml100k,itemknn,mmr,0,100,0.4850671953477332
637,0.0,0.974396338435119,0.0,1.3,ml100k,itemknn,mmr,0,100,0.2777241559793215
657,0.0,0.9985735354357688,0.0,1.3,ml100k,itemknn,mmr,0,100,0.5437463850063883
659,0.0,0.9988282357874138,0.0,0.9,ml100k,itemknn,mmr,0,100,0.4682633641225503
666,0.0,0.9955855937168314,0.0,0.9,ml100k,itemknn,mmr,0,100,0.3456288587001334
667,0.0,0.9998172021243308,0.0,1.1,ml100k,itemknn,mmr,0,100,0.4695964184041034
669,0.0,0.9962143855231764,0.0,0.9,ml100k,itemknn,mmr,0,100,0.4128066734870144
683,0.0,0.9969850647939316,0.0,1.1,ml100k,itemknn,mmr,0,100,0.3867491203810571
693,0.0,0.9987062913704846,0.0,1.3,ml100k,itemknn,mmr,0,100,0.5187258982902081
705,0.0,0.9983359564245494,0.0,0.7,ml100k,itemknn,mmr,0,100,0.4819044969992719
708,0.0,0.998803540970481,0.0,1.3,ml100k,itemknn,mmr,0,100,0.5568069220586358
717,0.0,1.0,0.0,1.3,ml100k,itemknn,mmr,0,100,0.5122113929572176
722,0.0,0.9946194548858048,0.0,1.3,ml100k,itemknn,mmr,0,100,0.4805487153920835
739,0.0,0.9898335204846912,0.0,1.1,ml100k,itemknn,mmr,0,100,0.4847399997741335
745,0.0,0.9972666572163392,0.0,0.8,ml100k,itemknn,mmr,0,100,0.4339840003388155
757,0.0,0.998405480374916,0.0,1.1,ml100k,itemknn,mmr,0,100,0.479130932377565
759,0.0,0.9998321861380124,0.0,1.0,ml100k,itemknn,mmr,0,100,0.2986951436522418
771,0.0,0.9926855964582728,0.0,0.9,ml100k,itemknn,mmr,0,100,0.4573821343310315
780,0.0,0.9982856261397376,0.0,0.9,ml100k,itemknn,mmr,0,100,0.3310523778407084
785,0.0,0.996832574871194,0.0,1.1,ml100k,itemknn,mmr,0,100,0.4531761646464938
794,0.0,0.9986519243865588,0.0,1.5,ml100k,itemknn,mmr,0,100,0.5511953777452571
806,0.0,0.9934828608320448,0.0,1.5,ml100k,itemknn,mmr,0,100,0.465889864250935
817,0.0,0.9992946057159277,0.0,0.9,ml100k,itemknn,mmr,0,100,0.5058924708921867
832,0.0,0.9993583511615334,0.0,1.5,ml100k,itemknn,mmr,0,100,0.5493368140146445
856,0.0,0.9982735151040976,0.0,1.3,ml100k,itemknn,mmr,0,100,0.4599872218648161
860,0.0,0.9987696027189222,0.0,1.5,ml100k,itemknn,mmr,0,100,0.5077468444963616
869,0.0,0.9999169622085462,0.0,0.7,ml100k,itemknn,mmr,0,100,0.4240072589437647
881,0.0,0.9975438848504988,0.0,1.5,ml100k,itemknn,mmr,0,100,0.494979511800606
894,0.0,0.9989289596535532,0.0,1.5,ml100k,itemknn,mmr,0,100,0.5453063888472168
913,0.3010299956639812,0.9997685079674832,1.0,1.3,ml100k,itemknn,mmr,0,100,0.4996638011370973
934,0.0,1.0,0.0,1.3,ml100k,itemknn,mmr,0,100,0.4653864955818762
2,0.0,0.9044877287452034,0.0,0.3,ml100k,itemknn,quota_mmr,0,100,0.2727825830549271
4,0.0,0.9265457786641418,0.0,0.2,ml100k,itemknn,quota_mmr,0,100,0.4340063118062377
7,0.0,0.9112230750162492,0.0,0.3,ml100k,itemknn,quota_mmr,0,100,0.2666410019969326
14,0.3868528072345416,0.9658620797118128,1.0,0.2,ml100k,itemknn,quota_mmr,0,100,0.2795643888425976
19,0.0,0.878015353030305,0.0,0.3,ml100k,itemknn,quota_mmr,0,100,0.4433535666782573
25,0.0,0.9466043131760252,0.0,0.2,ml100k,itemknn,quota_mmr,0,100,0.4660850894545477
29,0.0,0.8622940268577399,0.0,0.2,ml100k,itemknn,quota_mmr,0,100,0.3842645404975107
34,0.0,0.904708761460602,0.0,0.3,ml100k,itemknn,quota_mmr,0,100,0.2346298517710538
45,0.0,0.9373059772962818,0.0,0.3,ml100k,itemknn,quota_mmr,0,100,0.432808003313336
63,0.0,0.9400203157916124,0.0,0.3,ml100k,itemknn,quota_mmr,0,100,0.4934341561707527
67,0.0,0.9148767145897057,0.0,0.2,ml100k,itemknn,quota_mmr,0,100,0.4392403712251644
70,0.0,0.9159594134191392,0.0,0.2,ml100k,itemknn,quota_mmr,0,100,0.4429580408744276
78,0.0,0.9165545648489642,0.0,0.2,ml100k,itemknn,quota_mmr,0,100,0.3968853082925251
79,0.0,0.9593698641982824,0.0,0.2,ml100k,itemknn,quota_mmr,0,100,0.3097676857251968
110,0.3562071871080222,0.9137659537723996,1.0,0.3,ml100k,itemknn,quota_mmr,0,100,0.4074626990162597
122,0.6309297535714575,0.9314326952304146,1.0,0.2,ml100k,itemknn,quota_mmr,0,100,0.3984845323508116
149,0.0,0.8826657345641096,0.0,0.2,ml100k,itemknn,quota_mmr,0,100,0.4058924218141602
153,1.0,0.9415793692906984,1.0,0.3,ml100k,itemknn,quota_mmr,0,100,0.4628176673533151
212,0.0,0.8462556388708303,0.0,0.2,ml100k,itemknn,quota_mmr,0,100,0.395526043837898
228,0.0,0.8975298379239088,0.0,0.3,ml100k,itemknn,quota_mmr,0,100,0.3824540894167424
229,0.0,0.8867467302890645,0.0,0.2,ml100k,itemknn,quota_mmr,0,100,0.3774501986548343
235,0.3868528072345416,0.9523228818810362,1.0,0.2,ml100k,itemknn,quota_mmr,0,100,0.4310374430587331
239,0.0,0.7821894791572283,0.0,0.3,ml100k,itemknn,quota_mmr,0,100,0.414515570700698
247,0.0,0.9367902166808416,0.0,0.2,ml100k,itemknn,quota_mmr,0,100,0.4545443507545497
261,0.0,0.9424858916194188,0.0,0.3,ml100k,itemknn,quota_mmr,0,100,0.4115725596451927
264,0.0,0.9306454908717148,0.0,0.2,ml100k,itemknn,quota_mmr,0,100,0.4544568303953311
283,0.0,0.8622103662930729,0.0,0.3,ml100k,itemknn,quota_mmr,0,100,0.4067363584691825
298,0.0,0.9199178626824271,0.0,0.3,ml100k,itemknn,quota_mmr,0,100,0.4587799556156725
306,0.0,0.9064516469735004,0.0,0.2,ml100k,itemknn,quota_mmr,0,100,0.4844660283113701
314,0.0,0.9466799557013869,0.0,0.2,ml100k,itemknn,quota_mmr,0,100,0.4807123864537486
330,0.0,0.9627132346393512,0.0,0.2,ml100k,itemknn,quota_mmr,0,100,0.4899591756308272
341,0.0,0.7897186654885497,0.0,0.3,ml100k,itemknn,quota_mmr,0,100,0.2664338108044274
342,0.0,0.8643040265374762,0.0,0.3,ml100k,itemknn,quota_mmr,0,100,0.3585101321224768
343,0.0,0.941909781790276,0.0,0.2,ml100k,itemknn,quota_mmr,0,100,0.2725374541134462
352,0.0,0.7252624137315741,0.0,0.3,ml100k,itemknn,quota_mmr,0,100,0.2187064657432607
355,0.0,0.9655111771043065,0.0,0.2,ml100k,itemknn,quota_mmr,0,100,0.4779453087073623
356,0.0,0.8567874806952757,0.0,0.2,ml100k,itemknn,quota_mmr,0,100,0.3701812328543463
365,0.0,0.8777017397872595,0.0,0.3,ml100k,itemknn,quota_mmr,0,100,0.2796286248559841
373,0.0,0.9229470026625064,0.0,0.3,ml100k,itemknn,quota_mmr,0,100,0.296139521252993
387,0.0,0.9716548983731575,0.0,0.2,ml100k,itemknn,quota_mmr,0,100,0.3163153930098821
412,1.0,0.9432251455398692,1.0,0.3,ml100k,itemknn,quota_mmr,0,100,0.4264759520270051
424,0.3868528072345416,0.9205017940121728,1.0,0.3,ml100k,itemknn,quota_mmr,0,100,0.47753089448106
431,0.0,0.8907515318732893,0.0,0.3,ml100k,itemknn,quota_mmr,0,100,0.4064907195732078
432,0.0,0.8208247081163931,0.0,0.3,ml100k,itemknn,quota_mmr,0,100,0.3148864864906612
445,0.0,0.9182704882628244,0.0,0.2,ml100k,itemknn,quota_mmr,0,100,0.3896298851448178
467,0.0,0.9235688351715388,0.0,0.2,ml100k,itemknn,quota_mmr,0,100,0.4281654188819416
468,0.0,0.9082304693284132,0.0,0.3,ml100k,itemknn,quota_mmr,0,100,0.3530711169313292
469,0.0,0.9260706940412964,0.0,0.3,ml100k,itemknn,quota_mmr,0,100,0.3993699079070503
475,0.0,0.8820320045505594,0.0,0.3,ml100k,itemknn,quota_mmr,0,100,0.4364470497566829
479,0.0,0.9530643570124891,0.0,0.3,ml100k,itemknn,quota_mmr,0,100,0.4657667375605469
482,0.0,0.779832434984282,0.0,0.3,ml100k,itemknn,quota_mmr,0,100,0.3050012905328377
489,0.0,0.9595008939687316,0.0,0.3,ml100k,itemknn,quota_mmr,0,100,0.3688240830489266
519,0.0,0.9715233765337415,0.0,0.2,ml100k,itemknn,quota_mmr,0,100,0.4815223180949028
526,0.3868528072345416,0.9510286983748047,1.0,0.2,ml100k,itemknn,quota_mmr,0,100,0.4723560531300458
528,0.0,0.9297524329954806,0.0,0.2,ml100k,itemknn,quota_mmr,0,100,0.471361793102806
538,0.0,0.9348854287000508,0.0,0.2,ml100k,itemknn,quota_mmr,0,100,0.4758787415536398
543,0.0,0.9207869909691512,0.0,0.3,ml100k,itemknn,quota_mmr,0,100,0.2591082561158268
549,0.0,0.9362309499937272,0.0,0.2,ml100k,itemknn,quota_mmr,0,100,0.4039741503824103
552,0.0,0.9084833175183512,0.0,0.3,ml100k,itemknn,quota_mmr,0,100,0.4065671296589001
554,0.0,0.9015634648714398,0.0,0.2,ml100k,itemknn,quota_mmr,0,100,0.3862424893562179
576,0.0,0.9476861043039132,0.0,0.2,ml100k,itemknn,quota_mmr,0,100,0.3580725100858415
580,0.0,0.9296896129325424,0.0,0.2,ml100k,itemknn,quota_mmr,0,100,0.4963948618864223
585,0.0,0.9209972312756022,0.0,0.2,ml100k,itemknn,quota_mmr,0,100,0.2903715008683604
587,0.5,0.9367091130940124,1.0,0.2,ml100k,itemknn,quota_mmr,0,100,0.3318439427689293
596,0.0,0.9233751035494704,0.0,0.2,ml100k,itemknn,quota_mmr,0,100,0.3989260637855529
617,0.0,0.8147331265977864,0.0,0.3,ml100k,itemknn,quota_mmr,0,100,0.2687811543302926
621,0.0,0.8610322080435975,0.0,0.3,ml100k,itemknn,quota_mmr,0,100,0.3697376138030296
623,0.0,0.8617129547103535,0.0,0.3,ml100k,itemknn,quota_mmr,0,100,0.3777099883973255
626,0.0,0.9107641651899384,0.0,0.3,ml100k,itemknn,quota_mmr,0,100,0.4654298372506271
636,0.0,0.9342646153970954,0.0,0.3,ml100k,itemknn,quota_mmr,0,100,0.4016545827764326
637,0.0,0.8770113475119565,0.0,0.3,ml100k,itemknn,quota_mmr,0,100,0.2378513205851526
657,0.0,0.9299111017174232,0.0,0.2,ml100k,itemknn,quota_mmr,0,100,0.4919487444978851
659,0.0,0.932367393938017,0.0,0.3,ml100k,itemknn,quota_mmr,0,100,0.4364240137957645
666,0.0,0.8411719270690213,0.0,0.2,ml100k,itemknn,quota_mmr,0,100,0.2509588649595966
667,0.0,0.9580970964283148,0.0,0.2,ml100k,itemknn,quota_mmr,0,100,0.4585646916848238
669,0.3154648767857287,0.9408873130984804,1.0,0.3,ml100k,itemknn,quota_mmr,0,100,0.3433741127204949
683,0.0,0.921660736362085,0.0,0.2,ml100k,itemknn,quota_mmr,0,100,0.3786827698310822
693,0.0,0.9167449591644397,0.0,0.3,ml100k,itemknn,quota_mmr,0,100,0.4575421499575679
705,0.0,0.9762782836295604,0.0,0.2,ml100k,itemknn,quota_mmr,0,100,0.4685652104615814
708,0.0,0.9317214929841828,0.0,0.3,ml100k,itemknn,quota_mmr,0,100,0.4789371871670227
717,0.0,0.9516195005660124,0.0,0.2,ml100k,itemknn,quota_mmr,0,100,0.4601845777594043
722,0.0,0.916732872036773,0.0,0.3,ml100k,itemknn,quota_mmr,0,100,0.4140678858788459
739,0.0,0.9440792344180416,0.0,0.2,ml100k,itemknn,quota_mmr,0,100,0.4241608426130246
745,0.0,0.9336874825149752,0.0,0.2,ml100k,itemknn,quota_mmr,0,100,0.3976463096227623
757,0.0,0.9574868638798524,0.0,0.2,ml100k,itemknn,quota_mmr,0,100,0.4668253885430254
759,0.0,0.9438309264281954,0.0,0.3,ml100k,itemknn,quota_mmr,0,100,0.2841421771486641
771,0.0,0.9490333178210412,0.0,0.3,ml100k,itemknn,quota_mmr,0,100,0.4141036954497344
780,0.0,0.9545203225680609,0.0,0.3,ml100k,itemknn,quota_mmr,0,100,0.2917769216179474
785,0.0,0.8946692520328164,0.0,0.2,ml100k,itemknn,quota_mmr,0,100,0.4294367133252608
794,0.0,0.9132587791487023,0.0,0.3,ml100k,itemknn,quota_mmr,0,100,0.4748798024829798
806,0.0,0.89315549527621,0.0,0.3,ml100k,itemknn,quota_mmr,0,100,0.402658479690578
817,0.0,0.9563107968667702,0.0,0.3,ml100k,itemknn,quota_mmr,0,100,0.4654014735491007
832,0.0,0.9089658963325998,0.0,0.2,ml100k,itemknn,quota_mmr,0,100,0.4780958284784767
856,0.0,0.8416031799346501,0.0,0.3,ml100k,itemknn,quota_mmr,0,100,0.3904899282661015
860,0.0,0.9196183927342484,0.0,0.2,ml100k,itemknn,quota_mmr,0,100,0.4397033121365549
869,0.0,0.9365101544343818,0.0,0.2,ml100k,itemknn,quota_mmr,0,100,0.401035192536624
881,0.0,0.9066647925600216,0.0,0.2,ml100k,itemknn,quota_mmr,0,100,0.4224752919479592
894,0.0,0.911226193854518,0.0,0.2,ml100k,itemknn,quota_mmr,0,100,0.4537426081750213
913,0.0,0.9298102729867423,0.0,0.3,ml100k,itemknn,quota_mmr,0,100,0.4553793792594182
934,0.0,0.8926455292371197,0.0,0.3,ml100k,itemknn,quota_mmr,0,100,0.4097557154896945
2,0.0,0.9009208727031064,0.0,0.2,ml100k,itemknn,balanced_quota,0,100,0.2592223982396884
4,0.0,0.9081953231868756,0.0,0.2,ml100k,itemknn,balanced_quota,0,100,0.4207805536366092
7,0.0,0.9120813512217568,0.0,0.2,ml100k,itemknn,balanced_quota,0,100,0.2790554485057318
14,0.3868528072345416,0.9658620797118128,1.0,0.2,ml100k,itemknn,balanced_quota,0,100,0.2795643888425976
19,0.0,0.8714397380341863,0.0,0.2,ml100k,itemknn,balanced_quota,0,100,0.4327420056693653
25,0.0,0.9311287636207366,0.0,0.2,ml100k,itemknn,balanced_quota,0,100,0.4449930688269451
29,0.0,0.8622940268577399,0.0,0.2,ml100k,itemknn,balanced_quota,0,100,0.3842645404975107
34,0.0,0.91185094838227,0.0,0.2,ml100k,itemknn,balanced_quota,0,100,0.2553528566943255
45,0.0,0.932880373200118,0.0,0.2,ml100k,itemknn,balanced_quota,0,100,0.4360943710604516
63,0.0,0.933367149647568,0.0,0.2,ml100k,itemknn,balanced_quota,0,100,0.4891630583057239
67,0.0,0.9035352541850488,0.0,0.2,ml100k,itemknn,balanced_quota,0,100,0.4296150980002463
70,0.0,0.9025027449018318,0.0,0.2,ml100k,itemknn,balanced_quota,0,100,0.4434352197277317
78,0.0,0.9072895116536062,0.0,0.2,ml100k,itemknn,balanced_quota,0,100,0.4098021094830464
79,0.0,0.9593698641982824,0.0,0.2,ml100k,itemknn,balanced_quota,0,100,0.3097676857251968
110,0.3562071871080222,0.913186261439205,1.0,0.2,ml100k,itemknn,balanced_quota,0,100,0.4065732691819725
122,0.6309297535714575,0.9314326952304146,1.0,0.2,ml100k,itemknn,balanced_quota,0,100,0.3984845323508116
149,0.0,0.8836664790883675,0.0,0.2,ml100k,itemknn,balanced_quota,0,100,0.4148072247935721
153,1.0,0.8882157310587784,1.0,0.2,ml100k,itemknn,balanced_quota,0,100,0.4430211117836052
212,0.0,0.8438469566971561,0.0,0.2,ml100k,itemknn,balanced_quota,0,100,0.3920724019754378
228,0.0,0.8948802357972093,0.0,0.2,ml100k,itemknn,balanced_quota,0,100,0.3559790336470977
229,0.0,0.8894477691071917,0.0,0.2,ml100k,itemknn,balanced_quota,0,100,0.3882535171233862
235,0.3868528072345416,0.9524474450090504,1.0,0.2,ml100k,itemknn,balanced_quota,0,100,0.4392624166818027
239,0.0,0.7782551460380316,0.0,0.2,ml100k,itemknn,balanced_quota,0,100,0.4012626323938076
247,0.0,0.919483352303243,0.0,0.2,ml100k,itemknn,balanced_quota,0,100,0.4533486417664221
261,0.0,0.9311760103927949,0.0,0.2,ml100k,itemknn,balanced_quota,0,100,0.401076329851444
264,0.0,0.9172171519239942,0.0,0.2,ml100k,itemknn,balanced_quota,0,100,0.4474401562014599
283,0.0,0.856554725985171,0.0,0.2,ml100k,itemknn,balanced_quota,0,100,0.4200966676830681
298,0.0,0.9121669240099276,0.0,0.2,ml100k,itemknn,balanced_quota,0,100,0.4579356895002092
306,0.0,0.8896826579069782,0.0,0.2,ml100k,itemknn,balanced_quota,0,100,0.47430141834371
314,0.0,0.928003180625221,0.0,0.2,ml100k,itemknn,balanced_quota,0,100,0.4702021583476402
330,0.0,0.9627132346393512,0.0,0.2,ml100k,itemknn,balanced_quota,0,100,0.4899591756308272
341,0.0,0.7868229077063571,0.0,0.2,ml100k,itemknn,balanced_quota,0,100,0.289877878755574
342,0.0,0.8672471718393451,0.0,0.2,ml100k,itemknn,balanced_quota,0,100,0.3552067048989194
343,0.0,0.9302878784962518,0.0,0.2,ml100k,itemknn,balanced_quota,0,100,0.2717593410446997
352,0.0,0.7270105630989973,0.0,0.2,ml100k,itemknn,balanced_quota,0,100,0.2253031110087317
355,0.0,0.9655111771043065,0.0,0.2,ml100k,itemknn,balanced_quota,0,100,0.4779453087073623
356,0.0,0.8567874806952757,0.0,0.2,ml100k,itemknn,balanced_quota,0,100,0.3701812328543463
365,0.0,0.8774876999505482,0.0,0.2,ml100k,itemknn,balanced_quota,0,100,0.2852858824227892
373,0.0,0.8864469269484198,0.0,0.2,ml100k,itemknn,balanced_quota,0,100,0.2716743573209776
387,0.0,0.9716548983731575,0.0,0.2,ml100k,itemknn,balanced_quota,0,100,0.3163153930098821
412,1.0,0.9405309635692796,1.0,0.2,ml100k,itemknn,balanced_quota,0,100,0.4302821698061208
424,0.3868528072345416,0.8840409715076497,1.0,0.2,ml100k,itemknn,balanced_quota,0,100,0.4500385760419138
431,0.0,0.8815682730307527,0.0,0.2,ml100k,itemknn,balanced_quota,0,100,0.3909090433265116
432,0.0,0.8043921236686387,0.0,0.2,ml100k,itemknn,balanced_quota,0,100,0.2850756657643462
445,0.0,0.9098354386886652,0.0,0.2,ml100k,itemknn,balanced_quota,0,100,0.3784736621284894
467,0.0,0.9235688351715388,0.0,0.2,ml100k,itemknn,balanced_quota,0,100,0.4281654188819416
468,0.0,0.900524646510552,0.0,0.2,ml100k,itemknn,balanced_quota,0,100,0.3368525692405846
469,0.0,0.92086429307757,0.0,0.2,ml100k,itemknn,balanced_quota,0,100,0.3993203791765771
475,0.0,0.8649155839972811,0.0,0.2,ml100k,itemknn,balanced_quota,0,100,0.4392135024830014
479,0.0,0.945511207733996,0.0,0.2,ml100k,itemknn,balanced_quota,0,100,0.4589974850225578
482,0.0,0.780264177288341,0.0,0.2,ml100k,itemknn,balanced_quota,0,100,0.3242713548997066
489,0.0,0.9405017997957406,0.0,0.2,ml100k,itemknn,balanced_quota,0,100,0.3581683721076427
519,0.0,0.9464713710334748,0.0,0.2,ml100k,itemknn,balanced_quota,0,100,0.4768557677391195
526,0.3868528072345416,0.9485122622309684,1.0,0.2,ml100k,itemknn,balanced_quota,0,100,0.4686331588678976
528,0.0,0.9297524329954806,0.0,0.2,ml100k,itemknn,balanced_quota,0,100,0.471361793102806
538,0.0,0.924158337985836,0.0,0.2,ml100k,itemknn,balanced_quota,0,100,0.4622391871447266
543,0.0,0.9243663189143226,0.0,0.2,ml100k,itemknn,balanced_quota,0,100,0.2756249152557857
549,0.0,0.9211331173446632,0.0,0.2,ml100k,itemknn,balanced_quota,0,100,0.3834792883349261
552,0.0,0.9077493034595342,0.0,0.2,ml100k,itemknn,balanced_quota,0,100,0.4049517568062
554,0.0,0.891053242406751,0.0,0.2,ml100k,itemknn,balanced_quota,0,100,0.3738824996919221
576,0.0,0.9336210560125172,0.0,0.2,ml100k,itemknn,balanced_quota,0,100,0.3473707961541951
580,0.0,0.9296896129325424,0.0,0.2,ml100k,itemknn,balanced_quota,0,100,0.4963948618864223
585,0.0,0.9093824620447136,0.0,0.2,ml100k,itemknn,balanced_quota,0,100,0.2685305106166283
587,0.5,0.9198696230234612,1.0,0.2,ml100k,itemknn,balanced_quota,0,100,0.3244487787330555
596,0.0,0.9255749728698944,0.0,0.2,ml100k,itemknn,balanced_quota,0,100,0.4050971862404743
617,0.0,0.7954594933222364,0.0,0.2,ml100k,itemknn,balanced_quota,0,100,0.2457472440635303
621,0.0,0.8620274214156277,0.0,0.2,ml100k,itemknn,balanced_quota,0,100,0.3724141582861199
623,0.0,0.8582570177692664,0.0,0.2,ml100k,itemknn,balanced_quota,0,100,0.3756695036462237
626,0.0,0.9037040089550284,0.0,0.2,ml100k,itemknn,balanced_quota,0,100,0.4572197523620025
636,0.0,0.9111070979243664,0.0,0.2,ml100k,itemknn,balanced_quota,0,100,0.3923534040309986
637,0.0,0.8747230550724737,0.0,0.2,ml100k,itemknn,balanced_quota,0,100,0.2443997061577341
657,0.0,0.9299111017174232,0.0,0.2,ml100k,itemknn,balanced_quota,0,100,0.4919487444978851
659,0.0,0.9154567229278496,0.0,0.2,ml100k,itemknn,balanced_quota,0,100,0.4260726606736135
666,0.0,0.8570625268090958,0.0,0.2,ml100k,itemknn,balanced_quota,0,100,0.2995252357500901
667,0.0,0.9464284549274524,0.0,0.2,ml100k,itemknn,balanced_quota,0,100,0.4534367371081074
669,0.3154648767857287,0.934819060860533,1.0,0.2,ml100k,itemknn,balanced_quota,0,100,0.325593861222575
683,0.0,0.9052118359369036,0.0,0.2,ml100k,itemknn,balanced_quota,0,100,0.344795894710594
693,0.0,0.9142867193728008,0.0,0.2,ml100k,itemknn,balanced_quota,0,100,0.4599315444950256
705,0.0,0.9700313192342638,0.0,0.2,ml100k,itemknn,balanced_quota,0,100,0.4656443502289696
708,0.0,0.9203582167960896,0.0,0.2,ml100k,itemknn,balanced_quota,0,100,0.4680316839386665
717,0.0,0.9516195005660124,0.0,0.2,ml100k,itemknn,balanced_quota,0,100,0.4601845777594043
722,0.0,0.8984104231651466,0.0,0.2,ml100k,itemknn,balanced_quota,0,100,0.4178719622473095
739,0.0,0.9381865182886564,0.0,0.2,ml100k,itemknn,balanced_quota,0,100,0.4077199357843643
745,0.0,0.9241570465626398,0.0,0.2,ml100k,itemknn,balanced_quota,0,100,0.3714063070559358
757,0.0,0.9558369789332862,0.0,0.2,ml100k,itemknn,balanced_quota,0,100,0.4698669862477899
759,0.0,0.9379328573908168,0.0,0.2,ml100k,itemknn,balanced_quota,0,100,0.2771213411147978
771,0.0,0.9466430041641404,0.0,0.2,ml100k,itemknn,balanced_quota,0,100,0.4155837671554007
780,0.0,0.950281767715718,0.0,0.2,ml100k,itemknn,balanced_quota,0,100,0.2938441303172608
785,0.0,0.8921258479235672,0.0,0.2,ml100k,itemknn,balanced_quota,0,100,0.4328392184047392
794,0.0,0.906874099078274,0.0,0.2,ml100k,itemknn,balanced_quota,0,100,0.4666173350494532
806,0.0,0.8788127076572814,0.0,0.2,ml100k,itemknn,balanced_quota,0,100,0.3738490807033621
817,0.0,0.9536841391865972,0.0,0.2,ml100k,itemknn,balanced_quota,0,100,0.4616903356499355
832,0.0,0.9025368133735572,0.0,0.2,ml100k,itemknn,balanced_quota,0,100,0.4756643679452063
856,0.0,0.8318097850586088,0.0,0.2,ml100k,itemknn,balanced_quota,0,100,0.3770053488557718
860,0.0,0.9196183927342484,0.0,0.2,ml100k,itemknn,balanced_quota,0,100,0.4397033121365549
869,0.0,0.9273067691079018,0.0,0.2,ml100k,itemknn,balanced_quota,0,100,0.3970424289688594
881,0.0,0.899036504808712,0.0,0.2,ml100k,itemknn,balanced_quota,0,100,0.4256890834250387
894,0.0,0.9082217254870684,0.0,0.2,ml100k,itemknn,balanced_quota,0,100,0.4527162696927297
913,0.0,0.9131200705189412,0.0,0.2,ml100k,itemknn,balanced_quota,0,100,0.4478029108111491
934,0.0,0.8866689644452946,0.0,0.2,ml100k,itemknn,balanced_quota,0,100,0.4062117619217484
2,0.0,0.8298649215944426,0.0,0.2,ml100k,itemknn,qubo_feasible,0,100,0.1964376461409248
4,0.0,0.6375429719724849,0.0,0.2,ml100k,itemknn,qubo_feasible,0,100,0.2226051214829339
7,0.0,0.8421865124773318,0.0,0.2,ml100k,itemknn,qubo_feasible,0,100,0.2491395996756807
14,0.0,0.8214964658602719,0.0,0.2,ml100k,itemknn,qubo_feasible,0,100,0.2059617001676642
19,0.0,0.7207725466310401,0.0,0.2,ml100k,itemknn,qubo_feasible,0,100,0.2623240104206315
25,0.0,0.7890028816752417,0.0,0.2,ml100k,itemknn,qubo_feasible,0,100,0.3367401194239396
29,0.0,0.7902141679746976,0.0,0.2,ml100k,itemknn,qubo_feasible,0,100,0.3501080233686125
34,0.0,0.5186438226680168,0.0,0.2,ml100k,itemknn,qubo_feasible,0,100,0.0929891795450583
45,0.0,0.7209297919928175,0.0,0.2,ml100k,itemknn,qubo_feasible,0,100,0.3078671785472342
63,0.0,0.8320722657002445,0.0,0.2,ml100k,itemknn,qubo_feasible,0,100,0.3916572414281716
67,0.0,0.7661710998571022,0.0,0.2,ml100k,itemknn,qubo_feasible,0,100,0.3552843197780246
70,0.0,0.7943738310654961,0.0,0.2,ml100k,itemknn,qubo_feasible,0,100,0.3543872970354939
78,0.0,0.8174762281800874,0.0,0.2,ml100k,itemknn,qubo_feasible,0,100,0.327775930655906
79,0.0,0.8728291209536508,0.0,0.2,ml100k,itemknn,qubo_feasible,0,100,0.2409893576229481
110,0.430676558073393,0.7896357216840083,1.0,0.2,ml100k,itemknn,qubo_feasible,0,100,0.2882098559285641
122,1.0,0.8183573643322458,1.0,0.2,ml100k,itemknn,qubo_feasible,0,100,0.3019907101832941
149,0.0,0.7570787776628012,0.0,0.2,ml100k,itemknn,qubo_feasible,0,100,0.3470199739536547
153,0.0,0.8261691422854017,0.0,0.2,ml100k,itemknn,qubo_feasible,0,100,0.3776530481832174
212,0.0,0.6731667823306587,0.0,0.2,ml100k,itemknn,qubo_feasible,0,100,0.2842733748937926
228,0.0,0.7196960763303867,0.0,0.2,ml100k,itemknn,qubo_feasible,0,100,0.2345134306734902
229,0.0,0.6904424748665947,0.0,0.2,ml100k,itemknn,qubo_feasible,0,100,0.2432650971913208
235,0.6309297535714575,0.8115820317418844,1.0,0.2,ml100k,itemknn,qubo_feasible,0,100,0.3329778829864085
239,0.0,0.644968093952798,0.0,0.2,ml100k,itemknn,qubo_feasible,0,100,0.310338620709129
247,0.0,0.8073741711148034,0.0,0.2,ml100k,itemknn,qubo_feasible,0,100,0.3618171479368816
261,0.0,0.6340809048480617,0.0,0.2,ml100k,itemknn,qubo_feasible,0,100,0.1973368979983132
264,0.0,0.8241064770746931,0.0,0.2,ml100k,itemknn,qubo_feasible,0,100,0.3774130732866408
283,0.0,0.6974894043268206,0.0,0.2,ml100k,itemknn,qubo_feasible,0,100,0.2836280205859527
298,0.0,0.7884892216015416,0.0,0.2,ml100k,itemknn,qubo_feasible,0,100,0.3613302082667383
306,0.0,0.819054559576106,0.0,0.2,ml100k,itemknn,qubo_feasible,0,100,0.4034755656521143
314,0.0,0.83674311406318,0.0,0.2,ml100k,itemknn,qubo_feasible,0,100,0.3907755209304075
330,0.0,0.7978314962273101,0.0,0.2,ml100k,itemknn,qubo_feasible,0,100,0.3403540703290754
341,0.0,0.5457178788538469,0.0,0.2,ml100k,itemknn,qubo_feasible,0,100,0.1701861643921472
342,0.0,0.7026678095968033,0.0,0.2,ml100k,itemknn,qubo_feasible,0,100,0.2438895328984122
343,0.0,0.8724293789814597,0.0,0.2,ml100k,itemknn,qubo_feasible,0,100,0.2353972152652428
352,0.0,0.5789417744016653,0.0,0.2,ml100k,itemknn,qubo_feasible,0,100,0.1278812987123079
355,0.0,0.8861707732470554,0.0,0.2,ml100k,itemknn,qubo_feasible,0,100,0.4150337922635346
356,0.0,0.7082522748570225,0.0,0.2,ml100k,itemknn,qubo_feasible,0,100,0.2764505465489159
365,0.430676558073393,0.7467109188695685,1.0,0.2,ml100k,itemknn,qubo_feasible,0,100,0.1760769587125736
373,0.0,0.651945845110484,0.0,0.2,ml100k,itemknn,qubo_feasible,0,100,0.1811887021833719
387,0.0,0.8585226447004327,0.0,0.2,ml100k,itemknn,qubo_feasible,0,100,0.227030214073708
412,0.0,0.8276477063038139,0.0,0.2,ml100k,itemknn,qubo_feasible,0,100,0.3371058353394437
424,0.6309297535714575,0.7799148262233921,1.0,0.2,ml100k,itemknn,qubo_feasible,0,100,0.3704124195048753
431,0.0,0.5990359099455828,0.0,0.2,ml100k,itemknn,qubo_feasible,0,100,0.2228813521020864
432,0.0,0.6448663784526447,0.0,0.2,ml100k,itemknn,qubo_feasible,0,100,0.1601939075089545
445,0.0,0.798802199438049,0.0,0.2,ml100k,itemknn,qubo_feasible,0,100,0.3024848600545711
467,0.0,0.7934854159152398,0.0,0.2,ml100k,itemknn,qubo_feasible,0,100,0.3394073653164193
468,0.0,0.7610816788964292,0.0,0.2,ml100k,itemknn,qubo_feasible,0,100,0.2260426944285089
469,0.0,0.685352532313589,0.0,0.2,ml100k,itemknn,qubo_feasible,0,100,0.2838543760984198
475,0.0,0.7229343723002742,0.0,0.2,ml100k,itemknn,qubo_feasible,0,100,0.3379993327029619
479,0.0,0.8437087213765828,0.0,0.2,ml100k,itemknn,qubo_feasible,0,100,0.3753153656690701
482,0.0,0.5577881556392115,0.0,0.2,ml100k,itemknn,qubo_feasible,0,100,0.178191937361394
489,0.0,0.8300933053936529,0.0,0.2,ml100k,itemknn,qubo_feasible,0,100,0.2811134176064817
519,0.0,0.792141352718705,0.0,0.2,ml100k,itemknn,qubo_feasible,0,100,0.3666595754655327
526,0.0,0.8398723638669822,0.0,0.2,ml100k,itemknn,qubo_feasible,0,100,0.3847450788627997
528,0.0,0.830344440521813,0.0,0.2,ml100k,itemknn,qubo_feasible,0,100,0.4168913044516516
538,0.0,0.8667048960809515,0.0,0.2,ml100k,itemknn,qubo_feasible,0,100,0.4245588771088789
543,0.0,0.8396836564804355,0.0,0.2,ml100k,itemknn,qubo_feasible,0,100,0.2189837960673022
549,0.0,0.8486653171455021,0.0,0.2,ml100k,itemknn,qubo_feasible,0,100,0.3420426740664392
552,0.0,0.8304091919105299,0.0,0.2,ml100k,itemknn,qubo_feasible,0,100,0.3434774699932321
554,0.0,0.8140863842154903,0.0,0.2,ml100k,itemknn,qubo_feasible,0,100,0.3190147524386647
576,0.0,0.7699130856014502,0.0,0.2,ml100k,itemknn,qubo_feasible,0,100,0.2660716105364277
580,0.0,0.7171682140702585,0.0,0.2,ml100k,itemknn,qubo_feasible,0,100,0.3308148509437644
585,0.0,0.8170942700255325,0.0,0.2,ml100k,itemknn,qubo_feasible,0,100,0.2325830771370449
587,1.0,0.8289586792886688,1.0,0.2,ml100k,itemknn,qubo_feasible,0,100,0.2633073004360716
596,0.3333333333333333,0.8000840110715333,1.0,0.2,ml100k,itemknn,qubo_feasible,0,100,0.3370476282602663
617,0.0,0.6044787665700864,0.0,0.2,ml100k,itemknn,qubo_feasible,0,100,0.1439284305622249
621,0.0,0.7600417713516132,0.0,0.2,ml100k,itemknn,qubo_feasible,0,100,0.312210669508069
623,0.0,0.6071382224113536,0.0,0.2,ml100k,itemknn,qubo_feasible,0,100,0.2434379057032588
626,0.0,0.7293856851518952,0.0,0.2,ml100k,itemknn,qubo_feasible,0,100,0.2753598464861388
636,0.0,0.7739233563411969,0.0,0.2,ml100k,itemknn,qubo_feasible,0,100,0.310139623811095
637,0.0,0.8271532659148179,0.0,0.2,ml100k,itemknn,qubo_feasible,0,100,0.2223039049444784
657,0.0,0.778134078923719,0.0,0.2,ml100k,itemknn,qubo_feasible,0,100,0.3843262788758949
659,0.0,0.736130934810005,0.0,0.2,ml100k,itemknn,qubo_feasible,0,100,0.3227671765395084
666,0.0,0.7213684050049824,0.0,0.2,ml100k,itemknn,qubo_feasible,0,100,0.2117689511624774
667,0.0,0.7829235217874233,0.0,0.2,ml100k,itemknn,qubo_feasible,0,100,0.3517133490646304
669,0.3562071871080222,0.8365126779046226,1.0,0.2,ml100k,itemknn,qubo_feasible,0,100,0.2590408727664063
683,0.0,0.7970530376106946,0.0,0.2,ml100k,itemknn,qubo_feasible,0,100,0.289942588357658
693,0.0,0.8040302778284651,0.0,0.2,ml100k,itemknn,qubo_feasible,0,100,0.3886814335962249
705,0.0,0.8811852172313761,0.0,0.2,ml100k,itemknn,qubo_feasible,0,100,0.4115974293782877
708,0.3333333333333333,0.8264047391201369,1.0,0.2,ml100k,itemknn,qubo_feasible,0,100,0.390105132975189
717,0.0,0.8724163417365796,0.0,0.2,ml100k,itemknn,qubo_feasible,0,100,0.3963960384058467
722,0.0,0.7823238811582968,0.0,0.2,ml100k,itemknn,qubo_feasible,0,100,0.3315667580962176
739,0.0,0.7436045258192397,0.0,0.2,ml100k,itemknn,qubo_feasible,0,100,0.3035757016109426
745,0.0,0.6913489820304425,0.0,0.2,ml100k,itemknn,qubo_feasible,0,100,0.2260284230184349
757,0.0,0.8096785822345599,0.0,0.2,ml100k,itemknn,qubo_feasible,0,100,0.3405416962283192
759,0.0,0.9128173809082945,0.0,0.2,ml100k,itemknn,qubo_feasible,0,100,0.2648926590166656
771,0.0,0.9027020489825084,0.0,0.2,ml100k,itemknn,qubo_feasible,0,100,0.3916905811858138
780,0.0,0.8005463499504222,0.0,0.2,ml100k,itemknn,qubo_feasible,0,100,0.217735940140412
785,0.0,0.7179790113726267,0.0,0.2,ml100k,itemknn,qubo_feasible,0,100,0.3063307219108342
794,0.0,0.839448478937356,0.0,0.2,ml100k,itemknn,qubo_feasible,0,100,0.4160238811223947
806,0.0,0.6307959563104488,0.0,0.2,ml100k,itemknn,qubo_feasible,0,100,0.2663009381096468
817,0.0,0.8026173184902694,0.0,0.2,ml100k,itemknn,qubo_feasible,0,100,0.3661481398588685
832,0.0,0.8438460645364553,0.0,0.2,ml100k,itemknn,qubo_feasible,0,100,0.4314530388944109
856,0.0,0.6853652030695055,0.0,0.2,ml100k,itemknn,qubo_feasible,0,100,0.2750715648517106
860,0.0,0.8460597218236112,0.0,0.2,ml100k,itemknn,qubo_feasible,0,100,0.3419004784683147
869,0.0,0.8247395158526456,0.0,0.2,ml100k,itemknn,qubo_feasible,0,100,0.3277782897796731
881,0.0,0.7385651231918825,0.0,0.2,ml100k,itemknn,qubo_feasible,0,100,0.3222964021987398
894,0.0,0.8266902467971968,0.0,0.2,ml100k,itemknn,qubo_feasible,0,100,0.3793295631927759
913,0.0,0.7351345601150284,0.0,0.2,ml100k,itemknn,qubo_feasible,0,100,0.3054175452693194
934,0.0,0.7269345015775764,0.0,0.2,ml100k,itemknn,qubo_feasible,0,100,0.2775772154615363
2,0.0,0.8435806611402429,0.0,0.2,ml100k,itemknn,qubo_tabu,0,100,0.1904449875191251
4,0.0,0.7156548344384394,0.0,0.2,ml100k,itemknn,qubo_tabu,0,100,0.2319468299112672
7,0.0,0.8735979365629252,0.0,0.2,ml100k,itemknn,qubo_tabu,0,100,0.2439552087735482
14,0.6309297535714575,0.8463808969245783,1.0,0.2,ml100k,itemknn,qubo_tabu,0,100,0.215988300835615
19,0.0,0.6985032845839425,0.0,0.2,ml100k,itemknn,qubo_tabu,0,100,0.2490565799079319
25,0.0,0.8214376203459915,0.0,0.2,ml100k,itemknn,qubo_tabu,0,100,0.344752791018967
29,0.0,0.8098999437929246,0.0,0.2,ml100k,itemknn,qubo_tabu,0,100,0.3453019993197755
34,0.0,0.7477531465471026,0.0,0.2,ml100k,itemknn,qubo_tabu,0,100,0.1190997986251638
45,0.0,0.823864987257101,0.0,0.2,ml100k,itemknn,qubo_tabu,0,100,0.3459854460088192
63,0.0,0.8219779343542163,0.0,0.2,ml100k,itemknn,qubo_tabu,0,100,0.3840645227782381
67,0.0,0.8165951785785202,0.0,0.2,ml100k,itemknn,qubo_tabu,0,100,0.3556542873840165
70,0.0,0.8477731145968842,0.0,0.2,ml100k,itemknn,qubo_tabu,0,100,0.3716885193324354
78,0.3333333333333333,0.8172604231339226,1.0,0.2,ml100k,itemknn,qubo_tabu,0,100,0.3161758582448042
79,0.0,0.9084247531565072,0.0,0.2,ml100k,itemknn,qubo_tabu,0,100,0.2555381272585002
110,0.3562071871080222,0.8345887759225487,1.0,0.2,ml100k,itemknn,qubo_tabu,0,100,0.318411376681057
122,1.0,0.8107708608062743,1.0,0.2,ml100k,itemknn,qubo_tabu,0,100,0.2822416420067127
149,0.0,0.8129477555099759,0.0,0.2,ml100k,itemknn,qubo_tabu,0,100,0.35671035517776
153,0.0,0.8260337102519006,0.0,0.2,ml100k,itemknn,qubo_tabu,0,100,0.3661139978876727
212,0.0,0.7357246904082478,0.0,0.2,ml100k,itemknn,qubo_tabu,0,100,0.2985966881746543
228,0.0,0.8054862557236372,0.0,0.2,ml100k,itemknn,qubo_tabu,0,100,0.2577144993851706
229,0.0,0.676469184453709,0.0,0.2,ml100k,itemknn,qubo_tabu,0,100,0.2153307577425989
235,0.430676558073393,0.8840554699806371,1.0,0.2,ml100k,itemknn,qubo_tabu,0,100,0.3744397798666239
239,0.0,0.7018520591349713,0.0,0.2,ml100k,itemknn,qubo_tabu,0,100,0.3405542910499527
247,0.0,0.8349276756670836,0.0,0.2,ml100k,itemknn,qubo_tabu,0,100,0.3578057769264752
261,0.0,0.7555527496531985,0.0,0.2,ml100k,itemknn,qubo_tabu,0,100,0.2380553250437071
264,0.0,0.8637835771737578,0.0,0.2,ml100k,itemknn,qubo_tabu,0,100,0.3766549902631689
283,0.0,0.656852389678164,0.0,0.2,ml100k,itemknn,qubo_tabu,0,100,0.2702626658394276
298,0.0,0.835538681269013,0.0,0.2,ml100k,itemknn,qubo_tabu,0,100,0.3988365541146468
306,0.0,0.8501083847558917,0.0,0.2,ml100k,itemknn,qubo_tabu,0,100,0.435363508111637
314,0.0,0.8518086271539279,0.0,0.2,ml100k,itemknn,qubo_tabu,0,100,0.3882985960882154
330,0.0,0.7980110014803204,0.0,0.2,ml100k,itemknn,qubo_tabu,0,100,0.3320535482231117
341,0.0,0.5633267433076502,0.0,0.2,ml100k,itemknn,qubo_tabu,0,100,0.163888747047826
342,0.0,0.6664110602252634,0.0,0.2,ml100k,itemknn,qubo_tabu,0,100,0.2230989146833205
343,0.0,0.9200181043821036,0.0,0.2,ml100k,itemknn,qubo_tabu,0,100,0.2476326638442905
352,0.0,0.5940636280090342,0.0,0.2,ml100k,itemknn,qubo_tabu,0,100,0.1066270230244495
355,0.0,0.8794196839892781,0.0,0.2,ml100k,itemknn,qubo_tabu,0,100,0.4006570590988562
356,0.0,0.7716967176365904,0.0,0.2,ml100k,itemknn,qubo_tabu,0,100,0.2885747029896368
365,0.430676558073393,0.7489616314212727,1.0,0.2,ml100k,itemknn,qubo_tabu,0,100,0.1768270635849545
373,0.0,0.6952416547203076,0.0,0.2,ml100k,itemknn,qubo_tabu,0,100,0.158217826353017
387,0.0,0.8908376631630932,0.0,0.2,ml100k,itemknn,qubo_tabu,0,100,0.2413003849689059
412,0.0,0.8619963676429134,0.0,0.2,ml100k,itemknn,qubo_tabu,0,100,0.3375655750605546
424,0.6309297535714575,0.8121180258774798,1.0,0.2,ml100k,itemknn,qubo_tabu,0,100,0.3887038761783523
431,0.0,0.6673064432841705,0.0,0.2,ml100k,itemknn,qubo_tabu,0,100,0.2254414765261172
432,0.0,0.6976756106337197,0.0,0.2,ml100k,itemknn,qubo_tabu,0,100,0.1616103136439695
445,0.0,0.839864862718567,0.0,0.2,ml100k,itemknn,qubo_tabu,0,100,0.3082651047212243
467,0.0,0.8175714183860434,0.0,0.2,ml100k,itemknn,qubo_tabu,0,100,0.3488306197183813
468,0.0,0.850242339074007,0.0,0.2,ml100k,itemknn,qubo_tabu,0,100,0.2704166924671237
469,0.0,0.7461068892543532,0.0,0.2,ml100k,itemknn,qubo_tabu,0,100,0.2771114595270481
475,0.0,0.7942495740571376,0.0,0.2,ml100k,itemknn,qubo_tabu,0,100,0.3503167762811526
479,0.0,0.9066201568648684,0.0,0.2,ml100k,itemknn,qubo_tabu,0,100,0.409201594016358
482,0.0,0.560653596899334,0.0,0.2,ml100k,itemknn,qubo_tabu,0,100,0.1655618876818202
489,0.0,0.9060375043790928,0.0,0.2,ml100k,itemknn,qubo_tabu,0,100,0.3286199929229754
519,0.0,0.825977108130698,0.0,0.2,ml100k,itemknn,qubo_tabu,0,100,0.3543509397655932
526,0.0,0.8899808697172699,0.0,0.2,ml100k,itemknn,qubo_tabu,0,100,0.4116845404299705
528,0.0,0.7938034850840382,0.0,0.2,ml100k,itemknn,qubo_tabu,0,100,0.3782197457927512
538,0.0,0.8780141633867521,0.0,0.2,ml100k,itemknn,qubo_tabu,0,100,0.4244506577197585
543,0.0,0.8754697944506564,0.0,0.2,ml100k,itemknn,qubo_tabu,0,100,0.2254676311793538
549,0.0,0.8748803108033505,0.0,0.2,ml100k,itemknn,qubo_tabu,0,100,0.345462084424433
552,0.0,0.8534112212806668,0.0,0.2,ml100k,itemknn,qubo_tabu,0,100,0.3455895523097178
554,0.3868528072345416,0.8266761132282022,1.0,0.2,ml100k,itemknn,qubo_tabu,0,100,0.3187864514628131
576,0.0,0.8424827119553264,0.0,0.2,ml100k,itemknn,qubo_tabu,0,100,0.2805590638470845
580,0.0,0.7973784050638607,0.0,0.2,ml100k,itemknn,qubo_tabu,0,100,0.3637111580895535
585,0.0,0.8294894358806548,0.0,0.2,ml100k,itemknn,qubo_tabu,0,100,0.2307741937279892
587,0.6309297535714575,0.86228901199928,1.0,0.2,ml100k,itemknn,qubo_tabu,0,100,0.2639821058891852
596,0.3154648767857287,0.8358392892624694,1.0,0.2,ml100k,itemknn,qubo_tabu,0,100,0.3424186189186444
617,0.0,0.5950157853675446,0.0,0.2,ml100k,itemknn,qubo_tabu,0,100,0.1332778406547448
621,0.0,0.7715643593113714,0.0,0.2,ml100k,itemknn,qubo_tabu,0,100,0.3050558211705084
623,0.0,0.6341463226001808,0.0,0.2,ml100k,itemknn,qubo_tabu,0,100,0.240397630043924
626,0.0,0.7201197294801892,0.0,0.2,ml100k,itemknn,qubo_tabu,0,100,0.2556132935866996
636,0.0,0.8282047718084846,0.0,0.2,ml100k,itemknn,qubo_tabu,0,100,0.3375275190117182
637,0.0,0.8478647667149433,0.0,0.2,ml100k,itemknn,qubo_tabu,0,100,0.2170027109644882
657,0.0,0.8347750315045731,0.0,0.2,ml100k,itemknn,qubo_tabu,0,100,0.4000988813426323
659,0.0,0.768115835097834,0.0,0.2,ml100k,itemknn,qubo_tabu,0,100,0.3217595810272747
666,0.0,0.7412286995775992,0.0,0.2,ml100k,itemknn,qubo_tabu,0,100,0.1959821078669834
667,0.0,0.8810688997679,0.0,0.2,ml100k,itemknn,qubo_tabu,0,100,0.3874484202474909
669,0.3562071871080222,0.859118514383068,1.0,0.2,ml100k,itemknn,qubo_tabu,0,100,0.2580268441818844
683,0.0,0.8797608083397317,0.0,0.2,ml100k,itemknn,qubo_tabu,0,100,0.3204413750805451
693,0.0,0.8152288428570539,0.0,0.2,ml100k,itemknn,qubo_tabu,0,100,0.3852320989815401
705,0.0,0.8993647489355846,0.0,0.2,ml100k,itemknn,qubo_tabu,0,100,0.404606852834475
708,0.3562071871080222,0.8178938663734707,1.0,0.2,ml100k,itemknn,qubo_tabu,0,100,0.3785731783577424
717,0.0,0.8522151648844968,0.0,0.2,ml100k,itemknn,qubo_tabu,0,100,0.3863592543034774
722,0.0,0.8058422057936213,0.0,0.2,ml100k,itemknn,qubo_tabu,0,100,0.3269801381794736
739,0.0,0.799718643370432,0.0,0.2,ml100k,itemknn,qubo_tabu,0,100,0.3255746562095583
745,0.0,0.8174767066074762,0.0,0.2,ml100k,itemknn,qubo_tabu,0,100,0.2838595678194486
757,0.0,0.8098834131538103,0.0,0.2,ml100k,itemknn,qubo_tabu,0,100,0.3364106561453315
759,0.0,0.8997231673724636,0.0,0.2,ml100k,itemknn,qubo_tabu,0,100,0.2438702532208637
771,0.0,0.8914155271544443,0.0,0.2,ml100k,itemknn,qubo_tabu,0,100,0.3721212157691462
780,0.0,0.8337297587762831,0.0,0.2,ml100k,itemknn,qubo_tabu,0,100,0.2269450384149725
785,0.0,0.7764258329898389,0.0,0.2,ml100k,itemknn,qubo_tabu,0,100,0.3236541392641615
794,0.0,0.8599047205941,0.0,0.2,ml100k,itemknn,qubo_tabu,0,100,0.4165839360287547
806,0.0,0.7097380213710559,0.0,0.2,ml100k,itemknn,qubo_tabu,0,100,0.2703429804549457
817,0.0,0.8065015171916501,0.0,0.2,ml100k,itemknn,qubo_tabu,0,100,0.3553321735992969
832,0.0,0.8338533593193949,0.0,0.2,ml100k,itemknn,qubo_tabu,0,100,0.4183118150027931
856,0.0,0.7298398061410728,0.0,0.2,ml100k,itemknn,qubo_tabu,0,100,0.2710603668089434
860,0.0,0.8374904796823112,0.0,0.2,ml100k,itemknn,qubo_tabu,0,100,0.3286178998599398
869,0.0,0.8412142404697645,0.0,0.2,ml100k,itemknn,qubo_tabu,0,100,0.3238893821955231
881,0.0,0.7761244131470423,0.0,0.2,ml100k,itemknn,qubo_tabu,0,100,0.3321497825497666
894,0.0,0.875046364877426,0.0,0.2,ml100k,itemknn,qubo_tabu,0,100,0.406392373230514
913,0.0,0.7566466909629497,0.0,0.2,ml100k,itemknn,qubo_tabu,0,100,0.3176592866042068
934,0.0,0.7847284126137015,0.0,0.2,ml100k,itemknn,qubo_tabu,0,100,0.3072196532713316
2,0.3562071871080222,1.0,1.0,1.1,ml100k,als,none,0,100,
4,0.0,1.0,0.0,1.3,ml100k,als,none,0,100,
7,1.0,1.0,1.0,1.1,ml100k,als,none,0,100,
14,0.0,1.0,0.0,0.3,ml100k,als,none,0,100,
19,0.0,1.0,0.0,0.9,ml100k,als,none,0,100,
25,0.0,1.0,0.0,0.6,ml100k,als,none,0,100,
29,0.0,1.0,0.0,0.8,ml100k,als,none,0,100,
34,0.0,1.0,0.0,1.1,ml100k,als,none,0,100,
45,0.5,1.0,1.0,0.9,ml100k,als,none,0,100,
63,0.0,1.0,0.0,1.1,ml100k,als,none,0,100,
67,0.0,1.0,0.0,0.9,ml100k,als,none,0,100,
70,0.0,1.0,0.0,1.1,ml100k,als,none,0,100,
78,0.0,1.0,0.0,1.1,ml100k,als,none,0,100,
79,0.0,1.0,0.0,0.9,ml100k,als,none,0,100,
110,0.0,1.0,0.0,0.9,ml100k,als,none,0,100,
122,0.0,1.0,0.0,1.1,ml100k,als,none,0,100,
149,0.0,1.0,0.0,0.6,ml100k,als,none,0,100,
153,0.0,1.0,0.0,0.7,ml100k,als,none,0,100,
212,0.0,1.0,0.0,1.1,ml100k,als,none,0,100,
228,0.0,1.0,0.0,0.9,ml100k,als,none,0,100,
229,0.0,1.0,0.0,0.3,ml100k,als,none,0,100,
235,0.3154648767857287,1.0,1.0,0.5,ml100k,als,none,0,100,
239,0.0,1.0,0.0,0.5,ml100k,als,none,0,100,
247,0.0,1.0,0.0,1.0,ml100k,als,none,0,100,
261,0.0,1.0,0.0,0.3,ml100k,als,none,0,100,
264,0.0,1.0,0.0,1.1,ml100k,als,none,0,100,
283,0.0,1.0,0.0,0.3,ml100k,als,none,0,100,
298,0.0,1.0,0.0,1.5,ml100k,als,none,0,100,
306,0.3333333333333333,1.0,1.0,1.3,ml100k,als,none,0,100,
314,0.0,1.0,0.0,1.3,ml100k,als,none,0,100,
330,0.0,1.0,0.0,1.3,ml100k,als,none,0,100,
341,0.0,1.0,0.0,1.1,ml100k,als,none,0,100,
342,0.0,1.0,0.0,0.8,ml100k,als,none,0,100,
343,0.3333333333333333,1.0,1.0,0.8,ml100k,als,none,0,100,
352,0.0,1.0,0.0,0.2,ml100k,als,none,0,100,
355,0.0,1.0,0.0,0.6,ml100k,als,none,0,100,
356,0.0,1.0,0.0,1.0,ml100k,als,none,0,100,
365,0.2890648263178879,1.0,1.0,0.9,ml100k,als,none,0,100,
373,0.0,1.0,0.0,1.0,ml100k,als,none,0,100,
387,0.0,1.0,0.0,0.2,ml100k,als,none,0,100,
412,0.0,1.0,0.0,0.7,ml100k,als,none,0,100,
424,1.0,1.0,1.0,0.4,ml100k,als,none,0,100,
431,0.0,1.0,0.0,1.1,ml100k,als,none,0,100,
432,0.0,1.0,0.0,0.4,ml100k,als,none,0,100,
445,0.0,1.0,0.0,0.5,ml100k,als,none,0,100,
467,0.0,1.0,0.0,0.9,ml100k,als,none,0,100,
468,0.0,1.0,0.0,0.5,ml100k,als,none,0,100,
469,0.0,1.0,0.0,0.5,ml100k,als,none,0,100,
475,0.0,1.0,0.0,0.6,ml100k,als,none,0,100,
479,0.0,1.0,0.0,1.1,ml100k,als,none,0,100,
482,0.0,1.0,0.0,0.6,ml100k,als,none,0,100,
489,0.6309297535714575,1.0,1.0,0.7,ml100k,als,none,0,100,
519,0.0,1.0,0.0,0.9,ml100k,als,none,0,100,
526,0.0,1.0,0.0,1.1,ml100k,als,none,0,100,
528,0.0,1.0,0.0,1.1,ml100k,als,none,0,100,
538,0.0,1.0,0.0,1.1,ml100k,als,none,0,100,
543,0.3333333333333333,1.0,1.0,0.7,ml100k,als,none,0,100,
549,0.0,1.0,0.0,0.9,ml100k,als,none,0,100,
552,0.0,1.0,0.0,0.8,ml100k,als,none,0,100,
554,0.0,1.0,0.0,1.1,ml100k,als,none,0,100,
576,0.0,1.0,0.0,0.6,ml100k,als,none,0,100,
580,0.0,1.0,0.0,0.8,ml100k,als,none,0,100,
585,0.0,1.0,0.0,1.3,ml100k,als,none,0,100,
587,0.6309297535714575,1.0,1.0,0.9,ml100k,als,none,0,100,
596,0.0,1.0,0.0,1.3,ml100k,als,none,0,100,
617,0.0,1.0,0.0,0.6,ml100k,als,none,0,100,
621,0.0,1.0,0.0,0.8,ml100k,als,none,0,100,
623,0.0,1.0,0.0,0.9,ml100k,als,none,0,100,
626,0.0,1.0,0.0,0.7,ml100k,als,none,0,100,
636,0.0,1.0,0.0,0.7,ml100k,als,none,0,100,
637,0.0,1.0,0.0,0.5,ml100k,als,none,0,100,
657,0.0,1.0,0.0,1.3,ml100k,als,none,0,100,
659,0.0,1.0,0.0,1.3,ml100k,als,none,0,100,
666,0.0,1.0,0.0,0.8,ml100k,als,none,0,100,
667,0.0,1.0,0.0,0.7,ml100k,als,none,0,100,
669,0.3562071871080222,1.0,1.0,0.8,ml100k,als,none,0,100,
683,0.3010299956639812,1.0,1.0,1.1,ml100k,als,none,0,100,
693,0.0,1.0,0.0,1.1,ml100k,als,none,0,100,
705,0.0,1.0,0.0,0.6,ml100k,als,none,0,100,
708,0.0,1.0,0.0,1.1,ml100k,als,none,0,100,
717,0.0,1.0,0.0,0.7,ml100k,als,none,0,100,
722,0.0,1.0,0.0,0.6,ml100k,als,none,0,100,
739,0.0,1.0,0.0,1.1,ml100k,als,none,0,100,
745,0.0,1.0,0.0,0.7,ml100k,als,none,0,100,
757,0.0,1.0,0.0,0.7,ml100k,als,none,0,100,
759,0.0,1.0,0.0,1.0,ml100k,als,none,0,100,
771,0.0,1.0,0.0,0.6,ml100k,als,none,0,100,
780,0.0,1.0,0.0,0.9,ml100k,als,none,0,100,
785,0.0,1.0,0.0,1.0,ml100k,als,none,0,100,
794,0.0,1.0,0.0,1.5,ml100k,als,none,0,100,
806,0.0,1.0,0.0,0.7,ml100k,als,none,0,100,
817,1.0,1.0,1.0,0.8,ml100k,als,none,0,100,
832,0.0,1.0,0.0,1.3,ml100k,als,none,0,100,
856,0.0,1.0,0.0,0.8,ml100k,als,none,0,100,
860,0.0,1.0,0.0,0.3,ml100k,als,none,0,100,
869,0.0,1.0,0.0,1.0,ml100k,als,none,0,100,
881,0.0,1.0,0.0,0.8,ml100k,als,none,0,100,
894,0.0,1.0,0.0,0.8,ml100k,als,none,0,100,
913,0.0,1.0,0.0,0.6,ml100k,als,none,0,100,
934,0.0,1.0,0.0,0.4,ml100k,als,none,0,100,
2,0.3562071871080222,1.0,1.0,1.1,ml100k,als,greedy_topk,0,100,0.1058355995978091
4,0.0,1.0,0.0,1.3,ml100k,als,greedy_topk,0,100,0.1372681372149716
7,1.0,1.0,1.0,1.1,ml100k,als,greedy_topk,0,100,0.2555406277328763
14,0.0,1.0,0.0,0.3,ml100k,als,greedy_topk,0,100,0.2452817360340725
19,0.0,1.0,0.0,0.9,ml100k,als,greedy_topk,0,100,0.0999719082305802
25,0.0,1.0,0.0,0.6,ml100k,als,greedy_topk,0,100,0.2039469936877083
29,0.0,1.0,0.0,0.8,ml100k,als,greedy_topk,0,100,0.1806621494691552
34,0.0,1.0,0.0,1.1,ml100k,als,greedy_topk,0,100,0.0813625577149514
45,0.5,1.0,1.0,0.9,ml100k,als,greedy_topk,0,100,0.2305741905477848
63,0.0,1.0,0.0,1.1,ml100k,als,greedy_topk,0,100,0.3571626189458607
67,0.0,1.0,0.0,0.9,ml100k,als,greedy_topk,0,100,0.1924128516381706
70,0.0,1.0,0.0,1.1,ml100k,als,greedy_topk,0,100,0.3075517027145423
78,0.0,1.0,0.0,1.1,ml100k,als,greedy_topk,0,100,0.3899020457312205
79,0.0,1.0,0.0,0.9,ml100k,als,greedy_topk,0,100,0.1682514250598652
110,0.0,1.0,0.0,0.9,ml100k,als,greedy_topk,0,100,0.3811634795777341
122,0.0,1.0,0.0,1.1,ml100k,als,greedy_topk,0,100,0.1916975364323049
149,0.0,1.0,0.0,0.6,ml100k,als,greedy_topk,0,100,0.2705533071329967
153,0.0,1.0,0.0,0.7,ml100k,als,greedy_topk,0,100,0.3603187927442547
212,0.0,1.0,0.0,1.1,ml100k,als,greedy_topk,0,100,0.2125203806173231
228,0.0,1.0,0.0,0.9,ml100k,als,greedy_topk,0,100,0.2248485621214164
229,0.0,1.0,0.0,0.3,ml100k,als,greedy_topk,0,100,0.1577947041300307
235,0.3154648767857287,1.0,1.0,0.5,ml100k,als,greedy_topk,0,100,0.3510233190116002
239,0.0,1.0,0.0,0.5,ml100k,als,greedy_topk,0,100,0.0799339861843221
247,0.0,1.0,0.0,1.0,ml100k,als,greedy_topk,0,100,0.2144298389318217
261,0.0,1.0,0.0,0.3,ml100k,als,greedy_topk,0,100,0.1058164469201526
264,0.0,1.0,0.0,1.1,ml100k,als,greedy_topk,0,100,0.4006250030186765
283,0.0,1.0,0.0,0.3,ml100k,als,greedy_topk,0,100,0.117235573584999
298,0.0,1.0,0.0,1.5,ml100k,als,greedy_topk,0,100,0.204083225884477
306,0.3333333333333333,1.0,1.0,1.3,ml100k,als,greedy_topk,0,100,0.2026759787628669
314,0.0,1.0,0.0,1.3,ml100k,als,greedy_topk,0,100,0.3073990999575804
330,0.0,1.0,0.0,1.3,ml100k,als,greedy_topk,0,100,0.1706146172443425
341,0.0,1.0,0.0,1.1,ml100k,als,greedy_topk,0,100,0.1277695360055868
342,0.0,1.0,0.0,0.8,ml100k,als,greedy_topk,0,100,0.1471574294217932
343,0.3333333333333333,1.0,1.0,0.8,ml100k,als,greedy_topk,0,100,0.2035872341929924
352,0.0,1.0,0.0,0.2,ml100k,als,greedy_topk,0,100,0.0789813802274894
355,0.0,1.0,0.0,0.6,ml100k,als,greedy_topk,0,100,0.3928092319116521
356,0.0,1.0,0.0,1.0,ml100k,als,greedy_topk,0,100,0.1640256470468296
365,0.2890648263178879,1.0,1.0,0.9,ml100k,als,greedy_topk,0,100,0.1894059066371429
373,0.0,1.0,0.0,1.0,ml100k,als,greedy_topk,0,100,0.0935371462679899
387,0.0,1.0,0.0,0.2,ml100k,als,greedy_topk,0,100,0.192959697183261
412,0.0,1.0,0.0,0.7,ml100k,als,greedy_topk,0,100,0.3005481536729943
424,1.0,1.0,1.0,0.4,ml100k,als,greedy_topk,0,100,0.3186027385867622
431,0.0,1.0,0.0,1.1,ml100k,als,greedy_topk,0,100,0.218043557226749
432,0.0,1.0,0.0,0.4,ml100k,als,greedy_topk,0,100,0.0627221176208605
445,0.0,1.0,0.0,0.5,ml100k,als,greedy_topk,0,100,0.3101292039114237
467,0.0,1.0,0.0,0.9,ml100k,als,greedy_topk,0,100,0.3510840684281573
468,0.0,1.0,0.0,0.5,ml100k,als,greedy_topk,0,100,0.2919998343812747
469,0.0,1.0,0.0,0.5,ml100k,als,greedy_topk,0,100,0.2217894690416827
475,0.0,1.0,0.0,0.6,ml100k,als,greedy_topk,0,100,0.2251639121347819
479,0.0,1.0,0.0,1.1,ml100k,als,greedy_topk,0,100,0.4029391446509369
482,0.0,1.0,0.0,0.6,ml100k,als,greedy_topk,0,100,0.0913937640409082
489,0.6309297535714575,1.0,1.0,0.7,ml100k,als,greedy_topk,0,100,0.2759965594471444
519,0.0,1.0,0.0,0.9,ml100k,als,greedy_topk,0,100,0.1656580128323459
526,0.0,1.0,0.0,1.1,ml100k,als,greedy_topk,0,100,0.2658840480544138
528,0.0,1.0,0.0,1.1,ml100k,als,greedy_topk,0,100,0.3645712225137615
538,0.0,1.0,0.0,1.1,ml100k,als,greedy_topk,0,100,0.3641199405174433
543,0.3333333333333333,1.0,1.0,0.7,ml100k,als,greedy_topk,0,100,0.1665128346637631
549,0.0,1.0,0.0,0.9,ml100k,als,greedy_topk,0,100,0.3521333062109885
552,0.0,1.0,0.0,0.8,ml100k,als,greedy_topk,0,100,0.3791295563122338
554,0.0,1.0,0.0,1.1,ml100k,als,greedy_topk,0,100,0.2483199176276253
576,0.0,1.0,0.0,0.6,ml100k,als,greedy_topk,0,100,0.133314849129767
580,0.0,1.0,0.0,0.8,ml100k,als,greedy_topk,0,100,0.1602154098885521
585,0.0,1.0,0.0,1.3,ml100k,als,greedy_topk,0,100,0.1965627018695076
587,0.6309297535714575,1.0,1.0,0.9,ml100k,als,greedy_topk,0,100,0.21709910167208
596,0.0,1.0,0.0,1.3,ml100k,als,greedy_topk,0,100,0.3899763183772607
617,0.0,1.0,0.0,0.6,ml100k,als,greedy_topk,0,100,0.0428313453616961
621,0.0,1.0,0.0,0.8,ml100k,als,greedy_topk,0,100,0.2193741966558054
623,0.0,1.0,0.0,0.9,ml100k,als,greedy_topk,0,100,0.1396633825565758
626,0.0,1.0,0.0,0.7,ml100k,als,greedy_topk,0,100,0.1215255136424376
636,0.0,1.0,0.0,0.7,ml100k,als,greedy_topk,0,100,0.2966441666281508
637,0.0,1.0,0.0,0.5,ml100k,als,greedy_topk,0,100,0.177891166426696
657,0.0,1.0,0.0,1.3,ml100k,als,greedy_topk,0,100,0.341355101193298
659,0.0,1.0,0.0,1.3,ml100k,als,greedy_topk,0,100,0.2136621213934737
666,0.0,1.0,0.0,0.8,ml100k,als,greedy_topk,0,100,0.1203807436648439
667,0.0,1.0,0.0,0.7,ml100k,als,greedy_topk,0,100,0.2324002685638774
669,0.3562071871080222,1.0,1.0,0.8,ml100k,als,greedy_topk,0,100,0.3254625317507961
683,0.3010299956639812,1.0,1.0,1.1,ml100k,als,greedy_topk,0,100,0.3247083076262514
693,0.0,1.0,0.0,1.1,ml100k,als,greedy_topk,0,100,0.4501945038859532
705,0.0,1.0,0.0,0.6,ml100k,als,greedy_topk,0,100,0.3175169478629977
708,0.0,1.0,0.0,1.1,ml100k,als,greedy_topk,0,100,0.3630557681833677
717,0.0,1.0,0.0,0.7,ml100k,als,greedy_topk,0,100,0.3070634792916369
722,0.0,1.0,0.0,0.6,ml100k,als,greedy_topk,0,100,0.1475625093986702
739,0.0,1.0,0.0,1.1,ml100k,als,greedy_topk,0,100,0.4135315543093901
745,0.0,1.0,0.0,0.7,ml100k,als,greedy_topk,0,100,0.2168434555886617
757,0.0,1.0,0.0,0.7,ml100k,als,greedy_topk,0,100,0.3909902005231477
759,0.0,1.0,0.0,1.0,ml100k,als,greedy_topk,0,100,0.181784941731096
771,0.0,1.0,0.0,0.6,ml100k,als,greedy_topk,0,100,0.3494913816119924
780,0.0,1.0,0.0,0.9,ml100k,als,greedy_topk,0,100,0.2311510025490161
785,0.0,1.0,0.0,1.0,ml100k,als,greedy_topk,0,100,0.1864144056191712
794,0.0,1.0,0.0,1.5,ml100k,als,greedy_topk,0,100,0.1296595947092148
806,0.0,1.0,0.0,0.7,ml100k,als,greedy_topk,0,100,0.0921424774773366
817,1.0,1.0,1.0,0.8,ml100k,als,greedy_topk,0,100,0.206622038097452
832,0.0,1.0,0.0,1.3,ml100k,als,greedy_topk,0,100,0.4583136727707178
856,0.0,1.0,0.0,0.8,ml100k,als,greedy_topk,0,100,0.1571480804071786
860,0.0,1.0,0.0,0.3,ml100k,als,greedy_topk,0,100,0.3047507012715302
869,0.0,1.0,0.0,1.0,ml100k,als,greedy_topk,0,100,0.2249764648289064
881,0.0,1.0,0.0,0.8,ml100k,als,greedy_topk,0,100,0.2245624821637005
894,0.0,1.0,0.0,0.8,ml100k,als,greedy_topk,0,100,0.3221729039020879
913,0.0,1.0,0.0,0.6,ml100k,als,greedy_topk,0,100,0.1821659139370516
934,0.0,1.0,0.0,0.4,ml100k,als,greedy_topk,0,100,0.2257166853423198
2,0.3562071871080222,0.9945195606862032,1.0,1.1,ml100k,als,mmr,0,100,0.0841490887344577
4,0.0,0.997823792586659,0.0,1.1,ml100k,als,mmr,0,100,0.1163428689438061
7,1.0,1.0,1.0,1.1,ml100k,als,mmr,0,100,0.2555406277328763
14,0.0,0.9896324914921076,0.0,0.2,ml100k,als,mmr,0,100,0.1921683876767499
19,0.0,0.996358452117778,0.0,0.9,ml100k,als,mmr,0,100,0.0740962982390295
25,0.0,0.9951285301030092,0.0,0.5,ml100k,als,mmr,0,100,0.1706942307763156
29,0.0,0.9990039320883264,0.0,0.6,ml100k,als,mmr,0,100,0.1468657382946333
34,0.0,0.9963644710218684,0.0,1.1,ml100k,als,mmr,0,100,0.0718154751251831
45,0.5,0.9945574269459873,1.0,0.6,ml100k,als,mmr,0,100,0.1727397070488566
63,0.0,0.9921505446902608,0.0,1.0,ml100k,als,mmr,0,100,0.2928106595715985
67,0.0,1.0,0.0,0.9,ml100k,als,mmr,0,100,0.1924128516381706
70,0.0,0.9994975842570124,0.0,0.9,ml100k,als,mmr,0,100,0.2703576938223451
78,0.0,0.9917683059369998,0.0,1.1,ml100k,als,mmr,0,100,0.328377709600524
79,0.0,0.9965043981694234,0.0,0.7,ml100k,als,mmr,0,100,0.1387074906443783
110,0.0,0.9967921288891644,0.0,0.9,ml100k,als,mmr,0,100,0.3269164958654498
122,0.0,0.985617076420749,0.0,0.9,ml100k,als,mmr,0,100,0.1367052061180612
149,0.0,0.994460604645468,0.0,0.6,ml100k,als,mmr,0,100,0.1831493018586547
153,0.0,0.9938071436316758,0.0,0.6,ml100k,als,mmr,0,100,0.3171881749653342
212,0.0,0.9961750001820592,0.0,1.1,ml100k,als,mmr,0,100,0.1772278613937963
228,0.0,0.994167297473959,0.0,0.9,ml100k,als,mmr,0,100,0.1749756412481126
229,0.0,0.9926774000552068,0.0,0.4,ml100k,als,mmr,0,100,0.1085221645236047
235,0.3333333333333333,0.9914705511779532,1.0,0.5,ml100k,als,mmr,0,100,0.2618086535057998
239,0.0,0.9991854104698028,0.0,0.4,ml100k,als,mmr,0,100,0.067720325338487
247,0.0,0.9992130832736482,0.0,0.8,ml100k,als,mmr,0,100,0.1920755508039933
261,0.0,1.0,0.0,0.3,ml100k,als,mmr,0,100,0.1058164469201526
264,0.0,0.9988172833350154,0.0,1.1,ml100k,als,mmr,0,100,0.3847489602045134
283,0.0,0.999776528827938,0.0,0.2,ml100k,als,mmr,0,100,0.1064172310564352
298,0.0,0.9910946282690668,0.0,1.5,ml100k,als,mmr,0,100,0.1357313341654321
306,0.3333333333333333,0.9972389157304098,1.0,1.3,ml100k,als,mmr,0,100,0.1761778035005212
314,0.0,0.994334496994512,0.0,1.3,ml100k,als,mmr,0,100,0.2171268324294759
330,0.0,0.9976665216675336,0.0,1.3,ml100k,als,mmr,0,100,0.1480225135145431
341,0.0,0.997451706885364,0.0,0.9,ml100k,als,mmr,0,100,0.1111978696325234
342,0.0,0.9953862125495416,0.0,0.6,ml100k,als,mmr,0,100,0.1045429929087125
343,0.3333333333333333,0.9935071528450544,1.0,0.8,ml100k,als,mmr,0,100,0.1853517236801504
352,0.0,0.9981462748498876,0.0,0.2,ml100k,als,mmr,0,100,0.0661432903142648
355,0.0,0.9975304568716926,0.0,0.6,ml100k,als,mmr,0,100,0.3649616125797164
356,0.0,1.0,0.0,1.0,ml100k,als,mmr,0,100,0.1640256470468296
365,0.0,0.987920672336227,0.0,0.7,ml100k,als,mmr,0,100,0.1214904037220054
373,0.0,0.998813583368818,0.0,1.0,ml100k,als,mmr,0,100,0.0807723698559179
387,0.0,0.9557444580829751,0.0,0.4,ml100k,als,mmr,0,100,0.1000629307453952
412,0.0,0.990457909190658,0.0,0.7,ml100k,als,mmr,0,100,0.181072177800619
424,1.0,0.9941419642922634,1.0,0.8,ml100k,als,mmr,0,100,0.2478917907727875
431,0.0,0.9919318387085444,0.0,0.9,ml100k,als,mmr,0,100,0.13521014417688
432,0.0,1.0,0.0,0.4,ml100k,als,mmr,0,100,0.0627221176208605
445,0.0,0.9939500808694912,0.0,0.3,ml100k,als,mmr,0,100,0.2139748952835716
467,0.0,0.9848249779330224,0.0,0.4,ml100k,als,mmr,0,100,0.1803111867923158
468,0.0,0.9853018569146929,0.0,0.3,ml100k,als,mmr,0,100,0.205635673597303
469,0.0,0.9860383657735547,0.0,0.9,ml100k,als,mmr,0,100,0.1567612381460112
475,0.0,0.9946612404576884,0.0,0.6,ml100k,als,mmr,0,100,0.1517205936039058
479,0.0,0.9844677691358928,0.0,1.3,ml100k,als,mmr,0,100,0.2464394805850957
482,0.0,1.0,0.0,0.6,ml100k,als,mmr,0,100,0.0913937640409082
489,0.6309297535714575,0.9813269383002696,1.0,0.9,ml100k,als,mmr,0,100,0.2047426186951338
519,0.0,1.0,0.0,0.9,ml100k,als,mmr,0,100,0.1656580128323459
526,0.0,0.9989064725906472,0.0,0.9,ml100k,als,mmr,0,100,0.2490750012080504
528,0.0,0.996679559580344,0.0,0.9,ml100k,als,mmr,0,100,0.3412364227824853
538,0.0,0.9979038007590532,0.0,1.1,ml100k,als,mmr,0,100,0.3249794224854545
543,0.3562071871080222,0.9874846069177562,1.0,0.7,ml100k,als,mmr,0,100,0.121624955546215
549,0.0,0.9832002100328204,0.0,0.4,ml100k,als,mmr,0,100,0.2350934245166569
552,0.0,0.987478993523084,0.0,0.6,ml100k,als,mmr,0,100,0.2614441517127617
554,0.0,0.9936953857758352,0.0,1.1,ml100k,als,mmr,0,100,0.2004761753974465
576,0.0,1.0,0.0,0.6,ml100k,als,mmr,0,100,0.133314849129767
580,0.0,0.9959594230331278,0.0,0.8,ml100k,als,mmr,0,100,0.1311861278659704
585,0.0,0.9964117245794692,0.0,1.3,ml100k,als,mmr,0,100,0.1746825832712862
587,0.6309297535714575,0.9936091556435246,1.0,0.9,ml100k,als,mmr,0,100,0.1630094356153977
596,0.0,1.0,0.0,1.3,ml100k,als,mmr,0,100,0.3899763183772607
617,0.0,1.0,0.0,0.6,ml100k,als,mmr,0,100,0.0428313453616961
621,0.0,0.996859262804256,0.0,0.5,ml100k,als,mmr,0,100,0.1738910240390798
623,0.0,0.9939923494071043,0.0,0.9,ml100k,als,mmr,0,100,0.1140609958166109
626,0.0,0.9975601675788328,0.0,0.5,ml100k,als,mmr,0,100,0.0951415557735922
636,0.0,0.9914062092602705,0.0,0.6,ml100k,als,mmr,0,100,0.2459193025574349
637,0.0,1.0,0.0,0.5,ml100k,als,mmr,0,100,0.177891166426696
657,0.0,0.9713915229720292,0.0,1.1,ml100k,als,mmr,0,100,0.1977223298343794
659,0.0,0.996057829889442,0.0,1.1,ml100k,als,mmr,0,100,0.194150555716109
666,0.0,0.9997748859943728,0.0,0.8,ml100k,als,mmr,0,100,0.1125978775873909
667,0.0,0.9962373912158108,0.0,0.6,ml100k,als,mmr,0,100,0.2073270251845612
669,0.3562071871080222,0.9919065796662908,1.0,0.6,ml100k,als,mmr,0,100,0.2580668841534068
683,0.0,0.9906733415680432,0.0,0.8,ml100k,als,mmr,0,100,0.285663863064974
693,0.0,1.0,0.0,1.1,ml100k,als,mmr,0,100,0.4501945038859532
705,0.0,0.996235782084282,0.0,0.6,ml100k,als,mmr,0,100,0.2912235193381523
708,0.0,0.9953839162976832,0.0,1.1,ml100k,als,mmr,0,100,0.3213898994776235
717,0.0,0.9978346666583272,0.0,0.7,ml100k,als,mmr,0,100,0.2805173317705203
722,0.0,0.9986305597378138,0.0,0.8,ml100k,als,mmr,0,100,0.132477395006321
739,0.0,0.9945830728500814,0.0,0.9,ml100k,als,mmr,0,100,0.3221716261709229
745,0.0,0.9930094203500618,0.0,0.6,ml100k,als,mmr,0,100,0.1336970111715891
757,0.0,0.999689787018154,0.0,0.9,ml100k,als,mmr,0,100,0.3812905201239759
759,0.0,1.0,0.0,1.0,ml100k,als,mmr,0,100,0.181784941731096
771,0.0,0.99046136812383,0.0,0.4,ml100k,als,mmr,0,100,0.2613293419740148
780,0.0,0.9945120264881492,0.0,1.0,ml100k,als,mmr,0,100,0.1891296379295967
785,0.0,0.9967893495980004,0.0,1.0,ml100k,als,mmr,0,100,0.1429005051393752
794,0.0,0.9975890357257444,0.0,1.5,ml100k,als,mmr,0,100,0.1119127713016123
806,0.0,1.0,0.0,0.7,ml100k,als,mmr,0,100,0.0921424774773366
817,1.0,0.9965317975402582,1.0,0.8,ml100k,als,mmr,0,100,0.1839578149184398
832,0.0,0.9955582127056782,0.0,1.3,ml100k,als,mmr,0,100,0.4110356124016593
856,0.0,0.9879984614943548,0.0,0.8,ml100k,als,mmr,0,100,0.1044879697502653
860,0.0,0.997405177506757,0.0,0.4,ml100k,als,mmr,0,100,0.2518689459545544
869,0.0,0.9967248422896318,0.0,1.0,ml100k,als,mmr,0,100,0.1963680454447793
881,0.0,0.994099603478276,0.0,0.8,ml100k,als,mmr,0,100,0.1610330880314173
894,0.0,0.9945026163092522,0.0,0.6,ml100k,als,mmr,0,100,0.282493308819908
913,0.0,0.9986674005440216,0.0,0.8,ml100k,als,mmr,0,100,0.1592050280497361
934,0.0,0.9978122461284584,0.0,0.3,ml100k,als,mmr,0,100,0.1919531972402549
2,0.0,0.9549270318439024,0.0,0.3,ml100k,als,quota_mmr,0,100,0.0829091737408467
4,0.0,0.9241249254751508,0.0,0.3,ml100k,als,quota_mmr,0,100,0.1297429681661615
7,1.0,0.939483720016268,1.0,0.2,ml100k,als,quota_mmr,0,100,0.1783746348452719
14,0.0,0.9896324914921076,0.0,0.2,ml100k,als,quota_mmr,0,100,0.1921683876767499
19,0.0,0.9824461530769406,0.0,0.3,ml100k,als,quota_mmr,0,100,0.0958571668161651
25,0.0,0.9811545140058644,0.0,0.3,ml100k,als,quota_mmr,0,100,0.1568715418661437
29,0.0,0.9830727013044972,0.0,0.3,ml100k,als,quota_mmr,0,100,0.1281090880077646
34,0.0,0.9776717285587616,0.0,0.2,ml100k,als,quota_mmr,0,100,0.0531581185551334
45,0.5,0.9772381882841484,1.0,0.3,ml100k,als,quota_mmr,0,100,0.1633309566983222
63,0.0,0.9483807382112832,0.0,0.2,ml100k,als,quota_mmr,0,100,0.2755198261810408
67,0.0,0.9586803733657934,0.0,0.3,ml100k,als,quota_mmr,0,100,0.17071562952578
70,0.0,0.9436136410156934,0.0,0.2,ml100k,als,quota_mmr,0,100,0.2318084951243811
78,0.0,0.9311365341080788,0.0,0.3,ml100k,als,quota_mmr,0,100,0.2341621402009345
79,0.0,0.9582978978382588,0.0,0.2,ml100k,als,quota_mmr,0,100,0.1401269177447293
110,0.0,0.9344215813407742,0.0,0.2,ml100k,als,quota_mmr,0,100,0.2247115545308673
122,0.0,0.9393968321560724,0.0,0.3,ml100k,als,quota_mmr,0,100,0.0878875886485397
149,0.0,0.993429086760066,0.0,0.2,ml100k,als,quota_mmr,0,100,0.1970737140125003
153,0.0,0.9819908657819092,0.0,0.2,ml100k,als,quota_mmr,0,100,0.2749945508912768
212,0.0,0.9439824922274406,0.0,0.2,ml100k,als,quota_mmr,0,100,0.135006334910764
228,0.0,0.9708947165930352,0.0,0.2,ml100k,als,quota_mmr,0,100,0.2402650489669263
229,0.0,0.9891946859804072,0.0,0.3,ml100k,als,quota_mmr,0,100,0.1037222669306746
235,0.3562071871080222,0.989152554804162,1.0,0.3,ml100k,als,quota_mmr,0,100,0.258090194148412
239,0.0,0.9911688449118056,0.0,0.3,ml100k,als,quota_mmr,0,100,0.0695210499195279
247,0.0,0.9638451619289016,0.0,0.3,ml100k,als,quota_mmr,0,100,0.1401525626182344
261,0.0,0.9980570837536276,0.0,0.2,ml100k,als,quota_mmr,0,100,0.1015347935044482
264,0.0,0.9220503562445274,0.0,0.2,ml100k,als,quota_mmr,0,100,0.241328727410889
283,0.0,0.999776528827938,0.0,0.2,ml100k,als,quota_mmr,0,100,0.1064172310564352
298,0.0,0.8676753667267986,0.0,0.2,ml100k,als,quota_mmr,0,100,0.2556150373752428
306,0.0,0.8715420629190866,0.0,0.3,ml100k,als,quota_mmr,0,100,0.1303376226444275
314,0.0,0.9560283083704524,0.0,0.3,ml100k,als,quota_mmr,0,100,0.1740198131296612
330,0.0,0.945507833425032,0.0,0.3,ml100k,als,quota_mmr,0,100,0.1845204055155041
341,0.0,0.9735555967544772,0.0,0.2,ml100k,als,quota_mmr,0,100,0.0890267058654384
342,0.0,0.9841795369360428,0.0,0.3,ml100k,als,quota_mmr,0,100,0.0941813370973477
343,0.3562071871080222,0.9582138498325584,1.0,0.2,ml100k,als,quota_mmr,0,100,0.1698642598793293
352,0.0,0.9981462748498876,0.0,0.2,ml100k,als,quota_mmr,0,100,0.0661432903142648
355,0.0,0.9762908105035372,0.0,0.3,ml100k,als,quota_mmr,0,100,0.2824273982270993
356,0.0,0.9662761375624912,0.0,0.3,ml100k,als,quota_mmr,0,100,0.1634948465998504
365,0.0,0.957855074596486,0.0,0.2,ml100k,als,quota_mmr,0,100,0.0843700958167877
373,0.0,0.9795861582393603,0.0,0.3,ml100k,als,quota_mmr,0,100,0.0975982253380128
387,0.0,0.972997128534153,0.0,0.3,ml100k,als,quota_mmr,0,100,0.1245793636751464
412,0.0,0.9763215170265088,0.0,0.3,ml100k,als,quota_mmr,0,100,0.169242419404395
424,1.0,0.994322502449482,1.0,0.3,ml100k,als,quota_mmr,0,100,0.2649630330098974
431,0.0,0.9637955051329552,0.0,0.3,ml100k,als,quota_mmr,0,100,0.1204190868574952
432,0.0,0.9937395558449292,0.0,0.3,ml100k,als,quota_mmr,0,100,0.0598076128169812
445,0.0,0.9939500808694912,0.0,0.3,ml100k,als,quota_mmr,0,100,0.2139748952835716
467,0.0,0.9838002461197602,0.0,0.2,ml100k,als,quota_mmr,0,100,0.1900027126494457
468,0.0,0.9853018569146929,0.0,0.3,ml100k,als,quota_mmr,0,100,0.205635673597303
469,0.0,0.9804558893545496,0.0,0.3,ml100k,als,quota_mmr,0,100,0.1779877527700806
475,0.0,0.9885544426563988,0.0,0.2,ml100k,als,quota_mmr,0,100,0.1682103220124258
479,0.0,0.9515375737606924,0.0,0.2,ml100k,als,quota_mmr,0,100,0.2144552458114627
482,0.0,0.9806501535326864,0.0,0.3,ml100k,als,quota_mmr,0,100,0.0834834360840736
489,0.6309297535714575,0.974497073439656,1.0,0.2,ml100k,als,quota_mmr,0,100,0.2536714865117903
519,0.0,0.9649048755452084,0.0,0.2,ml100k,als,quota_mmr,0,100,0.1749078319072244
526,0.0,0.9461071679301104,0.0,0.3,ml100k,als,quota_mmr,0,100,0.2064504575511949
528,0.3562071871080222,0.954179708045924,1.0,0.2,ml100k,als,quota_mmr,0,100,0.2901007763535129
538,0.0,0.9195410664918818,0.0,0.2,ml100k,als,quota_mmr,0,100,0.2191624639752066
543,0.0,0.9619592615292312,0.0,0.2,ml100k,als,quota_mmr,0,100,0.1174744342704015
549,0.0,0.9643381261188144,0.0,0.3,ml100k,als,quota_mmr,0,100,0.2053102877355835
552,0.0,0.969730773481872,0.0,0.2,ml100k,als,quota_mmr,0,100,0.2594600457857071
554,0.0,0.9653153095561784,0.0,0.3,ml100k,als,quota_mmr,0,100,0.1436758524505594
576,0.0,0.9869739327427268,0.0,0.3,ml100k,als,quota_mmr,0,100,0.1641618552762687
580,0.0,0.9817213596918862,0.0,0.3,ml100k,als,quota_mmr,0,100,0.1351235001499387
585,0.0,0.9053939132179272,0.0,0.3,ml100k,als,quota_mmr,0,100,0.1263193037670577
587,0.6309297535714575,0.9604707212394442,1.0,0.2,ml100k,als,quota_mmr,0,100,0.1616640313091607
596,0.0,0.8994611595841931,0.0,0.2,ml100k,als,quota_mmr,0,100,0.2483214522767824
617,0.0,0.9829929376226256,0.0,0.3,ml100k,als,quota_mmr,0,100,0.0320651280144
621,0.0,0.9827836478844268,0.0,0.3,ml100k,als,quota_mmr,0,100,0.1373740810129957
623,0.0,0.9699711867901252,0.0,0.3,ml100k,als,quota_mmr,0,100,0.1186379590819212
626,0.0,0.9814596758377482,0.0,0.2,ml100k,als,quota_mmr,0,100,0.0818998262172166
636,0.0,0.9866135550472908,0.0,0.3,ml100k,als,quota_mmr,0,100,0.2355008039868941
637,0.0,0.97105693035537,0.0,0.3,ml100k,als,quota_mmr,0,100,0.1416019471757555
657,0.0,0.936989749915706,0.0,0.3,ml100k,als,quota_mmr,0,100,0.1908332901832862
659,0.0,0.9449277461387976,0.0,0.3,ml100k,als,quota_mmr,0,100,0.1358042178641981
666,0.0,0.9806312281263384,0.0,0.3,ml100k,als,quota_mmr,0,100,0.0950555525761694
667,0.0,0.9880559342836952,0.0,0.3,ml100k,als,quota_mmr,0,100,0.226804861878677
669,0.3562071871080222,0.9877427556056508,1.0,0.3,ml100k,als,quota_mmr,0,100,0.2599547051064264
683,0.0,0.9381499435732116,0.0,0.2,ml100k,als,quota_mmr,0,100,0.2224269266859746
693,0.0,0.9467189248591644,0.0,0.3,ml100k,als,quota_mmr,0,100,0.3308249416803724
705,0.0,0.9907019214047904,0.0,0.3,ml100k,als,quota_mmr,0,100,0.2954502019068392
708,0.0,0.9746914205816204,0.0,0.2,ml100k,als,quota_mmr,0,100,0.3126270504002727
717,0.0,0.9756500117166717,0.0,0.2,ml100k,als,quota_mmr,0,100,0.2588977997882158
722,0.0,0.9889321907367488,0.0,0.2,ml100k,als,quota_mmr,0,100,0.1438914157905903
739,0.0,0.949228319762682,0.0,0.3,ml100k,als,quota_mmr,0,100,0.2446788305174346
745,0.0,0.9890210741753378,0.0,0.2,ml100k,als,quota_mmr,0,100,0.1702047977650921
757,0.0,0.9845627801360484,0.0,0.2,ml100k,als,quota_mmr,0,100,0.3405886527522655
759,0.0,0.9536215950992304,0.0,0.3,ml100k,als,quota_mmr,0,100,0.1815967024215092
771,0.0,0.9711250808180224,0.0,0.2,ml100k,als,quota_mmr,0,100,0.2102889302165917
780,0.0,0.9614281994226388,0.0,0.3,ml100k,als,quota_mmr,0,100,0.2183107986585407
785,0.0,0.9568023069922228,0.0,0.2,ml100k,als,quota_mmr,0,100,0.1283742743321853
794,0.0,0.8090256369567281,0.0,0.2,ml100k,als,quota_mmr,0,100,0.1655743099511933
806,0.0,0.9744278563114602,0.0,0.2,ml100k,als,quota_mmr,0,100,0.0623996645930415
817,1.0,0.9828984722150048,1.0,0.3,ml100k,als,quota_mmr,0,100,0.1408796560909456
832,0.0,0.9343667253703052,0.0,0.2,ml100k,als,quota_mmr,0,100,0.3496490264833651
856,0.0,0.9611515237644456,0.0,0.2,ml100k,als,quota_mmr,0,100,0.0937832436028548
860,0.0,0.9831204680566996,0.0,0.2,ml100k,als,quota_mmr,0,100,0.2315048433223008
869,0.0,0.9754399512775862,0.0,0.3,ml100k,als,quota_mmr,0,100,0.1735005411119457
881,0.0,0.9746157201099238,0.0,0.2,ml100k,als,quota_mmr,0,100,0.1498881997560327
894,0.0,0.9840474407968384,0.0,0.3,ml100k,als,quota_mmr,0,100,0.2854939516222151
913,0.0,0.9867928112057875,0.0,0.2,ml100k,als,quota_mmr,0,100,0.1936301277456832
934,0.0,0.9972437604778688,0.0,0.2,ml100k,als,quota_mmr,0,100,0.1962393133432901
2,0.0,0.953548117963862,0.0,0.2,ml100k,als,balanced_quota,0,100,0.094406618436644
4,0.0,0.9109430368394704,0.0,0.2,ml100k,als,balanced_quota,0,100,0.1414140542729639
7,1.0,0.9432070536958904,1.0,0.2,ml100k,als,balanced_quota,0,100,0.2050705487088073
14,0.0,0.9800232826025363,0.0,0.2,ml100k,als,balanced_quota,0,100,0.1963141136237356
19,0.0,0.975485014825726,0.0,0.2,ml100k,als,balanced_quota,0,100,0.1030409861066649
25,0.0,0.9693295441608398,0.0,0.2,ml100k,als,balanced_quota,0,100,0.1656346117950564
29,0.0,0.9642165777395706,0.0,0.2,ml100k,als,balanced_quota,0,100,0.1414250845458909
34,0.0,0.967684163118696,0.0,0.2,ml100k,als,balanced_quota,0,100,0.0501317249300629
45,0.5,0.9683687081715732,1.0,0.2,ml100k,als,balanced_quota,0,100,0.1830050851488649
63,0.0,0.9483807382112832,0.0,0.2,ml100k,als,balanced_quota,0,100,0.2755198261810408
67,0.0,0.957632498257046,0.0,0.2,ml100k,als,balanced_quota,0,100,0.1859846870263249
70,0.0,0.9436136410156934,0.0,0.2,ml100k,als,balanced_quota,0,100,0.2318084951243811
78,0.0,0.9090040414776264,0.0,0.2,ml100k,als,balanced_quota,0,100,0.2005211818613432
79,0.0,0.9653208004380568,0.0,0.2,ml100k,als,balanced_quota,0,100,0.1635991629188242
110,0.0,0.9330987907213156,0.0,0.2,ml100k,als,balanced_quota,0,100,0.231522546535299
122,0.0,0.9496352427063876,0.0,0.2,ml100k,als,balanced_quota,0,100,0.1199777849487103
149,0.0,0.9903718168331848,0.0,0.2,ml100k,als,balanced_quota,0,100,0.2134336279695411
153,0.0,0.9692112740141778,0.0,0.2,ml100k,als,balanced_quota,0,100,0.2691072571235162
212,0.0,0.9413930937029958,0.0,0.2,ml100k,als,balanced_quota,0,100,0.1212466513191651
228,0.0,0.9676517021016564,0.0,0.2,ml100k,als,balanced_quota,0,100,0.2342445995078151
229,0.0,0.9958744811802585,0.0,0.2,ml100k,als,balanced_quota,0,100,0.1243235238463995
235,0.3868528072345416,0.98442796239711,1.0,0.2,ml100k,als,balanced_quota,0,100,0.2535260912369695
239,0.0,0.9820866463169352,0.0,0.2,ml100k,als,balanced_quota,0,100,0.0758453400769043
247,0.0,0.9554792471207448,0.0,0.2,ml100k,als,balanced_quota,0,100,0.1334999979362132
261,0.0,0.983405767892902,0.0,0.2,ml100k,als,balanced_quota,0,100,0.1011918312835571
264,0.0,0.918451094335085,0.0,0.2,ml100k,als,balanced_quota,0,100,0.2332373598704067
283,0.0,0.9961947975842456,0.0,0.2,ml100k,als,balanced_quota,0,100,0.1062698555619855
298,0.0,0.8692973746157061,0.0,0.2,ml100k,als,balanced_quota,0,100,0.2905535540279976
306,0.0,0.8692221011767459,0.0,0.2,ml100k,als,balanced_quota,0,100,0.1260545376604034
314,0.0,0.9590019345251748,0.0,0.2,ml100k,als,balanced_quota,0,100,0.2254850059896201
330,0.0,0.928323968680669,0.0,0.2,ml100k,als,balanced_quota,0,100,0.1442100403688766
341,0.0,0.9741066921106872,0.0,0.2,ml100k,als,balanced_quota,0,100,0.0950371169856336
342,0.0,0.9804522818156228,0.0,0.2,ml100k,als,balanced_quota,0,100,0.1105483111325277
343,0.3868528072345416,0.9346366555998395,1.0,0.2,ml100k,als,balanced_quota,0,100,0.1440462592793122
352,0.0,0.995105261989122,0.0,0.2,ml100k,als,balanced_quota,0,100,0.0654883737731176
355,0.0,0.9592032923118096,0.0,0.2,ml100k,als,balanced_quota,0,100,0.2913647118670215
356,0.0,0.9677492053701656,0.0,0.2,ml100k,als,balanced_quota,0,100,0.174962681468929
365,0.0,0.9542055368419649,0.0,0.2,ml100k,als,balanced_quota,0,100,0.0985930941373947
373,0.0,0.9775685506916147,0.0,0.2,ml100k,als,balanced_quota,0,100,0.0920666055346245
387,0.0,0.97523032538108,0.0,0.2,ml100k,als,balanced_quota,0,100,0.1328438756033649
412,0.0,0.9683720061278162,0.0,0.2,ml100k,als,balanced_quota,0,100,0.1732091672792173
424,1.0,0.9850345584173652,1.0,0.2,ml100k,als,balanced_quota,0,100,0.2312818771630398
431,0.0,0.955099625076722,0.0,0.2,ml100k,als,balanced_quota,0,100,0.142709077523726
432,0.0,0.9885043058729852,0.0,0.2,ml100k,als,balanced_quota,0,100,0.0545176789111805
445,0.0,0.9830026896433866,0.0,0.2,ml100k,als,balanced_quota,0,100,0.2073015847124034
467,0.0,0.9747744207249136,0.0,0.2,ml100k,als,balanced_quota,0,100,0.1983709952146612
468,0.0,0.9931027779203412,0.0,0.2,ml100k,als,balanced_quota,0,100,0.2314784150478545
469,0.0,0.9725874578127964,0.0,0.2,ml100k,als,balanced_quota,0,100,0.1684917389162366
475,0.0,0.9865943957887664,0.0,0.2,ml100k,als,balanced_quota,0,100,0.1637844277074742
479,0.0,0.9549700440493752,0.0,0.2,ml100k,als,balanced_quota,0,100,0.228982423538176
482,0.0,0.9758799896035764,0.0,0.2,ml100k,als,balanced_quota,0,100,0.0773699008662176
489,0.6309297535714575,0.974557393746187,1.0,0.2,ml100k,als,balanced_quota,0,100,0.2516793214236822
519,0.0,0.9644353946110816,0.0,0.2,ml100k,als,balanced_quota,0,100,0.1698973567674747
526,0.0,0.954352554832494,0.0,0.2,ml100k,als,balanced_quota,0,100,0.2637384638225467
528,0.0,0.9434422502444866,0.0,0.2,ml100k,als,balanced_quota,0,100,0.294098102117216
538,0.0,0.9209290196059714,0.0,0.2,ml100k,als,balanced_quota,0,100,0.2223859210613496
543,0.0,0.9455948259786292,0.0,0.2,ml100k,als,balanced_quota,0,100,0.1053300355312512
549,0.0,0.9654534132583944,0.0,0.2,ml100k,als,balanced_quota,0,100,0.2216354388634022
552,0.0,0.9595101663990322,0.0,0.2,ml100k,als,balanced_quota,0,100,0.2341469378224432
554,0.0,0.9701001759262488,0.0,0.2,ml100k,als,balanced_quota,0,100,0.1779002381892477
576,0.0,0.977763207627674,0.0,0.2,ml100k,als,balanced_quota,0,100,0.1573266570836647
580,0.0,0.9693207310966162,0.0,0.2,ml100k,als,balanced_quota,0,100,0.1417058080449927
585,0.0,0.9052793335097036,0.0,0.2,ml100k,als,balanced_quota,0,100,0.1394456660220663
587,0.6309297535714575,0.9616129438027716,1.0,0.2,ml100k,als,balanced_quota,0,100,0.1874818689038768
596,0.0,0.8994611595841931,0.0,0.2,ml100k,als,balanced_quota,0,100,0.2483214522767824
617,0.0,0.971518291551438,0.0,0.2,ml100k,als,balanced_quota,0,100,0.0413070568061539
621,0.0,0.9794604835455804,0.0,0.2,ml100k,als,balanced_quota,0,100,0.1334722829660478
623,0.0,0.9638229239792396,0.0,0.2,ml100k,als,balanced_quota,0,100,0.1188873554296675
626,0.0,0.977169626292432,0.0,0.2,ml100k,als,balanced_quota,0,100,0.0896790199954917
636,0.0,0.9844489959152904,0.0,0.2,ml100k,als,balanced_quota,0,100,0.2379692576316577
637,0.0,0.9623563901465482,0.0,0.2,ml100k,als,balanced_quota,0,100,0.1472411453283788
657,0.0,0.9332483120605304,0.0,0.2,ml100k,als,balanced_quota,0,100,0.2011688454731992
659,0.0,0.9485951496069168,0.0,0.2,ml100k,als,balanced_quota,0,100,0.161208327399573
666,0.0,0.9773293732107372,0.0,0.2,ml100k,als,balanced_quota,0,100,0.0969258327647973
667,0.0,0.977834069591434,0.0,0.2,ml100k,als,balanced_quota,0,100,0.2018877040518292
669,0.3562071871080222,0.9856239609601106,1.0,0.2,ml100k,als,balanced_quota,0,100,0.2602307569835114
683,0.0,0.933592447114044,0.0,0.2,ml100k,als,balanced_quota,0,100,0.2169487824353327
693,0.0,0.9476375079084904,0.0,0.2,ml100k,als,balanced_quota,0,100,0.3626269078253795
705,0.0,0.9809510639196424,0.0,0.2,ml100k,als,balanced_quota,0,100,0.2722420957434002
708,0.0,0.9746914205816204,0.0,0.2,ml100k,als,balanced_quota,0,100,0.3126270504002727
717,0.0,0.9640746941446876,0.0,0.2,ml100k,als,balanced_quota,0,100,0.2560238358338561
722,0.0,0.9758227752364956,0.0,0.2,ml100k,als,balanced_quota,0,100,0.1413727081097399
739,0.0,0.9423220720316252,0.0,0.2,ml100k,als,balanced_quota,0,100,0.24310990335451
745,0.0,0.9840820384135645,0.0,0.2,ml100k,als,balanced_quota,0,100,0.1556440334075678
757,0.0,0.9782563720396876,0.0,0.2,ml100k,als,balanced_quota,0,100,0.3062107877837109
759,0.0,0.940420778668877,0.0,0.2,ml100k,als,balanced_quota,0,100,0.1772069357506807
771,0.0,0.945476252439756,0.0,0.2,ml100k,als,balanced_quota,0,100,0.1771856805980702
780,0.0,0.9626383226496584,0.0,0.2,ml100k,als,balanced_quota,0,100,0.2165149652463154
785,0.0,0.9568023069922228,0.0,0.2,ml100k,als,balanced_quota,0,100,0.1283742743321853
794,0.0,0.8090256369567281,0.0,0.2,ml100k,als,balanced_quota,0,100,0.1655743099511933
806,0.0,0.9744278563114602,0.0,0.2,ml100k,als,balanced_quota,0,100,0.0623996645930415
817,1.0,0.9838445965782666,1.0,0.2,ml100k,als,balanced_quota,0,100,0.1470978705120523
832,0.0,0.9343667253703052,0.0,0.2,ml100k,als,balanced_quota,0,100,0.3496490264833651
856,0.0,0.9618814194584636,0.0,0.2,ml100k,als,balanced_quota,0,100,0.0986434898113449
860,0.0,0.9831204680566996,0.0,0.2,ml100k,als,balanced_quota,0,100,0.2315048433223008
869,0.0,0.9710929216528384,0.0,0.2,ml100k,als,balanced_quota,0,100,0.1697201730976039
881,0.0,0.9663970097501576,0.0,0.2,ml100k,als,balanced_quota,0,100,0.1556725861076916
894,0.0,0.9629915523039956,0.0,0.2,ml100k,als,balanced_quota,0,100,0.2340058817411789
913,0.0,0.9867928112057875,0.0,0.2,ml100k,als,balanced_quota,0,100,0.1936301277456832
934,0.0,0.9864980822285586,0.0,0.2,ml100k,als,balanced_quota,0,100,0.2018873625214457
2,0.0,0.852879002189917,0.0,0.2,ml100k,als,qubo_feasible,0,100,0.0396347409389668
4,0.0,0.8709453785766348,0.0,0.2,ml100k,als,qubo_feasible,0,100,0.0812945324193444
7,1.0,0.7236155601480776,1.0,0.2,ml100k,als,qubo_feasible,0,100,0.0581560498002561
14,0.0,0.8382276073398365,0.0,0.2,ml100k,als,qubo_feasible,0,100,0.0754290649717138
19,0.0,0.9428978738891806,0.0,0.2,ml100k,als,qubo_feasible,0,100,0.0674081767869809
25,0.0,0.8853376472310568,0.0,0.2,ml100k,als,qubo_feasible,0,100,0.112220900047724
29,0.0,0.8999221813574209,0.0,0.2,ml100k,als,qubo_feasible,0,100,0.0605843040977983
34,0.0,0.9373571710279576,0.0,0.2,ml100k,als,qubo_feasible,0,100,0.0311747591291529
45,0.6309297535714575,0.942051244866229,1.0,0.2,ml100k,als,qubo_feasible,0,100,0.1495653348758451
63,0.0,0.8956999089304833,0.0,0.2,ml100k,als,qubo_feasible,0,100,0.2087465424802549
67,0.0,0.898432041845456,0.0,0.2,ml100k,als,qubo_feasible,0,100,0.1323443265445962
70,0.0,0.899947235303979,0.0,0.2,ml100k,als,qubo_feasible,0,100,0.1858672741861393
78,0.0,0.8315088692832131,0.0,0.2,ml100k,als,qubo_feasible,0,100,0.1395754700417237
79,0.0,0.901339116544859,0.0,0.2,ml100k,als,qubo_feasible,0,100,0.111825710688617
110,0.0,0.8701202913644751,0.0,0.2,ml100k,als,qubo_feasible,0,100,0.132902450698706
122,0.0,0.8510461437712462,0.0,0.2,ml100k,als,qubo_feasible,0,100,0.0609443273840611
149,0.0,0.9156229964947104,0.0,0.2,ml100k,als,qubo_feasible,0,100,0.1242841053561309
153,0.0,0.906963334607018,0.0,0.2,ml100k,als,qubo_feasible,0,100,0.1811753980352741
212,0.0,0.9097381671163276,0.0,0.2,ml100k,als,qubo_feasible,0,100,0.1093367044783343
228,0.0,0.8729629989825448,0.0,0.2,ml100k,als,qubo_feasible,0,100,0.1136548069862294
229,0.0,0.9250694120580668,0.0,0.2,ml100k,als,qubo_feasible,0,100,0.0694062420920925
235,0.0,0.8357899314018996,0.0,0.2,ml100k,als,qubo_feasible,0,100,0.0712912257464561
239,0.0,0.9555543416510264,0.0,0.2,ml100k,als,qubo_feasible,0,100,0.0552668589096276
247,0.0,0.9501744049252722,0.0,0.2,ml100k,als,qubo_feasible,0,100,0.131257448721264
261,0.0,0.9677368616026318,0.0,0.2,ml100k,als,qubo_feasible,0,100,0.0762721070800405
264,0.0,0.7913181569732732,0.0,0.2,ml100k,als,qubo_feasible,0,100,0.1149995517322048
283,0.0,0.9519761918169038,0.0,0.2,ml100k,als,qubo_feasible,0,100,0.0801186282122678
298,0.0,0.7982003974883453,0.0,0.2,ml100k,als,qubo_feasible,0,100,0.1519974317683582
306,0.430676558073393,0.8411889382190434,1.0,0.2,ml100k,als,qubo_feasible,0,100,0.1074053370304802
314,0.0,0.901795101927382,0.0,0.2,ml100k,als,qubo_feasible,0,100,0.1022666548404211
330,0.0,0.8996947776446832,0.0,0.2,ml100k,als,qubo_feasible,0,100,0.1171185573843738
341,0.0,0.9559831352041052,0.0,0.2,ml100k,als,qubo_feasible,0,100,0.0793850352836701
342,0.0,0.9316686052684644,0.0,0.2,ml100k,als,qubo_feasible,0,100,0.0799263600206376
343,0.0,0.7280972154318233,0.0,0.2,ml100k,als,qubo_feasible,0,100,0.0411429972227764
352,0.0,0.9953030409354818,0.0,0.2,ml100k,als,qubo_feasible,0,100,0.073546595129335
355,0.0,0.8627441549265074,0.0,0.2,ml100k,als,qubo_feasible,0,100,0.1286226902683964
356,0.0,0.8995998307793952,0.0,0.2,ml100k,als,qubo_feasible,0,100,0.1118073178260963
365,0.0,0.8733852428422512,0.0,0.2,ml100k,als,qubo_feasible,0,100,0.0471108523545851
373,0.0,0.9450370651900254,0.0,0.2,ml100k,als,qubo_feasible,0,100,0.0682100196276778
387,0.0,0.854570727974474,0.0,0.2,ml100k,als,qubo_feasible,0,100,0.0594291999483433
412,0.0,0.9266692219552624,0.0,0.2,ml100k,als,qubo_feasible,0,100,0.1010345309208389
424,0.0,0.8978712293942843,0.0,0.2,ml100k,als,qubo_feasible,0,100,0.1250216884072858
431,0.0,0.9462616452178436,0.0,0.2,ml100k,als,qubo_feasible,0,100,0.10022054503164
432,0.0,0.9591256300774426,0.0,0.2,ml100k,als,qubo_feasible,0,100,0.0548743085239329
445,0.0,0.8980050218055612,0.0,0.2,ml100k,als,qubo_feasible,0,100,0.1191291519609042
467,0.0,0.9173163593739092,0.0,0.2,ml100k,als,qubo_feasible,0,100,0.1102008317622105
468,0.0,0.8985297087751084,0.0,0.2,ml100k,als,qubo_feasible,0,100,0.1258353113060439
469,0.0,0.8642537050497825,0.0,0.2,ml100k,als,qubo_feasible,0,100,0.0761817443245924
475,0.0,0.916864122866778,0.0,0.2,ml100k,als,qubo_feasible,0,100,0.0906282725191006
479,0.0,0.8762039900484866,0.0,0.2,ml100k,als,qubo_feasible,0,100,0.0757533189260804
482,0.0,0.9425611000965044,0.0,0.2,ml100k,als,qubo_feasible,0,100,0.0778225017674067
489,1.0,0.8093340505298002,1.0,0.2,ml100k,als,qubo_feasible,0,100,0.0981688152638697
519,0.0,0.8902173314077125,0.0,0.2,ml100k,als,qubo_feasible,0,100,0.0824560400028151
526,0.0,0.8375565512428987,0.0,0.2,ml100k,als,qubo_feasible,0,100,0.1047748436405511
528,0.0,0.9149452041525152,0.0,0.2,ml100k,als,qubo_feasible,0,100,0.221505917396732
538,0.0,0.8467579777397465,0.0,0.2,ml100k,als,qubo_feasible,0,100,0.1300062052219745
543,0.0,0.8233784666926091,0.0,0.2,ml100k,als,qubo_feasible,0,100,0.0531440107734253
549,0.0,0.8865733573796224,0.0,0.2,ml100k,als,qubo_feasible,0,100,0.1453045368281237
552,0.0,0.8564002725652164,0.0,0.2,ml100k,als,qubo_feasible,0,100,0.1193175621216432
554,0.0,0.9129896276629672,0.0,0.2,ml100k,als,qubo_feasible,0,100,0.0972829776507845
576,0.0,0.910001857722186,0.0,0.2,ml100k,als,qubo_feasible,0,100,0.0849690862156887
580,0.0,0.9559503151576136,0.0,0.2,ml100k,als,qubo_feasible,0,100,0.0830488417774786
585,0.0,0.8149591258527328,0.0,0.2,ml100k,als,qubo_feasible,0,100,0.0821717984244209
587,0.6309297535714575,0.8990660238258606,1.0,0.2,ml100k,als,qubo_feasible,0,100,0.0989619931978722
596,0.0,0.7876537165900226,0.0,0.2,ml100k,als,qubo_feasible,0,100,0.122539790036034
617,0.0,0.962369837057508,0.0,0.2,ml100k,als,qubo_feasible,0,100,0.0412050418993339
621,0.0,0.8926208246655596,0.0,0.2,ml100k,als,qubo_feasible,0,100,0.0639596492120969
623,0.0,0.8780145471151708,0.0,0.2,ml100k,als,qubo_feasible,0,100,0.0759441648852507
626,0.0,0.9494398523173874,0.0,0.2,ml100k,als,qubo_feasible,0,100,0.0826178568781375
636,0.0,0.8978642791501283,0.0,0.2,ml100k,als,qubo_feasible,0,100,0.1228881886577122
637,0.0,0.8998435832791971,0.0,0.2,ml100k,als,qubo_feasible,0,100,0.1087336871176209
657,0.0,0.8594654724379938,0.0,0.2,ml100k,als,qubo_feasible,0,100,0.1014988059467032
659,0.0,0.8888622966223069,0.0,0.2,ml100k,als,qubo_feasible,0,100,0.1105430667335877
666,0.0,0.9534736673168228,0.0,0.2,ml100k,als,qubo_feasible,0,100,0.070182623718221
667,0.0,0.9228969621410412,0.0,0.2,ml100k,als,qubo_feasible,0,100,0.1204172818312766
669,0.5,0.8526297761459557,1.0,0.2,ml100k,als,qubo_feasible,0,100,0.1219199833534951
683,0.0,0.7782790863313699,0.0,0.2,ml100k,als,qubo_feasible,0,100,0.0915894837599325
693,0.0,0.8250105974649633,0.0,0.2,ml100k,als,qubo_feasible,0,100,0.1969754454827438
705,0.0,0.9008877760105144,0.0,0.2,ml100k,als,qubo_feasible,0,100,0.1638123363610109
708,0.0,0.8994588920793783,0.0,0.2,ml100k,als,qubo_feasible,0,100,0.2266285366061367
717,0.0,0.8886202410607095,0.0,0.2,ml100k,als,qubo_feasible,0,100,0.1604368659834426
722,0.0,0.9454482044730064,0.0,0.2,ml100k,als,qubo_feasible,0,100,0.1025139621862619
739,0.0,0.8743409570151388,0.0,0.2,ml100k,als,qubo_feasible,0,100,0.1528410411310968
745,0.0,0.9251339774990058,0.0,0.2,ml100k,als,qubo_feasible,0,100,0.1075525137261891
757,0.0,0.8914151961565827,0.0,0.2,ml100k,als,qubo_feasible,0,100,0.2085902127454187
759,0.0,0.8317578955709645,0.0,0.2,ml100k,als,qubo_feasible,0,100,0.0945156841873273
771,0.0,0.8837142311223575,0.0,0.2,ml100k,als,qubo_feasible,0,100,0.1278111514353642
780,0.0,0.8384845807853794,0.0,0.2,ml100k,als,qubo_feasible,0,100,0.0939159292693322
785,0.0,0.9123544502386208,0.0,0.2,ml100k,als,qubo_feasible,0,100,0.1130898903771006
794,0.0,0.7597420659275533,0.0,0.2,ml100k,als,qubo_feasible,0,100,0.1381363521058511
806,0.0,0.9533060406013678,0.0,0.2,ml100k,als,qubo_feasible,0,100,0.0633158967690906
817,1.0,0.948799518626825,1.0,0.2,ml100k,als,qubo_feasible,0,100,0.1032360756739087
832,0.0,0.8523501354651404,0.0,0.2,ml100k,als,qubo_feasible,0,100,0.1990304381446106
856,0.0,0.9599158883987255,0.0,0.2,ml100k,als,qubo_feasible,0,100,0.100758503708386
860,0.0,0.8923400035087644,0.0,0.2,ml100k,als,qubo_feasible,0,100,0.1266481774955269
869,0.0,0.9193299094519553,0.0,0.2,ml100k,als,qubo_feasible,0,100,0.1092871207887241
881,0.0,0.9195501484159734,0.0,0.2,ml100k,als,qubo_feasible,0,100,0.0850834400820435
894,0.0,0.856468469560361,0.0,0.2,ml100k,als,qubo_feasible,0,100,0.1379319409589789
913,0.0,0.9471995573460308,0.0,0.2,ml100k,als,qubo_feasible,0,100,0.1105766919204239
934,0.0,0.9140145375958364,0.0,0.2,ml100k,als,qubo_feasible,0,100,0.0931594904866351
2,0.0,0.8959215419468411,0.0,0.2,ml100k,als,qubo_tabu,0,100,0.0365580452393852
4,0.0,0.9035652622225064,0.0,0.2,ml100k,als,qubo_tabu,0,100,0.0986691436694802
7,1.0,0.8522244244099394,1.0,0.2,ml100k,als,qubo_tabu,0,100,0.0912540146682532
14,0.0,0.8838716532462061,0.0,0.2,ml100k,als,qubo_tabu,0,100,0.0818968227698904
19,0.0,0.9611941237984944,0.0,0.2,ml100k,als,qubo_tabu,0,100,0.0661613585678692
25,0.0,0.939344282153423,0.0,0.2,ml100k,als,qubo_tabu,0,100,0.1171950459362135
29,0.0,0.9486545225393788,0.0,0.2,ml100k,als,qubo_tabu,0,100,0.1003373961901502
34,0.0,0.9648773028493914,0.0,0.2,ml100k,als,qubo_tabu,0,100,0.0357653580446548
45,0.5,0.95204870526547,1.0,0.2,ml100k,als,qubo_tabu,0,100,0.136099005428203
63,0.0,0.8553420679026434,0.0,0.2,ml100k,als,qubo_tabu,0,100,0.1453747426517212
67,0.0,0.9285379586484652,0.0,0.2,ml100k,als,qubo_tabu,0,100,0.1138542541578306
70,0.0,0.9121462486078286,0.0,0.2,ml100k,als,qubo_tabu,0,100,0.1804888471256291
78,0.0,0.8611696197390211,0.0,0.2,ml100k,als,qubo_tabu,0,100,0.1319829409994978
79,0.0,0.9157735780129884,0.0,0.2,ml100k,als,qubo_tabu,0,100,0.0918920526598926
110,0.0,0.8733787972176256,0.0,0.2,ml100k,als,qubo_tabu,0,100,0.1212086050514234
122,0.0,0.8931958016235249,0.0,0.2,ml100k,als,qubo_tabu,0,100,0.0589253322852412
149,0.0,0.9068560571074062,0.0,0.2,ml100k,als,qubo_tabu,0,100,0.1005449776892019
153,0.0,0.9402997387401428,0.0,0.2,ml100k,als,qubo_tabu,0,100,0.1876110089911165
212,0.0,0.9195202051303244,0.0,0.2,ml100k,als,qubo_tabu,0,100,0.0943778405291384
228,0.0,0.9016263668792248,0.0,0.2,ml100k,als,qubo_tabu,0,100,0.1116471968197904
229,0.0,0.9305168311823742,0.0,0.2,ml100k,als,qubo_tabu,0,100,0.0618737091024779
235,0.0,0.8949816743505756,0.0,0.2,ml100k,als,qubo_tabu,0,100,0.0881773140988648
239,0.0,0.978971344566446,0.0,0.2,ml100k,als,qubo_tabu,0,100,0.0580937248035618
247,0.0,0.9523431662733236,0.0,0.2,ml100k,als,qubo_tabu,0,100,0.1271545714383105
261,0.0,0.9939100608914982,0.0,0.2,ml100k,als,qubo_tabu,0,100,0.0842688188479923
264,0.0,0.8219027405135233,0.0,0.2,ml100k,als,qubo_tabu,0,100,0.1270091648198951
283,0.0,0.9884166142889816,0.0,0.2,ml100k,als,qubo_tabu,0,100,0.0815107054772916
298,0.0,0.7752924385752877,0.0,0.2,ml100k,als,qubo_tabu,0,100,0.1352799487490879
306,0.430676558073393,0.8495318606652933,1.0,0.2,ml100k,als,qubo_tabu,0,100,0.1081259178258673
314,0.0,0.8833792438774375,0.0,0.2,ml100k,als,qubo_tabu,0,100,0.059304658516662
330,0.0,0.8527344064455225,0.0,0.2,ml100k,als,qubo_tabu,0,100,0.0788935357215124
341,0.0,0.9727961527390372,0.0,0.2,ml100k,als,qubo_tabu,0,100,0.0840456430037018
342,0.0,0.971221336630528,0.0,0.2,ml100k,als,qubo_tabu,0,100,0.0965484515119119
343,0.0,0.8246231956646017,0.0,0.2,ml100k,als,qubo_tabu,0,100,0.0543256702040895
352,0.0,0.9857733924888408,0.0,0.2,ml100k,als,qubo_tabu,0,100,0.042845551255788
355,0.0,0.9199786879854156,0.0,0.2,ml100k,als,qubo_tabu,0,100,0.1687491866381295
356,0.0,0.9528262731994164,0.0,0.2,ml100k,als,qubo_tabu,0,100,0.1339620105760524
365,0.0,0.9253647625550712,0.0,0.2,ml100k,als,qubo_tabu,0,100,0.0520521774401295
373,0.0,0.9548420608942784,0.0,0.2,ml100k,als,qubo_tabu,0,100,0.0605102286981405
387,0.3154648767857287,0.929120089948306,1.0,0.2,ml100k,als,qubo_tabu,0,100,0.0737597691934929
412,0.0,0.9164114481804287,0.0,0.2,ml100k,als,qubo_tabu,0,100,0.0770061065600662
424,1.0,0.9276304017141708,1.0,0.2,ml100k,als,qubo_tabu,0,100,0.1234615200183533
431,0.0,0.941973392568152,0.0,0.2,ml100k,als,qubo_tabu,0,100,0.104404550117715
432,0.0,0.975639705008084,0.0,0.2,ml100k,als,qubo_tabu,0,100,0.0393963274353209
445,0.0,0.9370683872808404,0.0,0.2,ml100k,als,qubo_tabu,0,100,0.1300282915783924
467,0.0,0.9339932458512268,0.0,0.2,ml100k,als,qubo_tabu,0,100,0.1207257953721681
468,0.0,0.892574402648239,0.0,0.2,ml100k,als,qubo_tabu,0,100,0.1056456158764558
469,0.0,0.8709504866478479,0.0,0.2,ml100k,als,qubo_tabu,0,100,0.0774313568518841
475,0.0,0.9122114740724064,0.0,0.2,ml100k,als,qubo_tabu,0,100,0.0800570496222902
479,0.0,0.870942015111129,0.0,0.2,ml100k,als,qubo_tabu,0,100,0.0692281359620176
482,0.0,0.9694004382788766,0.0,0.2,ml100k,als,qubo_tabu,0,100,0.0610175731060684
489,0.6309297535714575,0.8638147122475259,1.0,0.2,ml100k,als,qubo_tabu,0,100,0.1121405287552312
519,0.0,0.9315315987996068,0.0,0.2,ml100k,als,qubo_tabu,0,100,0.0980610585919175
526,0.0,0.9073290777760564,0.0,0.2,ml100k,als,qubo_tabu,0,100,0.1336511170930166
528,0.0,0.8731926830002885,0.0,0.2,ml100k,als,qubo_tabu,0,100,0.155113113397634
538,0.0,0.8838176723813634,0.0,0.2,ml100k,als,qubo_tabu,0,100,0.1314985207518723
543,0.0,0.907390792585599,0.0,0.2,ml100k,als,qubo_tabu,0,100,0.06638772671986
549,0.0,0.90511024687414,0.0,0.2,ml100k,als,qubo_tabu,0,100,0.140672857122573
552,0.0,0.8710215093187516,0.0,0.2,ml100k,als,qubo_tabu,0,100,0.1084699098142498
554,0.0,0.947033421925057,0.0,0.2,ml100k,als,qubo_tabu,0,100,0.09203058328243
576,0.0,0.960230229755815,0.0,0.2,ml100k,als,qubo_tabu,0,100,0.1236158895310414
580,0.0,0.9602166827524116,0.0,0.2,ml100k,als,qubo_tabu,0,100,0.0780123106451112
585,0.0,0.860559574100788,0.0,0.2,ml100k,als,qubo_tabu,0,100,0.0758227430450406
587,0.6309297535714575,0.8833428695170757,1.0,0.2,ml100k,als,qubo_tabu,0,100,0.0641891074380556
596,0.0,0.7940265811884527,0.0,0.2,ml100k,als,qubo_tabu,0,100,0.104715208078821
617,0.0,0.9679001046754688,0.0,0.2,ml100k,als,qubo_tabu,0,100,0.0255770539058624
621,0.0,0.9531356040854096,0.0,0.2,ml100k,als,qubo_tabu,0,100,0.0936768139403174
623,0.0,0.9525108685219792,0.0,0.2,ml100k,als,qubo_tabu,0,100,0.0995205272700057
626,0.0,0.9712537952272428,0.0,0.2,ml100k,als,qubo_tabu,0,100,0.0700127294733083
636,0.0,0.9119729306492584,0.0,0.2,ml100k,als,qubo_tabu,0,100,0.1065252781413309
637,0.0,0.9632449014415396,0.0,0.2,ml100k,als,qubo_tabu,0,100,0.1241130172053773
657,0.0,0.8732781458660271,0.0,0.2,ml100k,als,qubo_tabu,0,100,0.0940873051717903
659,0.0,0.9290087006576352,0.0,0.2,ml100k,als,qubo_tabu,0,100,0.1070145523023712
666,0.0,0.9690412081104882,0.0,0.2,ml100k,als,qubo_tabu,0,100,0.0742329009332194
667,0.0,0.916640545927396,0.0,0.2,ml100k,als,qubo_tabu,0,100,0.1066600264961064
669,0.5,0.8709527361763316,1.0,0.2,ml100k,als,qubo_tabu,0,100,0.1262502199325564
683,0.6309297535714575,0.7784082497973138,1.0,0.2,ml100k,als,qubo_tabu,0,100,0.0673528097578663
693,0.0,0.8106371656381272,0.0,0.2,ml100k,als,qubo_tabu,0,100,0.1480636019576951
705,0.0,0.956136950571424,0.0,0.2,ml100k,als,qubo_tabu,0,100,0.19889235974861
708,0.0,0.919806073938598,0.0,0.2,ml100k,als,qubo_tabu,0,100,0.2032945938011596
717,0.0,0.91365053175833,0.0,0.2,ml100k,als,qubo_tabu,0,100,0.159622385828367
722,0.0,0.9689141884775732,0.0,0.2,ml100k,als,qubo_tabu,0,100,0.0855673231448272
739,0.0,0.8477230593754576,0.0,0.2,ml100k,als,qubo_tabu,0,100,0.1125459131483416
745,0.0,0.951694816286816,0.0,0.2,ml100k,als,qubo_tabu,0,100,0.1018098070293958
757,0.0,0.8964101337514101,0.0,0.2,ml100k,als,qubo_tabu,0,100,0.1942997130922849
759,0.0,0.8919566767738902,0.0,0.2,ml100k,als,qubo_tabu,0,100,0.1058043994633876
771,0.0,0.9055382960094868,0.0,0.2,ml100k,als,qubo_tabu,0,100,0.1187167043987135
780,0.0,0.8656422921839767,0.0,0.2,ml100k,als,qubo_tabu,0,100,0.1075444671740052
785,0.0,0.9480003696516658,0.0,0.2,ml100k,als,qubo_tabu,0,100,0.1056725156040025
794,0.0,0.7462553592855018,0.0,0.2,ml100k,als,qubo_tabu,0,100,0.1749985822346375
806,0.0,0.9744278563114602,0.0,0.2,ml100k,als,qubo_tabu,0,100,0.0623996645930415
817,1.0,0.970823043391144,1.0,0.2,ml100k,als,qubo_tabu,0,100,0.1194011360388386
832,0.0,0.8558918462990582,0.0,0.2,ml100k,als,qubo_tabu,0,100,0.2128716396270014
856,0.0,0.9467665420536224,0.0,0.2,ml100k,als,qubo_tabu,0,100,0.0709636278695164
860,0.0,0.9317990640120204,0.0,0.2,ml100k,als,qubo_tabu,0,100,0.1371851950047319
869,0.0,0.9430110562980076,0.0,0.2,ml100k,als,qubo_tabu,0,100,0.0976351318920218
881,0.0,0.931658498581218,0.0,0.2,ml100k,als,qubo_tabu,0,100,0.0786006200376014
894,0.0,0.8937688788353696,0.0,0.2,ml100k,als,qubo_tabu,0,100,0.1283881843473952
913,0.0,0.9642202259065448,0.0,0.2,ml100k,als,qubo_tabu,0,100,0.1177980477938454
934,0.0,0.9613917648337936,0.0,0.2,ml100k,als,qubo_tabu,0,100,0.1231223740455112
17,0.0,1.0,0.0,1.3,ml100k,popularity,none,1,100,
23,0.0,1.0,0.0,1.3,ml100k,popularity,none,1,100,
29,0.0,1.0,0.0,1.1,ml100k,popularity,none,1,100,
36,0.0,1.0,0.0,1.3,ml100k,popularity,none,1,100,
50,0.0,1.0,0.0,0.8,ml100k,popularity,none,1,100,
54,0.0,1.0,0.0,0.9,ml100k,popularity,none,1,100,
57,0.0,1.0,0.0,1.1,ml100k,popularity,none,1,100,
73,0.0,1.0,0.0,1.3,ml100k,popularity,none,1,100,
82,0.0,1.0,0.0,1.5,ml100k,popularity,none,1,100,
104,0.0,1.0,0.0,1.3,ml100k,popularity,none,1,100,
105,0.0,1.0,0.0,0.9,ml100k,popularity,none,1,100,
108,0.0,1.0,0.0,1.3,ml100k,popularity,none,1,100,
117,0.0,1.0,0.0,1.3,ml100k,popularity,none,1,100,
122,0.6309297535714575,1.0,1.0,1.3,ml100k,popularity,none,1,100,
139,0.0,1.0,0.0,1.5,ml100k,popularity,none,1,100,
144,0.0,1.0,0.0,1.3,ml100k,popularity,none,1,100,
179,0.0,1.0,0.0,1.3,ml100k,popularity,none,1,100,
199,0.2890648263178879,1.0,1.0,0.8,ml100k,popularity,none,1,100,
212,0.0,1.0,0.0,1.1,ml100k,popularity,none,1,100,
220,0.0,1.0,0.0,1.3,ml100k,popularity,none,1,100,
231,0.0,1.0,0.0,1.1,ml100k,popularity,none,1,100,
233,0.0,1.0,0.0,1.3,ml100k,popularity,none,1,100,
242,0.0,1.0,0.0,1.3,ml100k,popularity,none,1,100,
248,0.0,1.0,0.0,1.3,ml100k,popularity,none,1,100,
262,0.0,1.0,0.0,1.3,ml100k,popularity,none,1,100,
264,0.0,1.0,0.0,1.3,ml100k,popularity,none,1,100,
265,0.0,1.0,0.0,1.3,ml100k,popularity,none,1,100,
286,0.0,1.0,0.0,1.5,ml100k,popularity,none,1,100,
290,0.0,1.0,0.0,1.1,ml100k,popularity,none,1,100,
321,0.0,1.0,0.0,0.9,ml100k,popularity,none,1,100,
330,0.0,1.0,0.0,1.1,ml100k,popularity,none,1,100,
336,0.0,1.0,0.0,1.1,ml100k,popularity,none,1,100,
339,0.0,1.0,0.0,1.5,ml100k,popularity,none,1,100,
351,0.0,1.0,0.0,1.3,ml100k,popularity,none,1,100,
354,0.0,1.0,0.0,1.3,ml100k,popularity,none,1,100,
361,0.0,1.0,0.0,1.3,ml100k,popularity,none,1,100,
380,0.0,1.0,0.0,1.3,ml100k,popularity,none,1,100,
385,0.0,1.0,0.0,1.5,ml100k,popularity,none,1,100,
391,0.0,1.0,0.0,1.5,ml100k,popularity,none,1,100,
393,0.0,1.0,0.0,1.1,ml100k,popularity,none,1,100,
396,1.0,1.0,1.0,1.0,ml100k,popularity,none,1,100,
399,0.0,1.0,0.0,0.9,ml100k,popularity,none,1,100,
414,0.0,1.0,0.0,0.5,ml100k,popularity,none,1,100,
422,0.0,1.0,0.0,1.3,ml100k,popularity,none,1,100,
423,0.0,1.0,0.0,1.5,ml100k,popularity,none,1,100,
431,0.0,1.0,0.0,1.1,ml100k,popularity,none,1,100,
432,0.0,1.0,0.0,1.5,ml100k,popularity,none,1,100,
442,0.0,1.0,0.0,0.9,ml100k,popularity,none,1,100,
466,0.0,1.0,0.0,1.3,ml100k,popularity,none,1,100,
467,0.0,1.0,0.0,1.3,ml100k,popularity,none,1,100,
473,0.0,1.0,0.0,1.3,ml100k,popularity,none,1,100,
476,0.0,1.0,0.0,1.3,ml100k,popularity,none,1,100,
478,0.0,1.0,0.0,1.1,ml100k,popularity,none,1,100,
485,0.0,1.0,0.0,0.9,ml100k,popularity,none,1,100,
513,0.0,1.0,0.0,0.7,ml100k,popularity,none,1,100,
543,0.0,1.0,0.0,1.5,ml100k,popularity,none,1,100,
550,0.0,1.0,0.0,1.5,ml100k,popularity,none,1,100,
553,0.0,1.0,0.0,1.3,ml100k,popularity,none,1,100,
559,0.0,1.0,0.0,1.5,ml100k,popularity,none,1,100,
566,0.0,1.0,0.0,1.5,ml100k,popularity,none,1,100,
593,0.0,1.0,0.0,1.3,ml100k,popularity,none,1,100,
630,0.0,1.0,0.0,1.3,ml100k,popularity,none,1,100,
638,0.0,1.0,0.0,1.3,ml100k,popularity,none,1,100,
648,0.0,1.0,0.0,1.3,ml100k,popularity,none,1,100,
651,0.6309297535714575,1.0,1.0,1.3,ml100k,popularity,none,1,100,
653,0.0,1.0,0.0,1.3,ml100k,popularity,none,1,100,
659,0.0,1.0,0.0,0.9,ml100k,popularity,none,1,100,
664,0.5,1.0,1.0,1.1,ml100k,popularity,none,1,100,
668,0.0,1.0,0.0,1.3,ml100k,popularity,none,1,100,
686,0.430676558073393,1.0,1.0,1.5,ml100k,popularity,none,1,100,
699,0.0,1.0,0.0,1.5,ml100k,popularity,none,1,100,
706,0.0,1.0,0.0,1.1,ml100k,popularity,none,1,100,
707,0.0,1.0,0.0,1.5,ml100k,popularity,none,1,100,
709,0.0,1.0,0.0,0.4,ml100k,popularity,none,1,100,
713,0.0,1.0,0.0,1.1,ml100k,popularity,none,1,100,
725,0.0,1.0,0.0,1.5,ml100k,popularity,none,1,100,
742,0.0,1.0,0.0,1.3,ml100k,popularity,none,1,100,
747,0.0,1.0,0.0,1.5,ml100k,popularity,none,1,100,
748,0.0,1.0,0.0,0.9,ml100k,popularity,none,1,100,
772,0.0,1.0,0.0,0.9,ml100k,popularity,none,1,100,
783,0.5,1.0,1.0,0.7,ml100k,popularity,none,1,100,
790,0.0,1.0,0.0,1.5,ml100k,popularity,none,1,100,
795,0.0,1.0,0.0,0.6,ml100k,popularity,none,1,100,
802,0.0,1.0,0.0,1.5,ml100k,popularity,none,1,100,
805,0.0,1.0,0.0,1.5,ml100k,popularity,none,1,100,
807,0.0,1.0,0.0,1.3,ml100k,popularity,none,1,100,
830,0.0,1.0,0.0,0.6,ml100k,popularity,none,1,100,
839,0.0,1.0,0.0,1.3,ml100k,popularity,none,1,100,
855,0.0,1.0,0.0,0.9,ml100k,popularity,none,1,100,
858,0.0,1.0,0.0,1.5,ml100k,popularity,none,1,100,
867,0.0,1.0,0.0,0.6,ml100k,popularity,none,1,100,
873,0.0,1.0,0.0,0.7,ml100k,popularity,none,1,100,
875,0.0,1.0,0.0,1.3,ml100k,popularity,none,1,100,
887,0.0,1.0,0.0,1.1,ml100k,popularity,none,1,100,
890,0.0,1.0,0.0,1.5,ml100k,popularity,none,1,100,
898,0.0,1.0,0.0,0.9,ml100k,popularity,none,1,100,
905,0.0,1.0,0.0,1.3,ml100k,popularity,none,1,100,
918,0.0,1.0,0.0,1.5,ml100k,popularity,none,1,100,
920,0.0,1.0,0.0,1.3,ml100k,popularity,none,1,100,
938,0.0,1.0,0.0,0.8,ml100k,popularity,none,1,100,
17,0.0,1.0,0.0,1.3,ml100k,popularity,greedy_topk,1,100,0.4654009296664574
23,0.0,1.0,0.0,1.3,ml100k,popularity,greedy_topk,1,100,0.4647539162090885
29,0.0,1.0,0.0,1.1,ml100k,popularity,greedy_topk,1,100,0.4228580777051972
36,0.0,1.0,0.0,1.3,ml100k,popularity,greedy_topk,1,100,0.4733222754930078
50,0.0,1.0,0.0,0.8,ml100k,popularity,greedy_topk,1,100,0.3723675921844537
54,0.0,1.0,0.0,0.9,ml100k,popularity,greedy_topk,1,100,0.434229525996188
57,0.0,1.0,0.0,1.1,ml100k,popularity,greedy_topk,1,100,0.4269949995598628
73,0.0,1.0,0.0,1.3,ml100k,popularity,greedy_topk,1,100,0.4620217067060383
82,0.0,1.0,0.0,1.5,ml100k,popularity,greedy_topk,1,100,0.5197511342094441
104,0.0,1.0,0.0,1.3,ml100k,popularity,greedy_topk,1,100,0.5122372457101709
105,0.0,1.0,0.0,0.9,ml100k,popularity,greedy_topk,1,100,0.3456132652591136
108,0.0,1.0,0.0,1.3,ml100k,popularity,greedy_topk,1,100,0.5024073472384741
117,0.0,1.0,0.0,1.3,ml100k,popularity,greedy_topk,1,100,0.5210204461914228
122,0.6309297535714575,1.0,1.0,1.3,ml100k,popularity,greedy_topk,1,100,0.451758639549724
139,0.0,1.0,0.0,1.5,ml100k,popularity,greedy_topk,1,100,0.5197511342094441
144,0.0,1.0,0.0,1.3,ml100k,popularity,greedy_topk,1,100,0.5232222747319769
179,0.0,1.0,0.0,1.3,ml100k,popularity,greedy_topk,1,100,0.497442605306669
199,0.2890648263178879,1.0,1.0,0.8,ml100k,popularity,greedy_topk,1,100,0.366772732109078
212,0.0,1.0,0.0,1.1,ml100k,popularity,greedy_topk,1,100,0.4338915488083033
220,0.0,1.0,0.0,1.3,ml100k,popularity,greedy_topk,1,100,0.4253974544192822
231,0.0,1.0,0.0,1.1,ml100k,popularity,greedy_topk,1,100,0.4239632166814689
233,0.0,1.0,0.0,1.3,ml100k,popularity,greedy_topk,1,100,0.5045302316566534
242,0.0,1.0,0.0,1.3,ml100k,popularity,greedy_topk,1,100,0.4908261763632746
248,0.0,1.0,0.0,1.3,ml100k,popularity,greedy_topk,1,100,0.4480017314445387
262,0.0,1.0,0.0,1.3,ml100k,popularity,greedy_topk,1,100,0.497442605306669
264,0.0,1.0,0.0,1.3,ml100k,popularity,greedy_topk,1,100,0.4409240032337336
265,0.0,1.0,0.0,1.3,ml100k,popularity,greedy_topk,1,100,0.4634995670402895
286,0.0,1.0,0.0,1.5,ml100k,popularity,greedy_topk,1,100,0.4691668742579963
290,0.0,1.0,0.0,1.1,ml100k,popularity,greedy_topk,1,100,0.4078235227548844
321,0.0,1.0,0.0,0.9,ml100k,popularity,greedy_topk,1,100,0.4430215027708927
330,0.0,1.0,0.0,1.1,ml100k,popularity,greedy_topk,1,100,0.4410264127048698
336,0.0,1.0,0.0,1.1,ml100k,popularity,greedy_topk,1,100,0.3851078148265825
339,0.0,1.0,0.0,1.5,ml100k,popularity,greedy_topk,1,100,0.5438269742339117
351,0.0,1.0,0.0,1.3,ml100k,popularity,greedy_topk,1,100,0.4684351132954594
354,0.0,1.0,0.0,1.3,ml100k,popularity,greedy_topk,1,100,0.497442605306669
361,0.0,1.0,0.0,1.3,ml100k,popularity,greedy_topk,1,100,0.5044979516185745
380,0.0,1.0,0.0,1.3,ml100k,popularity,greedy_topk,1,100,0.4848176234999978
385,0.0,1.0,0.0,1.5,ml100k,popularity,greedy_topk,1,100,0.5246389787825264
391,0.0,1.0,0.0,1.5,ml100k,popularity,greedy_topk,1,100,0.5438269742339117
393,0.0,1.0,0.0,1.1,ml100k,popularity,greedy_topk,1,100,0.3982985547085191
396,1.0,1.0,1.0,1.0,ml100k,popularity,greedy_topk,1,100,0.3871154196755399
399,0.0,1.0,0.0,0.9,ml100k,popularity,greedy_topk,1,100,0.4182220868242089
414,0.0,1.0,0.0,0.5,ml100k,popularity,greedy_topk,1,100,0.3497461450001392
422,0.0,1.0,0.0,1.3,ml100k,popularity,greedy_topk,1,100,0.4599430678475527
423,0.0,1.0,0.0,1.5,ml100k,popularity,greedy_topk,1,100,0.4400498172449303
431,0.0,1.0,0.0,1.1,ml100k,popularity,greedy_topk,1,100,0.4147950214118276
432,0.0,1.0,0.0,1.5,ml100k,popularity,greedy_topk,1,100,0.5438269742339117
442,0.0,1.0,0.0,0.9,ml100k,popularity,greedy_topk,1,100,0.3806811807088838
466,0.0,1.0,0.0,1.3,ml100k,popularity,greedy_topk,1,100,0.4775550177859042
467,0.0,1.0,0.0,1.3,ml100k,popularity,greedy_topk,1,100,0.4669119597653027
473,0.0,1.0,0.0,1.3,ml100k,popularity,greedy_topk,1,100,0.4636331613809233
476,0.0,1.0,0.0,1.3,ml100k,popularity,greedy_topk,1,100,0.4384841037825304
478,0.0,1.0,0.0,1.1,ml100k,popularity,greedy_topk,1,100,0.4191375819314258
485,0.0,1.0,0.0,0.9,ml100k,popularity,greedy_topk,1,100,0.4252676164891085
513,0.0,1.0,0.0,0.7,ml100k,popularity,greedy_topk,1,100,0.3553523864447838
543,0.0,1.0,0.0,1.5,ml100k,popularity,greedy_topk,1,100,0.5438269742339117
550,0.0,1.0,0.0,1.5,ml100k,popularity,greedy_topk,1,100,0.4481453954204364
553,0.0,1.0,0.0,1.3,ml100k,popularity,greedy_topk,1,100,0.5045302316566534
559,0.0,1.0,0.0,1.5,ml100k,popularity,greedy_topk,1,100,0.4537429980285559
566,0.0,1.0,0.0,1.5,ml100k,popularity,greedy_topk,1,100,0.4803662111143222
593,0.0,1.0,0.0,1.3,ml100k,popularity,greedy_topk,1,100,0.4632103061117134
630,0.0,1.0,0.0,1.3,ml100k,popularity,greedy_topk,1,100,0.4740876849737025
638,0.0,1.0,0.0,1.3,ml100k,popularity,greedy_topk,1,100,0.4637786019643607
648,0.0,1.0,0.0,1.3,ml100k,popularity,greedy_topk,1,100,0.5399731176215634
651,0.6309297535714575,1.0,1.0,1.3,ml100k,popularity,greedy_topk,1,100,0.4588212256212881
653,0.0,1.0,0.0,1.3,ml100k,popularity,greedy_topk,1,100,0.4775550177859042
659,0.0,1.0,0.0,0.9,ml100k,popularity,greedy_topk,1,100,0.4286188568936476
664,0.5,1.0,1.0,1.1,ml100k,popularity,greedy_topk,1,100,0.4221496840001509
668,0.0,1.0,0.0,1.3,ml100k,popularity,greedy_topk,1,100,0.445320509793484
686,0.430676558073393,1.0,1.0,1.5,ml100k,popularity,greedy_topk,1,100,0.5405756093817562
699,0.0,1.0,0.0,1.5,ml100k,popularity,greedy_topk,1,100,0.4997447550822193
706,0.0,1.0,0.0,1.1,ml100k,popularity,greedy_topk,1,100,0.4537495719794785
707,0.0,1.0,0.0,1.5,ml100k,popularity,greedy_topk,1,100,0.4580500344909619
709,0.0,1.0,0.0,0.4,ml100k,popularity,greedy_topk,1,100,0.3666970004715423
713,0.0,1.0,0.0,1.1,ml100k,popularity,greedy_topk,1,100,0.4393370059923324
725,0.0,1.0,0.0,1.5,ml100k,popularity,greedy_topk,1,100,0.5438269742339117
742,0.0,1.0,0.0,1.3,ml100k,popularity,greedy_topk,1,100,0.4669994739842793
747,0.0,1.0,0.0,1.5,ml100k,popularity,greedy_topk,1,100,0.5122360593745131
748,0.0,1.0,0.0,0.9,ml100k,popularity,greedy_topk,1,100,0.3961183599270529
772,0.0,1.0,0.0,0.9,ml100k,popularity,greedy_topk,1,100,0.407963319511413
783,0.5,1.0,1.0,0.7,ml100k,popularity,greedy_topk,1,100,0.37347193725468
790,0.0,1.0,0.0,1.5,ml100k,popularity,greedy_topk,1,100,0.5246389787825264
795,0.0,1.0,0.0,0.6,ml100k,popularity,greedy_topk,1,100,0.3855605524366521
802,0.0,1.0,0.0,1.5,ml100k,popularity,greedy_topk,1,100,0.4266248919559965
805,0.0,1.0,0.0,1.5,ml100k,popularity,greedy_topk,1,100,0.4964892863341693
807,0.0,1.0,0.0,1.3,ml100k,popularity,greedy_topk,1,100,0.4377403567151543
830,0.0,1.0,0.0,0.6,ml100k,popularity,greedy_topk,1,100,0.3734358454724517
839,0.0,1.0,0.0,1.3,ml100k,popularity,greedy_topk,1,100,0.4740876849737025
855,0.0,1.0,0.0,0.9,ml100k,popularity,greedy_topk,1,100,0.4117541964202134
858,0.0,1.0,0.0,1.5,ml100k,popularity,greedy_topk,1,100,0.515040643445213
867,0.0,1.0,0.0,0.6,ml100k,popularity,greedy_topk,1,100,0.305970000391027
873,0.0,1.0,0.0,0.7,ml100k,popularity,greedy_topk,1,100,0.3751819546043461
875,0.0,1.0,0.0,1.3,ml100k,popularity,greedy_topk,1,100,0.4744321583659852
887,0.0,1.0,0.0,1.1,ml100k,popularity,greedy_topk,1,100,0.4096207807314334
890,0.0,1.0,0.0,1.5,ml100k,popularity,greedy_topk,1,100,0.4665014365236971
898,0.0,1.0,0.0,0.9,ml100k,popularity,greedy_topk,1,100,0.436553654352157
905,0.0,1.0,0.0,1.3,ml100k,popularity,greedy_topk,1,100,0.4740876849737025
918,0.0,1.0,0.0,1.5,ml100k,popularity,greedy_topk,1,100,0.5438269742339117
920,0.0,1.0,0.0,1.3,ml100k,popularity,greedy_topk,1,100,0.4775550177859042
938,0.0,1.0,0.0,0.8,ml100k,popularity,greedy_topk,1,100,0.3719544852862005
17,0.0,1.0,0.0,1.3,ml100k,popularity,mmr,1,100,0.4654009296664574
23,0.0,1.0,0.0,1.3,ml100k,popularity,mmr,1,100,0.4647539162090884
29,0.0,0.9921948194282654,0.0,1.1,ml100k,popularity,mmr,1,100,0.3958980135693183
36,0.0,0.9984067105132736,0.0,1.1,ml100k,popularity,mmr,1,100,0.4689089658868229
50,0.0,0.989520197375079,0.0,0.7,ml100k,popularity,mmr,1,100,0.3294231371363254
54,0.0,1.0,0.0,0.9,ml100k,popularity,mmr,1,100,0.434229525996188
57,0.0,0.996572350683944,0.0,1.1,ml100k,popularity,mmr,1,100,0.4246181643255212
73,0.0,0.9993317142186632,0.0,1.1,ml100k,popularity,mmr,1,100,0.4609056681584589
82,0.0,0.9983936413852934,0.0,1.3,ml100k,popularity,mmr,1,100,0.5134613447173043
104,0.0,0.9954578998137766,0.0,1.3,ml100k,popularity,mmr,1,100,0.4286833716747754
105,0.0,0.9955892346595006,0.0,0.8,ml100k,popularity,mmr,1,100,0.3318029072717112
108,0.0,0.9946513502837476,0.0,1.1,ml100k,popularity,mmr,1,100,0.4498677729197242
117,0.0,0.9928110065709757,0.0,0.9,ml100k,popularity,mmr,1,100,0.4753381095499867
122,0.6309297535714575,0.999301576806218,1.0,1.1,ml100k,popularity,mmr,1,100,0.447062800078652
139,0.0,1.0,0.0,1.5,ml100k,popularity,mmr,1,100,0.5197511342094441
144,0.0,0.9983955482037804,0.0,1.1,ml100k,popularity,mmr,1,100,0.5179041899891348
179,0.0,0.999738214956784,0.0,1.3,ml100k,popularity,mmr,1,100,0.4985879254415214
199,0.3010299956639812,0.996007590251065,1.0,0.6,ml100k,popularity,mmr,1,100,0.3653007897643925
212,0.0,1.0,0.0,1.1,ml100k,popularity,mmr,1,100,0.4338915488083033
220,0.0,0.9948660461392472,0.0,1.1,ml100k,popularity,mmr,1,100,0.3995612721659626
231,0.0,0.9987817980871936,0.0,1.1,ml100k,popularity,mmr,1,100,0.4231580451961876
233,0.0,0.9997378371628102,0.0,1.3,ml100k,popularity,mmr,1,100,0.5062259412442874
242,0.0,1.0,0.0,1.3,ml100k,popularity,mmr,1,100,0.4908261763632746
248,0.0,0.9983396808194528,0.0,1.1,ml100k,popularity,mmr,1,100,0.4453113591653901
262,0.0,0.999738214956784,0.0,1.3,ml100k,popularity,mmr,1,100,0.4985879254415214
264,0.0,0.9983460503096008,0.0,1.1,ml100k,popularity,mmr,1,100,0.4395395134864707
265,0.0,1.0,0.0,1.3,ml100k,popularity,mmr,1,100,0.4634995670402895
286,0.0,1.0,0.0,1.5,ml100k,popularity,mmr,1,100,0.4691668742579963
290,0.0,1.0,0.0,1.1,ml100k,popularity,mmr,1,100,0.4078235227548844
321,0.0,0.9948092304996604,0.0,0.7,ml100k,popularity,mmr,1,100,0.407763847951057
330,0.0,0.9948311883698376,0.0,0.9,ml100k,popularity,mmr,1,100,0.4057519262898827
336,0.0,0.9935662394019198,0.0,0.9,ml100k,popularity,mmr,1,100,0.3698757522961345
339,0.0,0.9993252971938432,0.0,1.3,ml100k,popularity,mmr,1,100,0.5337506556818484
351,0.0,1.0,0.0,1.3,ml100k,popularity,mmr,1,100,0.4684351132954594
354,0.0,0.999738214956784,0.0,1.3,ml100k,popularity,mmr,1,100,0.4985879254415214
361,0.0,0.9995408258748,0.0,1.1,ml100k,popularity,mmr,1,100,0.465344460374686
380,0.0,0.9995933884454344,0.0,1.3,ml100k,popularity,mmr,1,100,0.4748076157790764
385,0.0,0.9984028159274008,0.0,1.3,ml100k,popularity,mmr,1,100,0.5193944533772372
391,0.0,0.9927676467143486,0.0,1.1,ml100k,popularity,mmr,1,100,0.4951502625121381
393,0.0,0.9953668860951284,0.0,0.9,ml100k,popularity,mmr,1,100,0.3837231287974293
396,1.0,0.9992253320540552,1.0,0.9,ml100k,popularity,mmr,1,100,0.3744325780653664
399,0.0,0.988022701652434,0.0,0.7,ml100k,popularity,mmr,1,100,0.3368946993172583
414,0.0,0.9993365056793068,0.0,0.5,ml100k,popularity,mmr,1,100,0.3511675863713175
422,0.0,1.0,0.0,1.3,ml100k,popularity,mmr,1,100,0.4599430678475527
423,0.0,0.9995679331501108,0.0,1.3,ml100k,popularity,mmr,1,100,0.4275466739406072
431,0.0,0.9980455638502148,0.0,1.0,ml100k,popularity,mmr,1,100,0.3786750510790385
432,0.0,0.9993252971938432,0.0,1.3,ml100k,popularity,mmr,1,100,0.5337506556818484
442,0.0,1.0,0.0,0.9,ml100k,popularity,mmr,1,100,0.3806811807088838
466,0.0,1.0,0.0,1.3,ml100k,popularity,mmr,1,100,0.4775550177859042
467,0.0,0.9945276492441492,0.0,1.1,ml100k,popularity,mmr,1,100,0.4408528472440063
473,0.0,0.9970975328903996,0.0,1.1,ml100k,popularity,mmr,1,100,0.4352455350693656
476,0.0,1.0,0.0,1.3,ml100k,popularity,mmr,1,100,0.4384841037825304
478,0.0,1.0,0.0,1.1,ml100k,popularity,mmr,1,100,0.4191375819314258
485,0.0,1.0,0.0,0.9,ml100k,popularity,mmr,1,100,0.4252676164891085
513,0.0,0.9959818064238782,0.0,0.6,ml100k,popularity,mmr,1,100,0.3451396586476913
543,0.0,0.9993252971938432,0.0,1.3,ml100k,popularity,mmr,1,100,0.5337506556818484
550,0.0,0.9995445238760472,0.0,1.3,ml100k,popularity,mmr,1,100,0.418450019517281
553,0.0,0.9997378371628102,0.0,1.3,ml100k,popularity,mmr,1,100,0.5062259412442874
559,0.0,0.9969900407451416,0.0,1.3,ml100k,popularity,mmr,1,100,0.4284497697771789
566,0.0,0.9983907513634486,0.0,1.3,ml100k,popularity,mmr,1,100,0.4757315342963455
593,0.0,0.9975342996447194,0.0,1.1,ml100k,popularity,mmr,1,100,0.4422175734365852
630,0.0,1.0,0.0,1.3,ml100k,popularity,mmr,1,100,0.4740876849737025
638,0.0,1.0,0.0,1.3,ml100k,popularity,mmr,1,100,0.4637786019643607
648,0.0,1.0,0.0,1.3,ml100k,popularity,mmr,1,100,0.5399731176215634
651,0.5,1.0,1.0,1.3,ml100k,popularity,mmr,1,100,0.458821225621288
653,0.0,1.0,0.0,1.3,ml100k,popularity,mmr,1,100,0.4775550177859042
659,0.0,0.9976758556310088,0.0,0.7,ml100k,popularity,mmr,1,100,0.3873923450559926
664,0.5,0.9954217827682544,1.0,1.0,ml100k,popularity,mmr,1,100,0.3989955982508506
668,0.0,1.0,0.0,1.3,ml100k,popularity,mmr,1,100,0.445320509793484
686,0.430676558073393,0.9938121570697848,1.0,1.3,ml100k,popularity,mmr,1,100,0.4887706440201579
699,0.0,0.9997393736198172,0.0,1.5,ml100k,popularity,mmr,1,100,0.501536729133479
706,0.0,0.997165661914144,0.0,1.1,ml100k,popularity,mmr,1,100,0.4475212068685864
707,0.0,0.9992970466495428,0.0,1.3,ml100k,popularity,mmr,1,100,0.4536867067291333
709,0.0,0.9957253636579232,0.0,0.6,ml100k,popularity,mmr,1,100,0.3630771538150277
713,0.0,1.0,0.0,1.1,ml100k,popularity,mmr,1,100,0.4393370059923324
725,0.0,0.9993252971938432,0.0,1.3,ml100k,popularity,mmr,1,100,0.5337506556818484
742,0.0,1.0,0.0,1.3,ml100k,popularity,mmr,1,100,0.4669994739842793
747,0.0,0.9983961828043506,0.0,1.3,ml100k,popularity,mmr,1,100,0.5073631287558644
748,0.0,0.9977164291973908,0.0,0.7,ml100k,popularity,mmr,1,100,0.3744762504986083
772,0.0,1.0,0.0,0.9,ml100k,popularity,mmr,1,100,0.407963319511413
783,0.5,0.99935960691217,1.0,0.7,ml100k,popularity,mmr,1,100,0.367407197603739
790,0.0,0.9984028159274008,0.0,1.3,ml100k,popularity,mmr,1,100,0.5193944533772372
795,0.0,0.999409075458306,0.0,0.7,ml100k,popularity,mmr,1,100,0.3855013191601323
802,0.0,0.9995881185448454,0.0,1.3,ml100k,popularity,mmr,1,100,0.4160883261718053
805,0.0,0.9997371043696988,0.0,1.5,ml100k,popularity,mmr,1,100,0.4988526253370525
807,0.0,1.0,0.0,1.3,ml100k,popularity,mmr,1,100,0.4377403567151543
830,0.0,1.0,0.0,0.6,ml100k,popularity,mmr,1,100,0.3734358454724517
839,0.0,1.0,0.0,1.3,ml100k,popularity,mmr,1,100,0.4740876849737025
855,0.0,0.9982642318828244,0.0,0.8,ml100k,popularity,mmr,1,100,0.4081876732789248
858,0.0,0.9995940951853638,0.0,1.5,ml100k,popularity,mmr,1,100,0.5030493281455846
867,0.0,0.990112090622186,0.0,0.6,ml100k,popularity,mmr,1,100,0.2775867454635375
873,0.0,0.9955652169559728,0.0,0.6,ml100k,popularity,mmr,1,100,0.3711423054502351
875,0.0,1.0,0.0,1.3,ml100k,popularity,mmr,1,100,0.4744321583659852
887,0.0,1.0,0.0,1.1,ml100k,popularity,mmr,1,100,0.4096207807314334
890,0.0,1.0,0.0,1.5,ml100k,popularity,mmr,1,100,0.4665014365236971
898,0.0,0.9979527942548378,0.0,0.9,ml100k,popularity,mmr,1,100,0.4209416012397186
905,0.0,1.0,0.0,1.3,ml100k,popularity,mmr,1,100,0.4740876849737025
918,0.0,1.0,0.0,1.5,ml100k,popularity,mmr,1,100,0.5438269742339117
920,0.0,1.0,0.0,1.3,ml100k,popularity,mmr,1,100,0.4775550177859042
938,0.0,0.9993950802726318,0.0,0.9,ml100k,popularity,mmr,1,100,0.3775021235344583
17,0.0,0.8841683970992331,0.0,0.2,ml100k,popularity,quota_mmr,1,100,0.3867956239441981
23,0.0,0.8951415710676119,0.0,0.3,ml100k,popularity,quota_mmr,1,100,0.3784830735472653
29,0.0,0.908676048372444,0.0,0.3,ml100k,popularity,quota_mmr,1,100,0.3489313829374194
36,0.0,0.8948352790404868,0.0,0.2,ml100k,popularity,quota_mmr,1,100,0.3879297409145351
50,0.0,0.959686803343786,0.0,0.3,ml100k,popularity,quota_mmr,1,100,0.3100207477207191
54,0.0,0.920812994703782,0.0,0.2,ml100k,popularity,quota_mmr,1,100,0.3761174012262706
57,0.0,0.9358263965389284,0.0,0.3,ml100k,popularity,quota_mmr,1,100,0.3564428310432315
73,0.0,0.9218967356136292,0.0,0.3,ml100k,popularity,quota_mmr,1,100,0.3725200767643033
82,0.0,0.8785223426358871,0.0,0.2,ml100k,popularity,quota_mmr,1,100,0.3780165341068864
104,0.0,0.932197843688958,0.0,0.3,ml100k,popularity,quota_mmr,1,100,0.3848425508300742
105,0.0,0.9548984537742184,0.0,0.2,ml100k,popularity,quota_mmr,1,100,0.321174384264969
108,0.0,0.9280859337482402,0.0,0.2,ml100k,popularity,quota_mmr,1,100,0.4032113076358931
117,0.0,0.92439100488364,0.0,0.3,ml100k,popularity,quota_mmr,1,100,0.4165056143859605
122,0.6309297535714575,0.920297491714089,1.0,0.3,ml100k,popularity,quota_mmr,1,100,0.3799081374133105
139,0.0,0.8463640539590503,0.0,0.2,ml100k,popularity,quota_mmr,1,100,0.3695868278162231
144,0.0,0.9074763272427,0.0,0.2,ml100k,popularity,quota_mmr,1,100,0.4369602032658811
179,0.0,0.8926384023659892,0.0,0.2,ml100k,popularity,quota_mmr,1,100,0.3911042752337336
199,0.3333333333333333,0.9438333703199966,1.0,0.3,ml100k,popularity,quota_mmr,1,100,0.3429489984278197
212,0.0,0.9140912625255488,0.0,0.3,ml100k,popularity,quota_mmr,1,100,0.3763963529634348
220,0.0,0.907592287304207,0.0,0.2,ml100k,popularity,quota_mmr,1,100,0.3402437032161485
231,0.0,0.9403621622655906,0.0,0.2,ml100k,popularity,quota_mmr,1,100,0.364967904934213
233,0.0,0.9025053990904556,0.0,0.3,ml100k,popularity,quota_mmr,1,100,0.3718516808741216
242,0.0,0.8772568566981493,0.0,0.2,ml100k,popularity,quota_mmr,1,100,0.3776823316104811
248,0.0,0.9023049163147272,0.0,0.3,ml100k,popularity,quota_mmr,1,100,0.3710255255375837
262,0.0,0.8897664263922235,0.0,0.2,ml100k,popularity,quota_mmr,1,100,0.4130123706539134
264,0.0,0.9069241670822508,0.0,0.3,ml100k,popularity,quota_mmr,1,100,0.3685630210299496
265,0.0,0.882313761335034,0.0,0.3,ml100k,popularity,quota_mmr,1,100,0.3694906989591434
286,0.0,0.8512584434361843,0.0,0.2,ml100k,popularity,quota_mmr,1,100,0.3474339948746384
290,0.0,0.9345168265614132,0.0,0.2,ml100k,popularity,quota_mmr,1,100,0.3452600729314429
321,0.0,0.9528600945079686,0.0,0.2,ml100k,popularity,quota_mmr,1,100,0.3570153231131652
330,0.0,0.9400730413219284,0.0,0.2,ml100k,popularity,quota_mmr,1,100,0.365091278122908
336,0.0,0.8943199758616642,0.0,0.2,ml100k,popularity,quota_mmr,1,100,0.3139588005184404
339,0.0,0.8813024164285345,0.0,0.2,ml100k,popularity,quota_mmr,1,100,0.4122744946924702
351,0.0,0.8787694091247717,0.0,0.2,ml100k,popularity,quota_mmr,1,100,0.3790618733045474
354,0.0,0.8933930919124793,0.0,0.2,ml100k,popularity,quota_mmr,1,100,0.3960038401815196
361,0.3010299956639812,0.9298700743495096,1.0,0.3,ml100k,popularity,quota_mmr,1,100,0.3638308038207273
380,0.3010299956639812,0.8894689634198341,1.0,0.3,ml100k,popularity,quota_mmr,1,100,0.3590489977579114
385,0.0,0.8776965922747252,0.0,0.2,ml100k,popularity,quota_mmr,1,100,0.3982613625954063
391,0.0,0.8959814424546059,0.0,0.2,ml100k,popularity,quota_mmr,1,100,0.4163263924131901
393,0.0,0.9330488686542848,0.0,0.2,ml100k,popularity,quota_mmr,1,100,0.3425601869727706
396,1.0,0.9563167396699682,1.0,0.2,ml100k,popularity,quota_mmr,1,100,0.3469820163798227
399,0.0,0.9738602568088364,0.0,0.2,ml100k,popularity,quota_mmr,1,100,0.3399535513127912
414,0.0,0.9744410603871054,0.0,0.2,ml100k,popularity,quota_mmr,1,100,0.3553899550948921
422,0.0,0.895197404376363,0.0,0.2,ml100k,popularity,quota_mmr,1,100,0.3664895065929964
423,0.0,0.892257202704759,0.0,0.2,ml100k,popularity,quota_mmr,1,100,0.3335313209413553
431,0.0,0.9445276323406134,0.0,0.2,ml100k,popularity,quota_mmr,1,100,0.3406472602497026
432,0.0,0.8854855738267053,0.0,0.2,ml100k,popularity,quota_mmr,1,100,0.4386348764992912
442,0.0,0.9612816301043622,0.0,0.2,ml100k,popularity,quota_mmr,1,100,0.3459354358826445
466,0.0,0.874931413984242,0.0,0.2,ml100k,popularity,quota_mmr,1,100,0.3776823316104811
467,0.0,0.9020392897441418,0.0,0.2,ml100k,popularity,quota_mmr,1,100,0.3679251272589769
473,0.3154648767857287,0.9289682293946828,1.0,0.3,ml100k,popularity,quota_mmr,1,100,0.3568967507843926
476,0.3562071871080222,0.8934597906243602,1.0,0.2,ml100k,popularity,quota_mmr,1,100,0.3589242965337467
478,0.0,0.9300561590582272,0.0,0.3,ml100k,popularity,quota_mmr,1,100,0.3598943223591607
485,0.0,0.9197058791043448,0.0,0.3,ml100k,popularity,quota_mmr,1,100,0.3766709293816639
513,0.0,0.9713706775225142,0.0,0.3,ml100k,popularity,quota_mmr,1,100,0.3304786882287799
543,0.0,0.8928185008908271,0.0,0.3,ml100k,popularity,quota_mmr,1,100,0.3914154713187664
550,0.0,0.9000692732130776,0.0,0.3,ml100k,popularity,quota_mmr,1,100,0.3331854335314618
553,0.0,0.8894252356610701,0.0,0.2,ml100k,popularity,quota_mmr,1,100,0.4155073052796203
559,0.0,0.885535419319822,0.0,0.2,ml100k,popularity,quota_mmr,1,100,0.3474642610565649
566,0.0,0.8763667796681145,0.0,0.3,ml100k,popularity,quota_mmr,1,100,0.374693389232642
593,0.0,0.8977240095939338,0.0,0.2,ml100k,popularity,quota_mmr,1,100,0.3608320535152154
630,0.0,0.8633630287387775,0.0,0.2,ml100k,popularity,quota_mmr,1,100,0.3858790519846771
638,0.0,0.9166274032107232,0.0,0.2,ml100k,popularity,quota_mmr,1,100,0.3595349730685538
648,0.0,0.891738364416593,0.0,0.2,ml100k,popularity,quota_mmr,1,100,0.4386348764992912
651,0.5,0.8910251282222912,1.0,0.2,ml100k,popularity,quota_mmr,1,100,0.3778639584870666
653,0.0,0.8849218268368007,0.0,0.3,ml100k,popularity,quota_mmr,1,100,0.3714830443603556
659,0.0,0.978554452890505,0.0,0.3,ml100k,popularity,quota_mmr,1,100,0.3703073705672539
664,0.5,0.9238191291813226,1.0,0.3,ml100k,popularity,quota_mmr,1,100,0.3331984219999949
668,0.0,0.9006368668771872,0.0,0.2,ml100k,popularity,quota_mmr,1,100,0.3761174012262706
686,0.5,0.8984595544584155,1.0,0.3,ml100k,popularity,quota_mmr,1,100,0.3962945895156685
699,0.0,0.8540431893757853,0.0,0.2,ml100k,popularity,quota_mmr,1,100,0.3733672851101351
706,0.0,0.9332962452595964,0.0,0.2,ml100k,popularity,quota_mmr,1,100,0.3694934798307514
707,0.0,0.8912864191926206,0.0,0.2,ml100k,popularity,quota_mmr,1,100,0.3605392176565442
709,0.0,0.9992018473930868,0.0,0.2,ml100k,popularity,quota_mmr,1,100,0.3751481542592391
713,0.0,0.9205416665179948,0.0,0.3,ml100k,popularity,quota_mmr,1,100,0.3713237104560017
725,0.0,0.8854855738267053,0.0,0.2,ml100k,popularity,quota_mmr,1,100,0.4386348764992912
742,0.0,0.910781729431663,0.0,0.2,ml100k,popularity,quota_mmr,1,100,0.3654847895123774
747,0.0,0.8702096085895061,0.0,0.2,ml100k,popularity,quota_mmr,1,100,0.3910533161442809
748,0.0,0.97943515090628,0.0,0.3,ml100k,popularity,quota_mmr,1,100,0.3532743094267008
772,0.0,0.9326830388053652,0.0,0.2,ml100k,popularity,quota_mmr,1,100,0.3671226743299345
783,0.5,0.9431554364860156,1.0,0.3,ml100k,popularity,quota_mmr,1,100,0.3394375392593955
790,0.0,0.8722265726457458,0.0,0.2,ml100k,popularity,quota_mmr,1,100,0.3989738810586352
795,0.0,0.9572944983167044,0.0,0.3,ml100k,popularity,quota_mmr,1,100,0.374915437957223
802,0.0,0.8957378952133533,0.0,0.3,ml100k,popularity,quota_mmr,1,100,0.3491526815779678
805,0.0,0.8756743866229838,0.0,0.2,ml100k,popularity,quota_mmr,1,100,0.3772582542505066
807,0.0,0.914458447874427,0.0,0.2,ml100k,popularity,quota_mmr,1,100,0.3634148790610677
830,0.0,0.9749038284318988,0.0,0.2,ml100k,popularity,quota_mmr,1,100,0.3683467837748449
839,0.0,0.878207188090568,0.0,0.3,ml100k,popularity,quota_mmr,1,100,0.3714830443603556
855,0.0,0.948852061625293,0.0,0.3,ml100k,popularity,quota_mmr,1,100,0.3649909833346604
858,0.0,0.8685489880162699,0.0,0.3,ml100k,popularity,quota_mmr,1,100,0.3771355499288484
867,0.0,0.9877065929030336,0.0,0.3,ml100k,popularity,quota_mmr,1,100,0.294480574573155
873,0.0,0.951060344874045,0.0,0.3,ml100k,popularity,quota_mmr,1,100,0.3382244926318515
875,0.0,0.8822414034589744,0.0,0.2,ml100k,popularity,quota_mmr,1,100,0.3703090925856756
887,0.0,0.9142921555932408,0.0,0.2,ml100k,popularity,quota_mmr,1,100,0.3575145773564819
890,0.0,0.8651314499138788,0.0,0.3,ml100k,popularity,quota_mmr,1,100,0.3469879998989681
898,0.0,0.9545833663212449,0.0,0.3,ml100k,popularity,quota_mmr,1,100,0.362056192116939
905,0.0,0.8711979589037825,0.0,0.3,ml100k,popularity,quota_mmr,1,100,0.3725437827619687
918,0.0,0.8678526972409221,0.0,0.2,ml100k,popularity,quota_mmr,1,100,0.3801437446383463
920,0.0,0.8772345730615909,0.0,0.2,ml100k,popularity,quota_mmr,1,100,0.3811061703342234
938,0.0,0.9192476421171576,0.0,0.2,ml100k,popularity,quota_mmr,1,100,0.3221259365078508
17,0.0,0.87614944654876,0.0,0.2,ml100k,popularity,balanced_quota,1,100,0.3793887810735556
23,0.0,0.8905283208966938,0.0,0.2,ml100k,popularity,balanced_quota,1,100,0.3788099759352197
29,0.0,0.8974489671187924,0.0,0.2,ml100k,popularity,balanced_quota,1,100,0.333234902581999
36,0.0,0.8948352790404868,0.0,0.2,ml100k,popularity,balanced_quota,1,100,0.3879297409145351
50,0.0,0.9488618287709808,0.0,0.2,ml100k,popularity,balanced_quota,1,100,0.3008413568323414
54,0.0,0.9170435735522392,0.0,0.2,ml100k,popularity,balanced_quota,1,100,0.3790709800016736
57,0.0,0.935023194278746,0.0,0.2,ml100k,popularity,balanced_quota,1,100,0.3591178021974659
73,0.0,0.9137036437811108,0.0,0.2,ml100k,popularity,balanced_quota,1,100,0.3806498372095536
82,0.0,0.8785223426358871,0.0,0.2,ml100k,popularity,balanced_quota,1,100,0.3780165341068864
104,0.0,0.9121669859303848,0.0,0.2,ml100k,popularity,balanced_quota,1,100,0.3637057160052638
105,0.0,0.9514678585093854,0.0,0.2,ml100k,popularity,balanced_quota,1,100,0.3269787194218068
108,0.0,0.9247239253551672,0.0,0.2,ml100k,popularity,balanced_quota,1,100,0.3902901456961631
117,0.0,0.922161441089652,0.0,0.2,ml100k,popularity,balanced_quota,1,100,0.416140996297498
122,0.6309297535714575,0.9155365526622724,1.0,0.2,ml100k,popularity,balanced_quota,1,100,0.3801296373555164
139,0.0,0.8414347419056251,0.0,0.2,ml100k,popularity,balanced_quota,1,100,0.3492120754768034
144,0.0,0.9074763272427,0.0,0.2,ml100k,popularity,balanced_quota,1,100,0.4369602032658811
179,0.0,0.8926384023659892,0.0,0.2,ml100k,popularity,balanced_quota,1,100,0.3911042752337336
199,0.3333333333333333,0.930288088508376,1.0,0.2,ml100k,popularity,balanced_quota,1,100,0.3229324671753506
212,0.0,0.9049213519667166,0.0,0.2,ml100k,popularity,balanced_quota,1,100,0.3730126359630023
220,0.0,0.907592287304207,0.0,0.2,ml100k,popularity,balanced_quota,1,100,0.3402437032161485
231,0.0,0.9354893546143648,0.0,0.2,ml100k,popularity,balanced_quota,1,100,0.3582536676644033
233,0.0,0.8996277217719129,0.0,0.2,ml100k,popularity,balanced_quota,1,100,0.376287482144743
242,0.0,0.8772568566981493,0.0,0.2,ml100k,popularity,balanced_quota,1,100,0.3776823316104811
248,0.0,0.8973296466229473,0.0,0.2,ml100k,popularity,balanced_quota,1,100,0.3644740949329911
262,0.0,0.8897664263922235,0.0,0.2,ml100k,popularity,balanced_quota,1,100,0.4130123706539134
264,0.0,0.902413353167694,0.0,0.2,ml100k,popularity,balanced_quota,1,100,0.3691350124244411
265,0.0,0.8786875727793618,0.0,0.2,ml100k,popularity,balanced_quota,1,100,0.3640238618684859
286,0.0,0.8462358518652107,0.0,0.2,ml100k,popularity,balanced_quota,1,100,0.3363320978191049
290,0.0,0.9254245578762595,0.0,0.2,ml100k,popularity,balanced_quota,1,100,0.3317655433261951
321,0.0,0.9329408260127032,0.0,0.2,ml100k,popularity,balanced_quota,1,100,0.344181172108511
330,0.0,0.9400730413219284,0.0,0.2,ml100k,popularity,balanced_quota,1,100,0.365091278122908
336,0.0,0.8943199758616642,0.0,0.2,ml100k,popularity,balanced_quota,1,100,0.307318705994813
339,0.0,0.8813024164285345,0.0,0.2,ml100k,popularity,balanced_quota,1,100,0.4122744946924702
351,0.0,0.8853778959712144,0.0,0.2,ml100k,popularity,balanced_quota,1,100,0.3941742215353606
354,0.0,0.8921814329409918,0.0,0.2,ml100k,popularity,balanced_quota,1,100,0.3957506452113815
361,0.3154648767857287,0.9194446290051828,1.0,0.2,ml100k,popularity,balanced_quota,1,100,0.34912265066992
380,0.3154648767857287,0.8800767845154698,1.0,0.2,ml100k,popularity,balanced_quota,1,100,0.3545703183475031
385,0.0,0.8776965922747252,0.0,0.2,ml100k,popularity,balanced_quota,1,100,0.3982613625954063
391,0.0,0.8959814424546059,0.0,0.2,ml100k,popularity,balanced_quota,1,100,0.4163263924131901
393,0.0,0.9271643606513766,0.0,0.2,ml100k,popularity,balanced_quota,1,100,0.3350920636978873
396,1.0,0.9563167396699682,1.0,0.2,ml100k,popularity,balanced_quota,1,100,0.3469820163798227
399,0.0,0.9738602568088364,0.0,0.2,ml100k,popularity,balanced_quota,1,100,0.3399535513127912
414,0.0,0.9717870831043322,0.0,0.2,ml100k,popularity,balanced_quota,1,100,0.3430636954968221
422,0.0,0.895197404376363,0.0,0.2,ml100k,popularity,balanced_quota,1,100,0.3664895065929964
423,0.0,0.892257202704759,0.0,0.2,ml100k,popularity,balanced_quota,1,100,0.3335313209413553
431,0.0,0.9445276323406134,0.0,0.2,ml100k,popularity,balanced_quota,1,100,0.3406472602497026
432,0.0,0.8834614654082356,0.0,0.2,ml100k,popularity,balanced_quota,1,100,0.431605831700925
442,0.0,0.9500986431061716,0.0,0.2,ml100k,popularity,balanced_quota,1,100,0.3390318113848256
466,0.0,0.874931413984242,0.0,0.2,ml100k,popularity,balanced_quota,1,100,0.3776823316104811
467,0.0,0.9020392897441418,0.0,0.2,ml100k,popularity,balanced_quota,1,100,0.3679251272589769
473,0.3154648767857287,0.9310292329769134,1.0,0.2,ml100k,popularity,balanced_quota,1,100,0.3614734826900206
476,0.3562071871080222,0.8934597906243602,1.0,0.2,ml100k,popularity,balanced_quota,1,100,0.3589242965337467
478,0.0,0.9248379020110488,0.0,0.2,ml100k,popularity,balanced_quota,1,100,0.3493744749635664
485,0.0,0.9170751988315744,0.0,0.2,ml100k,popularity,balanced_quota,1,100,0.3790709800016736
513,0.0,0.9609263732834218,0.0,0.2,ml100k,popularity,balanced_quota,1,100,0.3301399974031357
543,0.0,0.8933582631357525,0.0,0.2,ml100k,popularity,balanced_quota,1,100,0.3891447967209411
550,0.0,0.891058030322861,0.0,0.2,ml100k,popularity,balanced_quota,1,100,0.3288417005116595
553,0.0,0.8894252356610701,0.0,0.2,ml100k,popularity,balanced_quota,1,100,0.4155073052796203
559,0.0,0.882359379262731,0.0,0.2,ml100k,popularity,balanced_quota,1,100,0.34085457334633
566,0.0,0.8754344830071531,0.0,0.2,ml100k,popularity,balanced_quota,1,100,0.3727418341962351
593,0.0,0.8977240095939338,0.0,0.2,ml100k,popularity,balanced_quota,1,100,0.3608320535152154
630,0.0,0.856813906760855,0.0,0.2,ml100k,popularity,balanced_quota,1,100,0.3759894845022917
638,0.0,0.9166274032107232,0.0,0.2,ml100k,popularity,balanced_quota,1,100,0.3595349730685538
648,0.0,0.8896999629069131,0.0,0.2,ml100k,popularity,balanced_quota,1,100,0.431605831700925
651,0.6309297535714575,0.8873976035600156,1.0,0.2,ml100k,popularity,balanced_quota,1,100,0.3840773820963137
653,0.0,0.8821043960301412,0.0,0.2,ml100k,popularity,balanced_quota,1,100,0.3710009498365873
659,0.0,0.9712661332563272,0.0,0.2,ml100k,popularity,balanced_quota,1,100,0.3623632550167914
664,0.5,0.9245821653866136,1.0,0.2,ml100k,popularity,balanced_quota,1,100,0.3320342589419491
668,0.0,0.8969500383078767,0.0,0.2,ml100k,popularity,balanced_quota,1,100,0.3790709800016736
686,0.5,0.8878817285515908,1.0,0.2,ml100k,popularity,balanced_quota,1,100,0.387228973655889
699,0.0,0.8511762991937728,0.0,0.2,ml100k,popularity,balanced_quota,1,100,0.3664152190803583
706,0.0,0.9312630855235248,0.0,0.2,ml100k,popularity,balanced_quota,1,100,0.3830271737281988
707,0.0,0.8912864191926206,0.0,0.2,ml100k,popularity,balanced_quota,1,100,0.3605392176565442
709,0.0,0.9881694809998248,0.0,0.2,ml100k,popularity,balanced_quota,1,100,0.3590121892352499
713,0.0,0.9182942050886324,0.0,0.2,ml100k,popularity,balanced_quota,1,100,0.3671859734101645
725,0.0,0.8834614654082356,0.0,0.2,ml100k,popularity,balanced_quota,1,100,0.431605831700925
742,0.0,0.9060326181110452,0.0,0.2,ml100k,popularity,balanced_quota,1,100,0.3610055125258293
747,0.0,0.8672894227860765,0.0,0.2,ml100k,popularity,balanced_quota,1,100,0.3837503307030892
748,0.0,0.9756791271033316,0.0,0.2,ml100k,popularity,balanced_quota,1,100,0.3568276071350442
772,0.0,0.9218234576808316,0.0,0.2,ml100k,popularity,balanced_quota,1,100,0.3628664717379816
783,0.5,0.939894603742246,1.0,0.2,ml100k,popularity,balanced_quota,1,100,0.3351418630045031
790,0.0,0.8722265726457458,0.0,0.2,ml100k,popularity,balanced_quota,1,100,0.3989738810586352
795,0.0,0.9548388793870156,0.0,0.2,ml100k,popularity,balanced_quota,1,100,0.3653727850587279
802,0.0,0.886318617191123,0.0,0.2,ml100k,popularity,balanced_quota,1,100,0.345537597072751
805,0.0,0.8756743866229838,0.0,0.2,ml100k,popularity,balanced_quota,1,100,0.3772582542505066
807,0.0,0.9111871542654738,0.0,0.2,ml100k,popularity,balanced_quota,1,100,0.3567657551625871
830,0.0,0.9536867049082064,0.0,0.2,ml100k,popularity,balanced_quota,1,100,0.3426778590247585
839,0.0,0.8754111354774229,0.0,0.2,ml100k,popularity,balanced_quota,1,100,0.3710009498365873
855,0.0,0.9411685497048404,0.0,0.2,ml100k,popularity,balanced_quota,1,100,0.3534989530430301
858,0.0,0.8665194639430882,0.0,0.2,ml100k,popularity,balanced_quota,1,100,0.3740534180774888
867,0.0,0.9754695681084772,0.0,0.2,ml100k,popularity,balanced_quota,1,100,0.274124342150105
873,0.0,0.9349324450878628,0.0,0.2,ml100k,popularity,balanced_quota,1,100,0.3309115206505388
875,0.0,0.88103376458107,0.0,0.2,ml100k,popularity,balanced_quota,1,100,0.3709823343808706
887,0.0,0.9111363880473828,0.0,0.2,ml100k,popularity,balanced_quota,1,100,0.3540024876730073
890,0.0,0.8642026384842707,0.0,0.2,ml100k,popularity,balanced_quota,1,100,0.3434354106144153
898,0.0,0.9513731491238552,0.0,0.2,ml100k,popularity,balanced_quota,1,100,0.3628962989199575
905,0.0,0.870555870383783,0.0,0.2,ml100k,popularity,balanced_quota,1,100,0.3708282785199268
918,0.0,0.864884004893833,0.0,0.2,ml100k,popularity,balanced_quota,1,100,0.3726298658322562
920,0.0,0.8691658786843313,0.0,0.2,ml100k,popularity,balanced_quota,1,100,0.3761909593534859
938,0.0,0.9240672260763212,0.0,0.2,ml100k,popularity,balanced_quota,1,100,0.3393893732070008
17,0.0,0.7843493409279634,0.0,0.2,ml100k,popularity,qubo_feasible,1,100,0.3176416378254956
23,0.0,0.8196418131427631,0.0,0.2,ml100k,popularity,qubo_feasible,1,100,0.305867387075837
29,0.0,0.756866291265234,0.0,0.2,ml100k,popularity,qubo_feasible,1,100,0.2406598203196152
36,0.0,0.805674285289966,0.0,0.2,ml100k,popularity,qubo_feasible,1,100,0.3277687391130148
50,0.0,0.8612910906783625,0.0,0.2,ml100k,popularity,qubo_feasible,1,100,0.2341046667905985
54,0.0,0.8199460135908471,0.0,0.2,ml100k,popularity,qubo_feasible,1,100,0.2968122925238782
57,0.0,0.8788596034953221,0.0,0.2,ml100k,popularity,qubo_feasible,1,100,0.3341804387612103
73,0.0,0.8424982438952319,0.0,0.2,ml100k,popularity,qubo_feasible,1,100,0.3202248830076117
82,0.0,0.7227684234628173,0.0,0.2,ml100k,popularity,qubo_feasible,1,100,0.2876221654190831
104,0.0,0.7876115992283625,0.0,0.2,ml100k,popularity,qubo_feasible,1,100,0.2626560540531236
105,0.0,0.7076412670743064,0.0,0.2,ml100k,popularity,qubo_feasible,1,100,0.1920506921971497
108,0.0,0.801521021430557,0.0,0.2,ml100k,popularity,qubo_feasible,1,100,0.2861655590090082
117,0.0,0.8057548192186645,0.0,0.2,ml100k,popularity,qubo_feasible,1,100,0.3185122240281415
122,0.6309297535714575,0.8773980144630135,1.0,0.2,ml100k,popularity,qubo_feasible,1,100,0.3342025638495994
139,0.0,0.7115082810016149,0.0,0.2,ml100k,popularity,qubo_feasible,1,100,0.2642275184834177
144,0.0,0.7879433800058153,0.0,0.2,ml100k,popularity,qubo_feasible,1,100,0.3073451925704453
179,0.0,0.8422217843083776,0.0,0.2,ml100k,popularity,qubo_feasible,1,100,0.3469679376292193
199,0.0,0.7674294685856881,0.0,0.2,ml100k,popularity,qubo_feasible,1,100,0.233975860534258
212,0.0,0.806063930480905,0.0,0.2,ml100k,popularity,qubo_feasible,1,100,0.2879105403473362
220,0.0,0.7565052725530179,0.0,0.2,ml100k,popularity,qubo_feasible,1,100,0.2396897016322934
231,0.0,0.7842276694777337,0.0,0.2,ml100k,popularity,qubo_feasible,1,100,0.2491713611410755
233,0.0,0.838090895678791,0.0,0.2,ml100k,popularity,qubo_feasible,1,100,0.3324393147832174
242,0.0,0.7935122432816488,0.0,0.2,ml100k,popularity,qubo_feasible,1,100,0.331286187321068
248,0.0,0.8320001090651836,0.0,0.2,ml100k,popularity,qubo_feasible,1,100,0.3261041698226035
262,0.0,0.8333954004104807,0.0,0.2,ml100k,popularity,qubo_feasible,1,100,0.3405063281462764
264,0.0,0.8467746546031926,0.0,0.2,ml100k,popularity,qubo_feasible,1,100,0.3271455551193049
265,0.0,0.7917712720264996,0.0,0.2,ml100k,popularity,qubo_feasible,1,100,0.305158356215723
286,0.0,0.8458435904593186,0.0,0.2,ml100k,popularity,qubo_feasible,1,100,0.3390814312446639
290,0.0,0.8781172263421426,0.0,0.2,ml100k,popularity,qubo_feasible,1,100,0.3038788143825891
321,0.0,0.8022097323519268,0.0,0.2,ml100k,popularity,qubo_feasible,1,100,0.2560547019435945
330,0.0,0.8685554937789397,0.0,0.2,ml100k,popularity,qubo_feasible,1,100,0.3087439242102944
336,0.0,0.7760496230008577,0.0,0.2,ml100k,popularity,qubo_feasible,1,100,0.2374541196330226
339,0.0,0.7241396727128683,0.0,0.2,ml100k,popularity,qubo_feasible,1,100,0.2996159168466678
351,0.0,0.8190568321420175,0.0,0.2,ml100k,popularity,qubo_feasible,1,100,0.3232123464710101
354,0.0,0.7496954770712878,0.0,0.2,ml100k,popularity,qubo_feasible,1,100,0.2927791192339775
361,0.0,0.8313196257935245,0.0,0.2,ml100k,popularity,qubo_feasible,1,100,0.2865153096949107
380,0.0,0.7964815602794936,0.0,0.2,ml100k,popularity,qubo_feasible,1,100,0.3020658894181389
385,0.0,0.7020169621411408,0.0,0.2,ml100k,popularity,qubo_feasible,1,100,0.2866180642049744
391,0.0,0.7909832997056411,0.0,0.2,ml100k,popularity,qubo_feasible,1,100,0.3225532786267007
393,0.0,0.8653997755544103,0.0,0.2,ml100k,popularity,qubo_feasible,1,100,0.2938512285856563
396,0.0,0.7839043370846345,0.0,0.2,ml100k,popularity,qubo_feasible,1,100,0.2398533043228238
399,0.0,0.8735905803706899,0.0,0.2,ml100k,popularity,qubo_feasible,1,100,0.2650590615531252
414,0.0,0.8018377435060905,0.0,0.2,ml100k,popularity,qubo_feasible,1,100,0.2247662160043296
422,0.0,0.7925907148235439,0.0,0.2,ml100k,popularity,qubo_feasible,1,100,0.2900050721514586
423,0.0,0.8397978835693243,0.0,0.2,ml100k,popularity,qubo_feasible,1,100,0.3103749680729983
431,0.0,0.8432609107430358,0.0,0.2,ml100k,popularity,qubo_feasible,1,100,0.2602800458818962
432,0.0,0.7968603088309616,0.0,0.2,ml100k,popularity,qubo_feasible,1,100,0.3702354395150409
442,0.0,0.916311263635076,0.0,0.2,ml100k,popularity,qubo_feasible,1,100,0.3161084472458721
466,0.0,0.7999058796224963,0.0,0.2,ml100k,popularity,qubo_feasible,1,100,0.3153446062873856
467,0.0,0.8535145153383865,0.0,0.2,ml100k,popularity,qubo_feasible,1,100,0.3304178125860387
473,0.3562071871080222,0.8489422851012975,1.0,0.2,ml100k,popularity,qubo_feasible,1,100,0.3114424173931175
476,0.0,0.8259376199817138,0.0,0.2,ml100k,popularity,qubo_feasible,1,100,0.3053136360964436
478,0.0,0.8833660206326416,0.0,0.2,ml100k,popularity,qubo_feasible,1,100,0.3212401792619113
485,0.0,0.7697424435320694,0.0,0.2,ml100k,popularity,qubo_feasible,1,100,0.272813348635437
513,0.0,0.7870375488015818,0.0,0.2,ml100k,popularity,qubo_feasible,1,100,0.2141721643604449
543,0.0,0.7753404682205691,0.0,0.2,ml100k,popularity,qubo_feasible,1,100,0.3159676595715177
550,0.0,0.8464331470056619,0.0,0.2,ml100k,popularity,qubo_feasible,1,100,0.2979661057806734
553,0.0,0.7926252278736522,0.0,0.2,ml100k,popularity,qubo_feasible,1,100,0.316006108071992
559,0.0,0.838569765797469,0.0,0.2,ml100k,popularity,qubo_feasible,1,100,0.3059135425125024
566,0.0,0.7986410555477637,0.0,0.2,ml100k,popularity,qubo_feasible,1,100,0.3055453182950083
593,0.0,0.8230819503636292,0.0,0.2,ml100k,popularity,qubo_feasible,1,100,0.3222482516027843
630,0.0,0.7616201197242091,0.0,0.2,ml100k,popularity,qubo_feasible,1,100,0.3080284656383342
638,0.0,0.8328442682176765,0.0,0.2,ml100k,popularity,qubo_feasible,1,100,0.2978271607455285
648,0.0,0.7295882705300161,0.0,0.2,ml100k,popularity,qubo_feasible,1,100,0.3035949309782896
651,1.0,0.8392995627970216,1.0,0.2,ml100k,popularity,qubo_feasible,1,100,0.3361178616510588
653,0.0,0.8204094480544667,0.0,0.2,ml100k,popularity,qubo_feasible,1,100,0.3302741673749791
659,0.0,0.7966594492521131,0.0,0.2,ml100k,popularity,qubo_feasible,1,100,0.2452764976916014
664,0.0,0.8795031615686004,0.0,0.2,ml100k,popularity,qubo_feasible,1,100,0.3082314211266687
668,0.0,0.8636006544290834,0.0,0.2,ml100k,popularity,qubo_feasible,1,100,0.3479833947270916
686,0.6309297535714575,0.8134395942588684,1.0,0.2,ml100k,popularity,qubo_feasible,1,100,0.327655846898746
699,0.0,0.8183545238170262,0.0,0.2,ml100k,popularity,qubo_feasible,1,100,0.3389827096743468
706,0.0,0.8502871977209423,0.0,0.2,ml100k,popularity,qubo_feasible,1,100,0.2913632364877997
707,0.0,0.7908990761450959,0.0,0.2,ml100k,popularity,qubo_feasible,1,100,0.2906429239056604
709,0.0,0.8373408838685931,0.0,0.2,ml100k,popularity,qubo_feasible,1,100,0.2464471369735975
713,0.0,0.7870042850634574,0.0,0.2,ml100k,popularity,qubo_feasible,1,100,0.2663857858501766
725,0.0,0.7900392426663754,0.0,0.2,ml100k,popularity,qubo_feasible,1,100,0.3408224664394935
742,0.0,0.8468715850968941,0.0,0.2,ml100k,popularity,qubo_feasible,1,100,0.3209959840757787
747,0.0,0.8011300531548472,0.0,0.2,ml100k,popularity,qubo_feasible,1,100,0.3185194576085134
748,0.0,0.8974717441211749,0.0,0.2,ml100k,popularity,qubo_feasible,1,100,0.2817570699955747
772,0.0,0.8117573288062973,0.0,0.2,ml100k,popularity,qubo_feasible,1,100,0.2871855182356212
783,0.6309297535714575,0.7493819861924029,1.0,0.2,ml100k,popularity,qubo_feasible,1,100,0.2046115452336968
790,0.0,0.7758328692019956,0.0,0.2,ml100k,popularity,qubo_feasible,1,100,0.3290412873941498
795,0.0,0.8791317091105255,0.0,0.2,ml100k,popularity,qubo_feasible,1,100,0.2975431605998581
802,0.0,0.8202583841123693,0.0,0.2,ml100k,popularity,qubo_feasible,1,100,0.2938582133221405
805,0.0,0.8071456769650094,0.0,0.2,ml100k,popularity,qubo_feasible,1,100,0.3214674732945679
807,0.0,0.8522418653270759,0.0,0.2,ml100k,popularity,qubo_feasible,1,100,0.3096456652604646
830,0.0,0.8871418578732583,0.0,0.2,ml100k,popularity,qubo_feasible,1,100,0.3009425983502748
839,0.0,0.8060450737693435,0.0,0.2,ml100k,popularity,qubo_feasible,1,100,0.318260008142018
855,0.0,0.8331402738227847,0.0,0.2,ml100k,popularity,qubo_feasible,1,100,0.2892023922948246
858,0.0,0.7991221827311403,0.0,0.2,ml100k,popularity,qubo_feasible,1,100,0.3057489415569777
867,0.0,0.7724026647363835,0.0,0.2,ml100k,popularity,qubo_feasible,1,100,0.1647660586405519
873,0.0,0.7564608779173063,0.0,0.2,ml100k,popularity,qubo_feasible,1,100,0.2219286684094877
875,0.0,0.8294439861980135,0.0,0.2,ml100k,popularity,qubo_feasible,1,100,0.3337746847917844
887,0.0,0.7662141462589033,0.0,0.2,ml100k,popularity,qubo_feasible,1,100,0.251814825345856
890,0.0,0.8101076869323511,0.0,0.2,ml100k,popularity,qubo_feasible,1,100,0.321630040019128
898,0.0,0.8780390169705692,0.0,0.2,ml100k,popularity,qubo_feasible,1,100,0.3181009049964917
905,0.0,0.8037830848173614,0.0,0.2,ml100k,popularity,qubo_feasible,1,100,0.3172355269651176
918,0.0,0.7197019142980883,0.0,0.2,ml100k,popularity,qubo_feasible,1,100,0.2738126404169998
920,0.0,0.8201548033777116,0.0,0.2,ml100k,popularity,qubo_feasible,1,100,0.3465733758935008
938,0.0,0.7771025825907658,0.0,0.2,ml100k,popularity,qubo_feasible,1,100,0.2341729019104513
17,0.0,0.8455143982310752,0.0,0.2,ml100k,popularity,qubo_tabu,1,100,0.3314978549184117
23,0.0,0.8631995629276581,0.0,0.2,ml100k,popularity,qubo_tabu,1,100,0.3351956597124681
29,0.0,0.8258891098455527,0.0,0.2,ml100k,popularity,qubo_tabu,1,100,0.2731544555832742
36,0.0,0.8572190060357685,0.0,0.2,ml100k,popularity,qubo_tabu,1,100,0.3311232214972821
50,0.0,0.8870674876554392,0.0,0.2,ml100k,popularity,qubo_tabu,1,100,0.2437677275813738
54,0.0,0.8759005834475274,0.0,0.2,ml100k,popularity,qubo_tabu,1,100,0.3250150814200516
57,0.0,0.9299472555389334,0.0,0.2,ml100k,popularity,qubo_tabu,1,100,0.3519261030268383
73,0.0,0.8858919518801148,0.0,0.2,ml100k,popularity,qubo_tabu,1,100,0.3410763487337069
82,0.0,0.8511968519627149,0.0,0.2,ml100k,popularity,qubo_tabu,1,100,0.3443528330138323
104,0.0,0.8385637876931757,0.0,0.2,ml100k,popularity,qubo_tabu,1,100,0.2672717510122945
105,0.0,0.7584965804122221,0.0,0.2,ml100k,popularity,qubo_tabu,1,100,0.1855608889022669
108,0.0,0.8597954926507958,0.0,0.2,ml100k,popularity,qubo_tabu,1,100,0.3014021928215141
117,0.0,0.8099635463768216,0.0,0.2,ml100k,popularity,qubo_tabu,1,100,0.3058380905157607
122,1.0,0.8808817333349808,1.0,0.2,ml100k,popularity,qubo_tabu,1,100,0.3364264904938831
139,0.0,0.7991863450101367,0.0,0.2,ml100k,popularity,qubo_tabu,1,100,0.2921628918506951
144,0.0,0.7886810555102393,0.0,0.2,ml100k,popularity,qubo_tabu,1,100,0.3028573906230803
179,0.0,0.8775385482228552,0.0,0.2,ml100k,popularity,qubo_tabu,1,100,0.358079994419447
199,0.3868528072345416,0.8821608879961647,1.0,0.2,ml100k,popularity,qubo_tabu,1,100,0.2819740874677148
212,0.0,0.8407720726647036,0.0,0.2,ml100k,popularity,qubo_tabu,1,100,0.2944372717976782
220,0.0,0.87264709270945,0.0,0.2,ml100k,popularity,qubo_tabu,1,100,0.2992247664753391
231,0.0,0.8787165579045921,0.0,0.2,ml100k,popularity,qubo_tabu,1,100,0.2885420732011911
233,0.0,0.8671150236572593,0.0,0.2,ml100k,popularity,qubo_tabu,1,100,0.3371117498524217
242,0.0,0.8671986498481727,0.0,0.2,ml100k,popularity,qubo_tabu,1,100,0.3596634367487199
248,0.0,0.8888521444373977,0.0,0.2,ml100k,popularity,qubo_tabu,1,100,0.3518940111427027
262,0.0,0.8642687397122222,0.0,0.2,ml100k,popularity,qubo_tabu,1,100,0.3469468451157266
264,0.0,0.8801263936628282,0.0,0.2,ml100k,popularity,qubo_tabu,1,100,0.3437645966004817
265,0.0,0.8275940407180855,0.0,0.2,ml100k,popularity,qubo_tabu,1,100,0.3128317617704029
286,0.0,0.8257997207284665,0.0,0.2,ml100k,popularity,qubo_tabu,1,100,0.3101127066690651
290,0.0,0.8964101882341218,0.0,0.2,ml100k,popularity,qubo_tabu,1,100,0.2960391401760749
321,0.0,0.8829634959310865,0.0,0.2,ml100k,popularity,qubo_tabu,1,100,0.2905483014173219
330,0.0,0.9065848298512542,0.0,0.2,ml100k,popularity,qubo_tabu,1,100,0.3190937145882643
336,0.0,0.8683502680850773,0.0,0.2,ml100k,popularity,qubo_tabu,1,100,0.2716415382149498
339,0.0,0.7477655759922496,0.0,0.2,ml100k,popularity,qubo_tabu,1,100,0.2992267296203958
351,0.0,0.8495373531534158,0.0,0.2,ml100k,popularity,qubo_tabu,1,100,0.3375584066393705
354,0.0,0.8772939148175566,0.0,0.2,ml100k,popularity,qubo_tabu,1,100,0.3592337191937348
361,0.0,0.877171979983049,0.0,0.2,ml100k,popularity,qubo_tabu,1,100,0.3077363955925239
380,0.0,0.8601659323965699,0.0,0.2,ml100k,popularity,qubo_tabu,1,100,0.3211332634585411
385,0.0,0.8047205782713113,0.0,0.2,ml100k,popularity,qubo_tabu,1,100,0.3208515632352441
391,0.0,0.7873961612887062,0.0,0.2,ml100k,popularity,qubo_tabu,1,100,0.3120431661748062
393,0.0,0.9169583536252236,0.0,0.2,ml100k,popularity,qubo_tabu,1,100,0.3217781416023444
396,1.0,0.8765658948538033,1.0,0.2,ml100k,popularity,qubo_tabu,1,100,0.2675899875241973
399,0.0,0.9296053797971112,0.0,0.2,ml100k,popularity,qubo_tabu,1,100,0.2865304961055343
414,0.0,0.8574860008069031,0.0,0.2,ml100k,popularity,qubo_tabu,1,100,0.2385035646426659
422,0.0,0.8498981593398872,0.0,0.2,ml100k,popularity,qubo_tabu,1,100,0.308091002430052
423,0.0,0.87631416257712,0.0,0.2,ml100k,popularity,qubo_tabu,1,100,0.3127088061870401
431,0.0,0.8883856080191005,0.0,0.2,ml100k,popularity,qubo_tabu,1,100,0.2699278894110518
432,0.0,0.825919437286732,0.0,0.2,ml100k,popularity,qubo_tabu,1,100,0.3703700076164488
442,0.0,0.9364344014866052,0.0,0.2,ml100k,popularity,qubo_tabu,1,100,0.3135648285924108
466,0.0,0.8516301253984654,0.0,0.2,ml100k,popularity,qubo_tabu,1,100,0.3467271171199817
467,0.0,0.8607747912360008,0.0,0.2,ml100k,popularity,qubo_tabu,1,100,0.3243660343324643
473,0.3562071871080222,0.8918688143576496,1.0,0.2,ml100k,popularity,qubo_tabu,1,100,0.3247612305569244
476,0.3562071871080222,0.8500008879311303,1.0,0.2,ml100k,popularity,qubo_tabu,1,100,0.314512337159678
478,0.0,0.916250982880346,0.0,0.2,ml100k,popularity,qubo_tabu,1,100,0.3390029925455798
485,0.0,0.8517608199948254,0.0,0.2,ml100k,popularity,qubo_tabu,1,100,0.3007672421342999
513,0.0,0.8239715492800189,0.0,0.2,ml100k,popularity,qubo_tabu,1,100,0.2166615311187905
543,0.0,0.7970614199155266,0.0,0.2,ml100k,popularity,qubo_tabu,1,100,0.3050717094799649
550,0.0,0.880174063984265,0.0,0.2,ml100k,popularity,qubo_tabu,1,100,0.3057907867743535
553,0.0,0.8094293515877795,0.0,0.2,ml100k,popularity,qubo_tabu,1,100,0.3111620144331116
559,0.0,0.8614790195687223,0.0,0.2,ml100k,popularity,qubo_tabu,1,100,0.315731113322195
566,0.0,0.8393226349094491,0.0,0.2,ml100k,popularity,qubo_tabu,1,100,0.3210163463631306
593,0.0,0.8821375692239953,0.0,0.2,ml100k,popularity,qubo_tabu,1,100,0.3424803697226519
630,0.0,0.7856077252692277,0.0,0.2,ml100k,popularity,qubo_tabu,1,100,0.330467908928479
638,0.0,0.8987600141421397,0.0,0.2,ml100k,popularity,qubo_tabu,1,100,0.3296549237628804
648,0.0,0.7770102566407829,0.0,0.2,ml100k,popularity,qubo_tabu,1,100,0.3222134422113379
651,0.6309297535714575,0.8626977571320997,1.0,0.2,ml100k,popularity,qubo_tabu,1,100,0.3355947896726078
653,0.0,0.8609973776676743,0.0,0.2,ml100k,popularity,qubo_tabu,1,100,0.347574487835627
659,0.0,0.9302171566186868,0.0,0.2,ml100k,popularity,qubo_tabu,1,100,0.3115982611477105
664,0.0,0.888564883773972,0.0,0.2,ml100k,popularity,qubo_tabu,1,100,0.2984206198311282
668,0.0,0.8719973518479501,0.0,0.2,ml100k,popularity,qubo_tabu,1,100,0.3405163492848811
686,0.6309297535714575,0.8053669689324909,1.0,0.2,ml100k,popularity,qubo_tabu,1,100,0.2863383239485657
699,0.0,0.8289427848648829,0.0,0.2,ml100k,popularity,qubo_tabu,1,100,0.324483722025065
706,0.0,0.8585330338764467,0.0,0.2,ml100k,popularity,qubo_tabu,1,100,0.2861798596786361
707,0.0,0.8555516823409876,0.0,0.2,ml100k,popularity,qubo_tabu,1,100,0.3202745789353853
709,0.0,0.8968419897949874,0.0,0.2,ml100k,popularity,qubo_tabu,1,100,0.2641096684600477
713,0.0,0.870217924303953,0.0,0.2,ml100k,popularity,qubo_tabu,1,100,0.3140928344939827
725,0.0,0.7256086402117625,0.0,0.2,ml100k,popularity,qubo_tabu,1,100,0.2907607049263743
742,0.0,0.8868259886386625,0.0,0.2,ml100k,popularity,qubo_tabu,1,100,0.3249978053234216
747,0.0,0.84595668686806,0.0,0.2,ml100k,popularity,qubo_tabu,1,100,0.3331877217305563
748,0.0,0.9098824717620464,0.0,0.2,ml100k,popularity,qubo_tabu,1,100,0.276908601159102
772,0.0,0.8789915733956886,0.0,0.2,ml100k,popularity,qubo_tabu,1,100,0.3086504417546002
783,0.6309297535714575,0.7806035067723707,1.0,0.2,ml100k,popularity,qubo_tabu,1,100,0.2140374875899401
790,0.0,0.8002190506404561,0.0,0.2,ml100k,popularity,qubo_tabu,1,100,0.3173631878781098
795,0.3562071871080222,0.8314227473741092,1.0,0.2,ml100k,popularity,qubo_tabu,1,100,0.2559287203851971
802,0.0,0.8457032452291016,0.0,0.2,ml100k,popularity,qubo_tabu,1,100,0.2991986280707506
805,0.0,0.8242971196466511,0.0,0.2,ml100k,popularity,qubo_tabu,1,100,0.3158290676766326
807,0.0,0.8704177552081976,0.0,0.2,ml100k,popularity,qubo_tabu,1,100,0.2946667537426626
830,0.0,0.9151461156192076,0.0,0.2,ml100k,popularity,qubo_tabu,1,100,0.3036164147712698
839,0.0,0.8638765553144678,0.0,0.2,ml100k,popularity,qubo_tabu,1,100,0.3563951227886901
855,0.0,0.8762417097978639,0.0,0.2,ml100k,popularity,qubo_tabu,1,100,0.2973558599511322
858,0.0,0.8378332625536797,0.0,0.2,ml100k,popularity,qubo_tabu,1,100,0.3226391681059619
867,0.0,0.7991016647163627,0.0,0.2,ml100k,popularity,qubo_tabu,1,100,0.1677386275546818
873,0.0,0.8302052018991037,0.0,0.2,ml100k,popularity,qubo_tabu,1,100,0.2423577409241485
875,0.0,0.8482696744917063,0.0,0.2,ml100k,popularity,qubo_tabu,1,100,0.3296156890236256
887,0.0,0.8649553704857544,0.0,0.2,ml100k,popularity,qubo_tabu,1,100,0.294521179441111
890,0.0,0.8329829161815064,0.0,0.2,ml100k,popularity,qubo_tabu,1,100,0.3156809620198321
898,0.0,0.9352637498853344,0.0,0.2,ml100k,popularity,qubo_tabu,1,100,0.3417399354860123
905,0.0,0.8611309845541507,0.0,0.2,ml100k,popularity,qubo_tabu,1,100,0.3559419961198851
918,0.0,0.7913171876913673,0.0,0.2,ml100k,popularity,qubo_tabu,1,100,0.2967410775853005
920,0.0,0.8439557467277451,0.0,0.2,ml100k,popularity,qubo_tabu,1,100,0.3348888106677773
938,0.0,0.7921505211231831,0.0,0.2,ml100k,popularity,qubo_tabu,1,100,0.2235558088726491
17,0.0,1.0,0.0,1.1,ml100k,itemknn,none,1,100,
23,0.0,1.0,0.0,1.3,ml100k,itemknn,none,1,100,
29,0.0,1.0,0.0,1.3,ml100k,itemknn,none,1,100,
36,0.0,1.0,0.0,1.1,ml100k,itemknn,none,1,100,
50,0.0,1.0,0.0,0.9,ml100k,itemknn,none,1,100,
54,0.0,1.0,0.0,1.1,ml100k,itemknn,none,1,100,
57,0.0,1.0,0.0,1.1,ml100k,itemknn,none,1,100,
73,0.0,1.0,0.0,1.5,ml100k,itemknn,none,1,100,
82,0.0,1.0,0.0,1.1,ml100k,itemknn,none,1,100,
104,0.0,1.0,0.0,1.1,ml100k,itemknn,none,1,100,
105,0.0,1.0,0.0,1.3,ml100k,itemknn,none,1,100,
108,0.0,1.0,0.0,1.3,ml100k,itemknn,none,1,100,
117,0.0,1.0,0.0,1.3,ml100k,itemknn,none,1,100,
122,0.6309297535714575,1.0,1.0,1.1,ml100k,itemknn,none,1,100,
139,0.0,1.0,0.0,1.5,ml100k,itemknn,none,1,100,
144,0.0,1.0,0.0,0.9,ml100k,itemknn,none,1,100,
179,0.0,1.0,0.0,1.0,ml100k,itemknn,none,1,100,
199,0.0,1.0,0.0,0.9,ml100k,itemknn,none,1,100,
212,0.0,1.0,0.0,1.1,ml100k,itemknn,none,1,100,
220,0.0,1.0,0.0,1.1,ml100k,itemknn,none,1,100,
231,0.0,1.0,0.0,1.1,ml100k,itemknn,none,1,100,
233,0.0,1.0,0.0,0.6,ml100k,itemknn,none,1,100,
242,0.0,1.0,0.0,1.0,ml100k,itemknn,none,1,100,
248,0.0,1.0,0.0,1.5,ml100k,itemknn,none,1,100,
262,0.0,1.0,0.0,0.7,ml100k,itemknn,none,1,100,
264,0.0,1.0,0.0,1.5,ml100k,itemknn,none,1,100,
265,0.0,1.0,0.0,1.5,ml100k,itemknn,none,1,100,
286,0.0,1.0,0.0,1.1,ml100k,itemknn,none,1,100,
290,0.0,1.0,0.0,0.9,ml100k,itemknn,none,1,100,
321,0.0,1.0,0.0,1.3,ml100k,itemknn,none,1,100,
330,0.0,1.0,0.0,1.1,ml100k,itemknn,none,1,100,
336,0.0,1.0,0.0,1.3,ml100k,itemknn,none,1,100,
339,0.0,1.0,0.0,1.3,ml100k,itemknn,none,1,100,
351,0.0,1.0,0.0,1.5,ml100k,itemknn,none,1,100,
354,0.0,1.0,0.0,0.7,ml100k,itemknn,none,1,100,
361,0.0,1.0,0.0,1.3,ml100k,itemknn,none,1,100,
380,0.0,1.0,0.0,1.3,ml100k,itemknn,none,1,100,
385,0.0,1.0,0.0,1.1,ml100k,itemknn,none,1,100,
391,0.0,1.0,0.0,0.7,ml100k,itemknn,none,1,100,
393,0.0,1.0,0.0,1.1,ml100k,itemknn,none,1,100,
396,0.0,1.0,0.0,1.3,ml100k,itemknn,none,1,100,
399,0.0,1.0,0.0,1.3,ml100k,itemknn,none,1,100,
414,0.0,1.0,0.0,0.7,ml100k,itemknn,none,1,100,
422,0.0,1.0,0.0,1.1,ml100k,itemknn,none,1,100,
423,0.0,1.0,0.0,1.1,ml100k,itemknn,none,1,100,
431,0.0,1.0,0.0,1.1,ml100k,itemknn,none,1,100,
432,0.0,1.0,0.0,1.3,ml100k,itemknn,none,1,100,
442,0.0,1.0,0.0,1.1,ml100k,itemknn,none,1,100,
466,0.0,1.0,0.0,1.0,ml100k,itemknn,none,1,100,
467,0.0,1.0,0.0,1.5,ml100k,itemknn,none,1,100,
473,0.0,1.0,0.0,1.3,ml100k,itemknn,none,1,100,
476,0.430676558073393,1.0,1.0,1.1,ml100k,itemknn,none,1,100,
478,0.0,1.0,0.0,1.5,ml100k,itemknn,none,1,100,
485,0.0,1.0,0.0,0.4,ml100k,itemknn,none,1,100,
513,0.0,1.0,0.0,0.7,ml100k,itemknn,none,1,100,
543,0.0,1.0,0.0,0.9,ml100k,itemknn,none,1,100,
550,0.0,1.0,0.0,1.3,ml100k,itemknn,none,1,100,
553,0.0,1.0,0.0,1.1,ml100k,itemknn,none,1,100,
559,0.2890648263178879,1.0,1.0,1.5,ml100k,itemknn,none,1,100,
566,0.0,1.0,0.0,1.3,ml100k,itemknn,none,1,100,
593,0.0,1.0,0.0,1.3,ml100k,itemknn,none,1,100,
630,0.0,1.0,0.0,1.5,ml100k,itemknn,none,1,100,
638,0.0,1.0,0.0,1.3,ml100k,itemknn,none,1,100,
648,0.0,1.0,0.0,1.5,ml100k,itemknn,none,1,100,
651,0.3868528072345416,1.0,1.0,1.1,ml100k,itemknn,none,1,100,
653,0.0,1.0,0.0,0.6,ml100k,itemknn,none,1,100,
659,0.0,1.0,0.0,0.9,ml100k,itemknn,none,1,100,
664,0.0,1.0,0.0,0.7,ml100k,itemknn,none,1,100,
668,0.0,1.0,0.0,1.3,ml100k,itemknn,none,1,100,
686,0.5,1.0,1.0,1.5,ml100k,itemknn,none,1,100,
699,0.0,1.0,0.0,1.1,ml100k,itemknn,none,1,100,
706,0.0,1.0,0.0,1.1,ml100k,itemknn,none,1,100,
707,0.0,1.0,0.0,1.3,ml100k,itemknn,none,1,100,
709,0.0,1.0,0.0,1.1,ml100k,itemknn,none,1,100,
713,0.0,1.0,0.0,0.9,ml100k,itemknn,none,1,100,
725,0.0,1.0,0.0,1.5,ml100k,itemknn,none,1,100,
742,0.0,1.0,0.0,1.3,ml100k,itemknn,none,1,100,
747,0.0,1.0,0.0,0.9,ml100k,itemknn,none,1,100,
748,0.0,1.0,0.0,1.3,ml100k,itemknn,none,1,100,
772,0.0,1.0,0.0,1.3,ml100k,itemknn,none,1,100,
783,0.3010299956639812,1.0,1.0,0.7,ml100k,itemknn,none,1,100,
790,0.0,1.0,0.0,1.1,ml100k,itemknn,none,1,100,
795,0.0,1.0,0.0,0.7,ml100k,itemknn,none,1,100,
802,0.0,1.0,0.0,1.1,ml100k,itemknn,none,1,100,
805,0.3154648767857287,1.0,1.0,1.3,ml100k,itemknn,none,1,100,
807,0.0,1.0,0.0,1.1,ml100k,itemknn,none,1,100,
830,0.0,1.0,0.0,1.3,ml100k,itemknn,none,1,100,
839,0.0,1.0,0.0,0.9,ml100k,itemknn,none,1,100,
855,0.0,1.0,0.0,1.3,ml100k,itemknn,none,1,100,
858,0.0,1.0,0.0,1.1,ml100k,itemknn,none,1,100,
867,0.0,1.0,0.0,0.7,ml100k,itemknn,none,1,100,
873,0.0,1.0,0.0,0.9,ml100k,itemknn,none,1,100,
875,0.0,1.0,0.0,1.3,ml100k,itemknn,none,1,100,
887,0.0,1.0,0.0,1.3,ml100k,itemknn,none,1,100,
890,0.0,1.0,0.0,1.5,ml100k,itemknn,none,1,100,
898,0.0,1.0,0.0,0.9,ml100k,itemknn,none,1,100,
905,0.0,1.0,0.0,1.3,ml100k,itemknn,none,1,100,
918,0.2890648263178879,1.0,1.0,0.9,ml100k,itemknn,none,1,100,
920,0.0,1.0,0.0,1.5,ml100k,itemknn,none,1,100,
938,0.0,1.0,0.0,1.1,ml100k,itemknn,none,1,100,
17,0.0,1.0,0.0,1.1,ml100k,itemknn,greedy_topk,1,100,0.5140151099749312
23,0.0,1.0,0.0,1.3,ml100k,itemknn,greedy_topk,1,100,0.495195051463056
29,0.0,1.0,0.0,1.3,ml100k,itemknn,greedy_topk,1,100,0.4537659074051418
36,0.0,1.0,0.0,1.1,ml100k,itemknn,greedy_topk,1,100,0.4837767321992405
50,0.0,1.0,0.0,0.9,ml100k,itemknn,greedy_topk,1,100,0.4634183790627538
54,0.0,1.0,0.0,1.1,ml100k,itemknn,greedy_topk,1,100,0.5035269175196757
57,0.0,1.0,0.0,1.1,ml100k,itemknn,greedy_topk,1,100,0.4515499181355352
73,0.0,1.0,0.0,1.5,ml100k,itemknn,greedy_topk,1,100,0.5322874726162874
82,0.0,1.0,0.0,1.1,ml100k,itemknn,greedy_topk,1,100,0.3596169598533013
104,0.0,1.0,0.0,1.1,ml100k,itemknn,greedy_topk,1,100,0.531378428818756
105,0.0,1.0,0.0,1.3,ml100k,itemknn,greedy_topk,1,100,0.3248298171201139
108,0.0,1.0,0.0,1.3,ml100k,itemknn,greedy_topk,1,100,0.4882129550651884
117,0.0,1.0,0.0,1.3,ml100k,itemknn,greedy_topk,1,100,0.5210204461914228
122,0.6309297535714575,1.0,1.0,1.1,ml100k,itemknn,greedy_topk,1,100,0.4659768251357147
139,0.0,1.0,0.0,1.5,ml100k,itemknn,greedy_topk,1,100,0.56063775206252
144,0.0,1.0,0.0,0.9,ml100k,itemknn,greedy_topk,1,100,0.3022945252097034
179,0.0,1.0,0.0,1.0,ml100k,itemknn,greedy_topk,1,100,0.3345535970642327
199,0.0,1.0,0.0,0.9,ml100k,itemknn,greedy_topk,1,100,0.4731792355278235
212,0.0,1.0,0.0,1.1,ml100k,itemknn,greedy_topk,1,100,0.4588018719595046
220,0.0,1.0,0.0,1.1,ml100k,itemknn,greedy_topk,1,100,0.465385287351354
231,0.0,1.0,0.0,1.1,ml100k,itemknn,greedy_topk,1,100,0.4890044500687616
233,0.0,1.0,0.0,0.6,ml100k,itemknn,greedy_topk,1,100,0.3506177622295839
242,0.0,1.0,0.0,1.0,ml100k,itemknn,greedy_topk,1,100,0.3697484220709706
248,0.0,1.0,0.0,1.5,ml100k,itemknn,greedy_topk,1,100,0.5529197169343456
262,0.0,1.0,0.0,0.7,ml100k,itemknn,greedy_topk,1,100,0.3366612381321562
264,0.0,1.0,0.0,1.5,ml100k,itemknn,greedy_topk,1,100,0.535697802462821
265,0.0,1.0,0.0,1.5,ml100k,itemknn,greedy_topk,1,100,0.5353677962809585
286,0.0,1.0,0.0,1.1,ml100k,itemknn,greedy_topk,1,100,0.4519573423330174
290,0.0,1.0,0.0,0.9,ml100k,itemknn,greedy_topk,1,100,0.4690696546651288
321,0.0,1.0,0.0,1.3,ml100k,itemknn,greedy_topk,1,100,0.444766570417068
330,0.0,1.0,0.0,1.1,ml100k,itemknn,greedy_topk,1,100,0.5010411398248534
336,0.0,1.0,0.0,1.3,ml100k,itemknn,greedy_topk,1,100,0.4989733364871256
339,0.0,1.0,0.0,1.3,ml100k,itemknn,greedy_topk,1,100,0.3614964553206245
351,0.0,1.0,0.0,1.5,ml100k,itemknn,greedy_topk,1,100,0.5356068038946038
354,0.0,1.0,0.0,0.7,ml100k,itemknn,greedy_topk,1,100,0.3208461451104074
361,0.0,1.0,0.0,1.3,ml100k,itemknn,greedy_topk,1,100,0.5057225728882839
380,0.0,1.0,0.0,1.3,ml100k,itemknn,greedy_topk,1,100,0.48345279478901
385,0.0,1.0,0.0,1.1,ml100k,itemknn,greedy_topk,1,100,0.3452280583079365
391,0.0,1.0,0.0,0.7,ml100k,itemknn,greedy_topk,1,100,0.3605560837377601
393,0.0,1.0,0.0,1.1,ml100k,itemknn,greedy_topk,1,100,0.4611393686254287
396,0.0,1.0,0.0,1.3,ml100k,itemknn,greedy_topk,1,100,0.4766485183671224
399,0.0,1.0,0.0,1.3,ml100k,itemknn,greedy_topk,1,100,0.4633765201485175
414,0.0,1.0,0.0,0.7,ml100k,itemknn,greedy_topk,1,100,0.3948020268838422
422,0.0,1.0,0.0,1.1,ml100k,itemknn,greedy_topk,1,100,0.4842344891011391
423,0.0,1.0,0.0,1.1,ml100k,itemknn,greedy_topk,1,100,0.5217224060691249
431,0.0,1.0,0.0,1.1,ml100k,itemknn,greedy_topk,1,100,0.4277771960568745
432,0.0,1.0,0.0,1.3,ml100k,itemknn,greedy_topk,1,100,0.4648585117752856
442,0.0,1.0,0.0,1.1,ml100k,itemknn,greedy_topk,1,100,0.4760058640098388
466,0.0,1.0,0.0,1.0,ml100k,itemknn,greedy_topk,1,100,0.3628011532338376
467,0.0,1.0,0.0,1.5,ml100k,itemknn,greedy_topk,1,100,0.5370249737666608
473,0.0,1.0,0.0,1.3,ml100k,itemknn,greedy_topk,1,100,0.4662600409340821
476,0.430676558073393,1.0,1.0,1.1,ml100k,itemknn,greedy_topk,1,100,0.5032836019250564
478,0.0,1.0,0.0,1.5,ml100k,itemknn,greedy_topk,1,100,0.5010177829180419
485,0.0,1.0,0.0,0.4,ml100k,itemknn,greedy_topk,1,100,0.450889659683113
513,0.0,1.0,0.0,0.7,ml100k,itemknn,greedy_topk,1,100,0.3428125787671819
543,0.0,1.0,0.0,0.9,ml100k,itemknn,greedy_topk,1,100,0.3894708170385786
550,0.0,1.0,0.0,1.3,ml100k,itemknn,greedy_topk,1,100,0.46178855934642
553,0.0,1.0,0.0,1.1,ml100k,itemknn,greedy_topk,1,100,0.3401866240001873
559,0.2890648263178879,1.0,1.0,1.5,ml100k,itemknn,greedy_topk,1,100,0.4526601103861271
566,0.0,1.0,0.0,1.3,ml100k,itemknn,greedy_topk,1,100,0.4781050899384553
593,0.0,1.0,0.0,1.3,ml100k,itemknn,greedy_topk,1,100,0.5115463705787845
630,0.0,1.0,0.0,1.5,ml100k,itemknn,greedy_topk,1,100,0.5422925761745282
638,0.0,1.0,0.0,1.3,ml100k,itemknn,greedy_topk,1,100,0.4672952884875541
648,0.0,1.0,0.0,1.5,ml100k,itemknn,greedy_topk,1,100,0.4889752869059708
651,0.3868528072345416,1.0,1.0,1.1,ml100k,itemknn,greedy_topk,1,100,0.5027908282914405
653,0.0,1.0,0.0,0.6,ml100k,itemknn,greedy_topk,1,100,0.3989219836785134
659,0.0,1.0,0.0,0.9,ml100k,itemknn,greedy_topk,1,100,0.4711962535438175
664,0.0,1.0,0.0,0.7,ml100k,itemknn,greedy_topk,1,100,0.4918247193382603
668,0.0,1.0,0.0,1.3,ml100k,itemknn,greedy_topk,1,100,0.5207928733486094
686,0.5,1.0,1.0,1.5,ml100k,itemknn,greedy_topk,1,100,0.4699094252046562
699,0.0,1.0,0.0,1.1,ml100k,itemknn,greedy_topk,1,100,0.3288875288155216
706,0.0,1.0,0.0,1.1,ml100k,itemknn,greedy_topk,1,100,0.440901149465803
707,0.0,1.0,0.0,1.3,ml100k,itemknn,greedy_topk,1,100,0.4844501507718054
709,0.0,1.0,0.0,1.1,ml100k,itemknn,greedy_topk,1,100,0.3647752979777321
713,0.0,1.0,0.0,0.9,ml100k,itemknn,greedy_topk,1,100,0.4605321193016558
725,0.0,1.0,0.0,1.5,ml100k,itemknn,greedy_topk,1,100,0.4541363748805697
742,0.0,1.0,0.0,1.3,ml100k,itemknn,greedy_topk,1,100,0.4944070241185897
747,0.0,1.0,0.0,0.9,ml100k,itemknn,greedy_topk,1,100,0.3512178959041525
748,0.0,1.0,0.0,1.3,ml100k,itemknn,greedy_topk,1,100,0.4954644312734454
772,0.0,1.0,0.0,1.3,ml100k,itemknn,greedy_topk,1,100,0.505368919575574
783,0.3010299956639812,1.0,1.0,0.7,ml100k,itemknn,greedy_topk,1,100,0.3120077309771708
790,0.0,1.0,0.0,1.1,ml100k,itemknn,greedy_topk,1,100,0.3401496115941467
795,0.0,1.0,0.0,0.7,ml100k,itemknn,greedy_topk,1,100,0.4402583369314898
802,0.0,1.0,0.0,1.1,ml100k,itemknn,greedy_topk,1,100,0.5398439100770481
805,0.3154648767857287,1.0,1.0,1.3,ml100k,itemknn,greedy_topk,1,100,0.38945030556393
807,0.0,1.0,0.0,1.1,ml100k,itemknn,greedy_topk,1,100,0.5022101073906886
830,0.0,1.0,0.0,1.3,ml100k,itemknn,greedy_topk,1,100,0.4588039353558102
839,0.0,1.0,0.0,0.9,ml100k,itemknn,greedy_topk,1,100,0.516842580084121
855,0.0,1.0,0.0,1.3,ml100k,itemknn,greedy_topk,1,100,0.4680263612114318
858,0.0,1.0,0.0,1.1,ml100k,itemknn,greedy_topk,1,100,0.486352850287508
867,0.0,1.0,0.0,0.7,ml100k,itemknn,greedy_topk,1,100,0.431097352599461
873,0.0,1.0,0.0,0.9,ml100k,itemknn,greedy_topk,1,100,0.4219860704893299
875,0.0,1.0,0.0,1.3,ml100k,itemknn,greedy_topk,1,100,0.5673799378714937
887,0.0,1.0,0.0,1.3,ml100k,itemknn,greedy_topk,1,100,0.4607864524832697
890,0.0,1.0,0.0,1.5,ml100k,itemknn,greedy_topk,1,100,0.5521520222453202
898,0.0,1.0,0.0,0.9,ml100k,itemknn,greedy_topk,1,100,0.4661914838515827
905,0.0,1.0,0.0,1.3,ml100k,itemknn,greedy_topk,1,100,0.546776532499754
918,0.2890648263178879,1.0,1.0,0.9,ml100k,itemknn,greedy_topk,1,100,0.339875946280452
920,0.0,1.0,0.0,1.5,ml100k,itemknn,greedy_topk,1,100,0.5490129116809201
938,0.0,1.0,0.0,1.1,ml100k,itemknn,greedy_topk,1,100,0.3912221561472951
17,0.0,0.9961566678557312,0.0,0.9,ml100k,itemknn,mmr,1,100,0.5013413155131441
23,0.0,0.9994137710674176,0.0,1.3,ml100k,itemknn,mmr,1,100,0.4918155555434702
29,0.0,0.9985954754924536,0.0,1.3,ml100k,itemknn,mmr,1,100,0.4388184988722909
36,0.0,0.996075128654988,0.0,1.1,ml100k,itemknn,mmr,1,100,0.4653232678743382
50,0.0,1.0,0.0,0.9,ml100k,itemknn,mmr,1,100,0.4634183790627538
54,0.0,0.9946260755942832,0.0,0.9,ml100k,itemknn,mmr,1,100,0.4778057593813122
57,0.0,0.9952739572236706,0.0,0.7,ml100k,itemknn,mmr,1,100,0.4345080680435368
73,0.0,0.9993308089590044,0.0,1.5,ml100k,itemknn,mmr,1,100,0.5271384893473926
82,0.0,0.9818601205237114,0.0,0.7,ml100k,itemknn,mmr,1,100,0.3009692206474382
104,0.0,0.9976263798268784,0.0,1.1,ml100k,itemknn,mmr,1,100,0.5205462742365699
105,0.0,1.0,0.0,1.3,ml100k,itemknn,mmr,1,100,0.3248298171201139
108,0.0,0.9973274147444984,0.0,1.3,ml100k,itemknn,mmr,1,100,0.4792175232725631
117,0.0,1.0,0.0,1.3,ml100k,itemknn,mmr,1,100,0.5210204461914228
122,0.6309297535714575,0.9973791902109316,1.0,1.1,ml100k,itemknn,mmr,1,100,0.4546639153300538
139,0.0,1.0,0.0,1.5,ml100k,itemknn,mmr,1,100,0.56063775206252
144,0.0,0.9957384101306952,0.0,0.9,ml100k,itemknn,mmr,1,100,0.2857602389394988
179,0.0,0.9991228271142716,0.0,0.8,ml100k,itemknn,mmr,1,100,0.3266687309296601
199,0.0,1.0,0.0,0.9,ml100k,itemknn,mmr,1,100,0.4731792355278235
212,0.0,1.0,0.0,1.1,ml100k,itemknn,mmr,1,100,0.4588018719595046
220,0.0,1.0,0.0,1.1,ml100k,itemknn,mmr,1,100,0.465385287351354
231,0.0,1.0,0.0,1.1,ml100k,itemknn,mmr,1,100,0.4890044500687616
233,0.0,1.0,0.0,0.6,ml100k,itemknn,mmr,1,100,0.3506177622295839
242,0.0,0.994309726136692,0.0,1.1,ml100k,itemknn,mmr,1,100,0.3342212020673836
248,0.0,1.0,0.0,1.5,ml100k,itemknn,mmr,1,100,0.5529197169343456
262,0.3010299956639812,0.993507445013852,1.0,0.7,ml100k,itemknn,mmr,1,100,0.2984094820638284
264,0.0,0.9999399079985656,0.0,1.5,ml100k,itemknn,mmr,1,100,0.5331082971283121
265,0.0,0.9921909073955694,0.0,0.9,ml100k,itemknn,mmr,1,100,0.4937930973362194
286,0.0,0.997998980593974,0.0,0.9,ml100k,itemknn,mmr,1,100,0.4389458397323649
290,0.0,1.0,0.0,0.9,ml100k,itemknn,mmr,1,100,0.4690696546651288
321,0.0,1.0,0.0,1.3,ml100k,itemknn,mmr,1,100,0.444766570417068
330,0.0,1.0,0.0,1.1,ml100k,itemknn,mmr,1,100,0.5010411398248534
336,0.0,1.0,0.0,1.3,ml100k,itemknn,mmr,1,100,0.4989733364871256
339,0.0,0.9636006544860346,0.0,0.9,ml100k,itemknn,mmr,1,100,0.2595135957882679
351,0.0,1.0,0.0,1.5,ml100k,itemknn,mmr,1,100,0.5356068038946038
354,0.0,0.9948596682543174,0.0,0.5,ml100k,itemknn,mmr,1,100,0.29391416213702
361,0.0,1.0,0.0,1.3,ml100k,itemknn,mmr,1,100,0.5057225728882839
380,0.0,0.998104973105008,0.0,1.3,ml100k,itemknn,mmr,1,100,0.4541127308039375
385,0.2890648263178879,0.9893030525742532,1.0,0.9,ml100k,itemknn,mmr,1,100,0.305795961794715
391,0.0,0.9980945333034208,0.0,0.7,ml100k,itemknn,mmr,1,100,0.3567290391764682
393,0.0,0.997394545143417,0.0,0.9,ml100k,itemknn,mmr,1,100,0.4595762226326075
396,0.0,0.9986740553939644,0.0,1.1,ml100k,itemknn,mmr,1,100,0.4710833357895255
399,0.0,0.9997647446581424,0.0,1.3,ml100k,itemknn,mmr,1,100,0.4372373612797105
414,0.0,1.0,0.0,0.7,ml100k,itemknn,mmr,1,100,0.3948020268838422
422,0.0,0.9989011364689164,0.0,1.1,ml100k,itemknn,mmr,1,100,0.4861021680688351
423,0.0,1.0,0.0,1.1,ml100k,itemknn,mmr,1,100,0.5217224060691249
431,0.2890648263178879,0.998375659018325,1.0,1.1,ml100k,itemknn,mmr,1,100,0.4271464296319106
432,0.0,1.0,0.0,1.3,ml100k,itemknn,mmr,1,100,0.4648585117752856
442,0.0,0.997702611153833,0.0,1.1,ml100k,itemknn,mmr,1,100,0.4693007426138256
466,0.0,0.9975233102367548,0.0,1.1,ml100k,itemknn,mmr,1,100,0.3537497679963955
467,0.0,0.9987454119954476,0.0,1.5,ml100k,itemknn,mmr,1,100,0.5308742840531157
473,0.0,0.9891483447400766,0.0,1.1,ml100k,itemknn,mmr,1,100,0.4069174663762357
476,0.430676558073393,0.998087623186482,1.0,1.1,ml100k,itemknn,mmr,1,100,0.4953116538786439
478,0.0,0.9973186850221945,0.0,1.5,ml100k,itemknn,mmr,1,100,0.4836449447214456
485,0.0,1.0,0.0,0.4,ml100k,itemknn,mmr,1,100,0.450889659683113
513,0.0,1.0,0.0,0.7,ml100k,itemknn,mmr,1,100,0.3428125787671819
543,0.0,0.9738643945140152,0.0,0.9,ml100k,itemknn,mmr,1,100,0.3044498427442951
550,0.0,0.991561074864898,0.0,0.9,ml100k,itemknn,mmr,1,100,0.433260941134736
553,0.0,0.9947530818337242,0.0,0.9,ml100k,itemknn,mmr,1,100,0.3251528231740835
559,0.3154648767857287,0.9983501813324848,1.0,1.5,ml100k,itemknn,mmr,1,100,0.4383574772870376
566,0.0,1.0,0.0,1.3,ml100k,itemknn,mmr,1,100,0.4781050899384553
593,0.0,1.0,0.0,1.3,ml100k,itemknn,mmr,1,100,0.5115463705787845
630,0.0,0.99453180091332,0.0,1.3,ml100k,itemknn,mmr,1,100,0.5255383047631339
638,0.0,0.997093169504661,0.0,1.3,ml100k,itemknn,mmr,1,100,0.4403096564843012
648,0.0,0.996426432554746,0.0,1.5,ml100k,itemknn,mmr,1,100,0.4304861929878438
651,0.3868528072345416,0.9979352663624184,1.0,0.9,ml100k,itemknn,mmr,1,100,0.4934198094036773
653,0.0,0.999713809089154,0.0,0.7,ml100k,itemknn,mmr,1,100,0.3958205620662202
659,0.0,0.9988282357874138,0.0,0.9,ml100k,itemknn,mmr,1,100,0.4682633641225503
664,0.0,0.9994616561647964,0.0,0.7,ml100k,itemknn,mmr,1,100,0.4895143246343704
668,0.0,0.9965093975769976,0.0,1.5,ml100k,itemknn,mmr,1,100,0.5047803577909252
686,0.5,0.9895290817682004,1.0,1.3,ml100k,itemknn,mmr,1,100,0.4234826091904027
699,0.0,0.993549948027084,0.0,1.1,ml100k,itemknn,mmr,1,100,0.3145605893596407
706,0.0,0.9979289745767528,0.0,0.9,ml100k,itemknn,mmr,1,100,0.4296631972424766
707,0.0,0.9971612668348452,0.0,1.3,ml100k,itemknn,mmr,1,100,0.4793339577171919
709,0.0,1.0,0.0,1.1,ml100k,itemknn,mmr,1,100,0.3647752979777321
713,0.0,0.9959040104405248,0.0,0.7,ml100k,itemknn,mmr,1,100,0.4443376376852735
725,0.0,0.9739598721195436,0.0,1.3,ml100k,itemknn,mmr,1,100,0.2906606343470376
742,0.0,0.9855846108992592,0.0,0.9,ml100k,itemknn,mmr,1,100,0.4208519774939782
747,0.0,0.9835540468780664,0.0,0.7,ml100k,itemknn,mmr,1,100,0.3106892069423655
748,0.0,0.9976798072050176,0.0,1.3,ml100k,itemknn,mmr,1,100,0.4845326323594622
772,0.0,0.9975661649377968,0.0,1.3,ml100k,itemknn,mmr,1,100,0.4940636933605757
783,0.3010299956639812,0.9977676291350448,1.0,0.9,ml100k,itemknn,mmr,1,100,0.3124201298806384
790,0.3010299956639812,0.9934439847387324,1.0,1.1,ml100k,itemknn,mmr,1,100,0.3025874388424666
795,0.0,0.9979049701177876,0.0,0.6,ml100k,itemknn,mmr,1,100,0.4371831846695247
802,0.0,0.9997698600371008,0.0,1.1,ml100k,itemknn,mmr,1,100,0.5356132505619162
805,0.3333333333333333,0.992076159589132,1.0,0.9,ml100k,itemknn,mmr,1,100,0.3707912990318135
807,0.0,0.9993421051317044,0.0,1.1,ml100k,itemknn,mmr,1,100,0.4958110527593589
830,0.0,0.9985192495137862,0.0,1.3,ml100k,itemknn,mmr,1,100,0.4515209882874031
839,0.0,0.9971941079044062,0.0,0.7,ml100k,itemknn,mmr,1,100,0.4865854027444855
855,0.0,0.9997401783880562,0.0,1.3,ml100k,itemknn,mmr,1,100,0.4682061132626013
858,0.0,0.9931370268204353,0.0,1.1,ml100k,itemknn,mmr,1,100,0.4440082418411287
867,0.0,1.0,0.0,0.7,ml100k,itemknn,mmr,1,100,0.431097352599461
873,0.0,0.9939809000378902,0.0,0.9,ml100k,itemknn,mmr,1,100,0.4161971572618386
875,0.0,0.997440417518054,0.0,0.9,ml100k,itemknn,mmr,1,100,0.5256356249786843
887,0.0,0.9995083336613728,0.0,1.1,ml100k,itemknn,mmr,1,100,0.4610088787183362
890,0.0,0.998603658830898,0.0,1.5,ml100k,itemknn,mmr,1,100,0.5446430983863838
898,0.0,0.9994174598013192,0.0,0.7,ml100k,itemknn,mmr,1,100,0.4622550309442338
905,0.0,0.9965988956591244,0.0,0.9,ml100k,itemknn,mmr,1,100,0.5162927387677537
918,0.3154648767857287,0.9871766969178468,1.0,0.9,ml100k,itemknn,mmr,1,100,0.3108982849238331
920,0.0,0.9977350800183294,0.0,1.5,ml100k,itemknn,mmr,1,100,0.5346672201976628
938,0.0,1.0,0.0,1.1,ml100k,itemknn,mmr,1,100,0.3912221561472951
17,0.0,0.957491869594136,0.0,0.3,ml100k,itemknn,quota_mmr,1,100,0.4761150235404914
23,0.3868528072345416,0.9240912757208466,1.0,0.2,ml100k,itemknn,quota_mmr,1,100,0.4317932843014102
29,0.0,0.8622940268577399,0.0,0.2,ml100k,itemknn,quota_mmr,1,100,0.3842645404975107
36,0.0,0.951393472381052,0.0,0.2,ml100k,itemknn,quota_mmr,1,100,0.3941705153307949
50,0.0,0.9391529564108444,0.0,0.3,ml100k,itemknn,quota_mmr,1,100,0.435017130696077
54,0.0,0.9562443975008404,0.0,0.3,ml100k,itemknn,quota_mmr,1,100,0.4630438179457874
57,0.0,0.9633330717433336,0.0,0.2,ml100k,itemknn,quota_mmr,1,100,0.4095312356112727
73,0.0,0.8933725198766298,0.0,0.2,ml100k,itemknn,quota_mmr,1,100,0.4636879333508588
82,0.0,0.945956574813432,0.0,0.3,ml100k,itemknn,quota_mmr,1,100,0.2887764853017677
104,0.0,0.9216007385402336,0.0,0.2,ml100k,itemknn,quota_mmr,1,100,0.4909626591474237
105,0.0,0.7869133066070686,0.0,0.3,ml100k,itemknn,quota_mmr,1,100,0.2467385679053302
108,0.0,0.9329804468569906,0.0,0.2,ml100k,itemknn,quota_mmr,1,100,0.4719515945195069
117,0.0,0.909568398866174,0.0,0.2,ml100k,itemknn,quota_mmr,1,100,0.3715892081141685
122,0.6309297535714575,0.9314326952304146,1.0,0.2,ml100k,itemknn,quota_mmr,1,100,0.3984845323508116
139,0.0,0.8885387549341168,0.0,0.2,ml100k,itemknn,quota_mmr,1,100,0.4738357107835171
144,0.0,0.928354162234596,0.0,0.3,ml100k,itemknn,quota_mmr,1,100,0.2597807097007445
179,0.0,0.9699076287400588,0.0,0.3,ml100k,itemknn,quota_mmr,1,100,0.3143153415609135
199,0.2890648263178879,0.8744970619985563,1.0,0.3,ml100k,itemknn,quota_mmr,1,100,0.3933995171313451
212,0.0,0.8462556388708303,0.0,0.2,ml100k,itemknn,quota_mmr,1,100,0.395526043837898
220,0.0,0.8981446920455626,0.0,0.3,ml100k,itemknn,quota_mmr,1,100,0.4175615223705274
231,0.0,0.9192669308810596,0.0,0.3,ml100k,itemknn,quota_mmr,1,100,0.4471333022386747
233,0.0,0.9904760879460468,0.0,0.3,ml100k,itemknn,quota_mmr,1,100,0.3458017567003529
242,0.0,0.9549760946491204,0.0,0.2,ml100k,itemknn,quota_mmr,1,100,0.3211120634258847
248,0.0,0.904008297579448,0.0,0.2,ml100k,itemknn,quota_mmr,1,100,0.4596284423976451
262,0.0,0.9587930605948808,0.0,0.2,ml100k,itemknn,quota_mmr,1,100,0.2830097007699539
264,0.0,0.9306454908717148,0.0,0.2,ml100k,itemknn,quota_mmr,1,100,0.4544568303953311
265,0.0,0.9596952146456944,0.0,0.2,ml100k,itemknn,quota_mmr,1,100,0.4449216217143947
286,0.0,0.9303068469742782,0.0,0.3,ml100k,itemknn,quota_mmr,1,100,0.3843988486992855
290,0.0,0.962432393552018,0.0,0.2,ml100k,itemknn,quota_mmr,1,100,0.4724216823083232
321,0.0,0.815876132025172,0.0,0.2,ml100k,itemknn,quota_mmr,1,100,0.3554617098563498
330,0.0,0.9627132346393512,0.0,0.2,ml100k,itemknn,quota_mmr,1,100,0.4899591756308272
336,0.0,0.8461452204824137,0.0,0.2,ml100k,itemknn,quota_mmr,1,100,0.411750054251707
339,0.0,0.8993890398145273,0.0,0.2,ml100k,itemknn,quota_mmr,1,100,0.233039782445428
351,0.0,0.9089632650177728,0.0,0.2,ml100k,itemknn,quota_mmr,1,100,0.4865191666697965
354,0.0,0.9804642176152046,0.0,0.2,ml100k,itemknn,quota_mmr,1,100,0.2811765005150964
361,0.3868528072345416,0.9071235720567088,1.0,0.2,ml100k,itemknn,quota_mmr,1,100,0.4261403437516387
380,0.3868528072345416,0.920295834388022,1.0,0.2,ml100k,itemknn,quota_mmr,1,100,0.3980004055701375
385,0.3010299956639812,0.9352490196099676,1.0,0.3,ml100k,itemknn,quota_mmr,1,100,0.2711501347515483
391,0.0,0.9502728435062856,0.0,0.3,ml100k,itemknn,quota_mmr,1,100,0.2769053089901476
393,0.0,0.8962258345603816,0.0,0.2,ml100k,itemknn,quota_mmr,1,100,0.4111014138280899
396,0.0,0.904261951965826,0.0,0.2,ml100k,itemknn,quota_mmr,1,100,0.4130809974691262
399,0.0,0.9161109583171272,0.0,0.3,ml100k,itemknn,quota_mmr,1,100,0.4135664716669457
414,0.0,0.9581242105482548,0.0,0.3,ml100k,itemknn,quota_mmr,1,100,0.3835297744520804
422,0.0,0.9741012687504,0.0,0.2,ml100k,itemknn,quota_mmr,1,100,0.4760000615102254
423,0.0,0.965217746695241,0.0,0.3,ml100k,itemknn,quota_mmr,1,100,0.4797315625219203
431,0.0,0.8907515318732893,0.0,0.3,ml100k,itemknn,quota_mmr,1,100,0.4064907195732078
432,0.0,0.8208247081163931,0.0,0.3,ml100k,itemknn,quota_mmr,1,100,0.3148864864906612
442,0.0,0.945983389519044,0.0,0.3,ml100k,itemknn,quota_mmr,1,100,0.4477142440713926
466,0.0,0.9194880324827222,0.0,0.3,ml100k,itemknn,quota_mmr,1,100,0.3290291143107398
467,0.0,0.9235688351715388,0.0,0.2,ml100k,itemknn,quota_mmr,1,100,0.4281654188819416
473,0.0,0.9188637427999384,0.0,0.2,ml100k,itemknn,quota_mmr,1,100,0.3878586223332384
476,0.430676558073393,0.949098877966942,1.0,0.2,ml100k,itemknn,quota_mmr,1,100,0.4708548098275925
478,0.0,0.9025918461027412,0.0,0.3,ml100k,itemknn,quota_mmr,1,100,0.4274245447438081
485,0.0,0.9964319968902056,0.0,0.2,ml100k,itemknn,quota_mmr,1,100,0.4473010805662891
513,0.0,0.9147526489636484,0.0,0.2,ml100k,itemknn,quota_mmr,1,100,0.3136813598032378
543,0.0,0.9207869909691512,0.0,0.3,ml100k,itemknn,quota_mmr,1,100,0.2591082561158268
550,0.0,0.8967464518664164,0.0,0.3,ml100k,itemknn,quota_mmr,1,100,0.3865758109704472
553,0.0,0.948515011705368,0.0,0.2,ml100k,itemknn,quota_mmr,1,100,0.3033734716377561
559,0.0,0.9006648122757358,0.0,0.2,ml100k,itemknn,quota_mmr,1,100,0.3804434867453917
566,0.0,0.8996294728616729,0.0,0.3,ml100k,itemknn,quota_mmr,1,100,0.3534064185844658
593,0.0,0.947632417561006,0.0,0.2,ml100k,itemknn,quota_mmr,1,100,0.4921327851657346
630,0.0,0.8994332343535547,0.0,0.3,ml100k,itemknn,quota_mmr,1,100,0.4323652732950253
638,0.0,0.90209333823411,0.0,0.3,ml100k,itemknn,quota_mmr,1,100,0.378763014270697
648,0.0,0.842145291720042,0.0,0.3,ml100k,itemknn,quota_mmr,1,100,0.2841377896852817
651,0.0,0.96581095874112,0.0,0.2,ml100k,itemknn,quota_mmr,1,100,0.4637703286265565
653,0.0,0.975075161054088,0.0,0.3,ml100k,itemknn,quota_mmr,1,100,0.3658407472526324
659,0.0,0.932367393938017,0.0,0.3,ml100k,itemknn,quota_mmr,1,100,0.4364240137957645
664,0.0,0.9589267115950668,0.0,0.3,ml100k,itemknn,quota_mmr,1,100,0.4556532965527186
668,0.0,0.9607901188804074,0.0,0.2,ml100k,itemknn,quota_mmr,1,100,0.4740925057712264
686,0.0,0.8885507616615226,0.0,0.3,ml100k,itemknn,quota_mmr,1,100,0.3963517801505604
699,0.3333333333333333,0.9489271310780376,1.0,0.2,ml100k,itemknn,quota_mmr,1,100,0.322178937678862
706,0.0,0.935307178798662,0.0,0.3,ml100k,itemknn,quota_mmr,1,100,0.3677662489806534
707,0.0,0.9025808348893024,0.0,0.3,ml100k,itemknn,quota_mmr,1,100,0.4196600466027119
709,0.0,0.8806223051777509,0.0,0.3,ml100k,itemknn,quota_mmr,1,100,0.3482832185709646
713,0.0,0.9592419188574418,0.0,0.2,ml100k,itemknn,quota_mmr,1,100,0.4246331157517699
725,0.0,0.8558749697908996,0.0,0.3,ml100k,itemknn,quota_mmr,1,100,0.2787651771812093
742,0.0,0.9346545474040308,0.0,0.2,ml100k,itemknn,quota_mmr,1,100,0.3872494057929941
747,0.0,0.9449962309354,0.0,0.2,ml100k,itemknn,quota_mmr,1,100,0.2835270728041055
748,0.0,0.8331748403797429,0.0,0.3,ml100k,itemknn,quota_mmr,1,100,0.4109935761254832
772,0.0,0.9257325722402904,0.0,0.3,ml100k,itemknn,quota_mmr,1,100,0.4545052349526796
783,0.0,0.9261508521966416,0.0,0.3,ml100k,itemknn,quota_mmr,1,100,0.2957326220206359
790,0.0,0.9145757343587088,0.0,0.3,ml100k,itemknn,quota_mmr,1,100,0.2770240305643425
795,0.2890648263178879,0.9363334045026758,1.0,0.3,ml100k,itemknn,quota_mmr,1,100,0.4056637401841063
802,0.0,0.9333772890926076,0.0,0.2,ml100k,itemknn,quota_mmr,1,100,0.4842315859070195
805,0.0,0.9393249437308304,0.0,0.3,ml100k,itemknn,quota_mmr,1,100,0.3356351917330193
807,0.0,0.9354350559447252,0.0,0.2,ml100k,itemknn,quota_mmr,1,100,0.4728247328665421
830,0.0,0.8684853265461678,0.0,0.2,ml100k,itemknn,quota_mmr,1,100,0.397008015624717
839,0.0,0.9768599494694356,0.0,0.2,ml100k,itemknn,quota_mmr,1,100,0.4435393351981948
855,0.0,0.824203834355113,0.0,0.3,ml100k,itemknn,quota_mmr,1,100,0.4083968938163295
858,0.0,0.9274997093372308,0.0,0.3,ml100k,itemknn,quota_mmr,1,100,0.4039768758183455
867,0.0,0.938362287518085,0.0,0.3,ml100k,itemknn,quota_mmr,1,100,0.3773508449506412
873,0.0,0.8733824749566811,0.0,0.3,ml100k,itemknn,quota_mmr,1,100,0.3727766582772361
875,0.0,0.954246439911694,0.0,0.2,ml100k,itemknn,quota_mmr,1,100,0.4799334642251056
887,0.0,0.8852294633959015,0.0,0.3,ml100k,itemknn,quota_mmr,1,100,0.4156904126839234
890,0.0,0.8965156590071561,0.0,0.2,ml100k,itemknn,quota_mmr,1,100,0.4898852980576224
898,0.0,0.9851383418277084,0.0,0.2,ml100k,itemknn,quota_mmr,1,100,0.4559182444028601
905,0.0,0.9667901602341088,0.0,0.3,ml100k,itemknn,quota_mmr,1,100,0.4759295713118866
918,0.0,0.9346458476134036,0.0,0.2,ml100k,itemknn,quota_mmr,1,100,0.2753270135254433
920,0.0,0.9077304717619386,0.0,0.3,ml100k,itemknn,quota_mmr,1,100,0.4651368621928013
938,0.0,0.8008371133743484,0.0,0.2,ml100k,itemknn,quota_mmr,1,100,0.3268706778886792
17,0.0,0.946522926827757,0.0,0.2,ml100k,itemknn,balanced_quota,1,100,0.4736990465323725
23,0.3868528072345416,0.921034591672414,1.0,0.2,ml100k,itemknn,balanced_quota,1,100,0.4329654954179342
29,0.0,0.8622940268577399,0.0,0.2,ml100k,itemknn,balanced_quota,1,100,0.3842645404975107
36,0.0,0.949882662584016,0.0,0.2,ml100k,itemknn,balanced_quota,1,100,0.3972286428552213
50,0.0,0.9190366633116592,0.0,0.2,ml100k,itemknn,balanced_quota,1,100,0.4169197732001966
54,0.0,0.9523389996644324,0.0,0.2,ml100k,itemknn,balanced_quota,1,100,0.4630750934367489
57,0.0,0.9620295526063786,0.0,0.2,ml100k,itemknn,balanced_quota,1,100,0.4101863075972938
73,0.0,0.8933725198766298,0.0,0.2,ml100k,itemknn,balanced_quota,1,100,0.4636879333508588
82,0.0,0.9376528924066144,0.0,0.2,ml100k,itemknn,balanced_quota,1,100,0.2863306604949689
104,0.0,0.9010218068647736,0.0,0.2,ml100k,itemknn,balanced_quota,1,100,0.4807897709182079
105,0.0,0.7884223302230385,0.0,0.2,ml100k,itemknn,balanced_quota,1,100,0.2471890509742128
108,0.0,0.9312267498534386,0.0,0.2,ml100k,itemknn,balanced_quota,1,100,0.4709439836973839
117,0.0,0.8970519373414028,0.0,0.2,ml100k,itemknn,balanced_quota,1,100,0.3738206872809504
122,0.6309297535714575,0.9314326952304146,1.0,0.2,ml100k,itemknn,balanced_quota,1,100,0.3984845323508116
139,0.0,0.8885387549341168,0.0,0.2,ml100k,itemknn,balanced_quota,1,100,0.4738357107835171
144,0.0,0.9250133969402642,0.0,0.2,ml100k,itemknn,balanced_quota,1,100,0.2581595525456087
179,0.0,0.963424208461882,0.0,0.2,ml100k,itemknn,balanced_quota,1,100,0.3095521188679192
199,0.3010299956639812,0.8426260013321828,1.0,0.2,ml100k,itemknn,balanced_quota,1,100,0.3583553048644547
212,0.0,0.8438469566971561,0.0,0.2,ml100k,itemknn,balanced_quota,1,100,0.3920724019754378
220,0.0,0.8940230252082974,0.0,0.2,ml100k,itemknn,balanced_quota,1,100,0.4129989653704903
231,0.0,0.9176404838341083,0.0,0.2,ml100k,itemknn,balanced_quota,1,100,0.4473210925511888
233,0.0,0.9797659690445456,0.0,0.2,ml100k,itemknn,balanced_quota,1,100,0.3423761122752736
242,0.0,0.9549760946491204,0.0,0.2,ml100k,itemknn,balanced_quota,1,100,0.3211120634258847
248,0.0,0.904008297579448,0.0,0.2,ml100k,itemknn,balanced_quota,1,100,0.4596284423976451
262,0.0,0.9400902088312848,0.0,0.2,ml100k,itemknn,balanced_quota,1,100,0.2740050922471255
264,0.0,0.9172171519239942,0.0,0.2,ml100k,itemknn,balanced_quota,1,100,0.4474401562014599
265,0.0,0.9326092582300588,0.0,0.2,ml100k,itemknn,balanced_quota,1,100,0.4400298253854537
286,0.0,0.9176708200484828,0.0,0.2,ml100k,itemknn,balanced_quota,1,100,0.376733160818661
290,0.0,0.9353895210676212,0.0,0.2,ml100k,itemknn,balanced_quota,1,100,0.4393849957444268
321,0.0,0.8055355697621491,0.0,0.2,ml100k,itemknn,balanced_quota,1,100,0.3506472622809815
330,0.0,0.9627132346393512,0.0,0.2,ml100k,itemknn,balanced_quota,1,100,0.4899591756308272
336,0.0,0.8326630811469907,0.0,0.2,ml100k,itemknn,balanced_quota,1,100,0.4129537979482368
339,0.0,0.8993890398145273,0.0,0.2,ml100k,itemknn,balanced_quota,1,100,0.233039782445428
351,0.0,0.9071187883594336,0.0,0.2,ml100k,itemknn,balanced_quota,1,100,0.4825640496701667
354,0.0,0.9735721004477071,0.0,0.2,ml100k,itemknn,balanced_quota,1,100,0.2758851523080106
361,0.3868528072345416,0.9071235720567088,1.0,0.2,ml100k,itemknn,balanced_quota,1,100,0.4261403437516387
380,0.3868528072345416,0.920295834388022,1.0,0.2,ml100k,itemknn,balanced_quota,1,100,0.3980004055701375
385,0.0,0.920898894331622,0.0,0.2,ml100k,itemknn,balanced_quota,1,100,0.2775390086863129
391,0.0,0.9378790727836857,0.0,0.2,ml100k,itemknn,balanced_quota,1,100,0.2852634188597671
393,0.0,0.8965432278514237,0.0,0.2,ml100k,itemknn,balanced_quota,1,100,0.4084145641247705
396,0.0,0.904261951965826,0.0,0.2,ml100k,itemknn,balanced_quota,1,100,0.4130809974691262
399,0.0,0.913475714979409,0.0,0.2,ml100k,itemknn,balanced_quota,1,100,0.4121362642052487
414,0.0,0.9592005113747258,0.0,0.2,ml100k,itemknn,balanced_quota,1,100,0.3905956968374793
422,0.0,0.9741012687504,0.0,0.2,ml100k,itemknn,balanced_quota,1,100,0.4760000615102254
423,0.0,0.9661499515873732,0.0,0.2,ml100k,itemknn,balanced_quota,1,100,0.485683735525242
431,0.0,0.8815682730307527,0.0,0.2,ml100k,itemknn,balanced_quota,1,100,0.3909090433265116
432,0.0,0.8043921236686387,0.0,0.2,ml100k,itemknn,balanced_quota,1,100,0.2850756657643462
442,0.0,0.9336376105434132,0.0,0.2,ml100k,itemknn,balanced_quota,1,100,0.4376302317413491
466,0.0,0.9183884519059832,0.0,0.2,ml100k,itemknn,balanced_quota,1,100,0.3371937619960987
467,0.0,0.9235688351715388,0.0,0.2,ml100k,itemknn,balanced_quota,1,100,0.4281654188819416
473,0.0,0.9068656384383608,0.0,0.2,ml100k,itemknn,balanced_quota,1,100,0.367110990569901
476,0.430676558073393,0.9268253464698532,1.0,0.2,ml100k,itemknn,balanced_quota,1,100,0.4614982326175591
478,0.0,0.8929701124065865,0.0,0.2,ml100k,itemknn,balanced_quota,1,100,0.4053572299267794
485,0.0,0.9964319968902056,0.0,0.2,ml100k,itemknn,balanced_quota,1,100,0.4473010805662891
513,0.0,0.9112226072459468,0.0,0.2,ml100k,itemknn,balanced_quota,1,100,0.3087425972416607
543,0.0,0.9243663189143226,0.0,0.2,ml100k,itemknn,balanced_quota,1,100,0.2756249152557857
550,0.0,0.8829749442236962,0.0,0.2,ml100k,itemknn,balanced_quota,1,100,0.3971285353047963
553,0.0,0.9378158145083048,0.0,0.2,ml100k,itemknn,balanced_quota,1,100,0.3074995588195415
559,0.0,0.8837734851858422,0.0,0.2,ml100k,itemknn,balanced_quota,1,100,0.3734878192304692
566,0.0,0.9026239768277744,0.0,0.2,ml100k,itemknn,balanced_quota,1,100,0.3691883849257167
593,0.0,0.938943939262747,0.0,0.2,ml100k,itemknn,balanced_quota,1,100,0.4886681042618497
630,0.0,0.8898341536298043,0.0,0.2,ml100k,itemknn,balanced_quota,1,100,0.4317126291567063
638,0.0,0.8955473823253771,0.0,0.2,ml100k,itemknn,balanced_quota,1,100,0.3633297454880706
648,0.0,0.8392825093220636,0.0,0.2,ml100k,itemknn,balanced_quota,1,100,0.317604982360812
651,0.0,0.96581095874112,0.0,0.2,ml100k,itemknn,balanced_quota,1,100,0.4637703286265565
653,0.0,0.9653983983518236,0.0,0.2,ml100k,itemknn,balanced_quota,1,100,0.3631320522825748
659,0.0,0.9154567229278496,0.0,0.2,ml100k,itemknn,balanced_quota,1,100,0.4260726606736135
664,0.0,0.9484147671592952,0.0,0.2,ml100k,itemknn,balanced_quota,1,100,0.4502832858458465
668,0.0,0.9607901188804074,0.0,0.2,ml100k,itemknn,balanced_quota,1,100,0.4740925057712264
686,0.0,0.870816906953764,0.0,0.2,ml100k,itemknn,balanced_quota,1,100,0.372255275565291
699,0.3333333333333333,0.9489271310780376,1.0,0.2,ml100k,itemknn,balanced_quota,1,100,0.322178937678862
706,0.0,0.93039984446591,0.0,0.2,ml100k,itemknn,balanced_quota,1,100,0.3819894839583684
707,0.0,0.8986115720906654,0.0,0.2,ml100k,itemknn,balanced_quota,1,100,0.412446007957795
709,0.0,0.8804660143860346,0.0,0.2,ml100k,itemknn,balanced_quota,1,100,0.3492185298380386
713,0.0,0.9592419188574418,0.0,0.2,ml100k,itemknn,balanced_quota,1,100,0.4246331157517699
725,0.0,0.8445386992085724,0.0,0.2,ml100k,itemknn,balanced_quota,1,100,0.2789952655614784
742,0.0,0.9211597359265608,0.0,0.2,ml100k,itemknn,balanced_quota,1,100,0.3807801098099663
747,0.0,0.9475844735538944,0.0,0.2,ml100k,itemknn,balanced_quota,1,100,0.2947074908743576
748,0.0,0.8196529949264921,0.0,0.2,ml100k,itemknn,balanced_quota,1,100,0.4011036169373206
772,0.0,0.9000755828051493,0.0,0.2,ml100k,itemknn,balanced_quota,1,100,0.4336908354229837
783,0.0,0.9153270383914536,0.0,0.2,ml100k,itemknn,balanced_quota,1,100,0.2847512612847538
790,0.0,0.9119151357028492,0.0,0.2,ml100k,itemknn,balanced_quota,1,100,0.2802505370998969
795,0.3010299956639812,0.905505960227232,1.0,0.2,ml100k,itemknn,balanced_quota,1,100,0.3965012013587635
802,0.0,0.9333772890926076,0.0,0.2,ml100k,itemknn,balanced_quota,1,100,0.4842315859070195
805,0.0,0.9335714682050448,0.0,0.2,ml100k,itemknn,balanced_quota,1,100,0.3264031053288185
807,0.0,0.9358832846329797,0.0,0.2,ml100k,itemknn,balanced_quota,1,100,0.4726404474595652
830,0.0,0.8665739451977726,0.0,0.2,ml100k,itemknn,balanced_quota,1,100,0.3965916999592513
839,0.0,0.9768599494694356,0.0,0.2,ml100k,itemknn,balanced_quota,1,100,0.4435393351981948
855,0.0,0.791732038786173,0.0,0.2,ml100k,itemknn,balanced_quota,1,100,0.3701318121947374
858,0.0,0.9077703189656926,0.0,0.2,ml100k,itemknn,balanced_quota,1,100,0.3972873741870229
867,0.0,0.9339729440913552,0.0,0.2,ml100k,itemknn,balanced_quota,1,100,0.3751415038895151
873,0.0,0.877813345565117,0.0,0.2,ml100k,itemknn,balanced_quota,1,100,0.3756851385625394
875,0.0,0.9542125132438416,0.0,0.2,ml100k,itemknn,balanced_quota,1,100,0.4771670662013385
887,0.0,0.8819293978124895,0.0,0.2,ml100k,itemknn,balanced_quota,1,100,0.402306709410491
890,0.0,0.8892375322725117,0.0,0.2,ml100k,itemknn,balanced_quota,1,100,0.4613372575187551
898,0.0,0.9851383418277084,0.0,0.2,ml100k,itemknn,balanced_quota,1,100,0.4559182444028601
905,0.0,0.9642431022650622,0.0,0.2,ml100k,itemknn,balanced_quota,1,100,0.4747415812636298
918,0.0,0.9392850258831488,0.0,0.2,ml100k,itemknn,balanced_quota,1,100,0.2969749623679242
920,0.0,0.9058408972481926,0.0,0.2,ml100k,itemknn,balanced_quota,1,100,0.4642915914737784
938,0.0,0.8036446002100686,0.0,0.2,ml100k,itemknn,balanced_quota,1,100,0.3247971248234396
17,0.0,0.8343206408537075,0.0,0.2,ml100k,itemknn,qubo_feasible,1,100,0.3838640655491037
23,0.430676558073393,0.8383949635174762,1.0,0.2,ml100k,itemknn,qubo_feasible,1,100,0.3909275931765934
29,0.0,0.7902141679746976,0.0,0.2,ml100k,itemknn,qubo_feasible,1,100,0.3501080233686125
36,0.0,0.8788865141609381,0.0,0.2,ml100k,itemknn,qubo_feasible,1,100,0.330595130632751
50,0.0,0.7587715220490829,0.0,0.2,ml100k,itemknn,qubo_feasible,1,100,0.2967501907810587
54,0.0,0.851661874812339,0.0,0.2,ml100k,itemknn,qubo_feasible,1,100,0.3891641478055967
57,0.0,0.8937584903927495,0.0,0.2,ml100k,itemknn,qubo_feasible,1,100,0.372081952644667
73,0.0,0.7426066857816289,0.0,0.2,ml100k,itemknn,qubo_feasible,1,100,0.3528627248692984
82,0.3010299956639812,0.7883309732846674,1.0,0.2,ml100k,itemknn,qubo_feasible,1,100,0.2091428036650524
104,0.0,0.7545071386596202,0.0,0.2,ml100k,itemknn,qubo_feasible,1,100,0.3583394273001487
105,0.0,0.5914861926957443,0.0,0.2,ml100k,itemknn,qubo_feasible,1,100,0.1694301454468801
108,0.0,0.728301096634484,0.0,0.2,ml100k,itemknn,qubo_feasible,1,100,0.2624748079173896
117,0.0,0.8072842598239759,0.0,0.2,ml100k,itemknn,qubo_feasible,1,100,0.2910842123419335
122,1.0,0.8183573643322458,1.0,0.2,ml100k,itemknn,qubo_feasible,1,100,0.3019907101832941
139,0.0,0.8175328473232202,0.0,0.2,ml100k,itemknn,qubo_feasible,1,100,0.4108730790463297
144,0.0,0.85602288897039,0.0,0.2,ml100k,itemknn,qubo_feasible,1,100,0.2295362096136698
179,0.0,0.8469484675964015,0.0,0.2,ml100k,itemknn,qubo_feasible,1,100,0.2444744174026418
199,0.3010299956639812,0.5863149441546258,1.0,0.2,ml100k,itemknn,qubo_feasible,1,100,0.2422927687732649
212,0.0,0.6731667823306587,0.0,0.2,ml100k,itemknn,qubo_feasible,1,100,0.2842733748937926
220,0.0,0.7595550720774661,0.0,0.2,ml100k,itemknn,qubo_feasible,1,100,0.3157333933919352
231,0.0,0.8073562687198865,0.0,0.2,ml100k,itemknn,qubo_feasible,1,100,0.3773892657153463
233,0.0,0.8809332216002058,0.0,0.2,ml100k,itemknn,qubo_feasible,1,100,0.2575859809447445
242,0.0,0.8032931381101573,0.0,0.2,ml100k,itemknn,qubo_feasible,1,100,0.2299058450175966
248,0.0,0.8106499524136229,0.0,0.2,ml100k,itemknn,qubo_feasible,1,100,0.3915660378735878
262,0.3562071871080222,0.8915779158678745,1.0,0.2,ml100k,itemknn,qubo_feasible,1,100,0.255051113522865
264,0.0,0.8241064770746931,0.0,0.2,ml100k,itemknn,qubo_feasible,1,100,0.3774130732866408
265,0.0,0.8354884155861817,0.0,0.2,ml100k,itemknn,qubo_feasible,1,100,0.3655332740779626
286,0.0,0.8290204028322851,0.0,0.2,ml100k,itemknn,qubo_feasible,1,100,0.3269850418630315
290,0.0,0.7838316121560179,0.0,0.2,ml100k,itemknn,qubo_feasible,1,100,0.3300719404038699
321,0.0,0.7081031684731501,0.0,0.2,ml100k,itemknn,qubo_feasible,1,100,0.2877974559867149
330,0.0,0.7978314962273101,0.0,0.2,ml100k,itemknn,qubo_feasible,1,100,0.3403540703290754
336,0.0,0.7164356107914729,0.0,0.2,ml100k,itemknn,qubo_feasible,1,100,0.3063668536273716
339,0.0,0.8431676964598801,0.0,0.2,ml100k,itemknn,qubo_feasible,1,100,0.2147306566755791
351,0.0,0.7867842181142632,0.0,0.2,ml100k,itemknn,qubo_feasible,1,100,0.3677207452912648
354,0.0,0.8928689139388781,0.0,0.2,ml100k,itemknn,qubo_feasible,1,100,0.2415154112925815
361,0.430676558073393,0.7261544435792009,1.0,0.2,ml100k,itemknn,qubo_feasible,1,100,0.2673505836848138
380,0.430676558073393,0.7997863916329738,1.0,0.2,ml100k,itemknn,qubo_feasible,1,100,0.2878188648939316
385,0.3562071871080222,0.8582485877623626,1.0,0.2,ml100k,itemknn,qubo_feasible,1,100,0.2419769716984748
391,0.0,0.8353052317523444,0.0,0.2,ml100k,itemknn,qubo_feasible,1,100,0.2203077685795709
393,0.0,0.7853359566799304,0.0,0.2,ml100k,itemknn,qubo_feasible,1,100,0.3433593228487809
396,0.0,0.7882276436478407,0.0,0.2,ml100k,itemknn,qubo_feasible,1,100,0.3419462693737504
399,0.0,0.762051922705861,0.0,0.2,ml100k,itemknn,qubo_feasible,1,100,0.2823295511112669
414,0.0,0.6041648557088928,0.0,0.2,ml100k,itemknn,qubo_feasible,1,100,0.2062360474018569
422,0.0,0.8483648931669739,0.0,0.2,ml100k,itemknn,qubo_feasible,1,100,0.3686181459686707
423,0.0,0.8592273522342264,0.0,0.2,ml100k,itemknn,qubo_feasible,1,100,0.3929708803742836
431,0.0,0.5990359099455828,0.0,0.2,ml100k,itemknn,qubo_feasible,1,100,0.2228813521020864
432,0.0,0.6448663784526447,0.0,0.2,ml100k,itemknn,qubo_feasible,1,100,0.1601939075089545
442,0.0,0.7943956164527122,0.0,0.2,ml100k,itemknn,qubo_feasible,1,100,0.3434581227539218
466,0.0,0.737368577312214,0.0,0.2,ml100k,itemknn,qubo_feasible,1,100,0.1985835498214149
467,0.0,0.7934854159152398,0.0,0.2,ml100k,itemknn,qubo_feasible,1,100,0.3394073653164193
473,0.0,0.7571563860527758,0.0,0.2,ml100k,itemknn,qubo_feasible,1,100,0.2904349716260817
476,0.6309297535714575,0.9115693858158772,1.0,0.2,ml100k,itemknn,qubo_feasible,1,100,0.4448175370171082
478,0.0,0.8070576265252526,0.0,0.2,ml100k,itemknn,qubo_feasible,1,100,0.3605249734784443
485,0.0,0.9303713588424152,0.0,0.2,ml100k,itemknn,qubo_feasible,1,100,0.4161698783409714
513,0.0,0.6904507681343754,0.0,0.2,ml100k,itemknn,qubo_feasible,1,100,0.198412107829534
543,0.0,0.8396836564804355,0.0,0.2,ml100k,itemknn,qubo_feasible,1,100,0.2189837960673022
550,0.0,0.7729109213643078,0.0,0.2,ml100k,itemknn,qubo_feasible,1,100,0.3078763334427568
553,0.0,0.8578021040903616,0.0,0.2,ml100k,itemknn,qubo_feasible,1,100,0.2421655111553685
559,0.0,0.8161762103798446,0.0,0.2,ml100k,itemknn,qubo_feasible,1,100,0.3166366728861815
566,0.0,0.7929877214307524,0.0,0.2,ml100k,itemknn,qubo_feasible,1,100,0.3015810639690072
593,0.3868528072345416,0.7922910153053578,1.0,0.2,ml100k,itemknn,qubo_feasible,1,100,0.3867190523827162
630,0.0,0.7508397297343156,0.0,0.2,ml100k,itemknn,qubo_feasible,1,100,0.3626643203855829
638,0.0,0.7566728040943633,0.0,0.2,ml100k,itemknn,qubo_feasible,1,100,0.2837854969839036
648,0.0,0.7638168779432843,0.0,0.2,ml100k,itemknn,qubo_feasible,1,100,0.2294628477468302
651,0.0,0.8488468418499349,0.0,0.2,ml100k,itemknn,qubo_feasible,1,100,0.3817495201782763
653,0.0,0.8322752291136897,0.0,0.2,ml100k,itemknn,qubo_feasible,1,100,0.2593766046674062
659,0.0,0.736130934810005,0.0,0.2,ml100k,itemknn,qubo_feasible,1,100,0.3227671765395084
664,0.0,0.7739274124938991,0.0,0.2,ml100k,itemknn,qubo_feasible,1,100,0.3425817236813533
668,0.0,0.8584259704322544,0.0,0.2,ml100k,itemknn,qubo_feasible,1,100,0.3940981605042392
686,0.0,0.7489287930876607,0.0,0.2,ml100k,itemknn,qubo_feasible,1,100,0.2401913804538831
699,0.3562071871080222,0.8165010258492414,1.0,0.2,ml100k,itemknn,qubo_feasible,1,100,0.2354419031436477
706,0.0,0.8223000011017352,0.0,0.2,ml100k,itemknn,qubo_feasible,1,100,0.2923791419464547
707,0.0,0.7781309982818229,0.0,0.2,ml100k,itemknn,qubo_feasible,1,100,0.3171132361101379
709,0.0,0.7752077108988853,0.0,0.2,ml100k,itemknn,qubo_feasible,1,100,0.274542871435372
713,0.0,0.8669782762726529,0.0,0.2,ml100k,itemknn,qubo_feasible,1,100,0.3768199535930466
725,0.0,0.6935407693627437,0.0,0.2,ml100k,itemknn,qubo_feasible,1,100,0.1537351326265265
742,0.0,0.7988117936163879,0.0,0.2,ml100k,itemknn,qubo_feasible,1,100,0.3110123908457715
747,0.0,0.849839963947046,0.0,0.2,ml100k,itemknn,qubo_feasible,1,100,0.2326161574314933
748,0.0,0.6250714365834391,0.0,0.2,ml100k,itemknn,qubo_feasible,1,100,0.2943580714562118
772,0.0,0.7254744210289459,0.0,0.2,ml100k,itemknn,qubo_feasible,1,100,0.3152760892857258
783,0.0,0.5972537567784121,0.0,0.2,ml100k,itemknn,qubo_feasible,1,100,0.1567800721624357
790,0.5,0.7842018387082325,1.0,0.2,ml100k,itemknn,qubo_feasible,1,100,0.2150059601707705
795,0.0,0.653932092628908,0.0,0.2,ml100k,itemknn,qubo_feasible,1,100,0.2680726202332067
802,0.0,0.7262430587198399,0.0,0.2,ml100k,itemknn,qubo_feasible,1,100,0.3317428792464136
805,0.6309297535714575,0.7779540630961025,1.0,0.2,ml100k,itemknn,qubo_feasible,1,100,0.2480691059961928
807,0.0,0.7846612776775623,0.0,0.2,ml100k,itemknn,qubo_feasible,1,100,0.3673388916099857
830,0.0,0.6568507630526602,0.0,0.2,ml100k,itemknn,qubo_feasible,1,100,0.2859237012174438
839,0.0,0.8443612919074566,0.0,0.2,ml100k,itemknn,qubo_feasible,1,100,0.3150342948726139
855,0.0,0.7173696088173385,0.0,0.2,ml100k,itemknn,qubo_feasible,1,100,0.3174497409144962
858,0.0,0.7770787709107589,0.0,0.2,ml100k,itemknn,qubo_feasible,1,100,0.3023074250633826
867,0.0,0.6461190219674482,0.0,0.2,ml100k,itemknn,qubo_feasible,1,100,0.1891142839079994
873,0.0,0.580943110469641,0.0,0.2,ml100k,itemknn,qubo_feasible,1,100,0.2362439217128601
875,0.0,0.832522479818197,0.0,0.2,ml100k,itemknn,qubo_feasible,1,100,0.3830597709634163
887,0.0,0.7247252520578823,0.0,0.2,ml100k,itemknn,qubo_feasible,1,100,0.3018894652719435
890,0.0,0.7636656894820829,0.0,0.2,ml100k,itemknn,qubo_feasible,1,100,0.3614889054076893
898,0.0,0.8849776065737113,0.0,0.2,ml100k,itemknn,qubo_feasible,1,100,0.3864807523234199
905,0.0,0.9173668788954372,0.0,0.2,ml100k,itemknn,qubo_feasible,1,100,0.4117489306392747
918,0.0,0.8741849374394403,0.0,0.2,ml100k,itemknn,qubo_feasible,1,100,0.241935313776634
920,0.0,0.7838728615021237,0.0,0.2,ml100k,itemknn,qubo_feasible,1,100,0.3603431602946773
938,0.0,0.6561017569287485,0.0,0.2,ml100k,itemknn,qubo_feasible,1,100,0.2338406658795467
17,0.3868528072345416,0.8268629657907635,1.0,0.2,ml100k,itemknn,qubo_tabu,1,100,0.3733148532917601
23,0.3868528072345416,0.8910421039934968,1.0,0.2,ml100k,itemknn,qubo_tabu,1,100,0.4044791604957976
29,0.0,0.8098999437929246,0.0,0.2,ml100k,itemknn,qubo_tabu,1,100,0.3453019993197755
36,0.0,0.8461411075245918,0.0,0.2,ml100k,itemknn,qubo_tabu,1,100,0.3100813733974007
50,0.0,0.7175930385199758,0.0,0.2,ml100k,itemknn,qubo_tabu,1,100,0.259608924574884
54,0.0,0.8737971754376865,0.0,0.2,ml100k,itemknn,qubo_tabu,1,100,0.3946241196308772
57,0.0,0.914216772356918,0.0,0.2,ml100k,itemknn,qubo_tabu,1,100,0.3578170928956257
73,0.0,0.8024116537911508,0.0,0.2,ml100k,itemknn,qubo_tabu,1,100,0.3799113508900021
82,0.2890648263178879,0.8723806988722664,1.0,0.2,ml100k,itemknn,qubo_tabu,1,100,0.2444978557776231
104,0.0,0.7781780265103251,0.0,0.2,ml100k,itemknn,qubo_tabu,1,100,0.3426679999843684
105,0.0,0.5876482832621281,0.0,0.2,ml100k,itemknn,qubo_tabu,1,100,0.1490177911964125
108,0.0,0.7443330251273295,0.0,0.2,ml100k,itemknn,qubo_tabu,1,100,0.2584016729705318
117,0.0,0.7946279472926214,0.0,0.2,ml100k,itemknn,qubo_tabu,1,100,0.245296785105105
122,1.0,0.8107708608062743,1.0,0.2,ml100k,itemknn,qubo_tabu,1,100,0.2822416420067127
139,0.0,0.838267388276748,0.0,0.2,ml100k,itemknn,qubo_tabu,1,100,0.4146211029715628
144,0.0,0.8930336940571626,0.0,0.2,ml100k,itemknn,qubo_tabu,1,100,0.2237181232467331
179,0.0,0.9241209283751224,0.0,0.2,ml100k,itemknn,qubo_tabu,1,100,0.2728128719283424
199,0.3010299956639812,0.714191673608216,1.0,0.2,ml100k,itemknn,qubo_tabu,1,100,0.2720643525196886
212,0.0,0.7357246904082478,0.0,0.2,ml100k,itemknn,qubo_tabu,1,100,0.2985966881746543
220,0.0,0.8253528265557586,0.0,0.2,ml100k,itemknn,qubo_tabu,1,100,0.3475092336639782
231,0.0,0.8334412413800789,0.0,0.2,ml100k,itemknn,qubo_tabu,1,100,0.3823462692033469
233,0.0,0.9438179647399676,0.0,0.2,ml100k,itemknn,qubo_tabu,1,100,0.2898572224152465
242,0.0,0.8631636567126496,0.0,0.2,ml100k,itemknn,qubo_tabu,1,100,0.2486322822990207
248,0.0,0.855585518998628,0.0,0.2,ml100k,itemknn,qubo_tabu,1,100,0.417098595388551
262,0.3868528072345416,0.8818806377549493,1.0,0.2,ml100k,itemknn,qubo_tabu,1,100,0.2374743016082473
264,0.0,0.8637835771737578,0.0,0.2,ml100k,itemknn,qubo_tabu,1,100,0.3766549902631689
265,0.0,0.9372324450520316,0.0,0.2,ml100k,itemknn,qubo_tabu,1,100,0.4252509432689446
286,0.0,0.8407192273858487,0.0,0.2,ml100k,itemknn,qubo_tabu,1,100,0.327219193164551
290,0.0,0.7547986605349514,0.0,0.2,ml100k,itemknn,qubo_tabu,1,100,0.3050273652254618
321,0.0,0.7671691986398452,0.0,0.2,ml100k,itemknn,qubo_tabu,1,100,0.2922829352714851
330,0.0,0.7980110014803204,0.0,0.2,ml100k,itemknn,qubo_tabu,1,100,0.3320535482231117
336,0.0,0.6579480090848377,0.0,0.2,ml100k,itemknn,qubo_tabu,1,100,0.2701633548395693
339,0.0,0.8761587783259395,0.0,0.2,ml100k,itemknn,qubo_tabu,1,100,0.215265306749483
351,0.0,0.8200461158517518,0.0,0.2,ml100k,itemknn,qubo_tabu,1,100,0.3781155088103898
354,0.3154648767857287,0.975693690700288,1.0,0.2,ml100k,itemknn,qubo_tabu,1,100,0.2768862805666537
361,0.6309297535714575,0.7341675436102932,1.0,0.2,ml100k,itemknn,qubo_tabu,1,100,0.2443199001181094
380,0.3868528072345416,0.8452018241896195,1.0,0.2,ml100k,itemknn,qubo_tabu,1,100,0.3315055253086185
385,0.3333333333333333,0.8431844522730032,1.0,0.2,ml100k,itemknn,qubo_tabu,1,100,0.2261101239368339
391,0.0,0.9203634245526012,0.0,0.2,ml100k,itemknn,qubo_tabu,1,100,0.2540661452807058
393,0.0,0.8746020435406924,0.0,0.2,ml100k,itemknn,qubo_tabu,1,100,0.377396151254758
396,0.0,0.8234573686261266,0.0,0.2,ml100k,itemknn,qubo_tabu,1,100,0.3408130214538296
399,0.0,0.8333089165362079,0.0,0.2,ml100k,itemknn,qubo_tabu,1,100,0.3208543677312021
414,0.0,0.6901892658471092,0.0,0.2,ml100k,itemknn,qubo_tabu,1,100,0.217561269569379
422,0.0,0.8377486417580946,0.0,0.2,ml100k,itemknn,qubo_tabu,1,100,0.3555746861288374
423,0.0,0.8997250044303496,0.0,0.2,ml100k,itemknn,qubo_tabu,1,100,0.4102496575059098
431,0.0,0.6673064432841705,0.0,0.2,ml100k,itemknn,qubo_tabu,1,100,0.2254414765261172
432,0.0,0.6976756106337197,0.0,0.2,ml100k,itemknn,qubo_tabu,1,100,0.1616103136439695
442,0.0,0.8441510934258832,0.0,0.2,ml100k,itemknn,qubo_tabu,1,100,0.3668939252185202
466,0.0,0.8041259010627647,0.0,0.2,ml100k,itemknn,qubo_tabu,1,100,0.2298119618564147
467,0.0,0.8175714183860434,0.0,0.2,ml100k,itemknn,qubo_tabu,1,100,0.3488306197183813
473,0.0,0.8195327869099832,0.0,0.2,ml100k,itemknn,qubo_tabu,1,100,0.3140164317388993
476,1.0,0.8811478411247128,1.0,0.2,ml100k,itemknn,qubo_tabu,1,100,0.4154729720409982
478,0.0,0.846622038581233,0.0,0.2,ml100k,itemknn,qubo_tabu,1,100,0.3653439599285852
485,0.0,0.9354060706659618,0.0,0.2,ml100k,itemknn,qubo_tabu,1,100,0.4044925117280492
513,0.0,0.6748615721902002,0.0,0.2,ml100k,itemknn,qubo_tabu,1,100,0.1757648109828029
543,0.0,0.8754697944506564,0.0,0.2,ml100k,itemknn,qubo_tabu,1,100,0.2254676311793538
550,0.0,0.7363712902582181,0.0,0.2,ml100k,itemknn,qubo_tabu,1,100,0.2834845792005795
553,0.0,0.915734334431015,0.0,0.2,ml100k,itemknn,qubo_tabu,1,100,0.2723641132429278
559,0.5,0.8595034870416903,1.0,0.2,ml100k,itemknn,qubo_tabu,1,100,0.331903322205244
566,0.0,0.8637371361378475,0.0,0.2,ml100k,itemknn,qubo_tabu,1,100,0.3232215077551839
593,0.0,0.8041329785229568,0.0,0.2,ml100k,itemknn,qubo_tabu,1,100,0.3890600916686365
630,0.0,0.8376435336820073,0.0,0.2,ml100k,itemknn,qubo_tabu,1,100,0.3968724095451841
638,0.0,0.8382828455744705,0.0,0.2,ml100k,itemknn,qubo_tabu,1,100,0.3104784185238337
648,0.0,0.7498059815595214,0.0,0.2,ml100k,itemknn,qubo_tabu,1,100,0.2149435314348127
651,0.0,0.8680917686948078,0.0,0.2,ml100k,itemknn,qubo_tabu,1,100,0.3810423909382266
653,0.0,0.8498132401843066,0.0,0.2,ml100k,itemknn,qubo_tabu,1,100,0.2576086669130822
659,0.0,0.768115835097834,0.0,0.2,ml100k,itemknn,qubo_tabu,1,100,0.3217595810272747
664,0.0,0.8249783251359717,0.0,0.2,ml100k,itemknn,qubo_tabu,1,100,0.3647881075799153
668,0.0,0.8616195324425192,0.0,0.2,ml100k,itemknn,qubo_tabu,1,100,0.3889420570634757
686,0.0,0.7106451653273037,0.0,0.2,ml100k,itemknn,qubo_tabu,1,100,0.2105693818529858
699,0.3333333333333333,0.8309979913425726,1.0,0.2,ml100k,itemknn,qubo_tabu,1,100,0.2399826238234879
706,0.0,0.8308467933714235,0.0,0.2,ml100k,itemknn,qubo_tabu,1,100,0.2851355023789154
707,0.0,0.7999966826221414,0.0,0.2,ml100k,itemknn,qubo_tabu,1,100,0.3246699050727871
709,0.0,0.8496433067443852,0.0,0.2,ml100k,itemknn,qubo_tabu,1,100,0.3098503238942813
713,0.0,0.905016082625349,0.0,0.2,ml100k,itemknn,qubo_tabu,1,100,0.3888211406019555
725,0.0,0.7261812699095603,0.0,0.2,ml100k,itemknn,qubo_tabu,1,100,0.1654935759307426
742,0.0,0.8631562410471156,0.0,0.2,ml100k,itemknn,qubo_tabu,1,100,0.3320828777806156
747,0.0,0.8830145427423924,0.0,0.2,ml100k,itemknn,qubo_tabu,1,100,0.2436631818748054
748,0.0,0.6588113585671549,0.0,0.2,ml100k,itemknn,qubo_tabu,1,100,0.288748857590369
772,0.0,0.7899715656093177,0.0,0.2,ml100k,itemknn,qubo_tabu,1,100,0.3450987275243682
783,0.0,0.8573951054899128,0.0,0.2,ml100k,itemknn,qubo_tabu,1,100,0.2153165452916682
790,0.0,0.83097385787273,0.0,0.2,ml100k,itemknn,qubo_tabu,1,100,0.2325470407161898
795,0.0,0.7663942475083919,0.0,0.2,ml100k,itemknn,qubo_tabu,1,100,0.3055591485083839
802,0.3562071871080222,0.7650276347163706,1.0,0.2,ml100k,itemknn,qubo_tabu,1,100,0.3415449977633952
805,0.0,0.771977293216957,0.0,0.2,ml100k,itemknn,qubo_tabu,1,100,0.2306639061180228
807,0.0,0.8257007558317758,0.0,0.2,ml100k,itemknn,qubo_tabu,1,100,0.3800097816959793
830,0.0,0.7196854081963739,0.0,0.2,ml100k,itemknn,qubo_tabu,1,100,0.298815411740867
839,0.0,0.8911214393452312,0.0,0.2,ml100k,itemknn,qubo_tabu,1,100,0.3310826170658395
855,0.0,0.6615977523950624,0.0,0.2,ml100k,itemknn,qubo_tabu,1,100,0.2716720027650401
858,0.0,0.8167045812971518,0.0,0.2,ml100k,itemknn,qubo_tabu,1,100,0.3022330854283425
867,0.0,0.714540149890695,0.0,0.2,ml100k,itemknn,qubo_tabu,1,100,0.1917555527747463
873,0.0,0.6498121978884647,0.0,0.2,ml100k,itemknn,qubo_tabu,1,100,0.2321165637573667
875,0.0,0.8798327763785398,0.0,0.2,ml100k,itemknn,qubo_tabu,1,100,0.4050588563621113
887,0.0,0.7363130199934875,0.0,0.2,ml100k,itemknn,qubo_tabu,1,100,0.3091390465969024
890,0.0,0.7913517990976844,0.0,0.2,ml100k,itemknn,qubo_tabu,1,100,0.3655956284794894
898,0.0,0.9356504916545828,0.0,0.2,ml100k,itemknn,qubo_tabu,1,100,0.4169859162244177
905,0.0,0.9233995821815212,0.0,0.2,ml100k,itemknn,qubo_tabu,1,100,0.4067602705639132
918,0.0,0.9046286514991458,0.0,0.2,ml100k,itemknn,qubo_tabu,1,100,0.2522449402617355
920,0.0,0.7747203799062653,0.0,0.2,ml100k,itemknn,qubo_tabu,1,100,0.3676963331172059
938,0.0,0.5150183351472378,0.0,0.2,ml100k,itemknn,qubo_tabu,1,100,0.1853780457581355
17,0.3868528072345416,1.0,1.0,0.9,ml100k,als,none,1,100,
23,0.0,1.0,0.0,0.8,ml100k,als,none,1,100,
29,0.0,1.0,0.0,0.8,ml100k,als,none,1,100,
36,0.0,1.0,0.0,0.4,ml100k,als,none,1,100,
50,0.0,1.0,0.0,0.6,ml100k,als,none,1,100,
54,0.0,1.0,0.0,1.3,ml100k,als,none,1,100,
57,0.0,1.0,0.0,0.8,ml100k,als,none,1,100,
73,0.0,1.0,0.0,1.1,ml100k,als,none,1,100,
82,1.0,1.0,1.0,0.6,ml100k,als,none,1,100,
104,0.0,1.0,0.0,0.9,ml100k,als,none,1,100,
105,0.0,1.0,0.0,0.7,ml100k,als,none,1,100,
108,0.3562071871080222,1.0,1.0,0.7,ml100k,als,none,1,100,
117,0.0,1.0,0.0,0.4,ml100k,als,none,1,100,
122,0.0,1.0,0.0,1.1,ml100k,als,none,1,100,
139,0.0,1.0,0.0,0.4,ml100k,als,none,1,100,
144,0.0,1.0,0.0,0.8,ml100k,als,none,1,100,
179,0.0,1.0,0.0,1.1,ml100k,als,none,1,100,
199,0.0,1.0,0.0,0.9,ml100k,als,none,1,100,
212,0.0,1.0,0.0,1.1,ml100k,als,none,1,100,
220,0.0,1.0,0.0,0.6,ml100k,als,none,1,100,
231,0.0,1.0,0.0,1.1,ml100k,als,none,1,100,
233,0.0,1.0,0.0,0.7,ml100k,als,none,1,100,
242,0.0,1.0,0.0,1.1,ml100k,als,none,1,100,
248,0.0,1.0,0.0,0.9,ml100k,als,none,1,100,
262,0.0,1.0,0.0,0.9,ml100k,als,none,1,100,
264,0.0,1.0,0.0,1.1,ml100k,als,none,1,100,
265,0.0,1.0,0.0,1.1,ml100k,als,none,1,100,
286,0.0,1.0,0.0,0.6,ml100k,als,none,1,100,
290,0.0,1.0,0.0,0.7,ml100k,als,none,1,100,
321,0.0,1.0,0.0,0.4,ml100k,als,none,1,100,
330,0.0,1.0,0.0,1.3,ml100k,als,none,1,100,
336,0.0,1.0,0.0,0.7,ml100k,als,none,1,100,
339,0.0,1.0,0.0,0.9,ml100k,als,none,1,100,
351,0.0,1.0,0.0,0.9,ml100k,als,none,1,100,
354,0.0,1.0,0.0,0.3,ml100k,als,none,1,100,
361,0.0,1.0,0.0,0.6,ml100k,als,none,1,100,
380,0.0,1.0,0.0,1.0,ml100k,als,none,1,100,
385,0.3868528072345416,1.0,1.0,1.1,ml100k,als,none,1,100,
391,0.3333333333333333,1.0,1.0,0.9,ml100k,als,none,1,100,
393,0.0,1.0,0.0,0.7,ml100k,als,none,1,100,
396,0.0,1.0,0.0,0.6,ml100k,als,none,1,100,
399,0.0,1.0,0.0,1.3,ml100k,als,none,1,100,
414,0.0,1.0,0.0,1.1,ml100k,als,none,1,100,
422,0.0,1.0,0.0,1.1,ml100k,als,none,1,100,
423,0.0,1.0,0.0,1.1,ml100k,als,none,1,100,
431,0.0,1.0,0.0,1.1,ml100k,als,none,1,100,
432,0.0,1.0,0.0,0.4,ml100k,als,none,1,100,
442,0.0,1.0,0.0,0.6,ml100k,als,none,1,100,
466,0.0,1.0,0.0,0.9,ml100k,als,none,1,100,
467,0.0,1.0,0.0,0.9,ml100k,als,none,1,100,
473,0.0,1.0,0.0,0.7,ml100k,als,none,1,100,
476,0.0,1.0,0.0,1.1,ml100k,als,none,1,100,
478,0.0,1.0,0.0,1.1,ml100k,als,none,1,100,
485,0.0,1.0,0.0,1.1,ml100k,als,none,1,100,
513,0.0,1.0,0.0,0.7,ml100k,als,none,1,100,
543,0.3333333333333333,1.0,1.0,0.7,ml100k,als,none,1,100,
550,0.0,1.0,0.0,0.9,ml100k,als,none,1,100,
553,0.0,1.0,0.0,1.3,ml100k,als,none,1,100,
559,0.0,1.0,0.0,1.1,ml100k,als,none,1,100,
566,0.0,1.0,0.0,1.1,ml100k,als,none,1,100,
593,0.0,1.0,0.0,1.5,ml100k,als,none,1,100,
630,0.3154648767857287,1.0,1.0,0.6,ml100k,als,none,1,100,
638,0.0,1.0,0.0,0.8,ml100k,als,none,1,100,
648,0.0,1.0,0.0,0.4,ml100k,als,none,1,100,
651,0.0,1.0,0.0,0.9,ml100k,als,none,1,100,
653,0.0,1.0,0.0,0.8,ml100k,als,none,1,100,
659,0.0,1.0,0.0,1.3,ml100k,als,none,1,100,
664,0.0,1.0,0.0,0.5,ml100k,als,none,1,100,
668,0.6309297535714575,1.0,1.0,1.0,ml100k,als,none,1,100,
686,0.0,1.0,0.0,1.0,ml100k,als,none,1,100,
699,0.2890648263178879,1.0,1.0,1.1,ml100k,als,none,1,100,
706,0.0,1.0,0.0,0.2,ml100k,als,none,1,100,
707,0.0,1.0,0.0,1.1,ml100k,als,none,1,100,
709,0.0,1.0,0.0,1.1,ml100k,als,none,1,100,
713,0.0,1.0,0.0,1.0,ml100k,als,none,1,100,
725,0.0,1.0,0.0,1.1,ml100k,als,none,1,100,
742,1.0,1.0,1.0,0.4,ml100k,als,none,1,100,
747,0.0,1.0,0.0,0.6,ml100k,als,none,1,100,
748,0.0,1.0,0.0,0.7,ml100k,als,none,1,100,
772,0.0,1.0,0.0,1.0,ml100k,als,none,1,100,
783,0.0,1.0,0.0,0.5,ml100k,als,none,1,100,
790,0.0,1.0,0.0,1.3,ml100k,als,none,1,100,
795,0.0,1.0,0.0,1.3,ml100k,als,none,1,100,
802,0.0,1.0,0.0,1.1,ml100k,als,none,1,100,
805,0.3868528072345416,1.0,1.0,0.7,ml100k,als,none,1,100,
807,0.0,1.0,0.0,1.3,ml100k,als,none,1,100,
830,0.0,1.0,0.0,0.5,ml100k,als,none,1,100,
839,0.0,1.0,0.0,0.6,ml100k,als,none,1,100,
855,0.0,1.0,0.0,0.8,ml100k,als,none,1,100,
858,0.0,1.0,0.0,0.2,ml100k,als,none,1,100,
867,0.0,1.0,0.0,0.6,ml100k,als,none,1,100,
873,0.0,1.0,0.0,0.6,ml100k,als,none,1,100,
875,0.0,1.0,0.0,0.6,ml100k,als,none,1,100,
887,0.0,1.0,0.0,0.7,ml100k,als,none,1,100,
890,0.0,1.0,0.0,0.9,ml100k,als,none,1,100,
898,0.0,1.0,0.0,0.7,ml100k,als,none,1,100,
905,0.6309297535714575,1.0,1.0,0.9,ml100k,als,none,1,100,
918,0.3333333333333333,1.0,1.0,0.5,ml100k,als,none,1,100,
920,0.0,1.0,0.0,1.0,ml100k,als,none,1,100,
938,0.0,1.0,0.0,0.9,ml100k,als,none,1,100,
17,0.3868528072345416,1.0,1.0,0.9,ml100k,als,greedy_topk,1,100,0.3371430061027698
23,0.0,1.0,0.0,0.8,ml100k,als,greedy_topk,1,100,0.2538623094940695
29,0.0,1.0,0.0,0.8,ml100k,als,greedy_topk,1,100,0.1806621494691552
36,0.0,1.0,0.0,0.4,ml100k,als,greedy_topk,1,100,0.3496923530969759
50,0.0,1.0,0.0,0.6,ml100k,als,greedy_topk,1,100,0.1394357356467774
54,0.0,1.0,0.0,1.3,ml100k,als,greedy_topk,1,100,0.3195600127544294
57,0.0,1.0,0.0,0.8,ml100k,als,greedy_topk,1,100,0.3719157933310444
73,0.0,1.0,0.0,1.1,ml100k,als,greedy_topk,1,100,0.3610624699515539
82,1.0,1.0,1.0,0.6,ml100k,als,greedy_topk,1,100,0.1357726850696269
104,0.0,1.0,0.0,0.9,ml100k,als,greedy_topk,1,100,0.16276165506492
105,0.0,1.0,0.0,0.7,ml100k,als,greedy_topk,1,100,0.100112594717162
108,0.3562071871080222,1.0,1.0,0.7,ml100k,als,greedy_topk,1,100,0.1337430662617242
117,0.0,1.0,0.0,0.4,ml100k,als,greedy_topk,1,100,0.2180135710669667
122,0.0,1.0,0.0,1.1,ml100k,als,greedy_topk,1,100,0.1916975364323049
139,0.0,1.0,0.0,0.4,ml100k,als,greedy_topk,1,100,0.134535305087744
144,0.0,1.0,0.0,0.8,ml100k,als,greedy_topk,1,100,0.2157089038794869
179,0.0,1.0,0.0,1.1,ml100k,als,greedy_topk,1,100,0.2386970054827239
199,0.0,1.0,0.0,0.9,ml100k,als,greedy_topk,1,100,0.119908003149974
212,0.0,1.0,0.0,1.1,ml100k,als,greedy_topk,1,100,0.2125203806173231
220,0.0,1.0,0.0,0.6,ml100k,als,greedy_topk,1,100,0.1884179539396398
231,0.0,1.0,0.0,1.1,ml100k,als,greedy_topk,1,100,0.2477073409042554
233,0.0,1.0,0.0,0.7,ml100k,als,greedy_topk,1,100,0.3374966128443669
242,0.0,1.0,0.0,1.1,ml100k,als,greedy_topk,1,100,0.2617490602859821
248,0.0,1.0,0.0,0.9,ml100k,als,greedy_topk,1,100,0.3485802716082396
262,0.0,1.0,0.0,0.9,ml100k,als,greedy_topk,1,100,0.2105192100192546
264,0.0,1.0,0.0,1.1,ml100k,als,greedy_topk,1,100,0.4006250030186765
265,0.0,1.0,0.0,1.1,ml100k,als,greedy_topk,1,100,0.2714562187061436
286,0.0,1.0,0.0,0.6,ml100k,als,greedy_topk,1,100,0.1778202169616451
290,0.0,1.0,0.0,0.7,ml100k,als,greedy_topk,1,100,0.2719759075758218
321,0.0,1.0,0.0,0.4,ml100k,als,greedy_topk,1,100,0.115715965520645
330,0.0,1.0,0.0,1.3,ml100k,als,greedy_topk,1,100,0.1706146172443425
336,0.0,1.0,0.0,0.7,ml100k,als,greedy_topk,1,100,0.1844118177349498
339,0.0,1.0,0.0,0.9,ml100k,als,greedy_topk,1,100,0.1220835999231156
351,0.0,1.0,0.0,0.9,ml100k,als,greedy_topk,1,100,0.3668820691527915
354,0.0,1.0,0.0,0.3,ml100k,als,greedy_topk,1,100,0.2324865547932386
361,0.0,1.0,0.0,0.6,ml100k,als,greedy_topk,1,100,0.2049773301764138
380,0.0,1.0,0.0,1.0,ml100k,als,greedy_topk,1,100,0.4359205393488543
385,0.3868528072345416,1.0,1.0,1.1,ml100k,als,greedy_topk,1,100,0.1927314661989483
391,0.3333333333333333,1.0,1.0,0.9,ml100k,als,greedy_topk,1,100,0.0932938628369324
393,0.0,1.0,0.0,0.7,ml100k,als,greedy_topk,1,100,0.142990828306477
396,0.0,1.0,0.0,0.6,ml100k,als,greedy_topk,1,100,0.1545261349857431
399,0.0,1.0,0.0,1.3,ml100k,als,greedy_topk,1,100,0.2545209234143644
414,0.0,1.0,0.0,1.1,ml100k,als,greedy_topk,1,100,0.0967525928300552
422,0.0,1.0,0.0,1.1,ml100k,als,greedy_topk,1,100,0.3055476033871252
423,0.0,1.0,0.0,1.1,ml100k,als,greedy_topk,1,100,0.2965859589155347
431,0.0,1.0,0.0,1.1,ml100k,als,greedy_topk,1,100,0.218043557226749
432,0.0,1.0,0.0,0.4,ml100k,als,greedy_topk,1,100,0.0627221176208605
442,0.0,1.0,0.0,0.6,ml100k,als,greedy_topk,1,100,0.138097744262903
466,0.0,1.0,0.0,0.9,ml100k,als,greedy_topk,1,100,0.0658712734838361
467,0.0,1.0,0.0,0.9,ml100k,als,greedy_topk,1,100,0.3510840684281573
473,0.0,1.0,0.0,0.7,ml100k,als,greedy_topk,1,100,0.2399242400388583
476,0.0,1.0,0.0,1.1,ml100k,als,greedy_topk,1,100,0.3180451557627392
478,0.0,1.0,0.0,1.1,ml100k,als,greedy_topk,1,100,0.3973522717420973
485,0.0,1.0,0.0,1.1,ml100k,als,greedy_topk,1,100,0.177563297875433
513,0.0,1.0,0.0,0.7,ml100k,als,greedy_topk,1,100,0.1156445629614999
543,0.3333333333333333,1.0,1.0,0.7,ml100k,als,greedy_topk,1,100,0.1665128346637631
550,0.0,1.0,0.0,0.9,ml100k,als,greedy_topk,1,100,0.1664910799278424
553,0.0,1.0,0.0,1.3,ml100k,als,greedy_topk,1,100,0.2360984606337693
559,0.0,1.0,0.0,1.1,ml100k,als,greedy_topk,1,100,0.3627521320634237
566,0.0,1.0,0.0,1.1,ml100k,als,greedy_topk,1,100,0.2584472731515491
593,0.0,1.0,0.0,1.5,ml100k,als,greedy_topk,1,100,0.3758041123478906
630,0.3154648767857287,1.0,1.0,0.6,ml100k,als,greedy_topk,1,100,0.3184590104607295
638,0.0,1.0,0.0,0.8,ml100k,als,greedy_topk,1,100,0.3270951298625651
648,0.0,1.0,0.0,0.4,ml100k,als,greedy_topk,1,100,0.110022706700611
651,0.0,1.0,0.0,0.9,ml100k,als,greedy_topk,1,100,0.323838137379196
653,0.0,1.0,0.0,0.8,ml100k,als,greedy_topk,1,100,0.2963538613438957
659,0.0,1.0,0.0,1.3,ml100k,als,greedy_topk,1,100,0.2136621213934737
664,0.0,1.0,0.0,0.5,ml100k,als,greedy_topk,1,100,0.1516301718573983
668,0.6309297535714575,1.0,1.0,1.0,ml100k,als,greedy_topk,1,100,0.4765131748894309
686,0.0,1.0,0.0,1.0,ml100k,als,greedy_topk,1,100,0.1657002328842074
699,0.2890648263178879,1.0,1.0,1.1,ml100k,als,greedy_topk,1,100,0.2326993216762904
706,0.0,1.0,0.0,0.2,ml100k,als,greedy_topk,1,100,0.2503046269670038
707,0.0,1.0,0.0,1.1,ml100k,als,greedy_topk,1,100,0.2086508038879882
709,0.0,1.0,0.0,1.1,ml100k,als,greedy_topk,1,100,0.219057916577184
713,0.0,1.0,0.0,1.0,ml100k,als,greedy_topk,1,100,0.2380231336078588
725,0.0,1.0,0.0,1.1,ml100k,als,greedy_topk,1,100,0.12012080042517
742,1.0,1.0,1.0,0.4,ml100k,als,greedy_topk,1,100,0.3071673335897758
747,0.0,1.0,0.0,0.6,ml100k,als,greedy_topk,1,100,0.1770085062678746
748,0.0,1.0,0.0,0.7,ml100k,als,greedy_topk,1,100,0.2033031165614876
772,0.0,1.0,0.0,1.0,ml100k,als,greedy_topk,1,100,0.1726090473434755
783,0.0,1.0,0.0,0.5,ml100k,als,greedy_topk,1,100,0.117165571871702
790,0.0,1.0,0.0,1.3,ml100k,als,greedy_topk,1,100,0.2391358052148219
795,0.0,1.0,0.0,1.3,ml100k,als,greedy_topk,1,100,0.224445038046065
802,0.0,1.0,0.0,1.1,ml100k,als,greedy_topk,1,100,0.2404706910005813
805,0.3868528072345416,1.0,1.0,0.7,ml100k,als,greedy_topk,1,100,0.1632058626432921
807,0.0,1.0,0.0,1.3,ml100k,als,greedy_topk,1,100,0.1157407846219887
830,0.0,1.0,0.0,0.5,ml100k,als,greedy_topk,1,100,0.1616402645796875
839,0.0,1.0,0.0,0.6,ml100k,als,greedy_topk,1,100,0.1961950181502287
855,0.0,1.0,0.0,0.8,ml100k,als,greedy_topk,1,100,0.1518634805742669
858,0.0,1.0,0.0,0.2,ml100k,als,greedy_topk,1,100,0.1669282853382738
867,0.0,1.0,0.0,0.6,ml100k,als,greedy_topk,1,100,0.0960865783790731
873,0.0,1.0,0.0,0.6,ml100k,als,greedy_topk,1,100,0.0905804892230635
875,0.0,1.0,0.0,0.6,ml100k,als,greedy_topk,1,100,0.4237441737320083
887,0.0,1.0,0.0,0.7,ml100k,als,greedy_topk,1,100,0.3000148519874501
890,0.0,1.0,0.0,0.9,ml100k,als,greedy_topk,1,100,0.2781085080426703
898,0.0,1.0,0.0,0.7,ml100k,als,greedy_topk,1,100,0.215040828532923
905,0.6309297535714575,1.0,1.0,0.9,ml100k,als,greedy_topk,1,100,0.2521008280667552
918,0.3333333333333333,1.0,1.0,0.5,ml100k,als,greedy_topk,1,100,0.2516370969967587
920,0.0,1.0,0.0,1.0,ml100k,als,greedy_topk,1,100,0.4726509539832047
938,0.0,1.0,0.0,0.9,ml100k,als,greedy_topk,1,100,0.1185345849305262
17,0.3868528072345416,0.9987892716620186,1.0,0.9,ml100k,als,mmr,1,100,0.2951262150124366
23,0.0,0.9979788303734268,0.0,0.5,ml100k,als,mmr,1,100,0.230433192162838
29,0.0,0.9990039320883264,0.0,0.6,ml100k,als,mmr,1,100,0.1468657382946333
36,0.0,0.9968584376206656,0.0,0.2,ml100k,als,mmr,1,100,0.29598503529343
50,0.0,0.997647554280066,0.0,0.6,ml100k,als,mmr,1,100,0.1228858459895959
54,0.0,0.9957516731562076,0.0,1.3,ml100k,als,mmr,1,100,0.2581280069174385
57,0.0,0.9968970496542434,0.0,0.8,ml100k,als,mmr,1,100,0.3202181500656602
73,0.0,0.9770625558352998,0.0,0.7,ml100k,als,mmr,1,100,0.201964173983728
82,1.0,0.9859545779480116,1.0,0.6,ml100k,als,mmr,1,100,0.1026991920681444
104,0.0,1.0,0.0,0.9,ml100k,als,mmr,1,100,0.16276165506492
105,0.0,0.9979954493271102,0.0,0.7,ml100k,als,mmr,1,100,0.0857831368634382
108,0.3562071871080222,0.9975627335555056,1.0,0.9,ml100k,als,mmr,1,100,0.1200415329740118
117,0.0,0.9966727273315416,0.0,0.3,ml100k,als,mmr,1,100,0.1949977227256657
122,0.0,0.985617076420749,0.0,0.9,ml100k,als,mmr,1,100,0.1367052061180612
139,0.0,0.9986501932603342,0.0,0.4,ml100k,als,mmr,1,100,0.1231255722654048
144,0.2890648263178879,0.988656805117466,1.0,0.6,ml100k,als,mmr,1,100,0.1545872605787273
179,0.0,0.982300384751342,0.0,0.9,ml100k,als,mmr,1,100,0.1569072059625433
199,0.0,0.9936965329033624,0.0,0.7,ml100k,als,mmr,1,100,0.0769880346641359
212,0.0,0.9961750001820592,0.0,1.1,ml100k,als,mmr,1,100,0.1772278613937963
220,0.0,1.0,0.0,0.6,ml100k,als,mmr,1,100,0.1884179539396398
231,0.0,0.992754514892196,0.0,1.3,ml100k,als,mmr,1,100,0.1667305231719875
233,0.0,0.9966941930508963,0.0,0.7,ml100k,als,mmr,1,100,0.3020352528240393
242,0.0,0.9857843684472604,0.0,1.5,ml100k,als,mmr,1,100,0.1978251037964474
248,0.0,0.9990225937260306,0.0,0.9,ml100k,als,mmr,1,100,0.3308639254159161
262,0.0,0.9921452853163112,0.0,0.9,ml100k,als,mmr,1,100,0.1669382838545513
264,0.0,0.9988172833350154,0.0,1.1,ml100k,als,mmr,1,100,0.3847489602045134
265,0.0,0.9975338657227472,0.0,1.1,ml100k,als,mmr,1,100,0.2394563335502336
286,0.0,0.9971592137623804,0.0,0.6,ml100k,als,mmr,1,100,0.144683275809604
290,0.0,0.9896839759746342,0.0,0.6,ml100k,als,mmr,1,100,0.1907757316475556
321,0.0,0.9981799298281896,0.0,0.3,ml100k,als,mmr,1,100,0.0985202936117893
330,0.0,0.9976665216675336,0.0,1.3,ml100k,als,mmr,1,100,0.1480225135145431
336,0.0,0.999200978067484,0.0,0.7,ml100k,als,mmr,1,100,0.1802207984002937
339,0.0,0.99046230683405,0.0,0.9,ml100k,als,mmr,1,100,0.1040629228921898
351,0.0,0.9985051972783312,0.0,0.9,ml100k,als,mmr,1,100,0.3518742747349495
354,0.0,0.9978743584039996,0.0,0.4,ml100k,als,mmr,1,100,0.2188301902998237
361,0.0,0.9985283113034644,0.0,0.5,ml100k,als,mmr,1,100,0.1749722903272814
380,0.0,0.9938065497760104,0.0,1.0,ml100k,als,mmr,1,100,0.3854484692811587
385,0.3868528072345416,0.9772442960928336,1.0,0.8,ml100k,als,mmr,1,100,0.1077581760667044
391,0.3562071871080222,0.9847979045943968,1.0,0.8,ml100k,als,mmr,1,100,0.050332067785184
393,0.0,0.9988127845794712,0.0,0.6,ml100k,als,mmr,1,100,0.1098006912611131
396,0.0,0.9969444061557494,0.0,0.5,ml100k,als,mmr,1,100,0.1085387454118213
399,0.0,0.981413698810198,0.0,0.6,ml100k,als,mmr,1,100,0.1072167341104028
414,0.0,0.9998432531809928,0.0,1.1,ml100k,als,mmr,1,100,0.0931600131534931
422,0.0,0.9941849257850124,0.0,1.1,ml100k,als,mmr,1,100,0.2313931072543856
423,0.0,0.9930718463147996,0.0,0.9,ml100k,als,mmr,1,100,0.2661582395851232
431,0.0,0.9919318387085444,0.0,0.9,ml100k,als,mmr,1,100,0.13521014417688
432,0.0,1.0,0.0,0.4,ml100k,als,mmr,1,100,0.0627221176208605
442,0.0,0.9962443719147748,0.0,0.6,ml100k,als,mmr,1,100,0.1142305752124289
466,0.0,0.99693328956444,0.0,0.8,ml100k,als,mmr,1,100,0.05630508765452
467,0.0,0.9848249779330224,0.0,0.4,ml100k,als,mmr,1,100,0.1803111867923158
473,0.0,0.9967598628958482,0.0,0.7,ml100k,als,mmr,1,100,0.2080001263460869
476,0.0,0.9970069070922516,0.0,1.1,ml100k,als,mmr,1,100,0.286251330320447
478,0.0,1.0,0.0,1.1,ml100k,als,mmr,1,100,0.3973522717420973
485,0.0,0.9970908560531732,0.0,0.9,ml100k,als,mmr,1,100,0.1300364693177483
513,0.0,0.994356434069126,0.0,0.9,ml100k,als,mmr,1,100,0.0702395900967326
543,0.3562071871080222,0.9874846069177562,1.0,0.7,ml100k,als,mmr,1,100,0.121624955546215
550,0.0,0.9977087811844289,0.0,0.9,ml100k,als,mmr,1,100,0.1268525732412004
553,0.0,0.9953133151737464,0.0,1.1,ml100k,als,mmr,1,100,0.1705735814377948
559,0.0,0.9807181157199883,0.0,1.1,ml100k,als,mmr,1,100,0.2431408135977146
566,0.0,0.987020528979836,0.0,0.9,ml100k,als,mmr,1,100,0.1755111793240759
593,0.0,0.985065575779489,0.0,1.3,ml100k,als,mmr,1,100,0.2390466852245976
630,0.3154648767857287,0.9888847009755682,1.0,0.5,ml100k,als,mmr,1,100,0.2259207358923123
638,0.0,1.0,0.0,0.8,ml100k,als,mmr,1,100,0.3270951298625651
648,0.0,0.99633015809321,0.0,0.4,ml100k,als,mmr,1,100,0.0851453104366589
651,0.0,0.9918109407347095,0.0,0.7,ml100k,als,mmr,1,100,0.2484737231068153
653,0.0,0.9653521100126112,0.0,0.8,ml100k,als,mmr,1,100,0.0857480617832029
659,0.0,0.996057829889442,0.0,1.1,ml100k,als,mmr,1,100,0.194150555716109
664,0.0,0.9952361159698137,0.0,0.6,ml100k,als,mmr,1,100,0.1335707806462659
668,0.6309297535714575,1.0,1.0,1.0,ml100k,als,mmr,1,100,0.4765131748894309
686,0.0,0.9911663227095548,0.0,0.8,ml100k,als,mmr,1,100,0.110050111144776
699,0.0,0.994159929486484,0.0,1.3,ml100k,als,mmr,1,100,0.19638412375241
706,0.0,0.996737990657236,0.0,0.3,ml100k,als,mmr,1,100,0.2095417931908171
707,0.0,0.995542911960456,0.0,0.9,ml100k,als,mmr,1,100,0.17128573980405
709,0.0,0.998229545995815,0.0,1.1,ml100k,als,mmr,1,100,0.189375543522289
713,0.0,0.998505710601633,0.0,1.0,ml100k,als,mmr,1,100,0.2165216720001065
725,0.0,0.9776938156310818,0.0,0.7,ml100k,als,mmr,1,100,0.0577426621279777
742,1.0,0.9756696713285,1.0,0.4,ml100k,als,mmr,1,100,0.198057769652651
747,0.0,0.9990775163970242,0.0,0.6,ml100k,als,mmr,1,100,0.1815635814650598
748,0.0,0.996812646442552,0.0,0.7,ml100k,als,mmr,1,100,0.1539105422586334
772,0.0,0.998299264251975,0.0,0.8,ml100k,als,mmr,1,100,0.137060376813631
783,0.0,0.99954516934987,0.0,0.7,ml100k,als,mmr,1,100,0.1031322660274576
790,0.0,0.9943049036748022,0.0,1.3,ml100k,als,mmr,1,100,0.2059389854833748
795,0.0,1.0,0.0,1.3,ml100k,als,mmr,1,100,0.224445038046065
802,0.0,0.9967567876329336,0.0,1.1,ml100k,als,mmr,1,100,0.2062062207667588
805,0.3868528072345416,1.0,1.0,0.7,ml100k,als,mmr,1,100,0.1632058626432921
807,0.0,0.9994882438351104,0.0,1.3,ml100k,als,mmr,1,100,0.1024435391420021
830,0.0,0.9971692100392692,0.0,0.5,ml100k,als,mmr,1,100,0.1354819585956098
839,0.0,0.994002332849115,0.0,0.5,ml100k,als,mmr,1,100,0.1403329879218015
855,0.0,0.996178216327563,0.0,0.9,ml100k,als,mmr,1,100,0.1197500350998415
858,0.0,0.996025667705939,0.0,0.3,ml100k,als,mmr,1,100,0.1398261087567829
867,0.0,0.9991969668969056,0.0,0.8,ml100k,als,mmr,1,100,0.0814627059129646
873,0.0,0.9972812000509398,0.0,0.6,ml100k,als,mmr,1,100,0.0797579554466132
875,0.0,0.9889256269804652,0.0,0.4,ml100k,als,mmr,1,100,0.285284048852742
887,0.0,0.9914421772770516,0.0,0.5,ml100k,als,mmr,1,100,0.2083978808790288
890,0.0,0.9947412074156988,0.0,0.8,ml100k,als,mmr,1,100,0.2110422795692748
898,0.0,0.9984954551824498,0.0,0.8,ml100k,als,mmr,1,100,0.2018080677510116
905,0.6309297535714575,0.9899337859843904,1.0,0.9,ml100k,als,mmr,1,100,0.2010755325819735
918,0.3333333333333333,0.9989168223509942,1.0,0.3,ml100k,als,mmr,1,100,0.2311584247619356
920,0.0,0.998697547266815,0.0,1.0,ml100k,als,mmr,1,100,0.4454755864430973
938,0.0,0.9946294288437598,0.0,0.9,ml100k,als,mmr,1,100,0.0974008045959107
17,0.0,0.9855584777818772,0.0,0.2,ml100k,als,quota_mmr,1,100,0.2680560037812802
23,0.0,0.9940097823112622,0.0,0.3,ml100k,als,quota_mmr,1,100,0.2498881550166507
29,0.0,0.9830727013044972,0.0,0.3,ml100k,als,quota_mmr,1,100,0.1281090880077646
36,0.0,0.9968584376206656,0.0,0.2,ml100k,als,quota_mmr,1,100,0.29598503529343
50,0.0,0.995201738699842,0.0,0.3,ml100k,als,quota_mmr,1,100,0.1325362405843123
54,0.0,0.9633640289522704,0.0,0.3,ml100k,als,quota_mmr,1,100,0.2792410077329466
57,0.0,0.9824366672764092,0.0,0.2,ml100k,als,quota_mmr,1,100,0.3280632139444195
73,0.0,0.9587529618107008,0.0,0.2,ml100k,als,quota_mmr,1,100,0.2015197042065931
82,1.0,0.9691449682144372,1.0,0.2,ml100k,als,quota_mmr,1,100,0.09710116517928
104,0.0,0.9737972652681772,0.0,0.3,ml100k,als,quota_mmr,1,100,0.1282033253124901
105,0.0,0.9812286038071422,0.0,0.3,ml100k,als,quota_mmr,1,100,0.0793859571060227
108,0.3868528072345416,0.9474016752699362,1.0,0.2,ml100k,als,quota_mmr,1,100,0.1086159475303804
117,0.0,0.9966727273315416,0.0,0.3,ml100k,als,quota_mmr,1,100,0.1949977227256657
122,0.0,0.9393968321560724,0.0,0.3,ml100k,als,quota_mmr,1,100,0.0878875886485397
139,0.0,0.994928253690208,0.0,0.2,ml100k,als,quota_mmr,1,100,0.1241998324837857
144,0.3010299956639812,0.9738932962646074,1.0,0.3,ml100k,als,quota_mmr,1,100,0.140733256550613
179,0.0,0.9141346920259018,0.0,0.3,ml100k,als,quota_mmr,1,100,0.1038431675396093
199,0.0,0.9747776287844504,0.0,0.3,ml100k,als,quota_mmr,1,100,0.0829685809960658
212,0.0,0.9439824922274406,0.0,0.2,ml100k,als,quota_mmr,1,100,0.135006334910764
220,0.0,0.9879807368103674,0.0,0.3,ml100k,als,quota_mmr,1,100,0.1739644418821415
231,0.0,0.9634681915786296,0.0,0.2,ml100k,als,quota_mmr,1,100,0.1995338471581405
233,0.0,0.9607796642410912,0.0,0.3,ml100k,als,quota_mmr,1,100,0.2360576748657011
242,0.0,0.9071684130684362,0.0,0.3,ml100k,als,quota_mmr,1,100,0.2173831902656869
248,0.0,0.97915377676187,0.0,0.2,ml100k,als,quota_mmr,1,100,0.2645889176854465
262,0.0,0.966171338219755,0.0,0.2,ml100k,als,quota_mmr,1,100,0.1574829554377103
264,0.0,0.9220503562445274,0.0,0.2,ml100k,als,quota_mmr,1,100,0.241328727410889
265,0.0,0.9634302096758036,0.0,0.2,ml100k,als,quota_mmr,1,100,0.1936868405967603
286,0.0,0.988413053622984,0.0,0.2,ml100k,als,quota_mmr,1,100,0.1347809408172426
290,0.0,0.9794568547841924,0.0,0.3,ml100k,als,quota_mmr,1,100,0.1931042829535637
321,0.0,0.9981799298281896,0.0,0.3,ml100k,als,quota_mmr,1,100,0.0985202936117893
330,0.0,0.945507833425032,0.0,0.3,ml100k,als,quota_mmr,1,100,0.1845204055155041
336,0.0,0.9905561043421952,0.0,0.3,ml100k,als,quota_mmr,1,100,0.1916229235015037
339,0.0,0.9514116191350734,0.0,0.3,ml100k,als,quota_mmr,1,100,0.0995967649366991
351,0.0,0.9558198930443697,0.0,0.3,ml100k,als,quota_mmr,1,100,0.3111755866774185
354,0.0,0.9780750736042152,0.0,0.2,ml100k,als,quota_mmr,1,100,0.1939948816905729
361,0.0,0.9875345398113868,0.0,0.3,ml100k,als,quota_mmr,1,100,0.1434819414482216
380,0.0,0.8741997650388379,0.0,0.3,ml100k,als,quota_mmr,1,100,0.2060072967658737
385,0.3868528072345416,0.9676542301271333,1.0,0.3,ml100k,als,quota_mmr,1,100,0.0996407667798521
391,0.0,0.9624811378012992,0.0,0.2,ml100k,als,quota_mmr,1,100,0.044984760897321
393,0.0,0.9894727659608796,0.0,0.3,ml100k,als,quota_mmr,1,100,0.1312194460828432
396,0.0,0.9908022463100684,0.0,0.2,ml100k,als,quota_mmr,1,100,0.1041333843523651
399,0.0,0.9716283045789172,0.0,0.2,ml100k,als,quota_mmr,1,100,0.1156384869688521
414,0.0,0.9568396014174576,0.0,0.2,ml100k,als,quota_mmr,1,100,0.1126113963678874
422,0.0,0.9495815267518036,0.0,0.2,ml100k,als,quota_mmr,1,100,0.2201599072641538
423,0.0,0.968511522913084,0.0,0.2,ml100k,als,quota_mmr,1,100,0.2192425293141479
431,0.0,0.9637955051329552,0.0,0.3,ml100k,als,quota_mmr,1,100,0.1204190868574952
432,0.0,0.9937395558449292,0.0,0.3,ml100k,als,quota_mmr,1,100,0.0598076128169812
442,0.0,0.9881650099902848,0.0,0.3,ml100k,als,quota_mmr,1,100,0.1012819634831271
466,0.0,0.9735110752783752,0.0,0.3,ml100k,als,quota_mmr,1,100,0.0480163694741147
467,0.0,0.9838002461197602,0.0,0.2,ml100k,als,quota_mmr,1,100,0.1900027126494457
473,0.0,0.9787154779870229,0.0,0.2,ml100k,als,quota_mmr,1,100,0.1630283974434287
476,0.0,0.9646619001037569,0.0,0.3,ml100k,als,quota_mmr,1,100,0.257958375964282
478,0.0,0.9471221253101408,0.0,0.2,ml100k,als,quota_mmr,1,100,0.3681915012214964
485,0.0,0.978739074414426,0.0,0.2,ml100k,als,quota_mmr,1,100,0.1516501781504577
513,0.0,0.9820697157983092,0.0,0.2,ml100k,als,quota_mmr,1,100,0.0908965534597095
543,0.0,0.9619592615292312,0.0,0.2,ml100k,als,quota_mmr,1,100,0.1174744342704015
550,0.0,0.971437810224752,0.0,0.2,ml100k,als,quota_mmr,1,100,0.1474010342999633
553,0.0,0.9295446188714588,0.0,0.3,ml100k,als,quota_mmr,1,100,0.1373050566464373
559,0.0,0.9092971931278254,0.0,0.3,ml100k,als,quota_mmr,1,100,0.1680572305461039
566,0.0,0.9437817143390168,0.0,0.2,ml100k,als,quota_mmr,1,100,0.140163978727989
593,0.0,0.9402568270672872,0.0,0.2,ml100k,als,quota_mmr,1,100,0.2352412133124743
630,0.3562071871080222,0.9833902035699946,1.0,0.3,ml100k,als,quota_mmr,1,100,0.2267799405792872
638,0.0,0.962070999225104,0.0,0.3,ml100k,als,quota_mmr,1,100,0.2789738825607694
648,0.0,0.9946000707470056,0.0,0.2,ml100k,als,quota_mmr,1,100,0.0818033270668414
651,0.0,0.9821625942369084,0.0,0.3,ml100k,als,quota_mmr,1,100,0.2879738249500629
653,0.0,0.9449362705556082,0.0,0.2,ml100k,als,quota_mmr,1,100,0.0961827177909162
659,0.0,0.9449277461387976,0.0,0.3,ml100k,als,quota_mmr,1,100,0.1358042178641981
664,0.0,0.994424975997639,0.0,0.2,ml100k,als,quota_mmr,1,100,0.1478684009942403
668,0.6309297535714575,0.9443021169069516,1.0,0.2,ml100k,als,quota_mmr,1,100,0.4097161404864582
686,0.0,0.9575430002318104,0.0,0.2,ml100k,als,quota_mmr,1,100,0.1038556274237648
699,0.3868528072345416,0.92584365284482,1.0,0.3,ml100k,als,quota_mmr,1,100,0.1652455051710935
706,0.0,0.9986646506770288,0.0,0.2,ml100k,als,quota_mmr,1,100,0.2173921331483946
707,0.3010299956639812,0.9156467493104322,1.0,0.2,ml100k,als,quota_mmr,1,100,0.1068679920870893
709,0.0,0.9791794665900287,0.0,0.3,ml100k,als,quota_mmr,1,100,0.2055736058727234
713,0.0,0.9689937757627564,0.0,0.3,ml100k,als,quota_mmr,1,100,0.2759666223043023
725,0.0,0.9454777343813636,0.0,0.3,ml100k,als,quota_mmr,1,100,0.0509325876265196
742,1.0,0.9742217095252604,1.0,0.3,ml100k,als,quota_mmr,1,100,0.2147528780470565
747,0.3010299956639812,0.9661387210143588,1.0,0.3,ml100k,als,quota_mmr,1,100,0.1599505907109312
748,0.0,0.97821884997632,0.0,0.3,ml100k,als,quota_mmr,1,100,0.1730539523938611
772,0.0,0.9837463561618528,0.0,0.3,ml100k,als,quota_mmr,1,100,0.149036382844647
783,0.0,0.9907753925259868,0.0,0.3,ml100k,als,quota_mmr,1,100,0.1167489305566233
790,0.0,0.9048074932217286,0.0,0.2,ml100k,als,quota_mmr,1,100,0.1290761686465882
795,0.0,0.9514788402877058,0.0,0.3,ml100k,als,quota_mmr,1,100,0.1527607569894876
802,0.0,0.967443777055186,0.0,0.3,ml100k,als,quota_mmr,1,100,0.2343904685489636
805,0.430676558073393,0.9470617932368818,1.0,0.3,ml100k,als,quota_mmr,1,100,0.1229357985256408
807,0.0,0.9061907449384754,0.0,0.3,ml100k,als,quota_mmr,1,100,0.1203154051033699
830,0.0,0.9874337746469424,0.0,0.3,ml100k,als,quota_mmr,1,100,0.1087005866095149
839,0.0,0.9932489350469592,0.0,0.3,ml100k,als,quota_mmr,1,100,0.1500106018728751
855,0.3154648767857287,0.9593633126999788,1.0,0.2,ml100k,als,quota_mmr,1,100,0.1215828423160348
858,0.0,0.9988918225793066,0.0,0.2,ml100k,als,quota_mmr,1,100,0.1553256491318411
867,0.0,0.9889345796554349,0.0,0.3,ml100k,als,quota_mmr,1,100,0.0663452407641986
873,0.0,0.9947699069680817,0.0,0.3,ml100k,als,quota_mmr,1,100,0.0917236465776717
875,0.0,0.9923772941597307,0.0,0.3,ml100k,als,quota_mmr,1,100,0.3090269860824262
887,0.0,0.9812351122878944,0.0,0.2,ml100k,als,quota_mmr,1,100,0.2066801047086999
890,0.0,0.9694670594151344,0.0,0.3,ml100k,als,quota_mmr,1,100,0.1846443836049878
898,0.0,0.980253453672567,0.0,0.3,ml100k,als,quota_mmr,1,100,0.1926126723037462
905,0.6309297535714575,0.9561277149613752,1.0,0.2,ml100k,als,quota_mmr,1,100,0.2448023187561374
918,0.3562071871080222,0.982457595843439,1.0,0.2,ml100k,als,quota_mmr,1,100,0.2029891804163077
920,0.0,0.9436625516585576,0.0,0.3,ml100k,als,quota_mmr,1,100,0.3025161514817338
938,0.0,0.9880802041946352,0.0,0.2,ml100k,als,quota_mmr,1,100,0.0876821285740187
17,0.0,0.9808973053925828,0.0,0.2,ml100k,als,balanced_quota,1,100,0.2536950998243155
23,0.0,0.984831572605682,0.0,0.2,ml100k,als,balanced_quota,1,100,0.2540069648835942
29,0.0,0.9642165777395706,0.0,0.2,ml100k,als,balanced_quota,1,100,0.1414250845458909
36,0.0,0.9968584376206656,0.0,0.2,ml100k,als,balanced_quota,1,100,0.29598503529343
50,0.0,0.9814246906884108,0.0,0.2,ml100k,als,balanced_quota,1,100,0.1294533577843704
54,0.0,0.960500151460264,0.0,0.2,ml100k,als,balanced_quota,1,100,0.2607783300633118
57,0.0,0.9824366672764092,0.0,0.2,ml100k,als,balanced_quota,1,100,0.3280632139444195
73,0.0,0.9587529618107008,0.0,0.2,ml100k,als,balanced_quota,1,100,0.2015197042065931
82,1.0,0.949950177471794,1.0,0.2,ml100k,als,balanced_quota,1,100,0.0930042195626904
104,0.0,0.9658110580076968,0.0,0.2,ml100k,als,balanced_quota,1,100,0.1156945762123579
105,0.0,0.9744675061527523,0.0,0.2,ml100k,als,balanced_quota,1,100,0.0786442866862691
108,0.0,0.9400105984272652,0.0,0.2,ml100k,als,balanced_quota,1,100,0.1138263476968117
117,0.0,0.9929828185170116,0.0,0.2,ml100k,als,balanced_quota,1,100,0.1885881681839059
122,0.0,0.9496352427063876,0.0,0.2,ml100k,als,balanced_quota,1,100,0.1199777849487103
139,0.0,0.994928253690208,0.0,0.2,ml100k,als,balanced_quota,1,100,0.1241998324837857
144,0.3154648767857287,0.9531149832937618,1.0,0.2,ml100k,als,balanced_quota,1,100,0.1155609377037313
179,0.0,0.9122287880489568,0.0,0.2,ml100k,als,balanced_quota,1,100,0.1094154579223149
199,0.0,0.9623778280653156,0.0,0.2,ml100k,als,balanced_quota,1,100,0.0830743324627684
212,0.0,0.9413930937029958,0.0,0.2,ml100k,als,balanced_quota,1,100,0.1212466513191651
220,0.0,0.9873705591744392,0.0,0.2,ml100k,als,balanced_quota,1,100,0.1713252074780752
231,0.0,0.9570156817188076,0.0,0.2,ml100k,als,balanced_quota,1,100,0.1789345404163893
233,0.0,0.960211914102689,0.0,0.2,ml100k,als,balanced_quota,1,100,0.2405638514404782
242,0.0,0.8980278655475287,0.0,0.2,ml100k,als,balanced_quota,1,100,0.2079108398898867
248,0.0,0.9836071685388044,0.0,0.2,ml100k,als,balanced_quota,1,100,0.3062765640289371
262,0.0,0.966171338219755,0.0,0.2,ml100k,als,balanced_quota,1,100,0.1574829554377103
264,0.0,0.918451094335085,0.0,0.2,ml100k,als,balanced_quota,1,100,0.2332373598704067
265,0.0,0.9644292677007588,0.0,0.2,ml100k,als,balanced_quota,1,100,0.2052378106880277
286,0.0,0.988413053622984,0.0,0.2,ml100k,als,balanced_quota,1,100,0.1347809408172426
290,0.0,0.974733988139243,0.0,0.2,ml100k,als,balanced_quota,1,100,0.2222679532568232
321,0.0,0.9884385480853042,0.0,0.2,ml100k,als,balanced_quota,1,100,0.0968128147124961
330,0.0,0.928323968680669,0.0,0.2,ml100k,als,balanced_quota,1,100,0.1442100403688766
336,0.0,0.9873172873769384,0.0,0.2,ml100k,als,balanced_quota,1,100,0.1843635280691173
339,0.0,0.9368584203820276,0.0,0.2,ml100k,als,balanced_quota,1,100,0.0990039642498531
351,0.0,0.9495390565654904,0.0,0.2,ml100k,als,balanced_quota,1,100,0.3007932600302792
354,0.0,0.9780750736042152,0.0,0.2,ml100k,als,balanced_quota,1,100,0.1939948816905729
361,0.0,0.9727825595186153,0.0,0.2,ml100k,als,balanced_quota,1,100,0.126183724662499
380,0.3154648767857287,0.880884150216994,1.0,0.2,ml100k,als,balanced_quota,1,100,0.257896388070549
385,0.3868528072345416,0.9651367403288408,1.0,0.2,ml100k,als,balanced_quota,1,100,0.1067921681057004
391,0.0,0.9624811378012992,0.0,0.2,ml100k,als,balanced_quota,1,100,0.044984760897321
393,0.0,0.9747986692983248,0.0,0.2,ml100k,als,balanced_quota,1,100,0.1379381591942464
396,0.0,0.9904537616334368,0.0,0.2,ml100k,als,balanced_quota,1,100,0.1170437428786164
399,0.0,0.9656841824872924,0.0,0.2,ml100k,als,balanced_quota,1,100,0.1162355465140707
414,0.0,0.9568396014174576,0.0,0.2,ml100k,als,balanced_quota,1,100,0.1126113963678874
422,0.0,0.9422281447706152,0.0,0.2,ml100k,als,balanced_quota,1,100,0.1762589145508223
423,0.0,0.9425667680295496,0.0,0.2,ml100k,als,balanced_quota,1,100,0.1830963910627105
431,0.0,0.955099625076722,0.0,0.2,ml100k,als,balanced_quota,1,100,0.142709077523726
432,0.0,0.9885043058729852,0.0,0.2,ml100k,als,balanced_quota,1,100,0.0545176789111805
442,0.0,0.9678874091657266,0.0,0.2,ml100k,als,balanced_quota,1,100,0.0876884657313409
466,0.0,0.9721438129320789,0.0,0.2,ml100k,als,balanced_quota,1,100,0.0421783368656238
467,0.0,0.9747744207249136,0.0,0.2,ml100k,als,balanced_quota,1,100,0.1983709952146612
473,0.0,0.9787154779870229,0.0,0.2,ml100k,als,balanced_quota,1,100,0.1630283974434287
476,0.0,0.9546707135439506,0.0,0.2,ml100k,als,balanced_quota,1,100,0.2265957561966157
478,0.0,0.9353795886388832,0.0,0.2,ml100k,als,balanced_quota,1,100,0.3211405186490572
485,0.0,0.978739074414426,0.0,0.2,ml100k,als,balanced_quota,1,100,0.1516501781504577
513,0.0,0.98247474403802,0.0,0.2,ml100k,als,balanced_quota,1,100,0.0942387897569978
543,0.0,0.9455948259786292,0.0,0.2,ml100k,als,balanced_quota,1,100,0.1053300355312512
550,0.0,0.9517116851432524,0.0,0.2,ml100k,als,balanced_quota,1,100,0.1188010582870154
553,0.0,0.9165159892952848,0.0,0.2,ml100k,als,balanced_quota,1,100,0.1443490240447495
559,0.0,0.8997243609438613,0.0,0.2,ml100k,als,balanced_quota,1,100,0.1481700809494875
566,0.0,0.9280222531295472,0.0,0.2,ml100k,als,balanced_quota,1,100,0.1039986315731933
593,0.0,0.9335721918987172,0.0,0.2,ml100k,als,balanced_quota,1,100,0.2221028866990189
630,0.3868528072345416,0.9629877772690438,1.0,0.2,ml100k,als,balanced_quota,1,100,0.1997470815130725
638,0.0,0.9585784927918126,0.0,0.2,ml100k,als,balanced_quota,1,100,0.2703109254831146
648,0.0,0.993699091837492,0.0,0.2,ml100k,als,balanced_quota,1,100,0.0979652608216369
651,0.0,0.983911384858426,0.0,0.2,ml100k,als,balanced_quota,1,100,0.3108197434632486
653,0.0,0.9449362705556082,0.0,0.2,ml100k,als,balanced_quota,1,100,0.0961827177909162
659,0.0,0.9485951496069168,0.0,0.2,ml100k,als,balanced_quota,1,100,0.161208327399573
664,0.0,0.9931799497532532,0.0,0.2,ml100k,als,balanced_quota,1,100,0.1475251199991606
668,0.6309297535714575,0.9443021169069516,1.0,0.2,ml100k,als,balanced_quota,1,100,0.4097161404864582
686,0.0,0.9587804504563512,0.0,0.2,ml100k,als,balanced_quota,1,100,0.1086553099204044
699,0.3868528072345416,0.9239939388485604,1.0,0.2,ml100k,als,balanced_quota,1,100,0.176088944560761
706,0.0,0.989853695428685,0.0,0.2,ml100k,als,balanced_quota,1,100,0.209757296055557
707,0.3154648767857287,0.8994886997237982,1.0,0.2,ml100k,als,balanced_quota,1,100,0.0864154688829871
709,0.0,0.9809881165893014,0.0,0.2,ml100k,als,balanced_quota,1,100,0.2175094844381337
713,0.0,0.9625345787907128,0.0,0.2,ml100k,als,balanced_quota,1,100,0.2584139159209425
725,0.0,0.9311916568718502,0.0,0.2,ml100k,als,balanced_quota,1,100,0.0417502476064642
742,1.0,0.960189579038492,1.0,0.2,ml100k,als,balanced_quota,1,100,0.1844011744104848
747,0.0,0.9614796104927744,0.0,0.2,ml100k,als,balanced_quota,1,100,0.1580074550144685
748,0.0,0.956285600493202,0.0,0.2,ml100k,als,balanced_quota,1,100,0.149752959273749
772,0.0,0.9824581723140804,0.0,0.2,ml100k,als,balanced_quota,1,100,0.1561443182401014
783,0.0,0.9816572720841152,0.0,0.2,ml100k,als,balanced_quota,1,100,0.1193422155835974
790,0.0,0.9047235312873042,0.0,0.2,ml100k,als,balanced_quota,1,100,0.14280340041652
795,0.0,0.9466856974542096,0.0,0.2,ml100k,als,balanced_quota,1,100,0.1572464848411301
802,0.0,0.96038457361516,0.0,0.2,ml100k,als,balanced_quota,1,100,0.2257349266810806
805,0.430676558073393,0.9265763405283084,1.0,0.2,ml100k,als,balanced_quota,1,100,0.1125845808276906
807,0.0,0.9022432014488,0.0,0.2,ml100k,als,balanced_quota,1,100,0.1130002478073098
830,0.0,0.9835104895529037,0.0,0.2,ml100k,als,balanced_quota,1,100,0.1092706487735793
839,0.0,0.9885637048707844,0.0,0.2,ml100k,als,balanced_quota,1,100,0.1563280392454015
855,0.3154648767857287,0.9593633126999788,1.0,0.2,ml100k,als,balanced_quota,1,100,0.1215828423160348
858,0.0,0.9883710855791578,0.0,0.2,ml100k,als,balanced_quota,1,100,0.1356070132082494
867,0.0,0.9779021461809978,0.0,0.2,ml100k,als,balanced_quota,1,100,0.0807635764740246
873,0.0,0.9919208791686922,0.0,0.2,ml100k,als,balanced_quota,1,100,0.0943948078915045
875,0.0,0.9914729309976568,0.0,0.2,ml100k,als,balanced_quota,1,100,0.3031137596674974
887,0.0,0.9812351122878944,0.0,0.2,ml100k,als,balanced_quota,1,100,0.2066801047086999
890,0.0,0.9658403924170476,0.0,0.2,ml100k,als,balanced_quota,1,100,0.1974252129431131
898,0.0,0.980555297134419,0.0,0.2,ml100k,als,balanced_quota,1,100,0.1909816944529968
905,0.6309297535714575,0.9561277149613752,1.0,0.2,ml100k,als,balanced_quota,1,100,0.2448023187561374
918,0.3562071871080222,0.9779309651111214,1.0,0.2,ml100k,als,balanced_quota,1,100,0.198876670695012
920,0.0,0.9476483835623196,0.0,0.2,ml100k,als,balanced_quota,1,100,0.3289536938220677
938,0.0,0.9732324244588364,0.0,0.2,ml100k,als,balanced_quota,1,100,0.0824932465605637
17,0.0,0.9402849697147586,0.0,0.2,ml100k,als,qubo_feasible,1,100,0.2050708184282051
23,0.0,0.9658626130316372,0.0,0.2,ml100k,als,qubo_feasible,1,100,0.2260555487400559
29,0.0,0.8999221813574209,0.0,0.2,ml100k,als,qubo_feasible,1,100,0.0605843040977983
36,0.0,0.8892537267750902,0.0,0.2,ml100k,als,qubo_feasible,1,100,0.118566424331351
50,0.0,0.9236220328848838,0.0,0.2,ml100k,als,qubo_feasible,1,100,0.0886035259094881
54,0.0,0.9167181775755175,0.0,0.2,ml100k,als,qubo_feasible,1,100,0.1554379689644136
57,0.2890648263178879,0.8292021058395858,1.0,0.2,ml100k,als,qubo_feasible,1,100,0.127436533946126
73,0.0,0.9244243425661602,0.0,0.2,ml100k,als,qubo_feasible,1,100,0.1596007517858699
82,1.0,0.9200957401224772,1.0,0.2,ml100k,als,qubo_feasible,1,100,0.080559057316148
104,0.0,0.9057430220699788,0.0,0.2,ml100k,als,qubo_feasible,1,100,0.0972464635783902
105,0.0,0.967758003034791,0.0,0.2,ml100k,als,qubo_feasible,1,100,0.068342865526458
108,0.430676558073393,0.8935628651839449,1.0,0.2,ml100k,als,qubo_feasible,1,100,0.0717399581614601
117,0.0,0.9182405237850788,0.0,0.2,ml100k,als,qubo_feasible,1,100,0.1309301003986732
122,0.0,0.8510461437712462,0.0,0.2,ml100k,als,qubo_feasible,1,100,0.0609443273840611
139,0.0,0.9368850680975268,0.0,0.2,ml100k,als,qubo_feasible,1,100,0.0673447805858052
144,0.0,0.8689708271530361,0.0,0.2,ml100k,als,qubo_feasible,1,100,0.0709433071834317
179,0.0,0.7798420248442883,0.0,0.2,ml100k,als,qubo_feasible,1,100,0.0378799516565468
199,0.0,0.9273314620739742,0.0,0.2,ml100k,als,qubo_feasible,1,100,0.0605227968840119
212,0.0,0.9097381671163276,0.0,0.2,ml100k,als,qubo_feasible,1,100,0.1093367044783343
220,0.0,0.9349142552790732,0.0,0.2,ml100k,als,qubo_feasible,1,100,0.1142988030079424
231,0.0,0.937427768585834,0.0,0.2,ml100k,als,qubo_feasible,1,100,0.1368030017477234
233,0.0,0.7813835067594627,0.0,0.2,ml100k,als,qubo_feasible,1,100,0.0775585364178107
242,0.0,0.7974613340835639,0.0,0.2,ml100k,als,qubo_feasible,1,100,0.114406368760609
248,0.0,0.9240344406102192,0.0,0.2,ml100k,als,qubo_feasible,1,100,0.1948136180974285
262,0.0,0.879839089297212,0.0,0.2,ml100k,als,qubo_feasible,1,100,0.1234220305073822
264,0.0,0.7913181569732732,0.0,0.2,ml100k,als,qubo_feasible,1,100,0.1149995517322048
265,0.0,0.9179118384789228,0.0,0.2,ml100k,als,qubo_feasible,1,100,0.1619272599688349
286,0.0,0.947678847358169,0.0,0.2,ml100k,als,qubo_feasible,1,100,0.1136830877635562
290,0.0,0.8894781724488128,0.0,0.2,ml100k,als,qubo_feasible,1,100,0.1052416280687786
321,0.0,0.9472189482235216,0.0,0.2,ml100k,als,qubo_feasible,1,100,0.0713791330213584
330,0.0,0.8996947776446832,0.0,0.2,ml100k,als,qubo_feasible,1,100,0.1171185573843738
336,0.0,0.9692481258400502,0.0,0.2,ml100k,als,qubo_feasible,1,100,0.1500863720417032
339,0.0,0.8801680162951967,0.0,0.2,ml100k,als,qubo_feasible,1,100,0.0624925319049137
351,0.0,0.8929817415063963,0.0,0.2,ml100k,als,qubo_feasible,1,100,0.1787460526771059
354,0.0,0.870662496523642,0.0,0.2,ml100k,als,qubo_feasible,1,100,0.0874383530361665
361,0.0,0.8753545433143926,0.0,0.2,ml100k,als,qubo_feasible,1,100,0.048568463596125
380,0.0,0.7703898942009969,0.0,0.2,ml100k,als,qubo_feasible,1,100,0.123456468132744
385,0.0,0.8607522646913168,0.0,0.2,ml100k,als,qubo_feasible,1,100,0.0550007056334156
391,0.0,0.8558441067473536,0.0,0.2,ml100k,als,qubo_feasible,1,100,0.0292272616037327
393,0.0,0.9468395167971468,0.0,0.2,ml100k,als,qubo_feasible,1,100,0.0861325952099933
396,0.0,0.9370237531919676,0.0,0.2,ml100k,als,qubo_feasible,1,100,0.0708034337152686
399,0.0,0.9229769742266658,0.0,0.2,ml100k,als,qubo_feasible,1,100,0.0668987341772288
414,0.0,0.919745969041918,0.0,0.2,ml100k,als,qubo_feasible,1,100,0.0780172499930191
422,0.0,0.8953455510908619,0.0,0.2,ml100k,als,qubo_feasible,1,100,0.1027741829303179
423,0.0,0.8635432485074321,0.0,0.2,ml100k,als,qubo_feasible,1,100,0.0970179007293211
431,0.0,0.9462616452178436,0.0,0.2,ml100k,als,qubo_feasible,1,100,0.10022054503164
432,0.0,0.9591256300774426,0.0,0.2,ml100k,als,qubo_feasible,1,100,0.0548743085239329
442,0.0,0.9299793764201923,0.0,0.2,ml100k,als,qubo_feasible,1,100,0.066950400903813
466,0.0,0.9341980675075134,0.0,0.2,ml100k,als,qubo_feasible,1,100,0.0341117058764463
467,0.0,0.9173163593739092,0.0,0.2,ml100k,als,qubo_feasible,1,100,0.1102008317622105
473,0.0,0.9292225639651316,0.0,0.2,ml100k,als,qubo_feasible,1,100,0.1274405789098328
476,0.0,0.8858252194316968,0.0,0.2,ml100k,als,qubo_feasible,1,100,0.1594239173572711
478,0.0,0.7867911991417127,0.0,0.2,ml100k,als,qubo_feasible,1,100,0.1382624417071642
485,0.0,0.9116826039975492,0.0,0.2,ml100k,als,qubo_feasible,1,100,0.0971139411711139
513,0.0,0.954028556310042,0.0,0.2,ml100k,als,qubo_feasible,1,100,0.0832985696535414
543,0.0,0.8233784666926091,0.0,0.2,ml100k,als,qubo_feasible,1,100,0.0531440107734253
550,0.0,0.872282793227295,0.0,0.2,ml100k,als,qubo_feasible,1,100,0.0639332451657031
553,0.0,0.8587445961996771,0.0,0.2,ml100k,als,qubo_feasible,1,100,0.0885044514312041
559,0.0,0.8427767427098216,0.0,0.2,ml100k,als,qubo_feasible,1,100,0.1089771162240445
566,0.0,0.8734931239083119,0.0,0.2,ml100k,als,qubo_feasible,1,100,0.065720819944225
593,0.0,0.852638728292199,0.0,0.2,ml100k,als,qubo_feasible,1,100,0.1515354608475402
630,0.0,0.8861867182812745,0.0,0.2,ml100k,als,qubo_feasible,1,100,0.1266371651832472
638,0.0,0.7776371768926083,0.0,0.2,ml100k,als,qubo_feasible,1,100,0.0999114289166003
648,0.0,0.9709781531773378,0.0,0.2,ml100k,als,qubo_feasible,1,100,0.081229550218787
651,0.0,0.9020187045739692,0.0,0.2,ml100k,als,qubo_feasible,1,100,0.1630974793482177
653,0.0,0.8491091906397346,0.0,0.2,ml100k,als,qubo_feasible,1,100,0.0378288857431643
659,0.0,0.8888622966223069,0.0,0.2,ml100k,als,qubo_feasible,1,100,0.1105430667335877
664,0.0,0.917860423941304,0.0,0.2,ml100k,als,qubo_feasible,1,100,0.0916949177859643
668,1.0,0.7927609279695719,1.0,0.2,ml100k,als,qubo_feasible,1,100,0.222355997110926
686,0.0,0.9217628591895636,0.0,0.2,ml100k,als,qubo_feasible,1,100,0.0977746556107208
699,0.5,0.8353011934691797,1.0,0.2,ml100k,als,qubo_feasible,1,100,0.0849179633114716
706,0.0,0.978536318230111,0.0,0.2,ml100k,als,qubo_feasible,1,100,0.186774270839942
707,0.3868528072345416,0.7856708393623808,1.0,0.2,ml100k,als,qubo_feasible,1,100,0.0299851339778899
709,0.0,0.9282299025160824,0.0,0.2,ml100k,als,qubo_feasible,1,100,0.1588477203641775
713,0.0,0.9142534204333376,0.0,0.2,ml100k,als,qubo_feasible,1,100,0.184653203357024
725,0.0,0.8599863583050867,0.0,0.2,ml100k,als,qubo_feasible,1,100,0.0265771647233616
742,1.0,0.8141425955866248,1.0,0.2,ml100k,als,qubo_feasible,1,100,0.070987553733053
747,0.0,0.8696506023047069,0.0,0.2,ml100k,als,qubo_feasible,1,100,0.098360627947718
748,0.0,0.9238427840388858,0.0,0.2,ml100k,als,qubo_feasible,1,100,0.0863956949988558
772,0.0,0.9409053294688292,0.0,0.2,ml100k,als,qubo_feasible,1,100,0.105290852866467
783,0.0,0.9241785749928012,0.0,0.2,ml100k,als,qubo_feasible,1,100,0.0586302539140759
790,0.0,0.7927498769474202,0.0,0.2,ml100k,als,qubo_feasible,1,100,0.065009211516284
795,0.0,0.903425539865418,0.0,0.2,ml100k,als,qubo_feasible,1,100,0.1313861191599481
802,0.0,0.9065723523624956,0.0,0.2,ml100k,als,qubo_feasible,1,100,0.140837239896388
805,0.0,0.830943010488222,0.0,0.2,ml100k,als,qubo_feasible,1,100,0.0855030250349715
807,0.0,0.8922913242564887,0.0,0.2,ml100k,als,qubo_feasible,1,100,0.1094436300645413
830,0.0,0.9462049324983248,0.0,0.2,ml100k,als,qubo_feasible,1,100,0.0622315019347581
839,0.0,0.8469742521566257,0.0,0.2,ml100k,als,qubo_feasible,1,100,0.0523938461435864
855,0.0,0.8923875795463219,0.0,0.2,ml100k,als,qubo_feasible,1,100,0.0642754329511461
858,0.0,0.944389596957248,0.0,0.2,ml100k,als,qubo_feasible,1,100,0.0994517091885308
867,0.0,0.953489570864931,0.0,0.2,ml100k,als,qubo_feasible,1,100,0.0751120560992547
873,0.0,0.9501891800080094,0.0,0.2,ml100k,als,qubo_feasible,1,100,0.0713888706319566
875,0.0,0.910731925983979,0.0,0.2,ml100k,als,qubo_feasible,1,100,0.1914593330112577
887,0.0,0.904652419061571,0.0,0.2,ml100k,als,qubo_feasible,1,100,0.1424656817348263
890,0.0,0.9364474086306256,0.0,0.2,ml100k,als,qubo_feasible,1,100,0.1681088021074759
898,0.0,0.9456673361249472,0.0,0.2,ml100k,als,qubo_feasible,1,100,0.1547678772273013
905,1.0,0.8384392204713925,1.0,0.2,ml100k,als,qubo_feasible,1,100,0.1129399637241534
918,0.0,0.9214976854944508,0.0,0.2,ml100k,als,qubo_feasible,1,100,0.1511920672673724
920,0.0,0.83327401531099,0.0,0.2,ml100k,als,qubo_feasible,1,100,0.1413214149471983
938,0.0,0.9472326081239252,0.0,0.2,ml100k,als,qubo_feasible,1,100,0.0739567477869836
17,0.0,0.9396879998072256,0.0,0.2,ml100k,als,qubo_tabu,1,100,0.1705799296659215
23,0.0,0.9782811632875048,0.0,0.2,ml100k,als,qubo_tabu,1,100,0.224351553506081
29,0.0,0.9486545225393788,0.0,0.2,ml100k,als,qubo_tabu,1,100,0.1003373961901502
36,0.0,0.8938352688784451,0.0,0.2,ml100k,als,qubo_tabu,1,100,0.1076188868228273
50,0.0,0.9525672193756588,0.0,0.2,ml100k,als,qubo_tabu,1,100,0.0871147367142977
54,0.0,0.9333499117978984,0.0,0.2,ml100k,als,qubo_tabu,1,100,0.1720343329441847
57,0.0,0.8494101828418273,0.0,0.2,ml100k,als,qubo_tabu,1,100,0.1220611510986301
73,0.0,0.9374425716973448,0.0,0.2,ml100k,als,qubo_tabu,1,100,0.1558961517845222
82,1.0,0.9373043909004128,1.0,0.2,ml100k,als,qubo_tabu,1,100,0.0697803062232585
104,0.0,0.9584555331139574,0.0,0.2,ml100k,als,qubo_tabu,1,100,0.0979014017218693
105,0.0,0.9683614934121408,0.0,0.2,ml100k,als,qubo_tabu,1,100,0.0578771838114742
108,0.0,0.8891005945419802,0.0,0.2,ml100k,als,qubo_tabu,1,100,0.0675661436977504
117,0.0,0.9546897206432684,0.0,0.2,ml100k,als,qubo_tabu,1,100,0.1355716126238221
122,0.0,0.8931958016235249,0.0,0.2,ml100k,als,qubo_tabu,1,100,0.0589253322852412
139,0.0,0.9730939360458644,0.0,0.2,ml100k,als,qubo_tabu,1,100,0.087610256054083
144,0.3333333333333333,0.9073391852942432,1.0,0.2,ml100k,als,qubo_tabu,1,100,0.0768150828374065
179,0.0,0.884955994910718,0.0,0.2,ml100k,als,qubo_tabu,1,100,0.0741735832858138
199,0.0,0.9525912458476552,0.0,0.2,ml100k,als,qubo_tabu,1,100,0.0534294379032621
212,0.0,0.9195202051303244,0.0,0.2,ml100k,als,qubo_tabu,1,100,0.0943778405291384
220,0.0,0.9756110874748556,0.0,0.2,ml100k,als,qubo_tabu,1,100,0.1469124067692961
231,0.0,0.9184590059791032,0.0,0.2,ml100k,als,qubo_tabu,1,100,0.1045562923924337
233,0.0,0.8201960726790373,0.0,0.2,ml100k,als,qubo_tabu,1,100,0.0814418392740047
242,0.0,0.7962701622617012,0.0,0.2,ml100k,als,qubo_tabu,1,100,0.0951025092348266
248,0.0,0.9617594631378364,0.0,0.2,ml100k,als,qubo_tabu,1,100,0.2245893847350526
262,0.0,0.9150880739763968,0.0,0.2,ml100k,als,qubo_tabu,1,100,0.107371713775963
264,0.0,0.8219027405135233,0.0,0.2,ml100k,als,qubo_tabu,1,100,0.1270091648198951
265,0.0,0.9360834274667929,0.0,0.2,ml100k,als,qubo_tabu,1,100,0.1262346165832058
286,0.0,0.9730004613966567,0.0,0.2,ml100k,als,qubo_tabu,1,100,0.1093473603827752
290,0.0,0.8839306173951531,0.0,0.2,ml100k,als,qubo_tabu,1,100,0.0908631048607199
321,0.0,0.9744849897488126,0.0,0.2,ml100k,als,qubo_tabu,1,100,0.0782853102589167
330,0.0,0.8527344064455225,0.0,0.2,ml100k,als,qubo_tabu,1,100,0.0788935357215124
336,0.0,0.9665312658355996,0.0,0.2,ml100k,als,qubo_tabu,1,100,0.1343030752957967
339,0.0,0.9000809546291221,0.0,0.2,ml100k,als,qubo_tabu,1,100,0.0624113170090024
351,0.0,0.910826826160861,0.0,0.2,ml100k,als,qubo_tabu,1,100,0.1841785542722235
354,0.0,0.9271798056403088,0.0,0.2,ml100k,als,qubo_tabu,1,100,0.1136526275276528
361,0.0,0.9304099171405564,0.0,0.2,ml100k,als,qubo_tabu,1,100,0.0658424967692898
380,0.0,0.7654086303528884,0.0,0.2,ml100k,als,qubo_tabu,1,100,0.0876758355462159
385,0.430676558073393,0.9155114973986176,1.0,0.2,ml100k,als,qubo_tabu,1,100,0.067641599589306
391,0.0,0.9333177272465442,0.0,0.2,ml100k,als,qubo_tabu,1,100,0.0295661234199508
393,0.0,0.9682260529041462,0.0,0.2,ml100k,als,qubo_tabu,1,100,0.0890548977452955
396,0.0,0.9746486296277976,0.0,0.2,ml100k,als,qubo_tabu,1,100,0.0766340139522658
399,0.0,0.9292159741679276,0.0,0.2,ml100k,als,qubo_tabu,1,100,0.0537082466334061
414,0.0,0.9327957168506942,0.0,0.2,ml100k,als,qubo_tabu,1,100,0.0806587600953251
422,0.0,0.8530148826862051,0.0,0.2,ml100k,als,qubo_tabu,1,100,0.0815310990575518
423,0.0,0.9069364187702936,0.0,0.2,ml100k,als,qubo_tabu,1,100,0.1119621687770718
431,0.0,0.941973392568152,0.0,0.2,ml100k,als,qubo_tabu,1,100,0.104404550117715
432,0.0,0.975639705008084,0.0,0.2,ml100k,als,qubo_tabu,1,100,0.0393963274353209
442,0.0,0.9737249937530712,0.0,0.2,ml100k,als,qubo_tabu,1,100,0.0823702619228159
466,0.0,0.9702298405684996,0.0,0.2,ml100k,als,qubo_tabu,1,100,0.0395536369788429
467,0.0,0.9339932458512268,0.0,0.2,ml100k,als,qubo_tabu,1,100,0.1207257953721681
473,0.0,0.9381488489756332,0.0,0.2,ml100k,als,qubo_tabu,1,100,0.1166091317533198
476,0.0,0.9039545855114832,0.0,0.2,ml100k,als,qubo_tabu,1,100,0.1352501732757669
478,0.0,0.8072345789381612,0.0,0.2,ml100k,als,qubo_tabu,1,100,0.1323501292387935
485,0.0,0.953313355933458,0.0,0.2,ml100k,als,qubo_tabu,1,100,0.0926238187844827
513,0.0,0.9730901726206646,0.0,0.2,ml100k,als,qubo_tabu,1,100,0.0741581148513862
543,0.0,0.907390792585599,0.0,0.2,ml100k,als,qubo_tabu,1,100,0.06638772671986
550,0.0,0.9246666101301484,0.0,0.2,ml100k,als,qubo_tabu,1,100,0.0805623430364573
553,0.0,0.8665146951260363,0.0,0.2,ml100k,als,qubo_tabu,1,100,0.0666103718497589
559,0.0,0.8618217087203398,0.0,0.2,ml100k,als,qubo_tabu,1,100,0.0988863293869546
566,0.0,0.9118531550674888,0.0,0.2,ml100k,als,qubo_tabu,1,100,0.0750210626363978
593,0.0,0.8371007671045348,0.0,0.2,ml100k,als,qubo_tabu,1,100,0.1120220215757861
630,0.430676558073393,0.9398730024113487,1.0,0.2,ml100k,als,qubo_tabu,1,100,0.1441534730967474
638,0.0,0.788786162347513,0.0,0.2,ml100k,als,qubo_tabu,1,100,0.0853653995567993
648,0.0,0.9790222898141184,0.0,0.2,ml100k,als,qubo_tabu,1,100,0.0599358980244635
651,0.0,0.9016050433473346,0.0,0.2,ml100k,als,qubo_tabu,1,100,0.1418317176850565
653,0.0,0.8980991736536119,0.0,0.2,ml100k,als,qubo_tabu,1,100,0.0510818114267227
659,0.0,0.9290087006576352,0.0,0.2,ml100k,als,qubo_tabu,1,100,0.1070145523023712
664,0.0,0.9697186683099872,0.0,0.2,ml100k,als,qubo_tabu,1,100,0.1018696546633276
668,1.0,0.7681744543044131,1.0,0.2,ml100k,als,qubo_tabu,1,100,0.1838980147845597
686,0.0,0.940463365470078,0.0,0.2,ml100k,als,qubo_tabu,1,100,0.080031502004165
699,0.0,0.8455132068422703,0.0,0.2,ml100k,als,qubo_tabu,1,100,0.0649820504729424
706,0.0,0.979102821485282,0.0,0.2,ml100k,als,qubo_tabu,1,100,0.1574128747967511
707,0.3333333333333333,0.8854281727668255,1.0,0.2,ml100k,als,qubo_tabu,1,100,0.0586657893834348
709,0.0,0.9174262123237084,0.0,0.2,ml100k,als,qubo_tabu,1,100,0.1263734491611271
713,0.0,0.912704837431582,0.0,0.2,ml100k,als,qubo_tabu,1,100,0.1538710560052321
725,0.0,0.9157879517453026,0.0,0.2,ml100k,als,qubo_tabu,1,100,0.0345165343581162
742,1.0,0.8162519104506922,1.0,0.2,ml100k,als,qubo_tabu,1,100,0.0557400070133114
747,0.0,0.8620193894837826,0.0,0.2,ml100k,als,qubo_tabu,1,100,0.0717757089012185
748,0.0,0.93589231743747,0.0,0.2,ml100k,als,qubo_tabu,1,100,0.0790768644434598
772,0.0,0.9696382900783846,0.0,0.2,ml100k,als,qubo_tabu,1,100,0.1263226126081559
783,0.0,0.9609406861665508,0.0,0.2,ml100k,als,qubo_tabu,1,100,0.0795252309726667
790,0.0,0.8619948208115118,0.0,0.2,ml100k,als,qubo_tabu,1,100,0.0850914022696386
795,0.0,0.9240099207440386,0.0,0.2,ml100k,als,qubo_tabu,1,100,0.1306522030096571
802,0.0,0.9327670388333424,0.0,0.2,ml100k,als,qubo_tabu,1,100,0.1384950390331659
805,0.5,0.8893623384770334,1.0,0.2,ml100k,als,qubo_tabu,1,100,0.0729489011426899
807,0.0,0.8753116231712785,0.0,0.2,ml100k,als,qubo_tabu,1,100,0.0638551056218811
830,0.0,0.974606267019268,0.0,0.2,ml100k,als,qubo_tabu,1,100,0.07093126474014
839,0.0,0.8579829191740168,0.0,0.2,ml100k,als,qubo_tabu,1,100,0.0507365460135333
855,0.0,0.9414753726881566,0.0,0.2,ml100k,als,qubo_tabu,1,100,0.0933353574167965
858,0.0,0.9754125280081783,0.0,0.2,ml100k,als,qubo_tabu,1,100,0.1081606244432279
867,0.0,0.9696981426122966,0.0,0.2,ml100k,als,qubo_tabu,1,100,0.0622084799838919
873,0.0,0.9836849777265309,0.0,0.2,ml100k,als,qubo_tabu,1,100,0.0781421815854966
875,0.0,0.9597595304182804,0.0,0.2,ml100k,als,qubo_tabu,1,100,0.2063923052190873
887,0.0,0.9518796127905554,0.0,0.2,ml100k,als,qubo_tabu,1,100,0.1624715907245429
890,0.0,0.9497593914977198,0.0,0.2,ml100k,als,qubo_tabu,1,100,0.1734222435408526
898,0.0,0.96172025740321,0.0,0.2,ml100k,als,qubo_tabu,1,100,0.147978044672335
905,1.0,0.8478004222950265,1.0,0.2,ml100k,als,qubo_tabu,1,100,0.1055220220520407
918,0.0,0.926499301012651,0.0,0.2,ml100k,als,qubo_tabu,1,100,0.1301870405182248
920,0.0,0.8524689034582684,0.0,0.2,ml100k,als,qubo_tabu,1,100,0.1493381202950118
938,0.0,0.9756520295449918,0.0,0.2,ml100k,als,qubo_tabu,1,100,0.074753357112244
35,0.0,1.0,0.0,0.7,ml100k,popularity,none,2,100,
36,0.0,1.0,0.0,1.3,ml100k,popularity,none,2,100,
47,0.0,1.0,0.0,1.3,ml100k,popularity,none,2,100,
53,0.0,1.0,0.0,1.3,ml100k,popularity,none,2,100,
71,0.3868528072345416,1.0,1.0,1.3,ml100k,popularity,none,2,100,
78,0.0,1.0,0.0,1.5,ml100k,popularity,none,2,100,
90,0.0,1.0,0.0,1.3,ml100k,popularity,none,2,100,
92,0.0,1.0,0.0,1.3,ml100k,popularity,none,2,100,
94,0.0,1.0,0.0,0.8,ml100k,popularity,none,2,100,
96,0.3154648767857287,1.0,1.0,1.5,ml100k,popularity,none,2,100,
130,0.0,1.0,0.0,1.1,ml100k,popularity,none,2,100,
161,0.0,1.0,0.0,1.1,ml100k,popularity,none,2,100,
165,0.3868528072345416,1.0,1.0,1.1,ml100k,popularity,none,2,100,
173,0.0,1.0,0.0,1.1,ml100k,popularity,none,2,100,
182,0.0,1.0,0.0,1.3,ml100k,popularity,none,2,100,
192,0.0,1.0,0.0,1.1,ml100k,popularity,none,2,100,
196,0.0,1.0,0.0,0.8,ml100k,popularity,none,2,100,
200,0.0,1.0,0.0,1.1,ml100k,popularity,none,2,100,
203,0.0,1.0,0.0,1.5,ml100k,popularity,none,2,100,
221,0.0,1.0,0.0,1.1,ml100k,popularity,none,2,100,
225,0.0,1.0,0.0,1.0,ml100k,popularity,none,2,100,
236,0.2890648263178879,1.0,1.0,0.7,ml100k,popularity,none,2,100,
243,0.0,1.0,0.0,1.5,ml100k,popularity,none,2,100,
252,0.0,1.0,0.0,1.3,ml100k,popularity,none,2,100,
264,0.0,1.0,0.0,1.3,ml100k,popularity,none,2,100,
284,0.0,1.0,0.0,1.3,ml100k,popularity,none,2,100,
285,0.0,1.0,0.0,1.5,ml100k,popularity,none,2,100,
294,0.0,1.0,0.0,1.5,ml100k,popularity,none,2,100,
306,0.0,1.0,0.0,1.3,ml100k,popularity,none,2,100,
316,0.0,1.0,0.0,1.3,ml100k,popularity,none,2,100,
334,0.430676558073393,1.0,1.0,1.5,ml100k,popularity,none,2,100,
345,0.0,1.0,0.0,1.1,ml100k,popularity,none,2,100,
350,0.6309297535714575,1.0,1.0,1.5,ml100k,popularity,none,2,100,
369,0.0,1.0,0.0,1.5,ml100k,popularity,none,2,100,
371,0.0,1.0,0.0,1.5,ml100k,popularity,none,2,100,
375,0.0,1.0,0.0,0.9,ml100k,popularity,none,2,100,
383,0.0,1.0,0.0,1.3,ml100k,popularity,none,2,100,
404,0.0,1.0,0.0,1.3,ml100k,popularity,none,2,100,
406,0.0,1.0,0.0,0.9,ml100k,popularity,none,2,100,
407,0.0,1.0,0.0,1.1,ml100k,popularity,none,2,100,
413,0.0,1.0,0.0,1.3,ml100k,popularity,none,2,100,
414,0.0,1.0,0.0,0.5,ml100k,popularity,none,2,100,
422,0.0,1.0,0.0,1.3,ml100k,popularity,none,2,100,
430,0.0,1.0,0.0,0.7,ml100k,popularity,none,2,100,
433,0.0,1.0,0.0,1.1,ml100k,popularity,none,2,100,
449,0.0,1.0,0.0,1.1,ml100k,popularity,none,2,100,
453,0.0,1.0,0.0,1.3,ml100k,popularity,none,2,100,
454,1.0,1.0,1.0,1.3,ml100k,popularity,none,2,100,
463,0.0,1.0,0.0,1.3,ml100k,popularity,none,2,100,
472,0.0,1.0,0.0,0.7,ml100k,popularity,none,2,100,
473,0.0,1.0,0.0,1.3,ml100k,popularity,none,2,100,
474,0.0,1.0,0.0,1.3,ml100k,popularity,none,2,100,
480,0.0,1.0,0.0,1.3,ml100k,popularity,none,2,100,
486,0.0,1.0,0.0,0.7,ml100k,popularity,none,2,100,
489,0.0,1.0,0.0,1.3,ml100k,popularity,none,2,100,
511,0.0,1.0,0.0,0.7,ml100k,popularity,none,2,100,
513,0.0,1.0,0.0,0.7,ml100k,popularity,none,2,100,
541,0.0,1.0,0.0,1.5,ml100k,popularity,none,2,100,
543,0.0,1.0,0.0,1.5,ml100k,popularity,none,2,100,
545,0.0,1.0,0.0,1.3,ml100k,popularity,none,2,100,
554,0.0,1.0,0.0,1.5,ml100k,popularity,none,2,100,
567,0.0,1.0,0.0,1.5,ml100k,popularity,none,2,100,
568,0.0,1.0,0.0,1.3,ml100k,popularity,none,2,100,
582,0.0,1.0,0.0,1.1,ml100k,popularity,none,2,100,
588,0.0,1.0,0.0,0.9,ml100k,popularity,none,2,100,
590,0.0,1.0,0.0,1.1,ml100k,popularity,none,2,100,
591,0.0,1.0,0.0,1.5,ml100k,popularity,none,2,100,
600,0.0,1.0,0.0,0.9,ml100k,popularity,none,2,100,
614,0.0,1.0,0.0,1.5,ml100k,popularity,none,2,100,
617,0.0,1.0,0.0,0.9,ml100k,popularity,none,2,100,
622,0.0,1.0,0.0,1.3,ml100k,popularity,none,2,100,
623,0.0,1.0,0.0,0.7,ml100k,popularity,none,2,100,
630,0.0,1.0,0.0,1.3,ml100k,popularity,none,2,100,
646,0.0,1.0,0.0,1.5,ml100k,popularity,none,2,100,
650,0.0,1.0,0.0,1.3,ml100k,popularity,none,2,100,
691,0.0,1.0,0.0,1.3,ml100k,popularity,none,2,100,
694,0.0,1.0,0.0,1.5,ml100k,popularity,none,2,100,
706,0.0,1.0,0.0,1.1,ml100k,popularity,none,2,100,
719,0.0,1.0,0.0,0.9,ml100k,popularity,none,2,100,
720,0.0,1.0,0.0,1.1,ml100k,popularity,none,2,100,
755,0.0,1.0,0.0,1.5,ml100k,popularity,none,2,100,
762,0.0,1.0,0.0,0.7,ml100k,popularity,none,2,100,
770,0.0,1.0,0.0,1.3,ml100k,popularity,none,2,100,
773,0.0,1.0,0.0,0.6,ml100k,popularity,none,2,100,
780,0.0,1.0,0.0,1.5,ml100k,popularity,none,2,100,
792,0.0,1.0,0.0,1.5,ml100k,popularity,none,2,100,
794,0.0,1.0,0.0,1.3,ml100k,popularity,none,2,100,
802,0.0,1.0,0.0,1.5,ml100k,popularity,none,2,100,
811,0.0,1.0,0.0,1.1,ml100k,popularity,none,2,100,
819,0.0,1.0,0.0,1.5,ml100k,popularity,none,2,100,
824,0.0,1.0,0.0,1.3,ml100k,popularity,none,2,100,
825,0.0,1.0,0.0,1.3,ml100k,popularity,none,2,100,
827,0.0,1.0,0.0,1.0,ml100k,popularity,none,2,100,
848,0.0,1.0,0.0,1.5,ml100k,popularity,none,2,100,
849,0.3868528072345416,1.0,1.0,0.8,ml100k,popularity,none,2,100,
865,0.0,1.0,0.0,1.5,ml100k,popularity,none,2,100,
871,0.0,1.0,0.0,1.3,ml100k,popularity,none,2,100,
890,0.0,1.0,0.0,1.5,ml100k,popularity,none,2,100,
897,0.0,1.0,0.0,1.3,ml100k,popularity,none,2,100,
940,0.0,1.0,0.0,1.1,ml100k,popularity,none,2,100,
35,0.0,1.0,0.0,0.7,ml100k,popularity,greedy_topk,2,100,0.3361201427614911
36,0.0,1.0,0.0,1.3,ml100k,popularity,greedy_topk,2,100,0.4733222754930078
47,0.0,1.0,0.0,1.3,ml100k,popularity,greedy_topk,2,100,0.5651314952780797
53,0.0,1.0,0.0,1.3,ml100k,popularity,greedy_topk,2,100,0.4827714806992631
71,0.3868528072345416,1.0,1.0,1.3,ml100k,popularity,greedy_topk,2,100,0.5062259412442874
78,0.0,1.0,0.0,1.5,ml100k,popularity,greedy_topk,2,100,0.4743321806133987
90,0.0,1.0,0.0,1.3,ml100k,popularity,greedy_topk,2,100,0.4528783162402326
92,0.0,1.0,0.0,1.3,ml100k,popularity,greedy_topk,2,100,0.427952474111
94,0.0,1.0,0.0,0.8,ml100k,popularity,greedy_topk,2,100,0.3582929840355164
96,0.3154648767857287,1.0,1.0,1.5,ml100k,popularity,greedy_topk,2,100,0.4987004599374213
130,0.0,1.0,0.0,1.1,ml100k,popularity,greedy_topk,2,100,0.4127211521886086
161,0.0,1.0,0.0,1.1,ml100k,popularity,greedy_topk,2,100,0.3695020828304751
165,0.3868528072345416,1.0,1.0,1.1,ml100k,popularity,greedy_topk,2,100,0.3999251878323988
173,0.0,1.0,0.0,1.1,ml100k,popularity,greedy_topk,2,100,0.4609016463728106
182,0.0,1.0,0.0,1.3,ml100k,popularity,greedy_topk,2,100,0.4063198334248151
192,0.0,1.0,0.0,1.1,ml100k,popularity,greedy_topk,2,100,0.4604407131637947
196,0.0,1.0,0.0,0.8,ml100k,popularity,greedy_topk,2,100,0.3392799481971874
200,0.0,1.0,0.0,1.1,ml100k,popularity,greedy_topk,2,100,0.4350875715941782
203,0.0,1.0,0.0,1.5,ml100k,popularity,greedy_topk,2,100,0.5122360593745131
221,0.0,1.0,0.0,1.1,ml100k,popularity,greedy_topk,2,100,0.3983871129886836
225,0.0,1.0,0.0,1.0,ml100k,popularity,greedy_topk,2,100,0.2857472848708171
236,0.2890648263178879,1.0,1.0,0.7,ml100k,popularity,greedy_topk,2,100,0.3577368849056443
243,0.0,1.0,0.0,1.5,ml100k,popularity,greedy_topk,2,100,0.4507858834367061
252,0.0,1.0,0.0,1.3,ml100k,popularity,greedy_topk,2,100,0.4471905219791919
264,0.0,1.0,0.0,1.3,ml100k,popularity,greedy_topk,2,100,0.4409240032337336
284,0.0,1.0,0.0,1.3,ml100k,popularity,greedy_topk,2,100,0.5092462631458843
285,0.0,1.0,0.0,1.5,ml100k,popularity,greedy_topk,2,100,0.5438269742339117
294,0.0,1.0,0.0,1.5,ml100k,popularity,greedy_topk,2,100,0.4964892863341693
306,0.0,1.0,0.0,1.3,ml100k,popularity,greedy_topk,2,100,0.4908261763632746
316,0.0,1.0,0.0,1.3,ml100k,popularity,greedy_topk,2,100,0.5045302316566534
334,0.430676558073393,1.0,1.0,1.5,ml100k,popularity,greedy_topk,2,100,0.505177716393918
345,0.0,1.0,0.0,1.1,ml100k,popularity,greedy_topk,2,100,0.4337127857577229
350,0.6309297535714575,1.0,1.0,1.5,ml100k,popularity,greedy_topk,2,100,0.5122360593745131
369,0.0,1.0,0.0,1.5,ml100k,popularity,greedy_topk,2,100,0.505177716393918
371,0.0,1.0,0.0,1.5,ml100k,popularity,greedy_topk,2,100,0.483186263790009
375,0.0,1.0,0.0,0.9,ml100k,popularity,greedy_topk,2,100,0.3915189234523494
383,0.0,1.0,0.0,1.3,ml100k,popularity,greedy_topk,2,100,0.4796676987278387
404,0.0,1.0,0.0,1.3,ml100k,popularity,greedy_topk,2,100,0.4676251496683867
406,0.0,1.0,0.0,0.9,ml100k,popularity,greedy_topk,2,100,0.4232565091165887
407,0.0,1.0,0.0,1.1,ml100k,popularity,greedy_topk,2,100,0.4304049949105162
413,0.0,1.0,0.0,1.3,ml100k,popularity,greedy_topk,2,100,0.4469220068397533
414,0.0,1.0,0.0,0.5,ml100k,popularity,greedy_topk,2,100,0.3497461450001392
422,0.0,1.0,0.0,1.3,ml100k,popularity,greedy_topk,2,100,0.4599430678475527
430,0.0,1.0,0.0,0.7,ml100k,popularity,greedy_topk,2,100,0.3141986021149413
433,0.0,1.0,0.0,1.1,ml100k,popularity,greedy_topk,2,100,0.3866617517432984
449,0.0,1.0,0.0,1.1,ml100k,popularity,greedy_topk,2,100,0.4180527178382187
453,0.0,1.0,0.0,1.3,ml100k,popularity,greedy_topk,2,100,0.4737598813891945
454,1.0,1.0,1.0,1.3,ml100k,popularity,greedy_topk,2,100,0.4525610654787295
463,0.0,1.0,0.0,1.3,ml100k,popularity,greedy_topk,2,100,0.4467656122398606
472,0.0,1.0,0.0,0.7,ml100k,popularity,greedy_topk,2,100,0.3946227357971464
473,0.0,1.0,0.0,1.3,ml100k,popularity,greedy_topk,2,100,0.4636331613809233
474,0.0,1.0,0.0,1.3,ml100k,popularity,greedy_topk,2,100,0.4584190836471457
480,0.0,1.0,0.0,1.3,ml100k,popularity,greedy_topk,2,100,0.5092462631458843
486,0.0,1.0,0.0,0.7,ml100k,popularity,greedy_topk,2,100,0.3142461881096782
489,0.0,1.0,0.0,1.3,ml100k,popularity,greedy_topk,2,100,0.4428446440245034
511,0.0,1.0,0.0,0.7,ml100k,popularity,greedy_topk,2,100,0.3584677467376529
513,0.0,1.0,0.0,0.7,ml100k,popularity,greedy_topk,2,100,0.3553523864447838
541,0.0,1.0,0.0,1.5,ml100k,popularity,greedy_topk,2,100,0.5438269742339117
543,0.0,1.0,0.0,1.5,ml100k,popularity,greedy_topk,2,100,0.5438269742339117
545,0.0,1.0,0.0,1.3,ml100k,popularity,greedy_topk,2,100,0.4761640309039405
554,0.0,1.0,0.0,1.5,ml100k,popularity,greedy_topk,2,100,0.4748939646107228
567,0.0,1.0,0.0,1.5,ml100k,popularity,greedy_topk,2,100,0.493439840187551
568,0.0,1.0,0.0,1.3,ml100k,popularity,greedy_topk,2,100,0.4523969283248557
582,0.0,1.0,0.0,1.1,ml100k,popularity,greedy_topk,2,100,0.460890028405561
588,0.0,1.0,0.0,0.9,ml100k,popularity,greedy_topk,2,100,0.4518372297989687
590,0.0,1.0,0.0,1.1,ml100k,popularity,greedy_topk,2,100,0.4154897646201949
591,0.0,1.0,0.0,1.5,ml100k,popularity,greedy_topk,2,100,0.4964892863341693
600,0.0,1.0,0.0,0.9,ml100k,popularity,greedy_topk,2,100,0.3341230512465641
614,0.0,1.0,0.0,1.5,ml100k,popularity,greedy_topk,2,100,0.5246389787825264
617,0.0,1.0,0.0,0.9,ml100k,popularity,greedy_topk,2,100,0.284953986897963
622,0.0,1.0,0.0,1.3,ml100k,popularity,greedy_topk,2,100,0.4874971325134695
623,0.0,1.0,0.0,0.7,ml100k,popularity,greedy_topk,2,100,0.3736855368347875
630,0.0,1.0,0.0,1.3,ml100k,popularity,greedy_topk,2,100,0.4740876849737025
646,0.0,1.0,0.0,1.5,ml100k,popularity,greedy_topk,2,100,0.5079891267889785
650,0.0,1.0,0.0,1.3,ml100k,popularity,greedy_topk,2,100,0.4898010934175448
691,0.0,1.0,0.0,1.3,ml100k,popularity,greedy_topk,2,100,0.4525561577470985
694,0.0,1.0,0.0,1.5,ml100k,popularity,greedy_topk,2,100,0.5438269742339117
706,0.0,1.0,0.0,1.1,ml100k,popularity,greedy_topk,2,100,0.4537495719794785
719,0.0,1.0,0.0,0.9,ml100k,popularity,greedy_topk,2,100,0.3934499104152994
720,0.0,1.0,0.0,1.1,ml100k,popularity,greedy_topk,2,100,0.4284564564840004
755,0.0,1.0,0.0,1.5,ml100k,popularity,greedy_topk,2,100,0.4805069246068276
762,0.0,1.0,0.0,0.7,ml100k,popularity,greedy_topk,2,100,0.3812594764029188
770,0.0,1.0,0.0,1.3,ml100k,popularity,greedy_topk,2,100,0.4274108053258472
773,0.0,1.0,0.0,0.6,ml100k,popularity,greedy_topk,2,100,0.3029664684823124
780,0.0,1.0,0.0,1.5,ml100k,popularity,greedy_topk,2,100,0.4997447550822193
792,0.0,1.0,0.0,1.5,ml100k,popularity,greedy_topk,2,100,0.5246389787825264
794,0.0,1.0,0.0,1.3,ml100k,popularity,greedy_topk,2,100,0.4686152284700159
802,0.0,1.0,0.0,1.5,ml100k,popularity,greedy_topk,2,100,0.4266248919559965
811,0.0,1.0,0.0,1.1,ml100k,popularity,greedy_topk,2,100,0.4151558362646638
819,0.0,1.0,0.0,1.5,ml100k,popularity,greedy_topk,2,100,0.4770672322960311
824,0.0,1.0,0.0,1.3,ml100k,popularity,greedy_topk,2,100,0.5232222747319769
825,0.0,1.0,0.0,1.3,ml100k,popularity,greedy_topk,2,100,0.4773402322030811
827,0.0,1.0,0.0,1.0,ml100k,popularity,greedy_topk,2,100,0.380661033000842
848,0.0,1.0,0.0,1.5,ml100k,popularity,greedy_topk,2,100,0.5438269742339117
849,0.3868528072345416,1.0,1.0,0.8,ml100k,popularity,greedy_topk,2,100,0.2878841057741657
865,0.0,1.0,0.0,1.5,ml100k,popularity,greedy_topk,2,100,0.4608184527813764
871,0.0,1.0,0.0,1.3,ml100k,popularity,greedy_topk,2,100,0.4789697567627205
890,0.0,1.0,0.0,1.5,ml100k,popularity,greedy_topk,2,100,0.4665014365236971
897,0.0,1.0,0.0,1.3,ml100k,popularity,greedy_topk,2,100,0.4559785655604412
940,0.0,1.0,0.0,1.1,ml100k,popularity,greedy_topk,2,100,0.4339608180191696
35,0.0,0.9951961554132726,0.0,0.7,ml100k,popularity,mmr,2,100,0.3088472892932972
36,0.0,0.9984067105132736,0.0,1.1,ml100k,popularity,mmr,2,100,0.4689089658868229
47,0.0,0.9945295834152708,0.0,1.1,ml100k,popularity,mmr,2,100,0.4637298921355711
53,0.0,1.0,0.0,1.3,ml100k,popularity,mmr,2,100,0.4827714806992631
71,0.3868528072345416,1.0,1.0,1.3,ml100k,popularity,mmr,2,100,0.5062259412442874
78,0.0,1.0,0.0,1.5,ml100k,popularity,mmr,2,100,0.4743321806133986
90,0.0,0.9986833676875636,0.0,1.1,ml100k,popularity,mmr,2,100,0.4487507085469368
92,0.0,0.9983076385515356,0.0,1.3,ml100k,popularity,mmr,2,100,0.4265029247427565
94,0.0,0.9926409654249368,0.0,0.9,ml100k,popularity,mmr,2,100,0.3442977262554396
96,0.3154648767857287,0.9970955828270428,1.0,1.3,ml100k,popularity,mmr,2,100,0.4601191392186241
130,0.0,0.9992623588080204,0.0,1.1,ml100k,popularity,mmr,2,100,0.3977300544268648
161,0.0,1.0,0.0,1.1,ml100k,popularity,mmr,2,100,0.3695020828304751
165,0.3868528072345416,1.0,1.0,1.1,ml100k,popularity,mmr,2,100,0.3999251878323988
173,0.0,1.0,0.0,1.1,ml100k,popularity,mmr,2,100,0.4609016463728106
182,0.0,0.9910899908362923,0.0,1.0,ml100k,popularity,mmr,2,100,0.3730155026682051
192,0.0,1.0,0.0,1.1,ml100k,popularity,mmr,2,100,0.4604407131637946
196,0.0,0.9971429367804584,0.0,0.8,ml100k,popularity,mmr,2,100,0.3255257962624704
200,0.0,0.9946991487856566,0.0,0.9,ml100k,popularity,mmr,2,100,0.3993482621466209
203,0.0,0.9983961828043506,0.0,1.3,ml100k,popularity,mmr,2,100,0.5073631287558644
221,0.0,0.9991739191610928,0.0,0.9,ml100k,popularity,mmr,2,100,0.3813316263491361
225,0.0,0.9972877393192868,0.0,0.8,ml100k,popularity,mmr,2,100,0.2880242168343999
236,0.3010299956639812,0.9985057400024572,1.0,0.7,ml100k,popularity,mmr,2,100,0.349964088792452
243,0.0,0.9969642341916196,0.0,1.3,ml100k,popularity,mmr,2,100,0.4314009094863293
252,0.0,1.0,0.0,1.3,ml100k,popularity,mmr,2,100,0.4471905219791919
264,0.0,0.9983460503096008,0.0,1.1,ml100k,popularity,mmr,2,100,0.4395395134864707
284,0.0,0.9997392826832086,0.0,1.3,ml100k,popularity,mmr,2,100,0.5113757350255573
285,0.0,0.9993252971938432,0.0,1.3,ml100k,popularity,mmr,2,100,0.5337506556818484
294,0.0,0.9997371043696988,0.0,1.5,ml100k,popularity,mmr,2,100,0.4988526253370525
306,0.0,1.0,0.0,1.3,ml100k,popularity,mmr,2,100,0.4908261763632746
316,0.0,0.9997378371628102,0.0,1.3,ml100k,popularity,mmr,2,100,0.5062259412442874
334,0.5,0.9997390094922336,1.0,1.5,ml100k,popularity,mmr,2,100,0.5075200798979593
345,0.0,1.0,0.0,1.1,ml100k,popularity,mmr,2,100,0.4337127857577229
350,0.6309297535714575,0.9983961828043506,1.0,1.3,ml100k,popularity,mmr,2,100,0.5073631287558644
369,0.0,0.9997390094922336,0.0,1.5,ml100k,popularity,mmr,2,100,0.5075200798979593
371,0.0,0.9993068855672896,0.0,1.3,ml100k,popularity,mmr,2,100,0.4800814929623825
375,0.0,1.0,0.0,0.9,ml100k,popularity,mmr,2,100,0.3915189234523494
383,0.0,0.9992892507277676,0.0,1.1,ml100k,popularity,mmr,2,100,0.4717503053924186
404,0.0,1.0,0.0,1.3,ml100k,popularity,mmr,2,100,0.4676251496683867
406,0.0,0.9944632297654128,0.0,0.7,ml100k,popularity,mmr,2,100,0.3842949820547531
407,0.0,0.9972487025945485,0.0,1.1,ml100k,popularity,mmr,2,100,0.4198259181271236
413,0.0,1.0,0.0,1.3,ml100k,popularity,mmr,2,100,0.4469220068397533
414,0.0,0.9993365056793068,0.0,0.5,ml100k,popularity,mmr,2,100,0.3511675863713175
422,0.0,1.0,0.0,1.3,ml100k,popularity,mmr,2,100,0.4599430678475527
430,0.0,1.0,0.0,0.7,ml100k,popularity,mmr,2,100,0.3141986021149413
433,0.0,0.9978710432572654,0.0,0.9,ml100k,popularity,mmr,2,100,0.3616767218655392
449,0.0,1.0,0.0,1.1,ml100k,popularity,mmr,2,100,0.4180527178382187
453,0.0,1.0,0.0,1.3,ml100k,popularity,mmr,2,100,0.4737598813891945
454,1.0,0.998691872948769,1.0,1.1,ml100k,popularity,mmr,2,100,0.4474622696669402
463,0.0,0.999724235797952,0.0,1.3,ml100k,popularity,mmr,2,100,0.4502324581671247
472,0.0,0.9984575368843646,0.0,0.7,ml100k,popularity,mmr,2,100,0.3856952656811018
473,0.0,0.9970975328903996,0.0,1.1,ml100k,popularity,mmr,2,100,0.4352455350693656
474,0.0,0.9964889271283892,0.0,1.3,ml100k,popularity,mmr,2,100,0.4480955943728066
480,0.0,0.9997392826832086,0.0,1.3,ml100k,popularity,mmr,2,100,0.5113757350255573
486,0.0,1.0,0.0,0.7,ml100k,popularity,mmr,2,100,0.3142461881096782
489,0.0,0.9943752072175298,0.0,1.1,ml100k,popularity,mmr,2,100,0.4182137321980749
511,0.0,0.9985509845403848,0.0,1.1,ml100k,popularity,mmr,2,100,0.3476791000458227
513,0.0,0.9959818064238782,0.0,0.6,ml100k,popularity,mmr,2,100,0.3451396586476913
541,0.0,0.9993252971938432,0.0,1.3,ml100k,popularity,mmr,2,100,0.5337506556818484
543,0.0,0.9993252971938432,0.0,1.3,ml100k,popularity,mmr,2,100,0.5337506556818484
545,0.0,0.9997385035741329,0.0,1.3,ml100k,popularity,mmr,2,100,0.4790301674279684
554,0.0,0.9997385760019792,0.0,1.5,ml100k,popularity,mmr,2,100,0.4757036134263773
567,0.0,0.9997379395224244,0.0,1.5,ml100k,popularity,mmr,2,100,0.4947980519467717
568,0.0,0.9974741915045284,0.0,1.3,ml100k,popularity,mmr,2,100,0.4450566798941677
582,0.0,1.0,0.0,1.1,ml100k,popularity,mmr,2,100,0.460890028405561
588,0.0,0.9915100548259048,0.0,1.0,ml100k,popularity,mmr,2,100,0.3926822334839048
590,0.0,0.9960454747193774,0.0,0.9,ml100k,popularity,mmr,2,100,0.351189513774656
591,0.0,0.9997371043696988,0.0,1.5,ml100k,popularity,mmr,2,100,0.4988526253370525
600,0.0,0.9998299919121844,0.0,0.7,ml100k,popularity,mmr,2,100,0.3362630344886549
614,0.0,0.9984028159274008,0.0,1.3,ml100k,popularity,mmr,2,100,0.5193944533772372
617,0.0,0.9986530398618564,0.0,0.9,ml100k,popularity,mmr,2,100,0.2748420024804415
622,0.0,0.98949780357206,0.0,0.9,ml100k,popularity,mmr,2,100,0.3860659379333822
623,0.0,0.9993842766274924,0.0,0.9,ml100k,popularity,mmr,2,100,0.3698448579190498
630,0.0,1.0,0.0,1.3,ml100k,popularity,mmr,2,100,0.4740876849737025
646,0.0,0.998380467609206,0.0,1.3,ml100k,popularity,mmr,2,100,0.5038010145646594
650,0.0,1.0,0.0,1.3,ml100k,popularity,mmr,2,100,0.4898010934175448
691,0.0,1.0,0.0,1.3,ml100k,popularity,mmr,2,100,0.4525561577470985
694,0.0,0.9993252971938432,0.0,1.3,ml100k,popularity,mmr,2,100,0.5337506556818484
706,0.0,0.997165661914144,0.0,1.1,ml100k,popularity,mmr,2,100,0.4475212068685864
719,0.0,0.997347110439184,0.0,0.9,ml100k,popularity,mmr,2,100,0.3729462905605158
720,0.0,0.9946958701164088,0.0,0.9,ml100k,popularity,mmr,2,100,0.3948144650362536
755,0.0,1.0,0.0,1.5,ml100k,popularity,mmr,2,100,0.4805069246068276
762,0.0,0.9936624832231628,0.0,0.7,ml100k,popularity,mmr,2,100,0.3715870419749931
770,0.0,0.9938211503656508,0.0,1.1,ml100k,popularity,mmr,2,100,0.4023865999461917
773,0.0,1.0,0.0,0.6,ml100k,popularity,mmr,2,100,0.3029664684823124
780,0.0,0.9997393736198172,0.0,1.5,ml100k,popularity,mmr,2,100,0.501536729133479
792,0.0,0.9984028159274008,0.0,1.3,ml100k,popularity,mmr,2,100,0.5193944533772372
794,0.0,1.0,0.0,1.3,ml100k,popularity,mmr,2,100,0.4686152284700158
802,0.0,0.9995881185448454,0.0,1.3,ml100k,popularity,mmr,2,100,0.4160883261718053
811,0.0,1.0,0.0,1.1,ml100k,popularity,mmr,2,100,0.4151558362646638
819,0.0,1.0,0.0,1.5,ml100k,popularity,mmr,2,100,0.4770672322960311
824,0.0,0.9983955482037804,0.0,1.1,ml100k,popularity,mmr,2,100,0.5179041899891348
825,0.0,1.0,0.0,1.3,ml100k,popularity,mmr,2,100,0.4773402322030811
827,0.0,1.0,0.0,1.0,ml100k,popularity,mmr,2,100,0.380661033000842
848,0.0,0.9993252971938432,0.0,1.3,ml100k,popularity,mmr,2,100,0.5337506556818484
849,0.3868528072345416,0.9981453524194004,1.0,0.6,ml100k,popularity,mmr,2,100,0.2892527801117791
865,0.0,0.9963060262968412,0.0,1.3,ml100k,popularity,mmr,2,100,0.4273211045051655
871,0.0,0.9984039933477518,0.0,1.1,ml100k,popularity,mmr,2,100,0.4746897881425041
890,0.0,1.0,0.0,1.5,ml100k,popularity,mmr,2,100,0.4665014365236971
897,0.0,0.989809870934572,0.0,1.1,ml100k,popularity,mmr,2,100,0.3756717828242724
940,0.0,1.0,0.0,1.1,ml100k,popularity,mmr,2,100,0.4339608180191696
35,0.0,0.9791448888969164,0.0,0.2,ml100k,popularity,quota_mmr,2,100,0.3078146008666922
36,0.0,0.8948352790404868,0.0,0.2,ml100k,popularity,quota_mmr,2,100,0.3879297409145351
47,0.0,0.9359584727411212,0.0,0.2,ml100k,popularity,quota_mmr,2,100,0.380451677061646
53,0.0,0.8885584144203574,0.0,0.2,ml100k,popularity,quota_mmr,2,100,0.3986719191375535
71,0.430676558073393,0.9000546218491667,1.0,0.3,ml100k,popularity,quota_mmr,2,100,0.3861812558049374
78,0.0,0.8605027364809199,0.0,0.2,ml100k,popularity,quota_mmr,2,100,0.3471840971299201
90,0.0,0.9001889541263455,0.0,0.3,ml100k,popularity,quota_mmr,2,100,0.3636090182654909
92,0.0,0.9111320919645584,0.0,0.3,ml100k,popularity,quota_mmr,2,100,0.3580875611523288
94,0.0,0.9599029273163516,0.0,0.3,ml100k,popularity,quota_mmr,2,100,0.3268042807797113
96,0.0,0.894567668052196,0.0,0.2,ml100k,popularity,quota_mmr,2,100,0.3646449004891894
130,0.3333333333333333,0.8999330855904302,1.0,0.3,ml100k,popularity,quota_mmr,2,100,0.3174247661019034
161,0.0,0.9250215337757306,0.0,0.2,ml100k,popularity,quota_mmr,2,100,0.3244714869720588
165,0.0,0.9152977903139704,0.0,0.2,ml100k,popularity,quota_mmr,2,100,0.3448549605316863
173,0.0,0.918956153207254,0.0,0.3,ml100k,popularity,quota_mmr,2,100,0.3723703734259084
182,0.0,0.9250129440023456,0.0,0.3,ml100k,popularity,quota_mmr,2,100,0.3448012736928353
192,0.0,0.9065738786736304,0.0,0.3,ml100k,popularity,quota_mmr,2,100,0.3727088093814832
196,0.0,0.9605985270533256,0.0,0.2,ml100k,popularity,quota_mmr,2,100,0.286821798723127
200,0.0,0.9335308837900684,0.0,0.2,ml100k,popularity,quota_mmr,2,100,0.346884475005721
203,0.0,0.8789691934975435,0.0,0.2,ml100k,popularity,quota_mmr,2,100,0.3768036923373025
221,0.0,0.9363073272340454,0.0,0.2,ml100k,popularity,quota_mmr,2,100,0.3063059630363629
225,0.0,0.9677249277210664,0.0,0.2,ml100k,popularity,quota_mmr,2,100,0.2731715491464569
236,0.3333333333333333,0.9674809612360652,1.0,0.3,ml100k,popularity,quota_mmr,2,100,0.3301420207007065
243,0.0,0.8814319071755922,0.0,0.2,ml100k,popularity,quota_mmr,2,100,0.3377419463247625
252,0.0,0.9015133997034616,0.0,0.3,ml100k,popularity,quota_mmr,2,100,0.3652272014360974
264,0.0,0.9069241670822508,0.0,0.3,ml100k,popularity,quota_mmr,2,100,0.3685630210299496
284,0.0,0.9038805849921484,0.0,0.3,ml100k,popularity,quota_mmr,2,100,0.3782919675658639
285,0.3562071871080222,0.8933582631357525,1.0,0.2,ml100k,popularity,quota_mmr,2,100,0.3891447967209411
294,0.0,0.8752154785679735,0.0,0.2,ml100k,popularity,quota_mmr,2,100,0.383545889572855
306,0.0,0.8872738226409338,0.0,0.3,ml100k,popularity,quota_mmr,2,100,0.3714830443603556
316,0.0,0.89230135631477,0.0,0.2,ml100k,popularity,quota_mmr,2,100,0.3900036974309024
334,0.5,0.8688730653102666,1.0,0.2,ml100k,popularity,quota_mmr,2,100,0.383545889572855
345,0.0,0.9221313101941786,0.0,0.2,ml100k,popularity,quota_mmr,2,100,0.363763333837997
350,0.6309297535714575,0.8702096085895061,1.0,0.2,ml100k,popularity,quota_mmr,2,100,0.3910533161442809
369,0.0,0.8664653884709824,0.0,0.2,ml100k,popularity,quota_mmr,2,100,0.3982613625954063
371,0.0,0.8804106768321067,0.0,0.2,ml100k,popularity,quota_mmr,2,100,0.3900512384970581
375,0.0,0.9329260360538943,0.0,0.2,ml100k,popularity,quota_mmr,2,100,0.3409567081024365
383,0.0,0.9094666468346948,0.0,0.2,ml100k,popularity,quota_mmr,2,100,0.4027941851223992
404,0.0,0.9266814843111028,0.0,0.2,ml100k,popularity,quota_mmr,2,100,0.3827878043528671
406,0.0,0.9738100196937752,0.0,0.3,ml100k,popularity,quota_mmr,2,100,0.3565025814749129
407,0.0,0.9629053147055232,0.0,0.2,ml100k,popularity,quota_mmr,2,100,0.4063313858376753
413,0.0,0.8958777272721374,0.0,0.3,ml100k,popularity,quota_mmr,2,100,0.3727088093814832
414,0.0,0.9744410603871054,0.0,0.2,ml100k,popularity,quota_mmr,2,100,0.3553899550948921
422,0.0,0.895197404376363,0.0,0.2,ml100k,popularity,quota_mmr,2,100,0.3664895065929964
430,0.0,0.971836335515059,0.0,0.2,ml100k,popularity,quota_mmr,2,100,0.2990778477672223
433,0.0,0.9584465620235816,0.0,0.3,ml100k,popularity,quota_mmr,2,100,0.3389970407579988
449,0.0,0.9306912296893024,0.0,0.3,ml100k,popularity,quota_mmr,2,100,0.3532800252707208
453,0.0,0.8990919135026944,0.0,0.2,ml100k,popularity,quota_mmr,2,100,0.4063313858376753
454,1.0,0.89618778781269,1.0,0.2,ml100k,popularity,quota_mmr,2,100,0.3867956239441981
463,0.0,0.9118221496036488,0.0,0.3,ml100k,popularity,quota_mmr,2,100,0.3677308381343271
472,0.0,0.9458789726192208,0.0,0.2,ml100k,popularity,quota_mmr,2,100,0.3694103757274957
473,0.3154648767857287,0.9289682293946828,1.0,0.3,ml100k,popularity,quota_mmr,2,100,0.3568967507843926
474,0.0,0.916472914200578,0.0,0.2,ml100k,popularity,quota_mmr,2,100,0.3799015974854695
480,0.3562071871080222,0.9016759638739396,1.0,0.3,ml100k,popularity,quota_mmr,2,100,0.3854080047528129
486,0.0,0.9789146167599756,0.0,0.2,ml100k,popularity,quota_mmr,2,100,0.3129047750548267
489,0.0,0.9236215438411052,0.0,0.2,ml100k,popularity,quota_mmr,2,100,0.3334805567222421
511,0.0,0.9627011818500454,0.0,0.3,ml100k,popularity,quota_mmr,2,100,0.3401406203649292
513,0.0,0.9713706775225142,0.0,0.3,ml100k,popularity,quota_mmr,2,100,0.3304786882287799
541,0.0,0.8854855738267053,0.0,0.2,ml100k,popularity,quota_mmr,2,100,0.4386348764992912
543,0.0,0.8928185008908271,0.0,0.3,ml100k,popularity,quota_mmr,2,100,0.3914154713187664
545,0.2890648263178879,0.8803301044361559,1.0,0.3,ml100k,popularity,quota_mmr,2,100,0.3538756628490456
554,0.0,0.8474651870716156,0.0,0.3,ml100k,popularity,quota_mmr,2,100,0.3502656933509694
567,0.0,0.8571530130033164,0.0,0.2,ml100k,popularity,quota_mmr,2,100,0.3731490845454414
568,0.0,0.8873414140349929,0.0,0.2,ml100k,popularity,quota_mmr,2,100,0.3706324660964299
582,0.0,0.9377173748140758,0.0,0.3,ml100k,popularity,quota_mmr,2,100,0.3603175409629852
588,0.0,0.9455636439750348,0.0,0.2,ml100k,popularity,quota_mmr,2,100,0.3635312752709956
590,0.0,0.945464014888568,0.0,0.3,ml100k,popularity,quota_mmr,2,100,0.2977254619752071
591,0.0,0.8702349446632301,0.0,0.2,ml100k,popularity,quota_mmr,2,100,0.3757935138070521
600,0.0,0.9739088131610728,0.0,0.2,ml100k,popularity,quota_mmr,2,100,0.319639508403486
614,0.0,0.8805969654356083,0.0,0.2,ml100k,popularity,quota_mmr,2,100,0.3772582542505066
617,0.0,0.9314430230102974,0.0,0.3,ml100k,popularity,quota_mmr,2,100,0.2873089513045598
622,0.0,0.9394185965521368,0.0,0.3,ml100k,popularity,quota_mmr,2,100,0.3493403714688928
623,0.0,0.9396504293542476,0.0,0.2,ml100k,popularity,quota_mmr,2,100,0.36156776170946
630,0.0,0.8633630287387775,0.0,0.2,ml100k,popularity,quota_mmr,2,100,0.3858790519846771
646,0.0,0.8786076110458629,0.0,0.2,ml100k,popularity,quota_mmr,2,100,0.3548884387114229
650,0.0,0.8972126062282911,0.0,0.2,ml100k,popularity,quota_mmr,2,100,0.390125729841444
691,0.0,0.9278955722936164,0.0,0.2,ml100k,popularity,quota_mmr,2,100,0.368985317017397
694,0.0,0.8854855738267053,0.0,0.2,ml100k,popularity,quota_mmr,2,100,0.4386348764992912
706,0.0,0.9332962452595964,0.0,0.2,ml100k,popularity,quota_mmr,2,100,0.3694934798307514
719,0.0,0.9313959893621374,0.0,0.3,ml100k,popularity,quota_mmr,2,100,0.2947037018066846
720,0.0,0.9375276050699186,0.0,0.2,ml100k,popularity,quota_mmr,2,100,0.3579018326444581
755,0.430676558073393,0.8574151105840428,1.0,0.3,ml100k,popularity,quota_mmr,2,100,0.3641590856868872
762,0.0,0.9632294785677892,0.0,0.2,ml100k,popularity,quota_mmr,2,100,0.3478821194706428
770,0.0,0.9135774966758712,0.0,0.3,ml100k,popularity,quota_mmr,2,100,0.3284905541992265
773,0.0,0.972558972399865,0.0,0.2,ml100k,popularity,quota_mmr,2,100,0.2952910522905514
780,0.0,0.8577053620016948,0.0,0.2,ml100k,popularity,quota_mmr,2,100,0.360933760918464
792,0.0,0.8805969654356083,0.0,0.2,ml100k,popularity,quota_mmr,2,100,0.3772582542505066
794,0.0,0.8982574009610838,0.0,0.3,ml100k,popularity,quota_mmr,2,100,0.3714830443603556
802,0.0,0.8957378952133533,0.0,0.3,ml100k,popularity,quota_mmr,2,100,0.3491526815779678
811,0.0,0.9139731478189868,0.0,0.2,ml100k,popularity,quota_mmr,2,100,0.3584155016750238
819,0.0,0.8714606143426338,0.0,0.2,ml100k,popularity,quota_mmr,2,100,0.3557871787648885
824,0.0,0.910389898074967,0.0,0.2,ml100k,popularity,quota_mmr,2,100,0.4079717332292423
825,0.0,0.8888991317516758,0.0,0.2,ml100k,popularity,quota_mmr,2,100,0.3960038401815196
827,0.0,0.9456883502444564,0.0,0.3,ml100k,popularity,quota_mmr,2,100,0.3422319323052939
848,0.0,0.8854855738267053,0.0,0.2,ml100k,popularity,quota_mmr,2,100,0.4386348764992912
849,0.3868528072345416,0.9763401414697508,1.0,0.2,ml100k,popularity,quota_mmr,2,100,0.2664173326158134
865,0.0,0.8875637446688481,0.0,0.2,ml100k,popularity,quota_mmr,2,100,0.3386449545828466
871,0.0,0.8998443813225983,0.0,0.3,ml100k,popularity,quota_mmr,2,100,0.3746982569331838
890,0.0,0.8651314499138788,0.0,0.3,ml100k,popularity,quota_mmr,2,100,0.3469879998989681
897,0.0,0.9164758927339682,0.0,0.2,ml100k,popularity,quota_mmr,2,100,0.3581532113941977
940,0.0,0.9096765106235772,0.0,0.2,ml100k,popularity,quota_mmr,2,100,0.3720796215979872
35,0.0,0.9692490574693026,0.0,0.2,ml100k,popularity,balanced_quota,2,100,0.295616665844564
36,0.0,0.8948352790404868,0.0,0.2,ml100k,popularity,balanced_quota,2,100,0.3879297409145351
47,0.0,0.9300721466374452,0.0,0.2,ml100k,popularity,balanced_quota,2,100,0.3765729457740246
53,0.0,0.8873511193146241,0.0,0.2,ml100k,popularity,balanced_quota,2,100,0.3988407003192371
71,0.430676558073393,0.8970759114336841,1.0,0.2,ml100k,popularity,balanced_quota,2,100,0.396359419590227
78,0.0,0.8605027364809199,0.0,0.2,ml100k,popularity,balanced_quota,2,100,0.3471840971299201
90,0.0,0.9052532399124008,0.0,0.2,ml100k,popularity,balanced_quota,2,100,0.3776977965184146
92,0.0,0.9088697724178884,0.0,0.2,ml100k,popularity,balanced_quota,2,100,0.3534061472146733
94,0.0,0.9547165870719306,0.0,0.2,ml100k,popularity,balanced_quota,2,100,0.3151321656028519
96,0.0,0.894567668052196,0.0,0.2,ml100k,popularity,balanced_quota,2,100,0.3646449004891894
130,0.0,0.8850405063705963,0.0,0.2,ml100k,popularity,balanced_quota,2,100,0.308042431178125
161,0.0,0.9227484848686216,0.0,0.2,ml100k,popularity,balanced_quota,2,100,0.3132543649724297
165,0.0,0.9198629122598688,0.0,0.2,ml100k,popularity,balanced_quota,2,100,0.3562472975464573
173,0.0,0.9195114759831248,0.0,0.2,ml100k,popularity,balanced_quota,2,100,0.3702587207011683
182,0.0,0.9257926000920784,0.0,0.2,ml100k,popularity,balanced_quota,2,100,0.3400955460333728
192,0.0,0.9035863374460148,0.0,0.2,ml100k,popularity,balanced_quota,2,100,0.3762452201657001
196,0.0,0.9278434421284164,0.0,0.2,ml100k,popularity,balanced_quota,2,100,0.2481450793401813
200,0.0,0.9335308837900684,0.0,0.2,ml100k,popularity,balanced_quota,2,100,0.346884475005721
203,0.0,0.8789691934975435,0.0,0.2,ml100k,popularity,balanced_quota,2,100,0.3768036923373025
221,0.0,0.9269326573274528,0.0,0.2,ml100k,popularity,balanced_quota,2,100,0.302006368993895
225,0.0,0.9672964647253504,0.0,0.2,ml100k,popularity,balanced_quota,2,100,0.2761785423799725
236,0.3333333333333333,0.9678070205813752,1.0,0.2,ml100k,popularity,balanced_quota,2,100,0.3408328068846974
243,0.0,0.8771884668518152,0.0,0.2,ml100k,popularity,balanced_quota,2,100,0.3364139023699356
252,0.0,0.8938084633612927,0.0,0.2,ml100k,popularity,balanced_quota,2,100,0.3564316162038804
264,0.0,0.902413353167694,0.0,0.2,ml100k,popularity,balanced_quota,2,100,0.3691350124244411
284,0.0,0.9010187746870564,0.0,0.2,ml100k,popularity,balanced_quota,2,100,0.3818040052648287
285,0.3562071871080222,0.8933582631357525,1.0,0.2,ml100k,popularity,balanced_quota,2,100,0.3891447967209411
294,0.0,0.8752154785679735,0.0,0.2,ml100k,popularity,balanced_quota,2,100,0.383545889572855
306,0.0,0.8844489035056619,0.0,0.2,ml100k,popularity,balanced_quota,2,100,0.3710009498365873
316,0.0,0.89230135631477,0.0,0.2,ml100k,popularity,balanced_quota,2,100,0.3900036974309024
334,0.5,0.8688730653102666,1.0,0.2,ml100k,popularity,balanced_quota,2,100,0.383545889572855
345,0.0,0.9196989810725372,0.0,0.2,ml100k,popularity,balanced_quota,2,100,0.3644872669796942
350,0.6309297535714575,0.8672894227860765,1.0,0.2,ml100k,popularity,balanced_quota,2,100,0.3837503307030892
369,0.0,0.8664653884709824,0.0,0.2,ml100k,popularity,balanced_quota,2,100,0.3982613625954063
371,0.0,0.8783313335339759,0.0,0.2,ml100k,popularity,balanced_quota,2,100,0.3843942159787316
375,0.0,0.9329260360538943,0.0,0.2,ml100k,popularity,balanced_quota,2,100,0.3409567081024365
383,0.0,0.9094666468346948,0.0,0.2,ml100k,popularity,balanced_quota,2,100,0.4027941851223992
404,0.0,0.9229281071164908,0.0,0.2,ml100k,popularity,balanced_quota,2,100,0.3779353929778752
406,0.0,0.9703777344232838,0.0,0.2,ml100k,popularity,balanced_quota,2,100,0.3608867384824687
407,0.0,0.9605577242317174,0.0,0.2,ml100k,popularity,balanced_quota,2,100,0.4027532588003643
413,0.0,0.8929254343503032,0.0,0.2,ml100k,popularity,balanced_quota,2,100,0.3762452201657001
414,0.0,0.9717870831043322,0.0,0.2,ml100k,popularity,balanced_quota,2,100,0.3430636954968221
422,0.0,0.895197404376363,0.0,0.2,ml100k,popularity,balanced_quota,2,100,0.3664895065929964
430,0.0,0.9704665095743048,0.0,0.2,ml100k,popularity,balanced_quota,2,100,0.3002550156118172
433,0.0,0.9548959669265084,0.0,0.2,ml100k,popularity,balanced_quota,2,100,0.3370502943096899
449,0.0,0.918907098774544,0.0,0.2,ml100k,popularity,balanced_quota,2,100,0.3403272105107673
453,0.0,0.894561756213888,0.0,0.2,ml100k,popularity,balanced_quota,2,100,0.3852707755873545
454,1.0,0.8846586972651403,1.0,0.2,ml100k,popularity,balanced_quota,2,100,0.3731134054042246
463,0.0,0.9087951744686305,0.0,0.2,ml100k,popularity,balanced_quota,2,100,0.3676056489242446
472,0.0,0.9410939992322748,0.0,0.2,ml100k,popularity,balanced_quota,2,100,0.3616798751401352
473,0.3154648767857287,0.9310292329769134,1.0,0.2,ml100k,popularity,balanced_quota,2,100,0.3614734826900206
474,0.0,0.9106393049707558,0.0,0.2,ml100k,popularity,balanced_quota,2,100,0.352583717468564
480,0.3562071871080222,0.9010187746870564,1.0,0.2,ml100k,popularity,balanced_quota,2,100,0.3818040052648287
486,0.0,0.9789146167599756,0.0,0.2,ml100k,popularity,balanced_quota,2,100,0.3129047750548267
489,0.0,0.9236215438411052,0.0,0.2,ml100k,popularity,balanced_quota,2,100,0.3334805567222421
511,0.0,0.9574841024645446,0.0,0.2,ml100k,popularity,balanced_quota,2,100,0.3374875239404633
513,0.0,0.9609263732834218,0.0,0.2,ml100k,popularity,balanced_quota,2,100,0.3301399974031357
541,0.0,0.8834614654082356,0.0,0.2,ml100k,popularity,balanced_quota,2,100,0.431605831700925
543,0.0,0.8933582631357525,0.0,0.2,ml100k,popularity,balanced_quota,2,100,0.3891447967209411
545,0.0,0.8796763633714877,0.0,0.2,ml100k,popularity,balanced_quota,2,100,0.3609354318308239
554,0.0,0.8404184196703907,0.0,0.2,ml100k,popularity,balanced_quota,2,100,0.3351300013612574
567,0.0,0.8571530130033164,0.0,0.2,ml100k,popularity,balanced_quota,2,100,0.3731490845454414
568,0.0,0.8819684933239552,0.0,0.2,ml100k,popularity,balanced_quota,2,100,0.3520986252398203
582,0.0,0.9329242271857744,0.0,0.2,ml100k,popularity,balanced_quota,2,100,0.363596864685591
588,0.0,0.9484128608377438,0.0,0.2,ml100k,popularity,balanced_quota,2,100,0.3738542446586155
590,0.0,0.9490344471500058,0.0,0.2,ml100k,popularity,balanced_quota,2,100,0.306840224843639
591,0.0,0.8702349446632301,0.0,0.2,ml100k,popularity,balanced_quota,2,100,0.3757935138070521
600,0.0,0.9739088131610728,0.0,0.2,ml100k,popularity,balanced_quota,2,100,0.319639508403486
614,0.0,0.8805969654356083,0.0,0.2,ml100k,popularity,balanced_quota,2,100,0.3772582542505066
617,0.0,0.9215467305649367,0.0,0.2,ml100k,popularity,balanced_quota,2,100,0.280766016546031
622,0.0,0.930304536461812,0.0,0.2,ml100k,popularity,balanced_quota,2,100,0.3430550309970301
623,0.0,0.937212761271089,0.0,0.2,ml100k,popularity,balanced_quota,2,100,0.3543578984877137
630,0.0,0.856813906760855,0.0,0.2,ml100k,popularity,balanced_quota,2,100,0.3759894845022917
646,0.0,0.8953004355877787,0.0,0.2,ml100k,popularity,balanced_quota,2,100,0.3750099551167418
650,0.0,0.8937471107356069,0.0,0.2,ml100k,popularity,balanced_quota,2,100,0.4003470758982629
691,0.0,0.9278955722936164,0.0,0.2,ml100k,popularity,balanced_quota,2,100,0.368985317017397
694,0.0,0.8834614654082356,0.0,0.2,ml100k,popularity,balanced_quota,2,100,0.431605831700925
706,0.0,0.9312630855235248,0.0,0.2,ml100k,popularity,balanced_quota,2,100,0.3830271737281988
719,0.0,0.9065630549927576,0.0,0.2,ml100k,popularity,balanced_quota,2,100,0.2773754208523895
720,0.0,0.936090613558674,0.0,0.2,ml100k,popularity,balanced_quota,2,100,0.3584726578778724
755,0.430676558073393,0.8539142751038127,1.0,0.2,ml100k,popularity,balanced_quota,2,100,0.358513378836911
762,0.0,0.958834996321778,0.0,0.2,ml100k,popularity,balanced_quota,2,100,0.3497906971795122
770,0.0,0.9153463242654316,0.0,0.2,ml100k,popularity,balanced_quota,2,100,0.3264721277971585
773,0.0,0.9671673268073566,0.0,0.2,ml100k,popularity,balanced_quota,2,100,0.280173203282815
780,0.0,0.8577053620016948,0.0,0.2,ml100k,popularity,balanced_quota,2,100,0.360933760918464
792,0.0,0.8805969654356083,0.0,0.2,ml100k,popularity,balanced_quota,2,100,0.3772582542505066
794,0.0,0.8953975121019468,0.0,0.2,ml100k,popularity,balanced_quota,2,100,0.3710009498365873
802,0.0,0.886318617191123,0.0,0.2,ml100k,popularity,balanced_quota,2,100,0.345537597072751
811,0.0,0.9139731478189868,0.0,0.2,ml100k,popularity,balanced_quota,2,100,0.3584155016750238
819,0.0,0.8647485421726897,0.0,0.2,ml100k,popularity,balanced_quota,2,100,0.3386139003040038
824,0.0,0.910389898074967,0.0,0.2,ml100k,popularity,balanced_quota,2,100,0.4079717332292423
825,0.0,0.8876935676864458,0.0,0.2,ml100k,popularity,balanced_quota,2,100,0.3957506452113815
827,0.0,0.946766289856823,0.0,0.2,ml100k,popularity,balanced_quota,2,100,0.3505110084998036
848,0.0,0.8834614654082356,0.0,0.2,ml100k,popularity,balanced_quota,2,100,0.431605831700925
849,0.3868528072345416,0.9763401414697508,1.0,0.2,ml100k,popularity,balanced_quota,2,100,0.2664173326158134
865,0.2890648263178879,0.8881349207514767,1.0,0.2,ml100k,popularity,balanced_quota,2,100,0.3423758798841648
871,0.0,0.8953423178988384,0.0,0.2,ml100k,popularity,balanced_quota,2,100,0.3757707020314521
890,0.0,0.8642026384842707,0.0,0.2,ml100k,popularity,balanced_quota,2,100,0.3434354106144153
897,0.0,0.9153214311164248,0.0,0.2,ml100k,popularity,balanced_quota,2,100,0.3577048895750306
940,0.0,0.9059507253553593,0.0,0.2,ml100k,popularity,balanced_quota,2,100,0.3735885192318577
35,0.0,0.8124909074227278,0.0,0.2,ml100k,popularity,qubo_feasible,2,100,0.2009328059167478
36,0.0,0.805674285289966,0.0,0.2,ml100k,popularity,qubo_feasible,2,100,0.3277687391130148
47,0.0,0.8310736133632649,0.0,0.2,ml100k,popularity,qubo_feasible,2,100,0.2771943361587621
53,0.3154648767857287,0.7979101187195236,1.0,0.2,ml100k,popularity,qubo_feasible,2,100,0.3166385774704875
71,0.0,0.8043782945893873,0.0,0.2,ml100k,popularity,qubo_feasible,2,100,0.3190689557913186
78,0.0,0.8304861018536895,0.0,0.2,ml100k,popularity,qubo_feasible,2,100,0.324750055510726
90,0.0,0.7947103374402843,0.0,0.2,ml100k,popularity,qubo_feasible,2,100,0.2988632502423052
92,0.0,0.8270580161467552,0.0,0.2,ml100k,popularity,qubo_feasible,2,100,0.3037786625399017
94,0.0,0.8434661420487017,0.0,0.2,ml100k,popularity,qubo_feasible,2,100,0.2557721554237241
96,0.0,0.812518976424096,0.0,0.2,ml100k,popularity,qubo_feasible,2,100,0.3000739560092407
130,0.0,0.776018782573208,0.0,0.2,ml100k,popularity,qubo_feasible,2,100,0.2518312214582138
161,0.0,0.8314570812648138,0.0,0.2,ml100k,popularity,qubo_feasible,2,100,0.2681644923390922
165,0.0,0.8605464812884386,0.0,0.2,ml100k,popularity,qubo_feasible,2,100,0.3024562920794086
173,0.0,0.8745051696408346,0.0,0.2,ml100k,popularity,qubo_feasible,2,100,0.3244949468232286
182,0.0,0.8498283912553752,0.0,0.2,ml100k,popularity,qubo_feasible,2,100,0.2829584794143622
192,0.0,0.8309156798291559,0.0,0.2,ml100k,popularity,qubo_feasible,2,100,0.3168865603294279
196,0.0,0.7201489024372488,0.0,0.2,ml100k,popularity,qubo_feasible,2,100,0.1245932029289596
200,0.0,0.8137276988890884,0.0,0.2,ml100k,popularity,qubo_feasible,2,100,0.2694563332786659
203,0.0,0.7746462186303923,0.0,0.2,ml100k,popularity,qubo_feasible,2,100,0.3144491629886162
221,0.0,0.8490128559083073,0.0,0.2,ml100k,popularity,qubo_feasible,2,100,0.2640496495958707
225,0.0,0.7696638137821884,0.0,0.2,ml100k,popularity,qubo_feasible,2,100,0.1679857673890048
236,0.0,0.7587796178601103,0.0,0.2,ml100k,popularity,qubo_feasible,2,100,0.2074214811085072
243,0.0,0.786625379825075,0.0,0.2,ml100k,popularity,qubo_feasible,2,100,0.2755243653386697
252,0.0,0.8294848913976759,0.0,0.2,ml100k,popularity,qubo_feasible,2,100,0.3053127314959439
264,0.0,0.8467746546031926,0.0,0.2,ml100k,popularity,qubo_feasible,2,100,0.3271455551193049
284,0.0,0.8259476115727137,0.0,0.2,ml100k,popularity,qubo_feasible,2,100,0.347516311690193
285,0.5,0.7842844985409052,1.0,0.2,ml100k,popularity,qubo_feasible,2,100,0.2933905919063881
294,0.0,0.827590617834588,0.0,0.2,ml100k,popularity,qubo_feasible,2,100,0.3312361509273261
306,0.0,0.835348318575171,0.0,0.2,ml100k,popularity,qubo_feasible,2,100,0.3294319520133541
316,0.0,0.7992129802591559,0.0,0.2,ml100k,popularity,qubo_feasible,2,100,0.3307722894970185
334,0.5,0.82914349262944,1.0,0.2,ml100k,popularity,qubo_feasible,2,100,0.340782466451393
345,0.0,0.8492380417515584,0.0,0.2,ml100k,popularity,qubo_feasible,2,100,0.2937743256967299
350,1.0,0.7444812400114543,1.0,0.2,ml100k,popularity,qubo_feasible,2,100,0.3024566478464778
369,0.0,0.7255327128198039,0.0,0.2,ml100k,popularity,qubo_feasible,2,100,0.2878102150885159
371,0.0,0.7921985154467412,0.0,0.2,ml100k,popularity,qubo_feasible,2,100,0.2944406767346121
375,0.0,0.7599599230625675,0.0,0.2,ml100k,popularity,qubo_feasible,2,100,0.2354211572594299
383,0.0,0.7941874964496641,0.0,0.2,ml100k,popularity,qubo_feasible,2,100,0.2891346820041778
404,0.0,0.8798207844738168,0.0,0.2,ml100k,popularity,qubo_feasible,2,100,0.3192037029666288
406,0.0,0.8962036820713669,0.0,0.2,ml100k,popularity,qubo_feasible,2,100,0.3030823192131786
407,0.0,0.8187326939390758,0.0,0.2,ml100k,popularity,qubo_feasible,2,100,0.2625862719598992
413,0.0,0.8635369439492653,0.0,0.2,ml100k,popularity,qubo_feasible,2,100,0.3446504203719082
414,0.0,0.8018377435060905,0.0,0.2,ml100k,popularity,qubo_feasible,2,100,0.2247662160043296
422,0.0,0.7925907148235439,0.0,0.2,ml100k,popularity,qubo_feasible,2,100,0.2900050721514586
430,0.0,0.7601085274593957,0.0,0.2,ml100k,popularity,qubo_feasible,2,100,0.1786402537682234
433,0.0,0.8719513288075491,0.0,0.2,ml100k,popularity,qubo_feasible,2,100,0.2787719204468153
449,0.0,0.8289097466784126,0.0,0.2,ml100k,popularity,qubo_feasible,2,100,0.2805766289809835
453,0.0,0.7951774896584382,0.0,0.2,ml100k,popularity,qubo_feasible,2,100,0.3072658700078259
454,1.0,0.7550100223698114,1.0,0.2,ml100k,popularity,qubo_feasible,2,100,0.2644550230330812
463,0.0,0.843472290261013,0.0,0.2,ml100k,popularity,qubo_feasible,2,100,0.3207188603503925
472,0.0,0.734068069115891,0.0,0.2,ml100k,popularity,qubo_feasible,2,100,0.2101542123818973
473,0.3562071871080222,0.8489422851012975,1.0,0.2,ml100k,popularity,qubo_feasible,2,100,0.3114424173931175
474,0.3154648767857287,0.784391068585205,1.0,0.2,ml100k,popularity,qubo_feasible,2,100,0.2693742574929178
480,0.430676558073393,0.8301225649517225,1.0,0.2,ml100k,popularity,qubo_feasible,2,100,0.3324375489810665
486,0.0,0.8911314866105121,0.0,0.2,ml100k,popularity,qubo_feasible,2,100,0.2216866360346061
489,0.0,0.8416540792179324,0.0,0.2,ml100k,popularity,qubo_feasible,2,100,0.282673027767747
511,0.0,0.7903006028506704,0.0,0.2,ml100k,popularity,qubo_feasible,2,100,0.2259789127408692
513,0.0,0.7870375488015818,0.0,0.2,ml100k,popularity,qubo_feasible,2,100,0.2141721643604449
541,0.0,0.7968603088309616,0.0,0.2,ml100k,popularity,qubo_feasible,2,100,0.3702354395150409
543,0.0,0.7753404682205691,0.0,0.2,ml100k,popularity,qubo_feasible,2,100,0.3159676595715177
545,0.3333333333333333,0.8100711503085214,1.0,0.2,ml100k,popularity,qubo_feasible,2,100,0.3052523652618404
554,0.0,0.7990144008445015,0.0,0.2,ml100k,popularity,qubo_feasible,2,100,0.3145259012819031
567,0.0,0.7883122349705124,0.0,0.2,ml100k,popularity,qubo_feasible,2,100,0.3376068699095698
568,0.0,0.8489188858181096,0.0,0.2,ml100k,popularity,qubo_feasible,2,100,0.324586130533932
582,0.0,0.8568529979315046,0.0,0.2,ml100k,popularity,qubo_feasible,2,100,0.3128950736141118
588,0.0,0.7926445442699552,0.0,0.2,ml100k,popularity,qubo_feasible,2,100,0.2581813430764914
590,0.0,0.8531880570743626,0.0,0.2,ml100k,popularity,qubo_feasible,2,100,0.2587653478433177
591,0.0,0.8203298799548199,0.0,0.2,ml100k,popularity,qubo_feasible,2,100,0.3274303337724853
600,0.0,0.7568792836223831,0.0,0.2,ml100k,popularity,qubo_feasible,2,100,0.1916240441240413
614,0.0,0.8514250138917514,0.0,0.2,ml100k,popularity,qubo_feasible,2,100,0.3581223230247445
617,0.2890648263178879,0.7776313346901885,1.0,0.2,ml100k,popularity,qubo_feasible,2,100,0.1690233182284823
622,0.0,0.8277270418431182,0.0,0.2,ml100k,popularity,qubo_feasible,2,100,0.2643337256769251
623,0.0,0.7077559728526323,0.0,0.2,ml100k,popularity,qubo_feasible,2,100,0.2039033232578616
630,0.0,0.7616201197242091,0.0,0.2,ml100k,popularity,qubo_feasible,2,100,0.3080284656383342
646,0.0,0.8336965492759971,0.0,0.2,ml100k,popularity,qubo_feasible,2,100,0.3342144015040606
650,0.0,0.8163419173986955,0.0,0.2,ml100k,popularity,qubo_feasible,2,100,0.334962549190388
691,0.0,0.8224248055810974,0.0,0.2,ml100k,popularity,qubo_feasible,2,100,0.2765934660407899
694,0.0,0.7968603088309616,0.0,0.2,ml100k,popularity,qubo_feasible,2,100,0.3702354395150409
706,0.0,0.8502871977209423,0.0,0.2,ml100k,popularity,qubo_feasible,2,100,0.2913632364877997
719,0.0,0.8212376872910455,0.0,0.2,ml100k,popularity,qubo_feasible,2,100,0.2275464425183545
720,0.0,0.8092159735827892,0.0,0.2,ml100k,popularity,qubo_feasible,2,100,0.2640230767377828
755,0.0,0.8162250283128252,0.0,0.2,ml100k,popularity,qubo_feasible,2,100,0.3334508948931243
762,0.0,0.7858566344406118,0.0,0.2,ml100k,popularity,qubo_feasible,2,100,0.2385627268521724
770,0.0,0.8772779814978153,0.0,0.2,ml100k,popularity,qubo_feasible,2,100,0.3028118815931969
773,0.0,0.6688885331529978,0.0,0.2,ml100k,popularity,qubo_feasible,2,100,0.1417920435587097
780,0.0,0.7961798329455593,0.0,0.2,ml100k,popularity,qubo_feasible,2,100,0.3248211211289434
792,0.0,0.7909040481293064,0.0,0.2,ml100k,popularity,qubo_feasible,2,100,0.3257565565863177
794,0.0,0.8437306774124927,0.0,0.2,ml100k,popularity,qubo_feasible,2,100,0.3366836141023128
802,0.0,0.8202583841123693,0.0,0.2,ml100k,popularity,qubo_feasible,2,100,0.2938582133221405
811,0.0,0.8178452471854559,0.0,0.2,ml100k,popularity,qubo_feasible,2,100,0.2791235830509249
819,0.0,0.8237462846508425,0.0,0.2,ml100k,popularity,qubo_feasible,2,100,0.3070076038144204
824,0.0,0.8141146846094995,0.0,0.2,ml100k,popularity,qubo_feasible,2,100,0.320080727684862
825,0.0,0.7955291530977024,0.0,0.2,ml100k,popularity,qubo_feasible,2,100,0.308547672644214
827,0.0,0.8314088521409987,0.0,0.2,ml100k,popularity,qubo_feasible,2,100,0.2649477884227733
848,0.0,0.7881447334434203,0.0,0.2,ml100k,popularity,qubo_feasible,2,100,0.3410308270340572
849,0.0,0.8417063048278279,0.0,0.2,ml100k,popularity,qubo_feasible,2,100,0.1926455102229254
865,0.0,0.8387429532452905,0.0,0.2,ml100k,popularity,qubo_feasible,2,100,0.3145494886527132
871,0.0,0.7842640691567884,0.0,0.2,ml100k,popularity,qubo_feasible,2,100,0.3087406868574779
890,0.0,0.8101076869323511,0.0,0.2,ml100k,popularity,qubo_feasible,2,100,0.321630040019128
897,0.0,0.8106960467400675,0.0,0.2,ml100k,popularity,qubo_feasible,2,100,0.2667719040072631
940,0.0,0.8263340940125238,0.0,0.2,ml100k,popularity,qubo_feasible,2,100,0.3098914743192252
35,0.0,0.8126784400351531,0.0,0.2,ml100k,popularity,qubo_tabu,2,100,0.1864587971201743
36,0.0,0.8572190060357685,0.0,0.2,ml100k,popularity,qubo_tabu,2,100,0.3311232214972821
47,0.0,0.904626995022111,0.0,0.2,ml100k,popularity,qubo_tabu,2,100,0.2991848253949155
53,0.0,0.8559762203415643,0.0,0.2,ml100k,popularity,qubo_tabu,2,100,0.3441331362617518
71,0.430676558073393,0.8690726668017625,1.0,0.2,ml100k,popularity,qubo_tabu,2,100,0.3503893177599079
78,0.0,0.8153447774384306,0.0,0.2,ml100k,popularity,qubo_tabu,2,100,0.2990027561134061
90,0.0,0.8668275645379445,0.0,0.2,ml100k,popularity,qubo_tabu,2,100,0.3328854927723557
92,0.0,0.8929187792191042,0.0,0.2,ml100k,popularity,qubo_tabu,2,100,0.3331495785079199
94,0.0,0.8932116054969441,0.0,0.2,ml100k,popularity,qubo_tabu,2,100,0.2618437062070591
96,0.0,0.8179972403738031,0.0,0.2,ml100k,popularity,qubo_tabu,2,100,0.2925702432100872
130,0.0,0.8528427597173937,0.0,0.2,ml100k,popularity,qubo_tabu,2,100,0.275727946974157
161,0.0,0.8832709898557796,0.0,0.2,ml100k,popularity,qubo_tabu,2,100,0.2768418414553701
165,0.0,0.8690852857497781,0.0,0.2,ml100k,popularity,qubo_tabu,2,100,0.2972783005741427
173,0.0,0.8886978476958778,0.0,0.2,ml100k,popularity,qubo_tabu,2,100,0.327197373308863
182,0.0,0.880246697401251,0.0,0.2,ml100k,popularity,qubo_tabu,2,100,0.2783878929074663
192,0.0,0.8897350490513938,0.0,0.2,ml100k,popularity,qubo_tabu,2,100,0.3540080296390439
196,0.0,0.697922991037526,0.0,0.2,ml100k,popularity,qubo_tabu,2,100,0.1106640969021965
200,0.0,0.9174768772552,0.0,0.2,ml100k,popularity,qubo_tabu,2,100,0.323641238916787
203,0.0,0.8155591444692438,0.0,0.2,ml100k,popularity,qubo_tabu,2,100,0.3133088525769521
221,0.0,0.8723794949057692,0.0,0.2,ml100k,popularity,qubo_tabu,2,100,0.2495888771168872
225,0.0,0.7541695439781982,0.0,0.2,ml100k,popularity,qubo_tabu,2,100,0.1551589393727722
236,0.0,0.8435602452013133,0.0,0.2,ml100k,popularity,qubo_tabu,2,100,0.2307624711724511
243,0.0,0.8313759549103711,0.0,0.2,ml100k,popularity,qubo_tabu,2,100,0.293704997852738
252,0.0,0.8379695663738775,0.0,0.2,ml100k,popularity,qubo_tabu,2,100,0.2942620939808367
264,0.0,0.8801263936628282,0.0,0.2,ml100k,popularity,qubo_tabu,2,100,0.3437645966004817
284,0.0,0.8708497536212036,0.0,0.2,ml100k,popularity,qubo_tabu,2,100,0.3453593648474941
285,0.3868528072345416,0.8298533270000297,1.0,0.2,ml100k,popularity,qubo_tabu,2,100,0.3199665508047505
294,0.0,0.8251070185382376,0.0,0.2,ml100k,popularity,qubo_tabu,2,100,0.3188704591780292
306,0.0,0.8759348353481566,0.0,0.2,ml100k,popularity,qubo_tabu,2,100,0.3598643969128974
316,0.0,0.8234148226204919,0.0,0.2,ml100k,popularity,qubo_tabu,2,100,0.3162506805832527
334,0.6309297535714575,0.844210304195714,1.0,0.2,ml100k,popularity,qubo_tabu,2,100,0.333050883246904
345,0.0,0.8834284513496955,0.0,0.2,ml100k,popularity,qubo_tabu,2,100,0.3113385703847336
350,0.0,0.8053726470419101,0.0,0.2,ml100k,popularity,qubo_tabu,2,100,0.3137876844803867
369,0.0,0.8360759637457096,0.0,0.2,ml100k,popularity,qubo_tabu,2,100,0.3293425421537678
371,0.0,0.8484380731149476,0.0,0.2,ml100k,popularity,qubo_tabu,2,100,0.3254059020141698
375,0.0,0.7528767328192358,0.0,0.2,ml100k,popularity,qubo_tabu,2,100,0.2162033381701785
383,0.0,0.8504387167298704,0.0,0.2,ml100k,popularity,qubo_tabu,2,100,0.3165133764773026
404,0.0,0.8705059690695983,0.0,0.2,ml100k,popularity,qubo_tabu,2,100,0.302252212596604
406,0.0,0.9337368808210048,0.0,0.2,ml100k,popularity,qubo_tabu,2,100,0.3150200707847367
407,0.0,0.9053695547516712,0.0,0.2,ml100k,popularity,qubo_tabu,2,100,0.2961176400111652
413,0.0,0.8708459748654477,0.0,0.2,ml100k,popularity,qubo_tabu,2,100,0.347644638905749
414,0.0,0.8574860008069031,0.0,0.2,ml100k,popularity,qubo_tabu,2,100,0.2385035646426659
422,0.0,0.8498981593398872,0.0,0.2,ml100k,popularity,qubo_tabu,2,100,0.308091002430052
430,0.0,0.9072748161260326,0.0,0.2,ml100k,popularity,qubo_tabu,2,100,0.2401926664235878
433,0.0,0.9138257102229336,0.0,0.2,ml100k,popularity,qubo_tabu,2,100,0.2938595097158937
449,0.0,0.8945906474670866,0.0,0.2,ml100k,popularity,qubo_tabu,2,100,0.3090847253565923
453,0.0,0.8513070056131983,0.0,0.2,ml100k,popularity,qubo_tabu,2,100,0.3197224300671343
454,1.0,0.7897846530931523,1.0,0.2,ml100k,popularity,qubo_tabu,2,100,0.2755778901267526
463,0.0,0.8848317651717311,0.0,0.2,ml100k,popularity,qubo_tabu,2,100,0.3461923009270757
472,0.0,0.8221220499082609,0.0,0.2,ml100k,popularity,qubo_tabu,2,100,0.2473746632249042
473,0.3562071871080222,0.8918688143576496,1.0,0.2,ml100k,popularity,qubo_tabu,2,100,0.3247612305569244
474,0.0,0.8933254775049388,0.0,0.2,ml100k,popularity,qubo_tabu,2,100,0.3257558249715503
480,0.3562071871080222,0.8775391730848138,1.0,0.2,ml100k,popularity,qubo_tabu,2,100,0.3534647514992236
486,0.0,0.8613151970046458,0.0,0.2,ml100k,popularity,qubo_tabu,2,100,0.1899079787087998
489,0.0,0.925046369855504,0.0,0.2,ml100k,popularity,qubo_tabu,2,100,0.3347408173660688
511,0.0,0.8355478826021444,0.0,0.2,ml100k,popularity,qubo_tabu,2,100,0.2348115083798972
513,0.0,0.8239715492800189,0.0,0.2,ml100k,popularity,qubo_tabu,2,100,0.2166615311187905
541,0.0,0.825919437286732,0.0,0.2,ml100k,popularity,qubo_tabu,2,100,0.3703700076164488
543,0.0,0.7970614199155266,0.0,0.2,ml100k,popularity,qubo_tabu,2,100,0.3050717094799649
545,0.3333333333333333,0.8507810701277371,1.0,0.2,ml100k,popularity,qubo_tabu,2,100,0.3260680113645803
554,0.0,0.812223743679475,0.0,0.2,ml100k,popularity,qubo_tabu,2,100,0.3112960318835964
567,0.0,0.8425271203106417,0.0,0.2,ml100k,popularity,qubo_tabu,2,100,0.3412116607874222
568,0.0,0.8525406116446319,0.0,0.2,ml100k,popularity,qubo_tabu,2,100,0.3088047435959987
582,0.0,0.9085531837908208,0.0,0.2,ml100k,popularity,qubo_tabu,2,100,0.3375268587920134
588,0.0,0.8819661396876298,0.0,0.2,ml100k,popularity,qubo_tabu,2,100,0.2808469610707197
590,0.0,0.9273894213456518,0.0,0.2,ml100k,popularity,qubo_tabu,2,100,0.2825292117263374
591,0.0,0.8389874869273697,0.0,0.2,ml100k,popularity,qubo_tabu,2,100,0.3304271138064953
600,0.0,0.7899561688060789,0.0,0.2,ml100k,popularity,qubo_tabu,2,100,0.1925888725550528
614,0.0,0.8146559917987689,0.0,0.2,ml100k,popularity,qubo_tabu,2,100,0.3116318140457645
617,0.0,0.8558082037323578,0.0,0.2,ml100k,popularity,qubo_tabu,2,100,0.2010950941110881
622,0.0,0.8500273128369582,0.0,0.2,ml100k,popularity,qubo_tabu,2,100,0.2791549548694974
623,0.0,0.8287106856244055,0.0,0.2,ml100k,popularity,qubo_tabu,2,100,0.2421060119248789
630,0.0,0.7856077252692277,0.0,0.2,ml100k,popularity,qubo_tabu,2,100,0.330467908928479
646,0.0,0.8530036691192946,0.0,0.2,ml100k,popularity,qubo_tabu,2,100,0.3263920500762021
650,0.0,0.8551770607752762,0.0,0.2,ml100k,popularity,qubo_tabu,2,100,0.336587778109138
691,0.0,0.8469296626869497,0.0,0.2,ml100k,popularity,qubo_tabu,2,100,0.2755918040007536
694,0.0,0.825919437286732,0.0,0.2,ml100k,popularity,qubo_tabu,2,100,0.3703700076164488
706,0.0,0.8585330338764467,0.0,0.2,ml100k,popularity,qubo_tabu,2,100,0.2861798596786361
719,0.0,0.9071898555518588,0.0,0.2,ml100k,popularity,qubo_tabu,2,100,0.2679718567568177
720,0.0,0.8979239236384161,0.0,0.2,ml100k,popularity,qubo_tabu,2,100,0.301392696973337
755,0.0,0.8145265247744792,0.0,0.2,ml100k,popularity,qubo_tabu,2,100,0.3212829537332776
762,0.0,0.8938506506640502,0.0,0.2,ml100k,popularity,qubo_tabu,2,100,0.2837796855547713
770,0.0,0.9048988591723216,0.0,0.2,ml100k,popularity,qubo_tabu,2,100,0.3141202939382148
773,0.0,0.6609017086023944,0.0,0.2,ml100k,popularity,qubo_tabu,2,100,0.1293026209601331
780,0.0,0.8391055105408264,0.0,0.2,ml100k,popularity,qubo_tabu,2,100,0.3350149386371419
792,0.0,0.8056949923867227,0.0,0.2,ml100k,popularity,qubo_tabu,2,100,0.3029584897427551
794,0.0,0.8779041578895034,0.0,0.2,ml100k,popularity,qubo_tabu,2,100,0.3518128166010918
802,0.0,0.8457032452291016,0.0,0.2,ml100k,popularity,qubo_tabu,2,100,0.2991986280707506
811,0.0,0.8810924136660125,0.0,0.2,ml100k,popularity,qubo_tabu,2,100,0.3161052844366058
819,0.0,0.8338881866739724,0.0,0.2,ml100k,popularity,qubo_tabu,2,100,0.3082554829790023
824,0.0,0.8435179606454882,0.0,0.2,ml100k,popularity,qubo_tabu,2,100,0.3299312042342773
825,0.0,0.8371013854718619,0.0,0.2,ml100k,popularity,qubo_tabu,2,100,0.3245631111852863
827,0.0,0.9121338019083488,0.0,0.2,ml100k,popularity,qubo_tabu,2,100,0.3040484139384702
848,0.0,0.7451556029811915,0.0,0.2,ml100k,popularity,qubo_tabu,2,100,0.3028688256444444
849,0.0,0.8575526464752207,0.0,0.2,ml100k,popularity,qubo_tabu,2,100,0.188524598254136
865,0.0,0.8713972098722311,0.0,0.2,ml100k,popularity,qubo_tabu,2,100,0.3216897987500851
871,0.0,0.8700920687514888,0.0,0.2,ml100k,popularity,qubo_tabu,2,100,0.3395607707745416
890,0.0,0.8329829161815064,0.0,0.2,ml100k,popularity,qubo_tabu,2,100,0.3156809620198321
897,0.0,0.8910222604634103,0.0,0.2,ml100k,popularity,qubo_tabu,2,100,0.3118560886499158
940,0.0,0.8687252452705476,0.0,0.2,ml100k,popularity,qubo_tabu,2,100,0.3247048405500213
35,0.0,1.0,0.0,0.9,ml100k,itemknn,none,2,100,
36,0.0,1.0,0.0,1.1,ml100k,itemknn,none,2,100,
47,0.0,1.0,0.0,1.1,ml100k,itemknn,none,2,100,
53,0.3333333333333333,1.0,1.0,0.5,ml100k,itemknn,none,2,100,
71,0.0,1.0,0.0,1.5,ml100k,itemknn,none,2,100,
78,0.0,1.0,0.0,1.3,ml100k,itemknn,none,2,100,
90,0.3868528072345416,1.0,1.0,1.3,ml100k,itemknn,none,2,100,
92,0.0,1.0,0.0,1.5,ml100k,itemknn,none,2,100,
94,0.0,1.0,0.0,1.3,ml100k,itemknn,none,2,100,
96,0.3333333333333333,1.0,1.0,1.5,ml100k,itemknn,none,2,100,
130,0.3868528072345416,1.0,1.0,1.1,ml100k,itemknn,none,2,100,
161,0.0,1.0,0.0,1.1,ml100k,itemknn,none,2,100,
165,0.3868528072345416,1.0,1.0,1.1,ml100k,itemknn,none,2,100,
173,0.0,1.0,0.0,1.5,ml100k,itemknn,none,2,100,
182,0.0,1.0,0.0,0.9,ml100k,itemknn,none,2,100,
192,0.0,1.0,0.0,0.9,ml100k,itemknn,none,2,100,
196,0.0,1.0,0.0,0.7,ml100k,itemknn,none,2,100,
200,0.0,1.0,0.0,1.3,ml100k,itemknn,none,2,100,
203,0.0,1.0,0.0,0.9,ml100k,itemknn,none,2,100,
221,0.0,1.0,0.0,1.1,ml100k,itemknn,none,2,100,
225,0.0,1.0,0.0,1.1,ml100k,itemknn,none,2,100,
236,0.0,1.0,0.0,1.3,ml100k,itemknn,none,2,100,
243,0.0,1.0,0.0,1.1,ml100k,itemknn,none,2,100,
252,0.0,1.0,0.0,0.7,ml100k,itemknn,none,2,100,
264,0.0,1.0,0.0,1.5,ml100k,itemknn,none,2,100,
284,0.0,1.0,0.0,0.5,ml100k,itemknn,none,2,100,
285,0.6309297535714575,1.0,1.0,0.9,ml100k,itemknn,none,2,100,
294,0.0,1.0,0.0,1.1,ml100k,itemknn,none,2,100,
306,0.0,1.0,0.0,1.5,ml100k,itemknn,none,2,100,
316,0.0,1.0,0.0,1.0,ml100k,itemknn,none,2,100,
334,1.0,1.0,1.0,0.9,ml100k,itemknn,none,2,100,
345,0.0,1.0,0.0,1.3,ml100k,itemknn,none,2,100,
350,0.3562071871080222,1.0,1.0,1.3,ml100k,itemknn,none,2,100,
369,0.0,1.0,0.0,1.1,ml100k,itemknn,none,2,100,
371,0.0,1.0,0.0,1.5,ml100k,itemknn,none,2,100,
375,0.0,1.0,0.0,0.9,ml100k,itemknn,none,2,100,
383,0.0,1.0,0.0,1.1,ml100k,itemknn,none,2,100,
404,0.0,1.0,0.0,1.1,ml100k,itemknn,none,2,100,
406,0.0,1.0,0.0,1.1,ml100k,itemknn,none,2,100,
407,0.0,1.0,0.0,1.1,ml100k,itemknn,none,2,100,
413,0.3562071871080222,1.0,1.0,1.1,ml100k,itemknn,none,2,100,
414,0.0,1.0,0.0,0.7,ml100k,itemknn,none,2,100,
422,0.0,1.0,0.0,1.1,ml100k,itemknn,none,2,100,
430,0.0,1.0,0.0,1.0,ml100k,itemknn,none,2,100,
433,0.0,1.0,0.0,1.3,ml100k,itemknn,none,2,100,
449,0.0,1.0,0.0,0.7,ml100k,itemknn,none,2,100,
453,0.0,1.0,0.0,1.3,ml100k,itemknn,none,2,100,
454,0.6309297535714575,1.0,1.0,1.1,ml100k,itemknn,none,2,100,
463,0.0,1.0,0.0,1.3,ml100k,itemknn,none,2,100,
472,0.0,1.0,0.0,0.7,ml100k,itemknn,none,2,100,
473,0.0,1.0,0.0,1.3,ml100k,itemknn,none,2,100,
474,0.0,1.0,0.0,1.3,ml100k,itemknn,none,2,100,
480,0.430676558073393,1.0,1.0,0.8,ml100k,itemknn,none,2,100,
486,0.0,1.0,0.0,0.6,ml100k,itemknn,none,2,100,
489,0.0,1.0,0.0,0.9,ml100k,itemknn,none,2,100,
511,0.0,1.0,0.0,1.3,ml100k,itemknn,none,2,100,
513,0.0,1.0,0.0,0.7,ml100k,itemknn,none,2,100,
541,0.0,1.0,0.0,1.1,ml100k,itemknn,none,2,100,
543,0.0,1.0,0.0,0.9,ml100k,itemknn,none,2,100,
545,0.0,1.0,0.0,1.3,ml100k,itemknn,none,2,100,
554,0.0,1.0,0.0,1.1,ml100k,itemknn,none,2,100,
567,0.0,1.0,0.0,1.3,ml100k,itemknn,none,2,100,
568,0.0,1.0,0.0,1.1,ml100k,itemknn,none,2,100,
582,0.3868528072345416,1.0,1.0,1.3,ml100k,itemknn,none,2,100,
588,0.0,1.0,0.0,1.1,ml100k,itemknn,none,2,100,
590,0.0,1.0,0.0,1.3,ml100k,itemknn,none,2,100,
591,0.0,1.0,0.0,0.9,ml100k,itemknn,none,2,100,
600,0.0,1.0,0.0,0.9,ml100k,itemknn,none,2,100,
614,0.0,1.0,0.0,1.3,ml100k,itemknn,none,2,100,
617,0.0,1.0,0.0,1.1,ml100k,itemknn,none,2,100,
622,0.0,1.0,0.0,1.3,ml100k,itemknn,none,2,100,
623,0.0,1.0,0.0,1.1,ml100k,itemknn,none,2,100,
630,0.0,1.0,0.0,1.5,ml100k,itemknn,none,2,100,
646,0.3010299956639812,1.0,1.0,0.9,ml100k,itemknn,none,2,100,
650,0.0,1.0,0.0,0.6,ml100k,itemknn,none,2,100,
691,0.0,1.0,0.0,1.1,ml100k,itemknn,none,2,100,
694,0.0,1.0,0.0,1.3,ml100k,itemknn,none,2,100,
706,0.0,1.0,0.0,1.1,ml100k,itemknn,none,2,100,
719,0.0,1.0,0.0,1.0,ml100k,itemknn,none,2,100,
720,0.0,1.0,0.0,0.9,ml100k,itemknn,none,2,100,
755,0.3154648767857287,1.0,1.0,1.3,ml100k,itemknn,none,2,100,
762,0.0,1.0,0.0,0.7,ml100k,itemknn,none,2,100,
770,0.0,1.0,0.0,1.1,ml100k,itemknn,none,2,100,
773,0.0,1.0,0.0,1.1,ml100k,itemknn,none,2,100,
780,0.0,1.0,0.0,1.1,ml100k,itemknn,none,2,100,
792,0.0,1.0,0.0,0.9,ml100k,itemknn,none,2,100,
794,0.0,1.0,0.0,1.5,ml100k,itemknn,none,2,100,
802,0.0,1.0,0.0,1.1,ml100k,itemknn,none,2,100,
811,0.0,1.0,0.0,1.1,ml100k,itemknn,none,2,100,
819,0.0,1.0,0.0,1.5,ml100k,itemknn,none,2,100,
824,0.0,1.0,0.0,0.8,ml100k,itemknn,none,2,100,
825,0.0,1.0,0.0,0.9,ml100k,itemknn,none,2,100,
827,0.0,1.0,0.0,1.1,ml100k,itemknn,none,2,100,
848,0.0,1.0,0.0,1.5,ml100k,itemknn,none,2,100,
849,0.0,1.0,0.0,1.1,ml100k,itemknn,none,2,100,
865,0.0,1.0,0.0,1.5,ml100k,itemknn,none,2,100,
871,0.0,1.0,0.0,1.3,ml100k,itemknn,none,2,100,
890,0.0,1.0,0.0,1.5,ml100k,itemknn,none,2,100,
897,0.0,1.0,0.0,1.3,ml100k,itemknn,none,2,100,
940,0.0,1.0,0.0,0.7,ml100k,itemknn,none,2,100,
35,0.0,1.0,0.0,0.9,ml100k,itemknn,greedy_topk,2,100,0.4000833968278643
36,0.0,1.0,0.0,1.1,ml100k,itemknn,greedy_topk,2,100,0.4837767321992405
47,0.0,1.0,0.0,1.1,ml100k,itemknn,greedy_topk,2,100,0.4830738425291583
53,0.3333333333333333,1.0,1.0,0.5,ml100k,itemknn,greedy_topk,2,100,0.3490592023693443
71,0.0,1.0,0.0,1.5,ml100k,itemknn,greedy_topk,2,100,0.5437037417502938
78,0.0,1.0,0.0,1.3,ml100k,itemknn,greedy_topk,2,100,0.4709191971130143
90,0.3868528072345416,1.0,1.0,1.3,ml100k,itemknn,greedy_topk,2,100,0.5467613426953523
92,0.0,1.0,0.0,1.5,ml100k,itemknn,greedy_topk,2,100,0.4920857604177687
94,0.0,1.0,0.0,1.3,ml100k,itemknn,greedy_topk,2,100,0.4749620350182125
96,0.3333333333333333,1.0,1.0,1.5,ml100k,itemknn,greedy_topk,2,100,0.5399094625491883
130,0.3868528072345416,1.0,1.0,1.1,ml100k,itemknn,greedy_topk,2,100,0.4708670176050931
161,0.0,1.0,0.0,1.1,ml100k,itemknn,greedy_topk,2,100,0.4966508456045582
165,0.3868528072345416,1.0,1.0,1.1,ml100k,itemknn,greedy_topk,2,100,0.4817924298732487
173,0.0,1.0,0.0,1.5,ml100k,itemknn,greedy_topk,2,100,0.5602535780890718
182,0.0,1.0,0.0,0.9,ml100k,itemknn,greedy_topk,2,100,0.4642487718221482
192,0.0,1.0,0.0,0.9,ml100k,itemknn,greedy_topk,2,100,0.4737047845975398
196,0.0,1.0,0.0,0.7,ml100k,itemknn,greedy_topk,2,100,0.3598495284053928
200,0.0,1.0,0.0,1.3,ml100k,itemknn,greedy_topk,2,100,0.5187103031933455
203,0.0,1.0,0.0,0.9,ml100k,itemknn,greedy_topk,2,100,0.3526114976331396
221,0.0,1.0,0.0,1.1,ml100k,itemknn,greedy_topk,2,100,0.4916808106008693
225,0.0,1.0,0.0,1.1,ml100k,itemknn,greedy_topk,2,100,0.3855797086861221
236,0.0,1.0,0.0,1.3,ml100k,itemknn,greedy_topk,2,100,0.3791486031060873
243,0.0,1.0,0.0,1.1,ml100k,itemknn,greedy_topk,2,100,0.5133332588531989
252,0.0,1.0,0.0,0.7,ml100k,itemknn,greedy_topk,2,100,0.4108059688113669
264,0.0,1.0,0.0,1.5,ml100k,itemknn,greedy_topk,2,100,0.535697802462821
284,0.0,1.0,0.0,0.5,ml100k,itemknn,greedy_topk,2,100,0.3533479009599313
285,0.6309297535714575,1.0,1.0,0.9,ml100k,itemknn,greedy_topk,2,100,0.3085869857995711
294,0.0,1.0,0.0,1.1,ml100k,itemknn,greedy_topk,2,100,0.3961516262564508
306,0.0,1.0,0.0,1.5,ml100k,itemknn,greedy_topk,2,100,0.5726619180755951
316,0.0,1.0,0.0,1.0,ml100k,itemknn,greedy_topk,2,100,0.3131397814863724
334,1.0,1.0,1.0,0.9,ml100k,itemknn,greedy_topk,2,100,0.3431435132468969
345,0.0,1.0,0.0,1.3,ml100k,itemknn,greedy_topk,2,100,0.5068252027032718
350,0.3562071871080222,1.0,1.0,1.3,ml100k,itemknn,greedy_topk,2,100,0.3977694228114641
369,0.0,1.0,0.0,1.1,ml100k,itemknn,greedy_topk,2,100,0.3374051602024971
371,0.0,1.0,0.0,1.5,ml100k,itemknn,greedy_topk,2,100,0.4937172033917332
375,0.0,1.0,0.0,0.9,ml100k,itemknn,greedy_topk,2,100,0.4215163678180119
383,0.0,1.0,0.0,1.1,ml100k,itemknn,greedy_topk,2,100,0.4773246713817597
404,0.0,1.0,0.0,1.1,ml100k,itemknn,greedy_topk,2,100,0.4669976419090211
406,0.0,1.0,0.0,1.1,ml100k,itemknn,greedy_topk,2,100,0.5120177239001945
407,0.0,1.0,0.0,1.1,ml100k,itemknn,greedy_topk,2,100,0.4638808719254614
413,0.3562071871080222,1.0,1.0,1.1,ml100k,itemknn,greedy_topk,2,100,0.526892703857372
414,0.0,1.0,0.0,0.7,ml100k,itemknn,greedy_topk,2,100,0.3948020268838422
422,0.0,1.0,0.0,1.1,ml100k,itemknn,greedy_topk,2,100,0.4842344891011391
430,0.0,1.0,0.0,1.0,ml100k,itemknn,greedy_topk,2,100,0.4331448928447888
433,0.0,1.0,0.0,1.3,ml100k,itemknn,greedy_topk,2,100,0.4800193827989867
449,0.0,1.0,0.0,0.7,ml100k,itemknn,greedy_topk,2,100,0.468136998512438
453,0.0,1.0,0.0,1.3,ml100k,itemknn,greedy_topk,2,100,0.4711035791589953
454,0.6309297535714575,1.0,1.0,1.1,ml100k,itemknn,greedy_topk,2,100,0.4693527744099821
463,0.0,1.0,0.0,1.3,ml100k,itemknn,greedy_topk,2,100,0.5441422151393563
472,0.0,1.0,0.0,0.7,ml100k,itemknn,greedy_topk,2,100,0.432130765160856
473,0.0,1.0,0.0,1.3,ml100k,itemknn,greedy_topk,2,100,0.4662600409340821
474,0.0,1.0,0.0,1.3,ml100k,itemknn,greedy_topk,2,100,0.436301022083113
480,0.430676558073393,1.0,1.0,0.8,ml100k,itemknn,greedy_topk,2,100,0.3491742732202283
486,0.0,1.0,0.0,0.6,ml100k,itemknn,greedy_topk,2,100,0.358075656934353
489,0.0,1.0,0.0,0.9,ml100k,itemknn,greedy_topk,2,100,0.442687939106651
511,0.0,1.0,0.0,1.3,ml100k,itemknn,greedy_topk,2,100,0.3818671439102163
513,0.0,1.0,0.0,0.7,ml100k,itemknn,greedy_topk,2,100,0.3428125787671819
541,0.0,1.0,0.0,1.1,ml100k,itemknn,greedy_topk,2,100,0.480327760492523
543,0.0,1.0,0.0,0.9,ml100k,itemknn,greedy_topk,2,100,0.3894708170385786
545,0.0,1.0,0.0,1.3,ml100k,itemknn,greedy_topk,2,100,0.5117728431537988
554,0.0,1.0,0.0,1.1,ml100k,itemknn,greedy_topk,2,100,0.4983564414118254
567,0.0,1.0,0.0,1.3,ml100k,itemknn,greedy_topk,2,100,0.3313955546257668
568,0.0,1.0,0.0,1.1,ml100k,itemknn,greedy_topk,2,100,0.5020966165954533
582,0.3868528072345416,1.0,1.0,1.3,ml100k,itemknn,greedy_topk,2,100,0.541505594958919
588,0.0,1.0,0.0,1.1,ml100k,itemknn,greedy_topk,2,100,0.476806436414548
590,0.0,1.0,0.0,1.3,ml100k,itemknn,greedy_topk,2,100,0.4849269597848902
591,0.0,1.0,0.0,0.9,ml100k,itemknn,greedy_topk,2,100,0.3660935164966218
600,0.0,1.0,0.0,0.9,ml100k,itemknn,greedy_topk,2,100,0.3608972501926457
614,0.0,1.0,0.0,1.3,ml100k,itemknn,greedy_topk,2,100,0.5269796841688813
617,0.0,1.0,0.0,1.1,ml100k,itemknn,greedy_topk,2,100,0.3754623999614261
622,0.0,1.0,0.0,1.3,ml100k,itemknn,greedy_topk,2,100,0.4501471154506329
623,0.0,1.0,0.0,1.1,ml100k,itemknn,greedy_topk,2,100,0.4129989649048337
630,0.0,1.0,0.0,1.5,ml100k,itemknn,greedy_topk,2,100,0.5422925761745282
646,0.3010299956639812,1.0,1.0,0.9,ml100k,itemknn,greedy_topk,2,100,0.3319024975254355
650,0.0,1.0,0.0,0.6,ml100k,itemknn,greedy_topk,2,100,0.376670033660739
691,0.0,1.0,0.0,1.1,ml100k,itemknn,greedy_topk,2,100,0.4936666044447
694,0.0,1.0,0.0,1.3,ml100k,itemknn,greedy_topk,2,100,0.4153483908665543
706,0.0,1.0,0.0,1.1,ml100k,itemknn,greedy_topk,2,100,0.440901149465803
719,0.0,1.0,0.0,1.0,ml100k,itemknn,greedy_topk,2,100,0.4122954715964817
720,0.0,1.0,0.0,0.9,ml100k,itemknn,greedy_topk,2,100,0.4525766119619477
755,0.3154648767857287,1.0,1.0,1.3,ml100k,itemknn,greedy_topk,2,100,0.5314790806223083
762,0.0,1.0,0.0,0.7,ml100k,itemknn,greedy_topk,2,100,0.4682965048564561
770,0.0,1.0,0.0,1.1,ml100k,itemknn,greedy_topk,2,100,0.4421467805422696
773,0.0,1.0,0.0,1.1,ml100k,itemknn,greedy_topk,2,100,0.3450052798366605
780,0.0,1.0,0.0,1.1,ml100k,itemknn,greedy_topk,2,100,0.3531434069207416
792,0.0,1.0,0.0,0.9,ml100k,itemknn,greedy_topk,2,100,0.3350982656621083
794,0.0,1.0,0.0,1.5,ml100k,itemknn,greedy_topk,2,100,0.5594039653402448
802,0.0,1.0,0.0,1.1,ml100k,itemknn,greedy_topk,2,100,0.5398439100770481
811,0.0,1.0,0.0,1.1,ml100k,itemknn,greedy_topk,2,100,0.4940520579223307
819,0.0,1.0,0.0,1.5,ml100k,itemknn,greedy_topk,2,100,0.5134616851522403
824,0.0,1.0,0.0,0.8,ml100k,itemknn,greedy_topk,2,100,0.3398881823518304
825,0.0,1.0,0.0,0.9,ml100k,itemknn,greedy_topk,2,100,0.3498831128677322
827,0.0,1.0,0.0,1.1,ml100k,itemknn,greedy_topk,2,100,0.4847462165170513
848,0.0,1.0,0.0,1.5,ml100k,itemknn,greedy_topk,2,100,0.4122281391373183
849,0.0,1.0,0.0,1.1,ml100k,itemknn,greedy_topk,2,100,0.3707972269335469
865,0.0,1.0,0.0,1.5,ml100k,itemknn,greedy_topk,2,100,0.4243048485744854
871,0.0,1.0,0.0,1.3,ml100k,itemknn,greedy_topk,2,100,0.5675815556549968
890,0.0,1.0,0.0,1.5,ml100k,itemknn,greedy_topk,2,100,0.5521520222453202
897,0.0,1.0,0.0,1.3,ml100k,itemknn,greedy_topk,2,100,0.5198655529423089
940,0.0,1.0,0.0,0.7,ml100k,itemknn,greedy_topk,2,100,0.4737116831333653
35,0.0,0.9995096533372752,0.0,0.9,ml100k,itemknn,mmr,2,100,0.4034587008338183
36,0.0,0.996075128654988,0.0,1.1,ml100k,itemknn,mmr,2,100,0.4653232678743382
47,0.0,0.9922337633582248,0.0,1.1,ml100k,itemknn,mmr,2,100,0.4457516437559837
53,0.3333333333333333,0.9992465456521604,1.0,0.7,ml100k,itemknn,mmr,2,100,0.3398187258041241
71,0.0,0.9992203584592664,0.0,1.5,ml100k,itemknn,mmr,2,100,0.5329688123209639
78,0.0,0.9968967362036816,0.0,1.1,ml100k,itemknn,mmr,2,100,0.4560255227918368
90,0.3868528072345416,0.9942484527884108,1.0,1.1,ml100k,itemknn,mmr,2,100,0.5199235685001216
92,0.0,0.998930129822673,0.0,1.5,ml100k,itemknn,mmr,2,100,0.4842325795653331
94,0.0,1.0,0.0,1.3,ml100k,itemknn,mmr,2,100,0.4749620350182125
96,0.3333333333333333,0.9994584348399796,1.0,1.5,ml100k,itemknn,mmr,2,100,0.5375514153075407
130,0.3868528072345416,0.996020718250318,1.0,1.0,ml100k,itemknn,mmr,2,100,0.4561142390088679
161,0.0,0.9969241100602476,0.0,1.3,ml100k,itemknn,mmr,2,100,0.4747942609850748
165,0.3868528072345416,1.0,1.0,1.1,ml100k,itemknn,mmr,2,100,0.4817924298732487
173,0.0,0.9955742520928614,0.0,1.5,ml100k,itemknn,mmr,2,100,0.5320861929649463
182,0.0,1.0,0.0,0.9,ml100k,itemknn,mmr,2,100,0.4642487718221482
192,0.0,0.9985410692400228,0.0,0.9,ml100k,itemknn,mmr,2,100,0.4755338272597664
196,0.0,0.977296798068841,0.0,1.1,ml100k,itemknn,mmr,2,100,0.3127117031950411
200,0.0,1.0,0.0,1.3,ml100k,itemknn,mmr,2,100,0.5187103031933455
203,0.0,0.988256730618586,0.0,0.9,ml100k,itemknn,mmr,2,100,0.3225222136139681
221,0.0,1.0,0.0,1.1,ml100k,itemknn,mmr,2,100,0.4916808106008693
225,0.0,0.997899579487022,0.0,0.9,ml100k,itemknn,mmr,2,100,0.3780198263923867
236,0.0,1.0,0.0,1.3,ml100k,itemknn,mmr,2,100,0.3791486031060873
243,0.0,1.0,0.0,1.1,ml100k,itemknn,mmr,2,100,0.5133332588531989
252,0.0,0.9965434761132678,0.0,0.7,ml100k,itemknn,mmr,2,100,0.4043607133802723
264,0.0,0.9999399079985656,0.0,1.5,ml100k,itemknn,mmr,2,100,0.5331082971283121
284,0.0,1.0,0.0,0.5,ml100k,itemknn,mmr,2,100,0.3533479009599313
285,0.6309297535714575,0.9998216440974924,1.0,0.9,ml100k,itemknn,mmr,2,100,0.2954399274920677
294,0.0,0.9992167013309344,0.0,0.9,ml100k,itemknn,mmr,2,100,0.3743526759706627
306,0.0,0.9962699952749752,0.0,1.5,ml100k,itemknn,mmr,2,100,0.5528713851204573
316,0.0,1.0,0.0,1.0,ml100k,itemknn,mmr,2,100,0.3131397814863724
334,1.0,0.9911451691586514,1.0,0.9,ml100k,itemknn,mmr,2,100,0.3151528380657914
345,0.0,0.9968350981177742,0.0,1.3,ml100k,itemknn,mmr,2,100,0.4906928069630972
350,0.0,0.975005116217872,0.0,1.1,ml100k,itemknn,mmr,2,100,0.3120014793630962
369,0.0,0.9956744569941646,0.0,0.9,ml100k,itemknn,mmr,2,100,0.3167189459882301
371,0.0,1.0,0.0,1.5,ml100k,itemknn,mmr,2,100,0.4937172033917332
375,0.0,0.9980668543373596,0.0,0.9,ml100k,itemknn,mmr,2,100,0.4190137219695367
383,0.0,1.0,0.0,1.1,ml100k,itemknn,mmr,2,100,0.4773246713817597
404,0.0,0.9981875172851248,0.0,1.1,ml100k,itemknn,mmr,2,100,0.4460172227602785
406,0.0,1.0,0.0,1.1,ml100k,itemknn,mmr,2,100,0.5120177239001945
407,0.0,1.0,0.0,1.1,ml100k,itemknn,mmr,2,100,0.4638808719254614
413,0.3562071871080222,0.996912343631166,1.0,1.3,ml100k,itemknn,mmr,2,100,0.5141989551641685
414,0.0,1.0,0.0,0.7,ml100k,itemknn,mmr,2,100,0.3948020268838422
422,0.0,0.9989011364689164,0.0,1.1,ml100k,itemknn,mmr,2,100,0.4861021680688351
430,0.0,0.999496626007562,0.0,1.0,ml100k,itemknn,mmr,2,100,0.4295511474021035
433,0.0,1.0,0.0,1.3,ml100k,itemknn,mmr,2,100,0.4800193827989867
449,0.0,1.0,0.0,0.7,ml100k,itemknn,mmr,2,100,0.468136998512438
453,0.0,0.998401900755926,0.0,1.3,ml100k,itemknn,mmr,2,100,0.449020640154933
454,0.6309297535714575,0.999465655584686,1.0,0.9,ml100k,itemknn,mmr,2,100,0.464552255338903
463,0.0,0.9983682919866772,0.0,1.1,ml100k,itemknn,mmr,2,100,0.537006640240675
472,0.0,1.0,0.0,0.7,ml100k,itemknn,mmr,2,100,0.432130765160856
473,0.0,0.9891483447400766,0.0,1.1,ml100k,itemknn,mmr,2,100,0.4069174663762357
474,0.0,0.9929119198164836,0.0,0.9,ml100k,itemknn,mmr,2,100,0.4113487969072775
480,0.430676558073393,0.9992863189480616,1.0,0.8,ml100k,itemknn,mmr,2,100,0.3422960597095518
486,0.0,0.9981137428438954,0.0,0.6,ml100k,itemknn,mmr,2,100,0.3522240155751139
489,0.0,0.9860784580647486,0.0,0.5,ml100k,itemknn,mmr,2,100,0.3770565454318314
511,0.0,0.9941234167169558,0.0,1.3,ml100k,itemknn,mmr,2,100,0.3743286100050728
513,0.0,1.0,0.0,0.7,ml100k,itemknn,mmr,2,100,0.3428125787671819
541,0.0,1.0,0.0,1.1,ml100k,itemknn,mmr,2,100,0.480327760492523
543,0.0,0.9738643945140152,0.0,0.9,ml100k,itemknn,mmr,2,100,0.3044498427442951
545,0.0,1.0,0.0,1.3,ml100k,itemknn,mmr,2,100,0.5117728431537988
554,0.0,0.993701761318887,0.0,1.1,ml100k,itemknn,mmr,2,100,0.4738485899871165
567,0.0,0.9972832696079266,0.0,1.1,ml100k,itemknn,mmr,2,100,0.3220298949733153
568,0.0,0.9978215407264596,0.0,0.9,ml100k,itemknn,mmr,2,100,0.4928991555111923
582,0.3868528072345416,1.0,1.0,1.3,ml100k,itemknn,mmr,2,100,0.541505594958919
588,0.0,0.9999470245889984,0.0,1.1,ml100k,itemknn,mmr,2,100,0.4731303915879835
590,0.0,1.0,0.0,1.3,ml100k,itemknn,mmr,2,100,0.4849269597848902
591,0.0,0.9980253929244932,0.0,0.9,ml100k,itemknn,mmr,2,100,0.3599412232637374
600,0.0,1.0,0.0,0.9,ml100k,itemknn,mmr,2,100,0.3608972501926457
614,0.0,0.9953333659291844,0.0,1.1,ml100k,itemknn,mmr,2,100,0.4903639287750403
617,0.0,1.0,0.0,1.1,ml100k,itemknn,mmr,2,100,0.3754623999614261
622,0.0,0.9922044454832392,0.0,0.8,ml100k,itemknn,mmr,2,100,0.4074688509610614
623,0.0,1.0,0.0,1.1,ml100k,itemknn,mmr,2,100,0.4129989649048337
630,0.0,0.99453180091332,0.0,1.3,ml100k,itemknn,mmr,2,100,0.5255383047631339
646,0.3010299956639812,1.0,1.0,0.9,ml100k,itemknn,mmr,2,100,0.3319024975254355
650,0.0,0.9973745673537044,0.0,0.6,ml100k,itemknn,mmr,2,100,0.368121646493848
691,0.0,0.9997237134460052,0.0,1.3,ml100k,itemknn,mmr,2,100,0.4883974604712193
694,0.0,0.9962602144066312,0.0,1.1,ml100k,itemknn,mmr,2,100,0.3516989839247635
706,0.0,0.9979289745767528,0.0,0.9,ml100k,itemknn,mmr,2,100,0.4296631972424766
719,0.0,0.99621285560714,0.0,1.0,ml100k,itemknn,mmr,2,100,0.4009415508928625
720,0.0,1.0,0.0,0.9,ml100k,itemknn,mmr,2,100,0.4525766119619477
755,0.3154648767857287,0.9960341014767786,1.0,1.1,ml100k,itemknn,mmr,2,100,0.5118804358520674
762,0.0,0.9980948945001452,0.0,0.9,ml100k,itemknn,mmr,2,100,0.4554723368010072
770,0.0,0.9969926106956404,0.0,0.7,ml100k,itemknn,mmr,2,100,0.3953347996338394
773,0.0,1.0,0.0,1.1,ml100k,itemknn,mmr,2,100,0.3450052798366605
780,0.0,0.9982856261397376,0.0,0.9,ml100k,itemknn,mmr,2,100,0.3310523778407084
792,0.0,0.9958055471866816,0.0,0.7,ml100k,itemknn,mmr,2,100,0.3063773575279213
794,0.0,0.9986519243865588,0.0,1.5,ml100k,itemknn,mmr,2,100,0.5511953777452571
802,0.0,0.9997698600371008,0.0,1.1,ml100k,itemknn,mmr,2,100,0.5356132505619162
811,0.0,1.0,0.0,1.1,ml100k,itemknn,mmr,2,100,0.4940520579223307
819,0.0,0.9943432240475832,0.0,1.5,ml100k,itemknn,mmr,2,100,0.4852108015257692
824,0.0,0.9906919088015078,0.0,0.6,ml100k,itemknn,mmr,2,100,0.2997831759227082
825,0.0,0.9976732748663684,0.0,0.9,ml100k,itemknn,mmr,2,100,0.3233973512557441
827,0.0,0.9987323195673898,0.0,1.1,ml100k,itemknn,mmr,2,100,0.4772775033611309
848,0.0,0.9992188912237376,0.0,1.3,ml100k,itemknn,mmr,2,100,0.4032796641757843
849,0.0,1.0,0.0,1.1,ml100k,itemknn,mmr,2,100,0.3707972269335469
865,0.2890648263178879,0.9972994356443928,1.0,1.3,ml100k,itemknn,mmr,2,100,0.4140242741285506
871,0.0,0.9945900135516592,0.0,1.3,ml100k,itemknn,mmr,2,100,0.5341598443720964
890,0.0,0.998603658830898,0.0,1.5,ml100k,itemknn,mmr,2,100,0.5446430983863838
897,0.0,0.9991188703597296,0.0,1.3,ml100k,itemknn,mmr,2,100,0.5008410845311707
940,0.0,1.0,0.0,0.7,ml100k,itemknn,mmr,2,100,0.4737116831333653
35,0.0,0.8915582409466795,0.0,0.3,ml100k,itemknn,quota_mmr,2,100,0.3551486959941471
36,0.0,0.951393472381052,0.0,0.2,ml100k,itemknn,quota_mmr,2,100,0.3941705153307949
47,0.0,0.9132413091500728,0.0,0.3,ml100k,itemknn,quota_mmr,2,100,0.415642557589274
53,0.3562071871080222,0.978919920278772,1.0,0.2,ml100k,itemknn,quota_mmr,2,100,0.311789507929422
71,0.0,0.8935979343995276,0.0,0.3,ml100k,itemknn,quota_mmr,2,100,0.447553398934658
78,0.0,0.9165545648489642,0.0,0.2,ml100k,itemknn,quota_mmr,2,100,0.3968853082925251
90,0.5,0.9512422033560384,1.0,0.2,ml100k,itemknn,quota_mmr,2,100,0.4629626592736142
92,0.0,0.9344636903642708,0.0,0.2,ml100k,itemknn,quota_mmr,2,100,0.44981465245481
94,0.0,0.7793810442590973,0.0,0.2,ml100k,itemknn,quota_mmr,2,100,0.367043268698941
96,0.0,0.8750514495231675,0.0,0.3,ml100k,itemknn,quota_mmr,2,100,0.4587098109298675
130,0.430676558073393,0.8538151918577291,1.0,0.2,ml100k,itemknn,quota_mmr,2,100,0.3808696952405104
161,0.0,0.8052550740772509,0.0,0.3,ml100k,itemknn,quota_mmr,2,100,0.3799931778878086
165,0.5,0.9119613008050288,1.0,0.3,ml100k,itemknn,quota_mmr,2,100,0.4402077192819084
173,0.0,0.8574982339863256,0.0,0.2,ml100k,itemknn,quota_mmr,2,100,0.4302827469515198
182,0.0,0.9099395373846996,0.0,0.2,ml100k,itemknn,quota_mmr,2,100,0.4146948368984657
192,0.0,0.9783265103180292,0.0,0.2,ml100k,itemknn,quota_mmr,2,100,0.4580372346173019
196,0.0,0.8100616886559199,0.0,0.2,ml100k,itemknn,quota_mmr,2,100,0.1646337145014638
200,0.0,0.9351779855596994,0.0,0.2,ml100k,itemknn,quota_mmr,2,100,0.4764759092772803
203,0.0,0.9433746213535614,0.0,0.3,ml100k,itemknn,quota_mmr,2,100,0.3024621698609361
221,0.0,0.846263553264453,0.0,0.3,ml100k,itemknn,quota_mmr,2,100,0.3875339466079413
225,0.0,0.8746422601821459,0.0,0.2,ml100k,itemknn,quota_mmr,2,100,0.2912564497898486
236,0.0,0.7975009989165847,0.0,0.3,ml100k,itemknn,quota_mmr,2,100,0.3176307328277076
243,0.0,0.8783837955540248,0.0,0.3,ml100k,itemknn,quota_mmr,2,100,0.4339466105624192
252,0.0,0.9112946490534212,0.0,0.3,ml100k,itemknn,quota_mmr,2,100,0.3701920361635031
264,0.0,0.9306454908717148,0.0,0.2,ml100k,itemknn,quota_mmr,2,100,0.4544568303953311
284,0.0,0.9920787931169172,0.0,0.3,ml100k,itemknn,quota_mmr,2,100,0.3478421334934853
285,0.6309297535714575,0.9675035155651645,1.0,0.2,ml100k,itemknn,quota_mmr,2,100,0.2705164157727383
294,0.0,0.9387679679453204,0.0,0.3,ml100k,itemknn,quota_mmr,2,100,0.3281820891609012
306,0.0,0.9064516469735004,0.0,0.2,ml100k,itemknn,quota_mmr,2,100,0.4844660283113701
316,0.0,0.9643479515545136,0.0,0.3,ml100k,itemknn,quota_mmr,2,100,0.2834501467537746
334,1.0,0.915294552220213,1.0,0.3,ml100k,itemknn,quota_mmr,2,100,0.3145866132228602
345,0.0,0.9172432938142452,0.0,0.3,ml100k,itemknn,quota_mmr,2,100,0.426125226056728
350,0.0,0.8784859480795298,0.0,0.2,ml100k,itemknn,quota_mmr,2,100,0.2811391939557546
369,0.0,0.9551242488349534,0.0,0.3,ml100k,itemknn,quota_mmr,2,100,0.3123747328855633
371,0.0,0.871591949700489,0.0,0.2,ml100k,itemknn,quota_mmr,2,100,0.4232603092350038
375,0.0,0.8789423477747107,0.0,0.2,ml100k,itemknn,quota_mmr,2,100,0.3678178430223606
383,0.0,0.926152867707542,0.0,0.3,ml100k,itemknn,quota_mmr,2,100,0.3718506094572527
404,0.0,0.92398135445009,0.0,0.2,ml100k,itemknn,quota_mmr,2,100,0.4074333263057559
406,0.0,0.9488384170862224,0.0,0.2,ml100k,itemknn,quota_mmr,2,100,0.458557043882106
407,0.0,0.96017179863783,0.0,0.2,ml100k,itemknn,quota_mmr,2,100,0.4803916261366711
413,0.5,0.9343273428262028,1.0,0.3,ml100k,itemknn,quota_mmr,2,100,0.4607895753874129
414,0.0,0.9581242105482548,0.0,0.3,ml100k,itemknn,quota_mmr,2,100,0.3835297744520804
422,0.0,0.9741012687504,0.0,0.2,ml100k,itemknn,quota_mmr,2,100,0.4760000615102254
430,0.0,0.865525426881339,0.0,0.3,ml100k,itemknn,quota_mmr,2,100,0.372118054941853
433,0.0,0.9249566738681414,0.0,0.2,ml100k,itemknn,quota_mmr,2,100,0.4586598176949827
449,0.0,0.9525149179813912,0.0,0.3,ml100k,itemknn,quota_mmr,2,100,0.4488628454188791
453,0.0,0.9078953578534492,0.0,0.2,ml100k,itemknn,quota_mmr,2,100,0.3570573767389897
454,0.6309297535714575,0.9238018129520836,1.0,0.2,ml100k,itemknn,quota_mmr,2,100,0.4121103266263256
463,0.0,0.9482123285582238,0.0,0.3,ml100k,itemknn,quota_mmr,2,100,0.4773926981659824
472,0.0,0.924952374069984,0.0,0.3,ml100k,itemknn,quota_mmr,2,100,0.397763967146701
473,0.0,0.9188637427999384,0.0,0.2,ml100k,itemknn,quota_mmr,2,100,0.3878586223332384
474,0.3154648767857287,0.9238570073338184,1.0,0.3,ml100k,itemknn,quota_mmr,2,100,0.3828619856845238
480,0.430676558073393,0.98505767700323,1.0,0.2,ml100k,itemknn,quota_mmr,2,100,0.3415435351625586
486,0.0,0.9465214785497484,0.0,0.3,ml100k,itemknn,quota_mmr,2,100,0.3146025187110577
489,0.0,0.9595008939687316,0.0,0.3,ml100k,itemknn,quota_mmr,2,100,0.3688240830489266
511,0.0,0.8466910729009125,0.0,0.3,ml100k,itemknn,quota_mmr,2,100,0.340853649686223
513,0.0,0.9147526489636484,0.0,0.2,ml100k,itemknn,quota_mmr,2,100,0.3136813598032378
541,0.0,0.8686585868551591,0.0,0.3,ml100k,itemknn,quota_mmr,2,100,0.380605025864002
543,0.0,0.9207869909691512,0.0,0.3,ml100k,itemknn,quota_mmr,2,100,0.2591082561158268
545,0.3562071871080222,0.8967955158493772,1.0,0.2,ml100k,itemknn,quota_mmr,2,100,0.3833265662867066
554,0.0,0.9015634648714398,0.0,0.2,ml100k,itemknn,quota_mmr,2,100,0.3862424893562179
567,0.0,0.9182291921191582,0.0,0.3,ml100k,itemknn,quota_mmr,2,100,0.2991072572940809
568,0.0,0.9612117539684928,0.0,0.2,ml100k,itemknn,quota_mmr,2,100,0.4766332335535637
582,0.0,0.9130359979559216,0.0,0.2,ml100k,itemknn,quota_mmr,2,100,0.4707483252416073
588,0.0,0.9142204012957033,0.0,0.2,ml100k,itemknn,quota_mmr,2,100,0.425865094378798
590,0.0,0.8742336936424938,0.0,0.3,ml100k,itemknn,quota_mmr,2,100,0.4011636287591675
591,0.0,0.9255453123331648,0.0,0.2,ml100k,itemknn,quota_mmr,2,100,0.3033319258687559
600,0.0,0.9241280627165168,0.0,0.2,ml100k,itemknn,quota_mmr,2,100,0.3453778102246631
614,0.3333333333333333,0.8910511626540847,1.0,0.2,ml100k,itemknn,quota_mmr,2,100,0.3784957707533981
617,0.0,0.8147331265977864,0.0,0.3,ml100k,itemknn,quota_mmr,2,100,0.2687811543302926
622,0.0,0.9306723281473224,0.0,0.3,ml100k,itemknn,quota_mmr,2,100,0.3673881015321313
623,0.0,0.8617129547103535,0.0,0.3,ml100k,itemknn,quota_mmr,2,100,0.3777099883973255
630,0.0,0.8994332343535547,0.0,0.3,ml100k,itemknn,quota_mmr,2,100,0.4323652732950253
646,0.0,0.9748959002827676,0.0,0.2,ml100k,itemknn,quota_mmr,2,100,0.3335409903254618
650,0.0,0.982762706000422,0.0,0.2,ml100k,itemknn,quota_mmr,2,100,0.3449288175026375
691,0.0,0.8863243958865223,0.0,0.3,ml100k,itemknn,quota_mmr,2,100,0.4227298588426615
694,0.0,0.8764301587055363,0.0,0.2,ml100k,itemknn,quota_mmr,2,100,0.2018502567446694
706,0.0,0.935307178798662,0.0,0.3,ml100k,itemknn,quota_mmr,2,100,0.3677662489806534
719,0.0,0.8516448182532463,0.0,0.2,ml100k,itemknn,quota_mmr,2,100,0.3465836968577714
720,0.0,0.9241615753612604,0.0,0.2,ml100k,itemknn,quota_mmr,2,100,0.4101903592698986
755,0.430676558073393,0.9032131967703738,1.0,0.3,ml100k,itemknn,quota_mmr,2,100,0.3947159298033401
762,0.0,0.9571319287221972,0.0,0.3,ml100k,itemknn,quota_mmr,2,100,0.4301769295787467
770,0.0,0.950468085862232,0.0,0.3,ml100k,itemknn,quota_mmr,2,100,0.347338757222471
773,0.0,0.8329376684186153,0.0,0.2,ml100k,itemknn,quota_mmr,2,100,0.233824313250378
780,0.0,0.9545203225680609,0.0,0.3,ml100k,itemknn,quota_mmr,2,100,0.2917769216179474
792,0.0,0.9657294504400712,0.0,0.2,ml100k,itemknn,quota_mmr,2,100,0.296617826724551
794,0.0,0.9132587791487023,0.0,0.3,ml100k,itemknn,quota_mmr,2,100,0.4748798024829798
802,0.0,0.9333772890926076,0.0,0.2,ml100k,itemknn,quota_mmr,2,100,0.4842315859070195
811,0.0,0.8841079217599644,0.0,0.3,ml100k,itemknn,quota_mmr,2,100,0.4247279759769457
819,0.0,0.8621885706105364,0.0,0.3,ml100k,itemknn,quota_mmr,2,100,0.4083756224538473
824,0.0,0.9680711111374396,0.0,0.2,ml100k,itemknn,quota_mmr,2,100,0.2855721632082391
825,0.0,0.9488265710894128,0.0,0.2,ml100k,itemknn,quota_mmr,2,100,0.2950447303539892
827,0.0,0.928635525326261,0.0,0.3,ml100k,itemknn,quota_mmr,2,100,0.44197903199208
848,0.0,0.807877686312665,0.0,0.3,ml100k,itemknn,quota_mmr,2,100,0.2444439455474591
849,0.0,0.8564587322084786,0.0,0.3,ml100k,itemknn,quota_mmr,2,100,0.2905962387793026
865,0.430676558073393,0.9103265733428668,1.0,0.3,ml100k,itemknn,quota_mmr,2,100,0.4135563474497048
871,0.0,0.9305814424611818,0.0,0.2,ml100k,itemknn,quota_mmr,2,100,0.4863772206996588
890,0.0,0.8965156590071561,0.0,0.2,ml100k,itemknn,quota_mmr,2,100,0.4898852980576224
897,0.0,0.9242008972222748,0.0,0.3,ml100k,itemknn,quota_mmr,2,100,0.4622113503114422
940,0.0,0.9617541736195748,0.0,0.3,ml100k,itemknn,quota_mmr,2,100,0.4543504973766146
35,0.0,0.8889853117067944,0.0,0.2,ml100k,itemknn,balanced_quota,2,100,0.3574671717096563
36,0.0,0.949882662584016,0.0,0.2,ml100k,itemknn,balanced_quota,2,100,0.3972286428552213
47,0.0,0.9094408681011747,0.0,0.2,ml100k,itemknn,balanced_quota,2,100,0.402661014387189
53,0.3562071871080222,0.978919920278772,1.0,0.2,ml100k,itemknn,balanced_quota,2,100,0.311789507929422
71,0.0,0.8895625237679774,0.0,0.2,ml100k,itemknn,balanced_quota,2,100,0.4409359672207319
78,0.0,0.9072895116536062,0.0,0.2,ml100k,itemknn,balanced_quota,2,100,0.4098021094830464
90,0.5,0.9443474253190276,1.0,0.2,ml100k,itemknn,balanced_quota,2,100,0.4562726486470367
92,0.0,0.9306987500068952,0.0,0.2,ml100k,itemknn,balanced_quota,2,100,0.439598045188529
94,0.0,0.777569401383409,0.0,0.2,ml100k,itemknn,balanced_quota,2,100,0.3592454720386767
96,0.0,0.8619146132741233,0.0,0.2,ml100k,itemknn,balanced_quota,2,100,0.4410447600530431
130,0.430676558073393,0.8538151918577291,1.0,0.2,ml100k,itemknn,balanced_quota,2,100,0.3808696952405104
161,0.0,0.7944554353986114,0.0,0.2,ml100k,itemknn,balanced_quota,2,100,0.3691665129955401
165,0.5,0.9087315989139404,1.0,0.2,ml100k,itemknn,balanced_quota,2,100,0.4418698118084128
173,0.0,0.8574982339863256,0.0,0.2,ml100k,itemknn,balanced_quota,2,100,0.4302827469515198
182,0.0,0.9099395373846996,0.0,0.2,ml100k,itemknn,balanced_quota,2,100,0.4146948368984657
192,0.0,0.9624115979342606,0.0,0.2,ml100k,itemknn,balanced_quota,2,100,0.4590999344546466
196,0.0,0.8632282251608246,0.0,0.2,ml100k,itemknn,balanced_quota,2,100,0.2129707720535359
200,0.0,0.924837645541967,0.0,0.2,ml100k,itemknn,balanced_quota,2,100,0.47307267483318
203,0.0,0.9381422958868736,0.0,0.2,ml100k,itemknn,balanced_quota,2,100,0.2942234843980501
221,0.0,0.8394348986431531,0.0,0.2,ml100k,itemknn,balanced_quota,2,100,0.3827461999187244
225,0.0,0.8830762061070621,0.0,0.2,ml100k,itemknn,balanced_quota,2,100,0.299317777231832
236,0.2890648263178879,0.7972659024069324,1.0,0.2,ml100k,itemknn,balanced_quota,2,100,0.3209477803449363
243,0.0,0.8779268994513819,0.0,0.2,ml100k,itemknn,balanced_quota,2,100,0.4346794775568814
252,0.0,0.8638749920708952,0.0,0.2,ml100k,itemknn,balanced_quota,2,100,0.3423905037819984
264,0.0,0.9172171519239942,0.0,0.2,ml100k,itemknn,balanced_quota,2,100,0.4474401562014599
284,0.0,0.9808140426195316,0.0,0.2,ml100k,itemknn,balanced_quota,2,100,0.3478602747289064
285,0.6309297535714575,0.9661401556137228,1.0,0.2,ml100k,itemknn,balanced_quota,2,100,0.2775010168426195
294,0.0,0.9357706965077924,0.0,0.2,ml100k,itemknn,balanced_quota,2,100,0.3350264931546142
306,0.0,0.8896826579069782,0.0,0.2,ml100k,itemknn,balanced_quota,2,100,0.47430141834371
316,0.0,0.9679778639178366,0.0,0.2,ml100k,itemknn,balanced_quota,2,100,0.29399391281042
334,1.0,0.9136042452782872,1.0,0.2,ml100k,itemknn,balanced_quota,2,100,0.2980928527274468
345,0.0,0.8945810727457237,0.0,0.2,ml100k,itemknn,balanced_quota,2,100,0.4131016841562475
350,0.0,0.8614599848272242,0.0,0.2,ml100k,itemknn,balanced_quota,2,100,0.2733026327408633
369,0.0,0.952180368856064,0.0,0.2,ml100k,itemknn,balanced_quota,2,100,0.3081756087130303
371,0.0,0.8659387903919757,0.0,0.2,ml100k,itemknn,balanced_quota,2,100,0.4042421691211454
375,0.0,0.8789423477747107,0.0,0.2,ml100k,itemknn,balanced_quota,2,100,0.3678178430223606
383,0.0,0.9155372663297038,0.0,0.2,ml100k,itemknn,balanced_quota,2,100,0.3406813823278486
404,0.0,0.9207542152221896,0.0,0.2,ml100k,itemknn,balanced_quota,2,100,0.4023518211627415
406,0.0,0.9488384170862224,0.0,0.2,ml100k,itemknn,balanced_quota,2,100,0.458557043882106
407,0.0,0.96017179863783,0.0,0.2,ml100k,itemknn,balanced_quota,2,100,0.4803916261366711
413,0.5,0.9157510396884236,1.0,0.2,ml100k,itemknn,balanced_quota,2,100,0.4431462664170098
414,0.0,0.9592005113747258,0.0,0.2,ml100k,itemknn,balanced_quota,2,100,0.3905956968374793
422,0.0,0.9741012687504,0.0,0.2,ml100k,itemknn,balanced_quota,2,100,0.4760000615102254
430,0.0,0.8535484332650043,0.0,0.2,ml100k,itemknn,balanced_quota,2,100,0.3656234916041868
433,0.0,0.9249566738681414,0.0,0.2,ml100k,itemknn,balanced_quota,2,100,0.4586598176949827
449,0.0,0.9236127624217862,0.0,0.2,ml100k,itemknn,balanced_quota,2,100,0.4340157504161705
453,0.0,0.9026597575525404,0.0,0.2,ml100k,itemknn,balanced_quota,2,100,0.3410868751362216
454,0.6309297535714575,0.9238018129520836,1.0,0.2,ml100k,itemknn,balanced_quota,2,100,0.4121103266263256
463,0.0,0.9493727782216964,0.0,0.2,ml100k,itemknn,balanced_quota,2,100,0.4831619831004001
472,0.0,0.916615129057694,0.0,0.2,ml100k,itemknn,balanced_quota,2,100,0.4020057789216806
473,0.0,0.9068656384383608,0.0,0.2,ml100k,itemknn,balanced_quota,2,100,0.367110990569901
474,0.0,0.9110559660704716,0.0,0.2,ml100k,itemknn,balanced_quota,2,100,0.3522108441785673
480,0.430676558073393,0.98505767700323,1.0,0.2,ml100k,itemknn,balanced_quota,2,100,0.3415435351625586
486,0.0,0.884582655931857,0.0,0.2,ml100k,itemknn,balanced_quota,2,100,0.2602785826642403
489,0.0,0.9405017997957406,0.0,0.2,ml100k,itemknn,balanced_quota,2,100,0.3581683721076427
511,0.0,0.8047614458599882,0.0,0.2,ml100k,itemknn,balanced_quota,2,100,0.3053010251912971
513,0.0,0.9112226072459468,0.0,0.2,ml100k,itemknn,balanced_quota,2,100,0.3087425972416607
541,0.0,0.8517226948184198,0.0,0.2,ml100k,itemknn,balanced_quota,2,100,0.3412881455282496
543,0.0,0.9243663189143226,0.0,0.2,ml100k,itemknn,balanced_quota,2,100,0.2756249152557857
545,0.3562071871080222,0.8921267480603599,1.0,0.2,ml100k,itemknn,balanced_quota,2,100,0.3777375555842593
554,0.0,0.891053242406751,0.0,0.2,ml100k,itemknn,balanced_quota,2,100,0.3738824996919221
567,0.0,0.9111020205393,0.0,0.2,ml100k,itemknn,balanced_quota,2,100,0.3016434832923613
568,0.0,0.947078854800374,0.0,0.2,ml100k,itemknn,balanced_quota,2,100,0.4730055979543678
582,0.0,0.906338100700875,0.0,0.2,ml100k,itemknn,balanced_quota,2,100,0.4608388347397388
588,0.0,0.8950536178564682,0.0,0.2,ml100k,itemknn,balanced_quota,2,100,0.4136712274727467
590,0.0,0.869543884860492,0.0,0.2,ml100k,itemknn,balanced_quota,2,100,0.3996765672758993
591,0.0,0.9252626408829782,0.0,0.2,ml100k,itemknn,balanced_quota,2,100,0.3087110906348869
600,0.0,0.9183477362449568,0.0,0.2,ml100k,itemknn,balanced_quota,2,100,0.3404664129895248
614,0.3333333333333333,0.8910511626540847,1.0,0.2,ml100k,itemknn,balanced_quota,2,100,0.3784957707533981
617,0.0,0.7954594933222364,0.0,0.2,ml100k,itemknn,balanced_quota,2,100,0.2457472440635303
622,0.0,0.908381167634134,0.0,0.2,ml100k,itemknn,balanced_quota,2,100,0.3680369970687468
623,0.0,0.8582570177692664,0.0,0.2,ml100k,itemknn,balanced_quota,2,100,0.3756695036462237
630,0.0,0.8898341536298043,0.0,0.2,ml100k,itemknn,balanced_quota,2,100,0.4317126291567063
646,0.0,0.9748959002827676,0.0,0.2,ml100k,itemknn,balanced_quota,2,100,0.3335409903254618
650,0.0,0.9686838408217864,0.0,0.2,ml100k,itemknn,balanced_quota,2,100,0.3217979449730013
691,0.0,0.8680331786286893,0.0,0.2,ml100k,itemknn,balanced_quota,2,100,0.4129561590128502
694,0.0,0.8832112325977506,0.0,0.2,ml100k,itemknn,balanced_quota,2,100,0.2205038600058224
706,0.0,0.93039984446591,0.0,0.2,ml100k,itemknn,balanced_quota,2,100,0.3819894839583684
719,0.0,0.8516448182532463,0.0,0.2,ml100k,itemknn,balanced_quota,2,100,0.3465836968577714
720,0.0,0.9241615753612604,0.0,0.2,ml100k,itemknn,balanced_quota,2,100,0.4101903592698986
755,0.430676558073393,0.8900787637887698,1.0,0.2,ml100k,itemknn,balanced_quota,2,100,0.389446496797415
762,0.0,0.9450225806297624,0.0,0.2,ml100k,itemknn,balanced_quota,2,100,0.4283140469425825
770,0.0,0.9397674968852702,0.0,0.2,ml100k,itemknn,balanced_quota,2,100,0.3488080593198381
773,0.0,0.842539551719848,0.0,0.2,ml100k,itemknn,balanced_quota,2,100,0.2790911305591095
780,0.0,0.950281767715718,0.0,0.2,ml100k,itemknn,balanced_quota,2,100,0.2938441303172608
792,0.0,0.9650460743094827,0.0,0.2,ml100k,itemknn,balanced_quota,2,100,0.2935410414345395
794,0.0,0.906874099078274,0.0,0.2,ml100k,itemknn,balanced_quota,2,100,0.4666173350494532
802,0.0,0.9333772890926076,0.0,0.2,ml100k,itemknn,balanced_quota,2,100,0.4842315859070195
811,0.0,0.869180254411526,0.0,0.2,ml100k,itemknn,balanced_quota,2,100,0.3993573731974253
819,0.0,0.8530043204381077,0.0,0.2,ml100k,itemknn,balanced_quota,2,100,0.4091985142146375
824,0.0,0.9680711111374396,0.0,0.2,ml100k,itemknn,balanced_quota,2,100,0.2855721632082391
825,0.0,0.9488265710894128,0.0,0.2,ml100k,itemknn,balanced_quota,2,100,0.2950447303539892
827,0.0,0.9250952930811348,0.0,0.2,ml100k,itemknn,balanced_quota,2,100,0.4494412776890527
848,0.0,0.7999650629081174,0.0,0.2,ml100k,itemknn,balanced_quota,2,100,0.2275754647053201
849,0.0,0.8487941977110601,0.0,0.2,ml100k,itemknn,balanced_quota,2,100,0.2900752027811599
865,0.430676558073393,0.8952388211374559,1.0,0.2,ml100k,itemknn,balanced_quota,2,100,0.3764868532210716
871,0.0,0.9282710873779284,0.0,0.2,ml100k,itemknn,balanced_quota,2,100,0.467139837196632
890,0.0,0.8892375322725117,0.0,0.2,ml100k,itemknn,balanced_quota,2,100,0.4613372575187551
897,0.0,0.9297069130365854,0.0,0.2,ml100k,itemknn,balanced_quota,2,100,0.4899893064383805
940,0.0,0.955069535728812,0.0,0.2,ml100k,itemknn,balanced_quota,2,100,0.4533773688058888
35,0.0,0.6936387693716131,0.0,0.2,ml100k,itemknn,qubo_feasible,2,100,0.1976690399660743
36,0.0,0.8788865141609381,0.0,0.2,ml100k,itemknn,qubo_feasible,2,100,0.330595130632751
47,0.0,0.7702666534444189,0.0,0.2,ml100k,itemknn,qubo_feasible,2,100,0.2620881370799313
53,0.6309297535714575,0.8532886789381188,1.0,0.2,ml100k,itemknn,qubo_feasible,2,100,0.2345520815548203
71,0.0,0.7420842260833562,0.0,0.2,ml100k,itemknn,qubo_feasible,2,100,0.2974050329321119
78,0.0,0.8174762281800874,0.0,0.2,ml100k,itemknn,qubo_feasible,2,100,0.327775930655906
90,0.0,0.8128815243064235,0.0,0.2,ml100k,itemknn,qubo_feasible,2,100,0.3763217802343561
92,0.0,0.8174499336195925,0.0,0.2,ml100k,itemknn,qubo_feasible,2,100,0.3528234722496299
94,0.0,0.5995466469856737,0.0,0.2,ml100k,itemknn,qubo_feasible,2,100,0.2581243895273321
96,0.0,0.7191986043864522,0.0,0.2,ml100k,itemknn,qubo_feasible,2,100,0.3236845975712237
130,0.0,0.7467062320971558,0.0,0.2,ml100k,itemknn,qubo_feasible,2,100,0.3222800365644707
161,0.0,0.6077602020449352,0.0,0.2,ml100k,itemknn,qubo_feasible,2,100,0.2515720642539316
165,0.0,0.7608421487092042,0.0,0.2,ml100k,itemknn,qubo_feasible,2,100,0.3511946073705682
173,0.0,0.7042237742490381,0.0,0.2,ml100k,itemknn,qubo_feasible,2,100,0.2984544039983261
182,0.0,0.6973426398403156,0.0,0.2,ml100k,itemknn,qubo_feasible,2,100,0.2879981683448376
192,0.0,0.857762670313301,0.0,0.2,ml100k,itemknn,qubo_feasible,2,100,0.3855592819502977
196,0.0,0.5575539405912168,0.0,0.2,ml100k,itemknn,qubo_feasible,2,100,0.0953612030338857
200,0.0,0.7943872578175428,0.0,0.2,ml100k,itemknn,qubo_feasible,2,100,0.3872941526036315
203,0.0,0.8271316069423054,0.0,0.2,ml100k,itemknn,qubo_feasible,2,100,0.2216553652012292
221,0.0,0.6213456216235376,0.0,0.2,ml100k,itemknn,qubo_feasible,2,100,0.2590425587371834
225,0.0,0.4638844439255398,0.0,0.2,ml100k,itemknn,qubo_feasible,2,100,0.1400132724470721
236,0.0,0.5841032983555491,0.0,0.2,ml100k,itemknn,qubo_feasible,2,100,0.1784991327723477
243,0.0,0.779170175565019,0.0,0.2,ml100k,itemknn,qubo_feasible,2,100,0.3568357243495393
252,0.0,0.730678879289496,0.0,0.2,ml100k,itemknn,qubo_feasible,2,100,0.2729904515403767
264,0.0,0.8241064770746931,0.0,0.2,ml100k,itemknn,qubo_feasible,2,100,0.3774130732866408
284,0.0,0.8658435854248805,0.0,0.2,ml100k,itemknn,qubo_feasible,2,100,0.2683783878316678
285,1.0,0.9030575088806128,1.0,0.2,ml100k,itemknn,qubo_feasible,2,100,0.2406653621309844
294,0.0,0.7706365624876047,0.0,0.2,ml100k,itemknn,qubo_feasible,2,100,0.2321431587824625
306,0.0,0.819054559576106,0.0,0.2,ml100k,itemknn,qubo_feasible,2,100,0.4034755656521143
316,0.0,0.8908506371083893,0.0,0.2,ml100k,itemknn,qubo_feasible,2,100,0.2456861757012964
334,0.0,0.7767011821525568,0.0,0.2,ml100k,itemknn,qubo_feasible,2,100,0.2108717890102848
345,0.0,0.7857914335271088,0.0,0.2,ml100k,itemknn,qubo_feasible,2,100,0.354366850467991
350,0.0,0.7740147497228372,0.0,0.2,ml100k,itemknn,qubo_feasible,2,100,0.2185262160899659
369,0.0,0.7672008772860853,0.0,0.2,ml100k,itemknn,qubo_feasible,2,100,0.2084857118891729
371,0.0,0.6844159652251129,0.0,0.2,ml100k,itemknn,qubo_feasible,2,100,0.2607162952319136
375,0.0,0.7535764212399785,0.0,0.2,ml100k,itemknn,qubo_feasible,2,100,0.2810425773682575
383,0.0,0.7832787833209285,0.0,0.2,ml100k,itemknn,qubo_feasible,2,100,0.2445459596102776
404,0.0,0.7375320394836262,0.0,0.2,ml100k,itemknn,qubo_feasible,2,100,0.2720681727008513
406,0.0,0.8002447866660599,0.0,0.2,ml100k,itemknn,qubo_feasible,2,100,0.3674745032874044
407,0.0,0.7621207504258793,0.0,0.2,ml100k,itemknn,qubo_feasible,2,100,0.2792840050038725
413,0.0,0.8157414081075445,0.0,0.2,ml100k,itemknn,qubo_feasible,2,100,0.3700112715380629
414,0.0,0.6041648557088928,0.0,0.2,ml100k,itemknn,qubo_feasible,2,100,0.2062360474018569
422,0.0,0.8483648931669739,0.0,0.2,ml100k,itemknn,qubo_feasible,2,100,0.3686181459686707
430,0.0,0.6080485868504397,0.0,0.2,ml100k,itemknn,qubo_feasible,2,100,0.2096298278043959
433,0.0,0.7613572357894991,0.0,0.2,ml100k,itemknn,qubo_feasible,2,100,0.3267396738015015
449,0.0,0.7436057567526393,0.0,0.2,ml100k,itemknn,qubo_feasible,2,100,0.3168796316417427
453,0.0,0.804848048503519,0.0,0.2,ml100k,itemknn,qubo_feasible,2,100,0.271537222044715
454,0.0,0.8237117272902925,0.0,0.2,ml100k,itemknn,qubo_feasible,2,100,0.3696855178935425
463,0.3333333333333333,0.8642748816700612,1.0,0.2,ml100k,itemknn,qubo_feasible,2,100,0.4102850796347022
472,0.0,0.6438379373602685,0.0,0.2,ml100k,itemknn,qubo_feasible,2,100,0.2123786596051461
473,0.0,0.7571563860527758,0.0,0.2,ml100k,itemknn,qubo_feasible,2,100,0.2904349716260817
474,0.0,0.7930009345700327,0.0,0.2,ml100k,itemknn,qubo_feasible,2,100,0.2556013580036222
480,0.6309297535714575,0.8757096760599224,1.0,0.2,ml100k,itemknn,qubo_feasible,2,100,0.2629489030068578
486,0.0,0.616299842132685,0.0,0.2,ml100k,itemknn,qubo_feasible,2,100,0.1226192602580706
489,0.0,0.8300933053936529,0.0,0.2,ml100k,itemknn,qubo_feasible,2,100,0.2811134176064817
511,0.0,0.7178216902446025,0.0,0.2,ml100k,itemknn,qubo_feasible,2,100,0.2669271143864063
513,0.0,0.6904507681343754,0.0,0.2,ml100k,itemknn,qubo_feasible,2,100,0.198412107829534
541,0.0,0.6478149663302736,0.0,0.2,ml100k,itemknn,qubo_feasible,2,100,0.1467310171883336
543,0.0,0.8396836564804355,0.0,0.2,ml100k,itemknn,qubo_feasible,2,100,0.2189837960673022
545,0.3868528072345416,0.7912132647285641,1.0,0.2,ml100k,itemknn,qubo_feasible,2,100,0.3178519286749664
554,0.0,0.8140863842154903,0.0,0.2,ml100k,itemknn,qubo_feasible,2,100,0.3190147524386647
567,0.0,0.8073079901949802,0.0,0.2,ml100k,itemknn,qubo_feasible,2,100,0.2232288196963584
568,0.0,0.8606125682358305,0.0,0.2,ml100k,itemknn,qubo_feasible,2,100,0.4033961161388795
582,0.0,0.7668579374816565,0.0,0.2,ml100k,itemknn,qubo_feasible,2,100,0.3710844980510117
588,0.0,0.7624539177475994,0.0,0.2,ml100k,itemknn,qubo_feasible,2,100,0.3258625175446669
590,0.0,0.7299165368491046,0.0,0.2,ml100k,itemknn,qubo_feasible,2,100,0.3010124236134666
591,0.0,0.8242266094201675,0.0,0.2,ml100k,itemknn,qubo_feasible,2,100,0.2359812799689796
600,0.0,0.6125293308323634,0.0,0.2,ml100k,itemknn,qubo_feasible,2,100,0.2011028568928037
614,0.430676558073393,0.700508227055444,1.0,0.2,ml100k,itemknn,qubo_feasible,2,100,0.2324883863583249
617,0.0,0.6044787665700864,0.0,0.2,ml100k,itemknn,qubo_feasible,2,100,0.1439284305622249
622,0.0,0.8618258137144748,0.0,0.2,ml100k,itemknn,qubo_feasible,2,100,0.3477168721022099
623,0.0,0.6071382224113536,0.0,0.2,ml100k,itemknn,qubo_feasible,2,100,0.2434379057032588
630,0.0,0.7508397297343156,0.0,0.2,ml100k,itemknn,qubo_feasible,2,100,0.3626643203855829
646,0.0,0.8670935011181432,0.0,0.2,ml100k,itemknn,qubo_feasible,2,100,0.2640963849891989
650,0.0,0.8368039969523626,0.0,0.2,ml100k,itemknn,qubo_feasible,2,100,0.2359720027722431
691,0.0,0.7232563569257575,0.0,0.2,ml100k,itemknn,qubo_feasible,2,100,0.261403083390002
694,0.2890648263178879,0.8462154418778037,1.0,0.2,ml100k,itemknn,qubo_feasible,2,100,0.2098097326221544
706,0.0,0.8223000011017352,0.0,0.2,ml100k,itemknn,qubo_feasible,2,100,0.2923791419464547
719,0.0,0.6758218437144904,0.0,0.2,ml100k,itemknn,qubo_feasible,2,100,0.19765341105984
720,0.0,0.7043713360098034,0.0,0.2,ml100k,itemknn,qubo_feasible,2,100,0.2893312140530935
755,0.0,0.8369310020600591,0.0,0.2,ml100k,itemknn,qubo_feasible,2,100,0.3413294564204622
762,0.0,0.7042032154828461,0.0,0.2,ml100k,itemknn,qubo_feasible,2,100,0.2932772182037845
770,0.0,0.898602403237605,0.0,0.2,ml100k,itemknn,qubo_feasible,2,100,0.3419207406540567
773,0.0,0.5920248076232836,0.0,0.2,ml100k,itemknn,qubo_feasible,2,100,0.1511795648144572
780,0.0,0.8005463499504222,0.0,0.2,ml100k,itemknn,qubo_feasible,2,100,0.217735940140412
792,0.0,0.8300620442392462,0.0,0.2,ml100k,itemknn,qubo_feasible,2,100,0.2368434374623151
794,0.0,0.839448478937356,0.0,0.2,ml100k,itemknn,qubo_feasible,2,100,0.4160238811223947
802,0.0,0.7262430587198399,0.0,0.2,ml100k,itemknn,qubo_feasible,2,100,0.3317428792464136
811,0.0,0.7052689102424162,0.0,0.2,ml100k,itemknn,qubo_feasible,2,100,0.3139752551216172
819,0.0,0.6551039822043534,0.0,0.2,ml100k,itemknn,qubo_feasible,2,100,0.2624708414885976
824,0.0,0.8602719299903725,0.0,0.2,ml100k,itemknn,qubo_feasible,2,100,0.2285296416997097
825,0.0,0.8375785721766307,0.0,0.2,ml100k,itemknn,qubo_feasible,2,100,0.2241868014241997
827,0.0,0.767182495261791,0.0,0.2,ml100k,itemknn,qubo_feasible,2,100,0.339611346386051
848,0.0,0.7491708634231398,0.0,0.2,ml100k,itemknn,qubo_feasible,2,100,0.1606472430746606
849,0.0,0.608787135935783,0.0,0.2,ml100k,itemknn,qubo_feasible,2,100,0.182027560903221
865,0.0,0.7721087611955798,0.0,0.2,ml100k,itemknn,qubo_feasible,2,100,0.2998026276208121
871,0.0,0.7504566520624315,0.0,0.2,ml100k,itemknn,qubo_feasible,2,100,0.338042396009749
890,0.0,0.7636656894820829,0.0,0.2,ml100k,itemknn,qubo_feasible,2,100,0.3614889054076893
897,0.0,0.746074006988516,0.0,0.2,ml100k,itemknn,qubo_feasible,2,100,0.3055447147869933
940,0.0,0.877090010030657,0.0,0.2,ml100k,itemknn,qubo_feasible,2,100,0.3933785773448534
35,0.0,0.6845717085818172,0.0,0.2,ml100k,itemknn,qubo_tabu,2,100,0.1797762729486293
36,0.0,0.8461411075245918,0.0,0.2,ml100k,itemknn,qubo_tabu,2,100,0.3100813733974007
47,0.0,0.7961974742265576,0.0,0.2,ml100k,itemknn,qubo_tabu,2,100,0.2655724936806704
53,0.5,0.93171499428475,1.0,0.2,ml100k,itemknn,qubo_tabu,2,100,0.2643824885610805
71,0.0,0.7573561262240688,0.0,0.2,ml100k,itemknn,qubo_tabu,2,100,0.29100274091417
78,0.3333333333333333,0.8172604231339226,1.0,0.2,ml100k,itemknn,qubo_tabu,2,100,0.3161758582448042
90,0.0,0.885209578603948,0.0,0.2,ml100k,itemknn,qubo_tabu,2,100,0.4074086904380556
92,0.0,0.87979795481567,0.0,0.2,ml100k,itemknn,qubo_tabu,2,100,0.3781855149352311
94,0.0,0.6582079424966331,0.0,0.2,ml100k,itemknn,qubo_tabu,2,100,0.2748519342113606
96,0.0,0.7153895902892993,0.0,0.2,ml100k,itemknn,qubo_tabu,2,100,0.2977801518591615
130,0.0,0.8087993111477793,0.0,0.2,ml100k,itemknn,qubo_tabu,2,100,0.3483103549986479
161,0.0,0.7043304690853235,0.0,0.2,ml100k,itemknn,qubo_tabu,2,100,0.2924869162067836
165,0.0,0.812113202704178,0.0,0.2,ml100k,itemknn,qubo_tabu,2,100,0.3599201688268332
173,0.0,0.712497330240382,0.0,0.2,ml100k,itemknn,qubo_tabu,2,100,0.2899939402831393
182,0.0,0.6786695286134377,0.0,0.2,ml100k,itemknn,qubo_tabu,2,100,0.2475574575572779
192,0.0,0.9266362697171354,0.0,0.2,ml100k,itemknn,qubo_tabu,2,100,0.4051155697010792
196,0.0,0.682357878599388,0.0,0.2,ml100k,itemknn,qubo_tabu,2,100,0.1046919015510134
200,0.0,0.8417629439753751,0.0,0.2,ml100k,itemknn,qubo_tabu,2,100,0.3929544155317255
203,0.0,0.8792103941512188,0.0,0.2,ml100k,itemknn,qubo_tabu,2,100,0.2509939942690372
221,0.0,0.6615649102396421,0.0,0.2,ml100k,itemknn,qubo_tabu,2,100,0.2458492942238626
225,0.0,0.635432209041903,0.0,0.2,ml100k,itemknn,qubo_tabu,2,100,0.1598786567422063
236,0.0,0.5965331980667087,0.0,0.2,ml100k,itemknn,qubo_tabu,2,100,0.1631215615556549
243,0.0,0.7313022167661913,0.0,0.2,ml100k,itemknn,qubo_tabu,2,100,0.3299872139108569
252,0.0,0.8071501444427864,0.0,0.2,ml100k,itemknn,qubo_tabu,2,100,0.2850734584461211
264,0.0,0.8637835771737578,0.0,0.2,ml100k,itemknn,qubo_tabu,2,100,0.3766549902631689
284,0.0,0.8807655268236447,0.0,0.2,ml100k,itemknn,qubo_tabu,2,100,0.2647159604905092
285,0.6309297535714575,0.9604310301598976,1.0,0.2,ml100k,itemknn,qubo_tabu,2,100,0.2641610458512909
294,0.0,0.7964121217094439,0.0,0.2,ml100k,itemknn,qubo_tabu,2,100,0.2306260095711342
306,0.0,0.8501083847558917,0.0,0.2,ml100k,itemknn,qubo_tabu,2,100,0.435363508111637
316,0.0,0.9070294698584548,0.0,0.2,ml100k,itemknn,qubo_tabu,2,100,0.2433562015475521
334,0.0,0.8100056425255274,0.0,0.2,ml100k,itemknn,qubo_tabu,2,100,0.2279917079719339
345,0.0,0.7907839750263066,0.0,0.2,ml100k,itemknn,qubo_tabu,2,100,0.3505562379868183
350,0.0,0.8277377996239597,0.0,0.2,ml100k,itemknn,qubo_tabu,2,100,0.2415099400252367
369,0.0,0.8360458923840097,0.0,0.2,ml100k,itemknn,qubo_tabu,2,100,0.2379119633454088
371,0.0,0.7126495437877259,0.0,0.2,ml100k,itemknn,qubo_tabu,2,100,0.2621967434234816
375,0.0,0.7898496793194841,0.0,0.2,ml100k,itemknn,qubo_tabu,2,100,0.28399567561381
383,0.0,0.8456214525522494,0.0,0.2,ml100k,itemknn,qubo_tabu,2,100,0.2600197474698629
404,0.0,0.8323446685255619,0.0,0.2,ml100k,itemknn,qubo_tabu,2,100,0.2957911475153212
406,0.0,0.833657201848014,0.0,0.2,ml100k,itemknn,qubo_tabu,2,100,0.3712210178468978
407,0.0,0.7266963743653562,0.0,0.2,ml100k,itemknn,qubo_tabu,2,100,0.2451488783147025
413,1.0,0.8784904265907806,1.0,0.2,ml100k,itemknn,qubo_tabu,2,100,0.3984832779768755
414,0.0,0.6901892658471092,0.0,0.2,ml100k,itemknn,qubo_tabu,2,100,0.217561269569379
422,0.0,0.814087979993196,0.0,0.2,ml100k,itemknn,qubo_tabu,2,100,0.348171433296352
430,0.0,0.676311637044068,0.0,0.2,ml100k,itemknn,qubo_tabu,2,100,0.2257561539104199
433,0.0,0.7788730374929395,0.0,0.2,ml100k,itemknn,qubo_tabu,2,100,0.3331080530826527
449,0.0,0.7699376866123955,0.0,0.2,ml100k,itemknn,qubo_tabu,2,100,0.3176874651999163
453,0.0,0.8080877801307572,0.0,0.2,ml100k,itemknn,qubo_tabu,2,100,0.2451626437223666
454,0.0,0.836914278030521,0.0,0.2,ml100k,itemknn,qubo_tabu,2,100,0.3673720435385839
463,0.3154648767857287,0.8751866516126195,1.0,0.2,ml100k,itemknn,qubo_tabu,2,100,0.4165119629639806
472,0.0,0.7571090837603385,0.0,0.2,ml100k,itemknn,qubo_tabu,2,100,0.2497940581085418
473,0.0,0.8195327869099832,0.0,0.2,ml100k,itemknn,qubo_tabu,2,100,0.3140164317388993
474,0.3562071871080222,0.8009987457067803,1.0,0.2,ml100k,itemknn,qubo_tabu,2,100,0.2486582672683126
480,0.6309297535714575,0.8810648541917886,1.0,0.2,ml100k,itemknn,qubo_tabu,2,100,0.2562381579478007
486,0.0,0.6744278319217516,0.0,0.2,ml100k,itemknn,qubo_tabu,2,100,0.1262884666160888
489,0.0,0.9060375043790928,0.0,0.2,ml100k,itemknn,qubo_tabu,2,100,0.3286199929229754
511,0.0,0.7440745539195954,0.0,0.2,ml100k,itemknn,qubo_tabu,2,100,0.2690830075263375
513,0.0,0.6748615721902002,0.0,0.2,ml100k,itemknn,qubo_tabu,2,100,0.1757648109828029
541,0.0,0.6560211617941117,0.0,0.2,ml100k,itemknn,qubo_tabu,2,100,0.1319028059950442
543,0.0,0.8754697944506564,0.0,0.2,ml100k,itemknn,qubo_tabu,2,100,0.2254676311793538
545,0.3562071871080222,0.8408659572473012,1.0,0.2,ml100k,itemknn,qubo_tabu,2,100,0.3355012722736495
554,0.3868528072345416,0.8266761132282022,1.0,0.2,ml100k,itemknn,qubo_tabu,2,100,0.3187864514628131
567,0.0,0.8265822232713106,0.0,0.2,ml100k,itemknn,qubo_tabu,2,100,0.2313808226670655
568,0.0,0.8495087268048593,0.0,0.2,ml100k,itemknn,qubo_tabu,2,100,0.3935926365848658
582,0.0,0.8526094042476791,0.0,0.2,ml100k,itemknn,qubo_tabu,2,100,0.4172887102218284
588,0.0,0.8209607980809168,0.0,0.2,ml100k,itemknn,qubo_tabu,2,100,0.3311111556370474
590,0.0,0.8083890943704175,0.0,0.2,ml100k,itemknn,qubo_tabu,2,100,0.326217728499005
591,0.0,0.836636337079823,0.0,0.2,ml100k,itemknn,qubo_tabu,2,100,0.2493180271196432
600,0.0,0.7441430498480527,0.0,0.2,ml100k,itemknn,qubo_tabu,2,100,0.2109808113936344
614,0.3562071871080222,0.792456476449381,1.0,0.2,ml100k,itemknn,qubo_tabu,2,100,0.2721801533387346
617,0.0,0.5950157853675446,0.0,0.2,ml100k,itemknn,qubo_tabu,2,100,0.1332778406547448
622,0.0,0.8383236139894492,0.0,0.2,ml100k,itemknn,qubo_tabu,2,100,0.3270057038621952
623,0.0,0.6341463226001808,0.0,0.2,ml100k,itemknn,qubo_tabu,2,100,0.240397630043924
630,0.0,0.8376435336820073,0.0,0.2,ml100k,itemknn,qubo_tabu,2,100,0.3968724095451841
646,0.430676558073393,0.8965588831969616,1.0,0.2,ml100k,itemknn,qubo_tabu,2,100,0.2702985668803386
650,0.0,0.8374601224209897,0.0,0.2,ml100k,itemknn,qubo_tabu,2,100,0.2306885399108751
691,0.0,0.7576130651131223,0.0,0.2,ml100k,itemknn,qubo_tabu,2,100,0.255818994812118
694,0.0,0.8573432215228821,0.0,0.2,ml100k,itemknn,qubo_tabu,2,100,0.196943486637804
706,0.0,0.8308467933714235,0.0,0.2,ml100k,itemknn,qubo_tabu,2,100,0.2851355023789154
719,0.0,0.7642336350569555,0.0,0.2,ml100k,itemknn,qubo_tabu,2,100,0.2236043286922337
720,0.0,0.7519342904147134,0.0,0.2,ml100k,itemknn,qubo_tabu,2,100,0.303990972153775
755,0.5,0.8058963277195271,1.0,0.2,ml100k,itemknn,qubo_tabu,2,100,0.2938836081021941
762,0.0,0.8551898850013702,0.0,0.2,ml100k,itemknn,qubo_tabu,2,100,0.3563605950240979
770,0.0,0.9132790152434586,0.0,0.2,ml100k,itemknn,qubo_tabu,2,100,0.3251032122457163
773,0.0,0.6802299774630699,0.0,0.2,ml100k,itemknn,qubo_tabu,2,100,0.1612316248610865
780,0.0,0.8337297587762831,0.0,0.2,ml100k,itemknn,qubo_tabu,2,100,0.2269450384149725
792,0.0,0.8966493856492322,0.0,0.2,ml100k,itemknn,qubo_tabu,2,100,0.2660925450604745
794,0.0,0.8599047205941,0.0,0.2,ml100k,itemknn,qubo_tabu,2,100,0.4165839360287547
802,0.3562071871080222,0.7650276347163706,1.0,0.2,ml100k,itemknn,qubo_tabu,2,100,0.3415449977633952
811,0.0,0.7332875621528933,0.0,0.2,ml100k,itemknn,qubo_tabu,2,100,0.3179876347149099
819,0.0,0.6747353989829582,0.0,0.2,ml100k,itemknn,qubo_tabu,2,100,0.2596276981459046
824,0.0,0.9541637463764486,0.0,0.2,ml100k,itemknn,qubo_tabu,2,100,0.2726758838330957
825,0.0,0.8474734741017194,0.0,0.2,ml100k,itemknn,qubo_tabu,2,100,0.2367201325224188
827,0.0,0.7821347254323108,0.0,0.2,ml100k,itemknn,qubo_tabu,2,100,0.3344156297304641
848,0.0,0.7568025069849538,0.0,0.2,ml100k,itemknn,qubo_tabu,2,100,0.1594009095252342
849,0.0,0.6097300778972241,0.0,0.2,ml100k,itemknn,qubo_tabu,2,100,0.1667856000982421
865,0.430676558073393,0.8248486949406172,1.0,0.2,ml100k,itemknn,qubo_tabu,2,100,0.3235970033374222
871,0.0,0.824577712398515,0.0,0.2,ml100k,itemknn,qubo_tabu,2,100,0.3638042188319524
890,0.0,0.7913517990976844,0.0,0.2,ml100k,itemknn,qubo_tabu,2,100,0.3655956284794894
897,0.0,0.7262358839539471,0.0,0.2,ml100k,itemknn,qubo_tabu,2,100,0.3093478931485711
940,0.0,0.8751989416837302,0.0,0.2,ml100k,itemknn,qubo_tabu,2,100,0.3814334022730239
35,0.0,1.0,0.0,0.8,ml100k,als,none,2,100,
36,0.0,1.0,0.0,0.4,ml100k,als,none,2,100,
47,0.0,1.0,0.0,0.4,ml100k,als,none,2,100,
53,0.5,1.0,1.0,0.4,ml100k,als,none,2,100,
71,0.0,1.0,0.0,1.1,ml100k,als,none,2,100,
78,0.0,1.0,0.0,1.1,ml100k,als,none,2,100,
90,0.0,1.0,0.0,0.6,ml100k,als,none,2,100,
92,0.0,1.0,0.0,0.7,ml100k,als,none,2,100,
94,0.0,1.0,0.0,1.1,ml100k,als,none,2,100,
96,0.0,1.0,0.0,1.3,ml100k,als,none,2,100,
130,0.0,1.0,0.0,0.9,ml100k,als,none,2,100,
161,0.0,1.0,0.0,0.6,ml100k,als,none,2,100,
165,0.2890648263178879,1.0,1.0,1.3,ml100k,als,none,2,100,
173,0.0,1.0,0.0,1.5,ml100k,als,none,2,100,
182,0.0,1.0,0.0,0.9,ml100k,als,none,2,100,
192,0.0,1.0,0.0,0.8,ml100k,als,none,2,100,
196,0.0,1.0,0.0,0.8,ml100k,als,none,2,100,
200,0.0,1.0,0.0,0.7,ml100k,als,none,2,100,
203,0.0,1.0,0.0,0.7,ml100k,als,none,2,100,
221,0.0,1.0,0.0,0.6,ml100k,als,none,2,100,
225,0.0,1.0,0.0,0.9,ml100k,als,none,2,100,
236,0.0,1.0,0.0,0.2,ml100k,als,none,2,100,
243,0.0,1.0,0.0,0.4,ml100k,als,none,2,100,
252,0.0,1.0,0.0,0.6,ml100k,als,none,2,100,
264,0.0,1.0,0.0,1.1,ml100k,als,none,2,100,
284,0.2890648263178879,1.0,1.0,0.9,ml100k,als,none,2,100,
285,0.5,1.0,1.0,0.7,ml100k,als,none,2,100,
294,0.0,1.0,0.0,0.9,ml100k,als,none,2,100,
306,0.3333333333333333,1.0,1.0,1.3,ml100k,als,none,2,100,
316,0.3154648767857287,1.0,1.0,0.6,ml100k,als,none,2,100,
334,0.6309297535714575,1.0,1.0,0.9,ml100k,als,none,2,100,
345,0.0,1.0,0.0,1.0,ml100k,als,none,2,100,
350,0.0,1.0,0.0,1.1,ml100k,als,none,2,100,
369,0.0,1.0,0.0,1.1,ml100k,als,none,2,100,
371,0.0,1.0,0.0,1.3,ml100k,als,none,2,100,
375,0.0,1.0,0.0,0.5,ml100k,als,none,2,100,
383,0.0,1.0,0.0,1.1,ml100k,als,none,2,100,
404,0.0,1.0,0.0,0.9,ml100k,als,none,2,100,
406,0.0,1.0,0.0,0.7,ml100k,als,none,2,100,
407,0.0,1.0,0.0,1.3,ml100k,als,none,2,100,
413,0.3562071871080222,1.0,1.0,1.3,ml100k,als,none,2,100,
414,0.0,1.0,0.0,1.1,ml100k,als,none,2,100,
422,0.0,1.0,0.0,1.1,ml100k,als,none,2,100,
430,0.0,1.0,0.0,0.7,ml100k,als,none,2,100,
433,0.0,1.0,0.0,1.1,ml100k,als,none,2,100,
449,0.0,1.0,0.0,1.1,ml100k,als,none,2,100,
453,0.2890648263178879,1.0,1.0,1.3,ml100k,als,none,2,100,
454,0.0,1.0,0.0,1.1,ml100k,als,none,2,100,
463,0.0,1.0,0.0,0.9,ml100k,als,none,2,100,
472,0.0,1.0,0.0,0.4,ml100k,als,none,2,100,
473,0.0,1.0,0.0,0.7,ml100k,als,none,2,100,
474,0.3562071871080222,1.0,1.0,0.6,ml100k,als,none,2,100,
480,0.3562071871080222,1.0,1.0,0.4,ml100k,als,none,2,100,
486,0.0,1.0,0.0,0.6,ml100k,als,none,2,100,
489,0.6309297535714575,1.0,1.0,0.7,ml100k,als,none,2,100,
511,0.0,1.0,0.0,0.9,ml100k,als,none,2,100,
513,0.0,1.0,0.0,0.7,ml100k,als,none,2,100,
541,0.0,1.0,0.0,0.7,ml100k,als,none,2,100,
543,0.3333333333333333,1.0,1.0,0.7,ml100k,als,none,2,100,
545,0.3333333333333333,1.0,1.0,0.7,ml100k,als,none,2,100,
554,0.0,1.0,0.0,1.1,ml100k,als,none,2,100,
567,0.0,1.0,0.0,0.9,ml100k,als,none,2,100,
568,0.0,1.0,0.0,0.8,ml100k,als,none,2,100,
582,0.0,1.0,0.0,0.9,ml100k,als,none,2,100,
588,0.0,1.0,0.0,0.9,ml100k,als,none,2,100,
590,0.0,1.0,0.0,1.0,ml100k,als,none,2,100,
591,0.0,1.0,0.0,1.3,ml100k,als,none,2,100,
600,0.0,1.0,0.0,0.6,ml100k,als,none,2,100,
614,0.0,1.0,0.0,1.3,ml100k,als,none,2,100,
617,0.0,1.0,0.0,0.6,ml100k,als,none,2,100,
622,0.0,1.0,0.0,0.9,ml100k,als,none,2,100,
623,0.0,1.0,0.0,0.9,ml100k,als,none,2,100,
630,0.3154648767857287,1.0,1.0,0.6,ml100k,als,none,2,100,
646,0.0,1.0,0.0,0.6,ml100k,als,none,2,100,
650,0.0,1.0,0.0,0.5,ml100k,als,none,2,100,
691,0.0,1.0,0.0,0.6,ml100k,als,none,2,100,
694,0.0,1.0,0.0,0.8,ml100k,als,none,2,100,
706,0.0,1.0,0.0,0.2,ml100k,als,none,2,100,
719,0.0,1.0,0.0,0.9,ml100k,als,none,2,100,
720,0.0,1.0,0.0,0.7,ml100k,als,none,2,100,
755,0.0,1.0,0.0,0.7,ml100k,als,none,2,100,
762,0.0,1.0,0.0,1.3,ml100k,als,none,2,100,
770,0.0,1.0,0.0,0.6,ml100k,als,none,2,100,
773,0.0,1.0,0.0,0.6,ml100k,als,none,2,100,
780,0.0,1.0,0.0,0.9,ml100k,als,none,2,100,
792,0.0,1.0,0.0,0.7,ml100k,als,none,2,100,
794,0.0,1.0,0.0,1.5,ml100k,als,none,2,100,
802,0.0,1.0,0.0,1.1,ml100k,als,none,2,100,
811,0.0,1.0,0.0,0.8,ml100k,als,none,2,100,
819,0.0,1.0,0.0,0.9,ml100k,als,none,2,100,
824,0.0,1.0,0.0,0.6,ml100k,als,none,2,100,
825,0.0,1.0,0.0,0.4,ml100k,als,none,2,100,
827,0.0,1.0,0.0,0.9,ml100k,als,none,2,100,
848,0.3154648767857287,1.0,1.0,1.0,ml100k,als,none,2,100,
849,0.0,1.0,0.0,0.4,ml100k,als,none,2,100,
865,0.0,1.0,0.0,0.9,ml100k,als,none,2,100,
871,0.0,1.0,0.0,0.5,ml100k,als,none,2,100,
890,0.0,1.0,0.0,0.9,ml100k,als,none,2,100,
897,0.0,1.0,0.0,0.5,ml100k,als,none,2,100,
940,0.0,1.0,0.0,0.9,ml100k,als,none,2,100,
35,0.0,1.0,0.0,0.8,ml100k,als,greedy_topk,2,100,0.0724626530027251
36,0.0,1.0,0.0,0.4,ml100k,als,greedy_topk,2,100,0.3496923530969759
47,0.0,1.0,0.0,0.4,ml100k,als,greedy_topk,2,100,0.1267367723611464
53,0.5,1.0,1.0,0.4,ml100k,als,greedy_topk,2,100,0.2040045948108117
71,0.0,1.0,0.0,1.1,ml100k,als,greedy_topk,2,100,0.4963210015771861
78,0.0,1.0,0.0,1.1,ml100k,als,greedy_topk,2,100,0.3899020457312205
90,0.0,1.0,0.0,0.6,ml100k,als,greedy_topk,2,100,0.2421098774011292
92,0.0,1.0,0.0,0.7,ml100k,als,greedy_topk,2,100,0.3327237186216467
94,0.0,1.0,0.0,1.1,ml100k,als,greedy_topk,2,100,0.182145469894271
96,0.0,1.0,0.0,1.3,ml100k,als,greedy_topk,2,100,0.3052414977502735
130,0.0,1.0,0.0,0.9,ml100k,als,greedy_topk,2,100,0.1668763767793962
161,0.0,1.0,0.0,0.6,ml100k,als,greedy_topk,2,100,0.1724336094178224
165,0.2890648263178879,1.0,1.0,1.3,ml100k,als,greedy_topk,2,100,0.4299723927609549
173,0.0,1.0,0.0,1.5,ml100k,als,greedy_topk,2,100,0.1181177316450268
182,0.0,1.0,0.0,0.9,ml100k,als,greedy_topk,2,100,0.1683801140505791
192,0.0,1.0,0.0,0.8,ml100k,als,greedy_topk,2,100,0.4148086428971967
196,0.0,1.0,0.0,0.8,ml100k,als,greedy_topk,2,100,0.0648821944105137
200,0.0,1.0,0.0,0.7,ml100k,als,greedy_topk,2,100,0.2271535654541746
203,0.0,1.0,0.0,0.7,ml100k,als,greedy_topk,2,100,0.2059707064212489
221,0.0,1.0,0.0,0.6,ml100k,als,greedy_topk,2,100,0.1053142816872462
225,0.0,1.0,0.0,0.9,ml100k,als,greedy_topk,2,100,0.1325844597423463
236,0.0,1.0,0.0,0.2,ml100k,als,greedy_topk,2,100,0.1225389711869883
243,0.0,1.0,0.0,0.4,ml100k,als,greedy_topk,2,100,0.1457637181337899
252,0.0,1.0,0.0,0.6,ml100k,als,greedy_topk,2,100,0.2301442984179683
264,0.0,1.0,0.0,1.1,ml100k,als,greedy_topk,2,100,0.4006250030186765
284,0.2890648263178879,1.0,1.0,0.9,ml100k,als,greedy_topk,2,100,0.2291385825453257
285,0.5,1.0,1.0,0.7,ml100k,als,greedy_topk,2,100,0.1781546947669841
294,0.0,1.0,0.0,0.9,ml100k,als,greedy_topk,2,100,0.2270451559683555
306,0.3333333333333333,1.0,1.0,1.3,ml100k,als,greedy_topk,2,100,0.2026759787628669
316,0.3154648767857287,1.0,1.0,0.6,ml100k,als,greedy_topk,2,100,0.253511692061566
334,0.6309297535714575,1.0,1.0,0.9,ml100k,als,greedy_topk,2,100,0.2502930219796865
345,0.0,1.0,0.0,1.0,ml100k,als,greedy_topk,2,100,0.4374237696145197
350,0.0,1.0,0.0,1.1,ml100k,als,greedy_topk,2,100,0.1993045960004219
369,0.0,1.0,0.0,1.1,ml100k,als,greedy_topk,2,100,0.2711408571093793
371,0.0,1.0,0.0,1.3,ml100k,als,greedy_topk,2,100,0.3540826828510579
375,0.0,1.0,0.0,0.5,ml100k,als,greedy_topk,2,100,0.1357296512120992
383,0.0,1.0,0.0,1.1,ml100k,als,greedy_topk,2,100,0.3919535433928883
404,0.0,1.0,0.0,0.9,ml100k,als,greedy_topk,2,100,0.1366023804181382
406,0.0,1.0,0.0,0.7,ml100k,als,greedy_topk,2,100,0.2300498966171636
407,0.0,1.0,0.0,1.3,ml100k,als,greedy_topk,2,100,0.2105934589658323
413,0.3562071871080222,1.0,1.0,1.3,ml100k,als,greedy_topk,2,100,0.2127072150566261
414,0.0,1.0,0.0,1.1,ml100k,als,greedy_topk,2,100,0.0967525928300552
422,0.0,1.0,0.0,1.1,ml100k,als,greedy_topk,2,100,0.3055476033871252
430,0.0,1.0,0.0,0.7,ml100k,als,greedy_topk,2,100,0.1506141745296002
433,0.0,1.0,0.0,1.1,ml100k,als,greedy_topk,2,100,0.0865132595724364
449,0.0,1.0,0.0,1.1,ml100k,als,greedy_topk,2,100,0.1740841051442261
453,0.2890648263178879,1.0,1.0,1.3,ml100k,als,greedy_topk,2,100,0.2214245927975855
454,0.0,1.0,0.0,1.1,ml100k,als,greedy_topk,2,100,0.3069153738991773
463,0.0,1.0,0.0,0.9,ml100k,als,greedy_topk,2,100,0.3060092054138572
472,0.0,1.0,0.0,0.4,ml100k,als,greedy_topk,2,100,0.1241654857487595
473,0.0,1.0,0.0,0.7,ml100k,als,greedy_topk,2,100,0.2399242400388583
474,0.3562071871080222,1.0,1.0,0.6,ml100k,als,greedy_topk,2,100,0.3588081410496047
480,0.3562071871080222,1.0,1.0,0.4,ml100k,als,greedy_topk,2,100,0.22814411691159
486,0.0,1.0,0.0,0.6,ml100k,als,greedy_topk,2,100,0.0647327815760626
489,0.6309297535714575,1.0,1.0,0.7,ml100k,als,greedy_topk,2,100,0.2759965594471444
511,0.0,1.0,0.0,0.9,ml100k,als,greedy_topk,2,100,0.1814038438214352
513,0.0,1.0,0.0,0.7,ml100k,als,greedy_topk,2,100,0.1156445629614999
541,0.0,1.0,0.0,0.7,ml100k,als,greedy_topk,2,100,0.0727411267639955
543,0.3333333333333333,1.0,1.0,0.7,ml100k,als,greedy_topk,2,100,0.1665128346637631
545,0.3333333333333333,1.0,1.0,0.7,ml100k,als,greedy_topk,2,100,0.3756675652528417
554,0.0,1.0,0.0,1.1,ml100k,als,greedy_topk,2,100,0.2483199176276253
567,0.0,1.0,0.0,0.9,ml100k,als,greedy_topk,2,100,0.2522934583064017
568,0.0,1.0,0.0,0.8,ml100k,als,greedy_topk,2,100,0.326901770211281
582,0.0,1.0,0.0,0.9,ml100k,als,greedy_topk,2,100,0.3738031528525027
588,0.0,1.0,0.0,0.9,ml100k,als,greedy_topk,2,100,0.1702430339963258
590,0.0,1.0,0.0,1.0,ml100k,als,greedy_topk,2,100,0.2353550802239035
591,0.0,1.0,0.0,1.3,ml100k,als,greedy_topk,2,100,0.2327932342071624
600,0.0,1.0,0.0,0.6,ml100k,als,greedy_topk,2,100,0.1744824649879525
614,0.0,1.0,0.0,1.3,ml100k,als,greedy_topk,2,100,0.3079297502983337
617,0.0,1.0,0.0,0.6,ml100k,als,greedy_topk,2,100,0.0428313453616961
622,0.0,1.0,0.0,0.9,ml100k,als,greedy_topk,2,100,0.3570932139182419
623,0.0,1.0,0.0,0.9,ml100k,als,greedy_topk,2,100,0.1396633825565758
630,0.3154648767857287,1.0,1.0,0.6,ml100k,als,greedy_topk,2,100,0.3184590104607295
646,0.0,1.0,0.0,0.6,ml100k,als,greedy_topk,2,100,0.1633073515952655
650,0.0,1.0,0.0,0.5,ml100k,als,greedy_topk,2,100,0.2737367441767892
691,0.0,1.0,0.0,0.6,ml100k,als,greedy_topk,2,100,0.1604624560994505
694,0.0,1.0,0.0,0.8,ml100k,als,greedy_topk,2,100,0.055579269419232
706,0.0,1.0,0.0,0.2,ml100k,als,greedy_topk,2,100,0.2503046269670038
719,0.0,1.0,0.0,0.9,ml100k,als,greedy_topk,2,100,0.0995893572667016
720,0.0,1.0,0.0,0.7,ml100k,als,greedy_topk,2,100,0.375836060640663
755,0.0,1.0,0.0,0.7,ml100k,als,greedy_topk,2,100,0.2289361920272868
762,0.0,1.0,0.0,1.3,ml100k,als,greedy_topk,2,100,0.2336661982361982
770,0.0,1.0,0.0,0.6,ml100k,als,greedy_topk,2,100,0.2595643089539117
773,0.0,1.0,0.0,0.6,ml100k,als,greedy_topk,2,100,0.103452186138842
780,0.0,1.0,0.0,0.9,ml100k,als,greedy_topk,2,100,0.2311510025490161
792,0.0,1.0,0.0,0.7,ml100k,als,greedy_topk,2,100,0.2463506966773801
794,0.0,1.0,0.0,1.5,ml100k,als,greedy_topk,2,100,0.1296595947092148
802,0.0,1.0,0.0,1.1,ml100k,als,greedy_topk,2,100,0.2404706910005813
811,0.0,1.0,0.0,0.8,ml100k,als,greedy_topk,2,100,0.2168424868782548
819,0.0,1.0,0.0,0.9,ml100k,als,greedy_topk,2,100,0.2625897223261538
824,0.0,1.0,0.0,0.6,ml100k,als,greedy_topk,2,100,0.2240715329627667
825,0.0,1.0,0.0,0.4,ml100k,als,greedy_topk,2,100,0.2143726149760269
827,0.0,1.0,0.0,0.9,ml100k,als,greedy_topk,2,100,0.2414549370307033
848,0.3154648767857287,1.0,1.0,1.0,ml100k,als,greedy_topk,2,100,0.0372496929718892
849,0.0,1.0,0.0,0.4,ml100k,als,greedy_topk,2,100,0.1240381687943452
865,0.0,1.0,0.0,0.9,ml100k,als,greedy_topk,2,100,0.3664140182320504
871,0.0,1.0,0.0,0.5,ml100k,als,greedy_topk,2,100,0.1315634048718949
890,0.0,1.0,0.0,0.9,ml100k,als,greedy_topk,2,100,0.2781085080426703
897,0.0,1.0,0.0,0.5,ml100k,als,greedy_topk,2,100,0.1187487031112671
940,0.0,1.0,0.0,0.9,ml100k,als,greedy_topk,2,100,0.3603091396049511
35,0.0,0.9994680358467858,0.0,0.9,ml100k,als,mmr,2,100,0.0750966672444271
36,0.0,0.9968584376206656,0.0,0.2,ml100k,als,mmr,2,100,0.29598503529343
47,0.0,0.9912554382036078,0.0,0.6,ml100k,als,mmr,2,100,0.092825316682833
53,0.5,0.9923797121766614,1.0,0.2,ml100k,als,mmr,2,100,0.1789034795669394
71,0.0,0.9861519584657278,0.0,0.9,ml100k,als,mmr,2,100,0.335478905485364
78,0.0,0.9917683059369998,0.0,1.1,ml100k,als,mmr,2,100,0.328377709600524
90,0.0,1.0,0.0,0.6,ml100k,als,mmr,2,100,0.2421098774011292
92,0.0,0.9953420310972196,0.0,0.6,ml100k,als,mmr,2,100,0.3021702295980698
94,0.0,0.9964677873177524,0.0,0.9,ml100k,als,mmr,2,100,0.1538328490087637
96,0.0,0.9794911136777388,0.0,1.1,ml100k,als,mmr,2,100,0.177192564539428
130,0.0,0.9956077526561292,0.0,0.7,ml100k,als,mmr,2,100,0.1387195632331007
161,0.0,0.9930430284561752,0.0,0.8,ml100k,als,mmr,2,100,0.1118891395617946
165,0.0,0.9845896408682628,0.0,1.3,ml100k,als,mmr,2,100,0.2618230564254316
173,0.0,0.9984355596194796,0.0,1.5,ml100k,als,mmr,2,100,0.1011608512759058
182,0.0,0.998316706399842,0.0,0.7,ml100k,als,mmr,2,100,0.1599700498008127
192,0.0,0.998991288250648,0.0,0.8,ml100k,als,mmr,2,100,0.3815652724073909
196,0.0,0.9983457167228458,0.0,0.8,ml100k,als,mmr,2,100,0.0563067743399456
200,0.0,0.998161226141102,0.0,1.1,ml100k,als,mmr,2,100,0.1882418584321074
203,0.0,0.998272392545382,0.0,0.7,ml100k,als,mmr,2,100,0.1990064999858425
221,0.0,0.9967944018222736,0.0,0.6,ml100k,als,mmr,2,100,0.0685821312419892
225,0.0,1.0,0.0,0.9,ml100k,als,mmr,2,100,0.1325844597423463
236,0.0,0.9961380510185712,0.0,0.6,ml100k,als,mmr,2,100,0.0947698383793019
243,0.0,0.9978323361430672,0.0,0.6,ml100k,als,mmr,2,100,0.1214393798970061
252,0.0,0.994974914667215,0.0,0.5,ml100k,als,mmr,2,100,0.1844033131592017
264,0.0,0.9988172833350154,0.0,1.1,ml100k,als,mmr,2,100,0.3847489602045134
284,0.3010299956639812,0.9908201130892126,1.0,0.7,ml100k,als,mmr,2,100,0.185010855664514
285,0.0,0.9397749232579624,0.0,0.3,ml100k,als,mmr,2,100,0.0843127444664047
294,0.0,0.9995236361846878,0.0,0.9,ml100k,als,mmr,2,100,0.211064732540052
306,0.3333333333333333,0.9972389157304098,1.0,1.3,ml100k,als,mmr,2,100,0.1761778035005212
316,0.3333333333333333,0.9886362960647946,1.0,0.5,ml100k,als,mmr,2,100,0.1751284760857708
334,0.6309297535714575,0.9768399057430404,1.0,0.7,ml100k,als,mmr,2,100,0.1827913706070415
345,0.0,0.9954137616864271,0.0,0.8,ml100k,als,mmr,2,100,0.4099919241244976
350,0.0,1.0,0.0,1.1,ml100k,als,mmr,2,100,0.1993045960004219
369,0.0,1.0,0.0,1.1,ml100k,als,mmr,2,100,0.2711408571093793
371,0.0,0.9876260839708628,0.0,1.1,ml100k,als,mmr,2,100,0.204119703198118
375,0.0,1.0,0.0,0.5,ml100k,als,mmr,2,100,0.1357296512120992
383,0.0,0.9785424642911724,0.0,0.9,ml100k,als,mmr,2,100,0.2623449193789317
404,0.0,0.9959808385612048,0.0,0.8,ml100k,als,mmr,2,100,0.1189995277003701
406,0.0,0.9969473252736788,0.0,1.1,ml100k,als,mmr,2,100,0.1745644076746345
407,0.0,0.9825391405584358,0.0,0.9,ml100k,als,mmr,2,100,0.1083193416603309
413,0.3562071871080222,0.9888073180188144,1.0,1.3,ml100k,als,mmr,2,100,0.1644438292436647
414,0.0,0.9998432531809928,0.0,1.1,ml100k,als,mmr,2,100,0.0931600131534931
422,0.0,0.9941849257850124,0.0,1.1,ml100k,als,mmr,2,100,0.2313931072543856
430,0.0,1.0,0.0,0.7,ml100k,als,mmr,2,100,0.1506141745296002
433,0.0,0.9966164305689006,0.0,1.1,ml100k,als,mmr,2,100,0.0623499498334065
449,0.0,0.998266025034018,0.0,0.9,ml100k,als,mmr,2,100,0.1439589899510458
453,0.0,0.994858390724377,0.0,1.3,ml100k,als,mmr,2,100,0.1626477711557478
454,0.0,0.99876961199919,0.0,1.1,ml100k,als,mmr,2,100,0.2927399301079675
463,0.0,0.9976521392364656,0.0,0.7,ml100k,als,mmr,2,100,0.2845578461583641
472,0.0,0.9956055141902004,0.0,0.2,ml100k,als,mmr,2,100,0.0748220269007567
473,0.0,0.9967598628958482,0.0,0.7,ml100k,als,mmr,2,100,0.2080001263460869
474,0.3562071871080222,0.9953049850332124,1.0,0.6,ml100k,als,mmr,2,100,0.250841330766394
480,0.3562071871080222,0.9995101288621422,1.0,0.4,ml100k,als,mmr,2,100,0.2131471435025536
486,0.0,0.9968651344004948,0.0,0.6,ml100k,als,mmr,2,100,0.0595413807124417
489,0.6309297535714575,0.9813269383002696,1.0,0.9,ml100k,als,mmr,2,100,0.2047426186951338
511,0.0,0.9972428849418862,0.0,0.8,ml100k,als,mmr,2,100,0.1592611383592412
513,0.0,0.994356434069126,0.0,0.9,ml100k,als,mmr,2,100,0.0702395900967326
541,0.2890648263178879,0.9927957229062644,1.0,0.7,ml100k,als,mmr,2,100,0.0587430409527885
543,0.3562071871080222,0.9874846069177562,1.0,0.7,ml100k,als,mmr,2,100,0.121624955546215
545,0.3562071871080222,0.9744047360398188,1.0,0.4,ml100k,als,mmr,2,100,0.2170276165233393
554,0.0,0.9936953857758352,0.0,1.1,ml100k,als,mmr,2,100,0.2004761753974465
567,0.0,1.0,0.0,0.9,ml100k,als,mmr,2,100,0.2522934583064017
568,0.0,0.9999621038863052,0.0,1.0,ml100k,als,mmr,2,100,0.3010965434701764
582,0.0,0.9930484968409692,0.0,0.6,ml100k,als,mmr,2,100,0.3040509066996092
588,0.0,0.9979742166537332,0.0,1.1,ml100k,als,mmr,2,100,0.1467141829808736
590,0.0,0.9916435566467052,0.0,0.9,ml100k,als,mmr,2,100,0.181161866805692
591,0.0,1.0,0.0,1.3,ml100k,als,mmr,2,100,0.2327932342071624
600,0.0,0.9969066203632928,0.0,0.6,ml100k,als,mmr,2,100,0.1411181130028096
614,0.0,0.9956123667340442,0.0,1.3,ml100k,als,mmr,2,100,0.2753682103987498
617,0.0,1.0,0.0,0.6,ml100k,als,mmr,2,100,0.0428313453616961
622,0.0,0.9957233994767074,0.0,0.7,ml100k,als,mmr,2,100,0.3295832287090056
623,0.0,0.9939923494071043,0.0,0.9,ml100k,als,mmr,2,100,0.1140609958166109
630,0.3154648767857287,0.9888847009755682,1.0,0.5,ml100k,als,mmr,2,100,0.2259207358923123
646,0.0,0.9963201747266812,0.0,0.4,ml100k,als,mmr,2,100,0.1018980752740573
650,0.0,0.9843191797031832,0.0,0.4,ml100k,als,mmr,2,100,0.1992042037874479
691,0.0,0.9993798030028692,0.0,0.4,ml100k,als,mmr,2,100,0.1504770563568956
694,0.0,1.0,0.0,0.8,ml100k,als,mmr,2,100,0.055579269419232
706,0.0,0.996737990657236,0.0,0.3,ml100k,als,mmr,2,100,0.2095417931908171
719,0.0,1.0,0.0,0.9,ml100k,als,mmr,2,100,0.0995893572667016
720,0.2890648263178879,0.9968571974948984,1.0,0.9,ml100k,als,mmr,2,100,0.3283888347396914
755,0.0,1.0,0.0,0.7,ml100k,als,mmr,2,100,0.2289361920272868
762,0.0,0.999807425790086,0.0,1.3,ml100k,als,mmr,2,100,0.2274839165634762
770,0.0,0.9980609516088385,0.0,0.7,ml100k,als,mmr,2,100,0.2244837517932554
773,0.0,0.9997081921780822,0.0,0.6,ml100k,als,mmr,2,100,0.1033492096972884
780,0.0,0.9945120264881492,0.0,1.0,ml100k,als,mmr,2,100,0.1891296379295967
792,0.0,0.9916291306498096,0.0,0.5,ml100k,als,mmr,2,100,0.186675607173008
794,0.0,0.9975890357257444,0.0,1.5,ml100k,als,mmr,2,100,0.1119127713016123
802,0.0,0.9967567876329336,0.0,1.1,ml100k,als,mmr,2,100,0.2062062207667588
811,0.0,0.9963846972463336,0.0,0.6,ml100k,als,mmr,2,100,0.1836104389931528
819,0.0,0.994997665278412,0.0,0.5,ml100k,als,mmr,2,100,0.1756275465158052
824,0.0,0.979460828596138,0.0,0.6,ml100k,als,mmr,2,100,0.1669314161850689
825,0.0,0.9980697590481068,0.0,0.4,ml100k,als,mmr,2,100,0.1823504006131648
827,0.0,0.9941389673954976,0.0,0.9,ml100k,als,mmr,2,100,0.2164479602856131
848,0.3154648767857287,1.0,1.0,1.0,ml100k,als,mmr,2,100,0.0372496929718892
849,0.0,1.0,0.0,0.4,ml100k,als,mmr,2,100,0.1240381687943452
865,0.0,0.9954559855383892,0.0,0.9,ml100k,als,mmr,2,100,0.3449379165548378
871,0.0,0.9934526409241428,0.0,0.6,ml100k,als,mmr,2,100,0.1193321070478484
890,0.0,0.9947412074156988,0.0,0.8,ml100k,als,mmr,2,100,0.2110422795692748
897,0.0,0.9949871552882044,0.0,0.4,ml100k,als,mmr,2,100,0.0866980523681197
940,0.0,0.9983899697235143,0.0,0.9,ml100k,als,mmr,2,100,0.3292688648642867
35,0.0,0.9692691811730404,0.0,0.3,ml100k,als,quota_mmr,2,100,0.0714111828519518
36,0.0,0.9968584376206656,0.0,0.2,ml100k,als,quota_mmr,2,100,0.29598503529343
47,0.0,0.9761761430308464,0.0,0.2,ml100k,als,quota_mmr,2,100,0.0893636827400421
53,0.5,0.9923797121766614,1.0,0.2,ml100k,als,quota_mmr,2,100,0.1789034795669394
71,0.0,0.9271558179852202,0.0,0.3,ml100k,als,quota_mmr,2,100,0.2444942926232807
78,0.0,0.9311365341080788,0.0,0.3,ml100k,als,quota_mmr,2,100,0.2341621402009345
90,0.0,0.9885893721939064,0.0,0.2,ml100k,als,quota_mmr,2,100,0.2604816579221183
92,0.0,0.986538458684984,0.0,0.3,ml100k,als,quota_mmr,2,100,0.2845731014498332
94,0.0,0.9496215157737824,0.0,0.2,ml100k,als,quota_mmr,2,100,0.1399863477616051
96,0.0,0.9138364104320812,0.0,0.2,ml100k,als,quota_mmr,2,100,0.1182035978219916
130,0.0,0.98475782317117,0.0,0.3,ml100k,als,quota_mmr,2,100,0.1412934400532253
161,0.0,0.98381568579084,0.0,0.2,ml100k,als,quota_mmr,2,100,0.125273091669802
165,0.0,0.9480162180387444,0.0,0.2,ml100k,als,quota_mmr,2,100,0.2374942587660736
173,0.0,0.8797006150579828,0.0,0.2,ml100k,als,quota_mmr,2,100,0.1438830345330896
182,0.0,0.9847438236378336,0.0,0.2,ml100k,als,quota_mmr,2,100,0.1644531869460627
192,0.0,0.9737731498253456,0.0,0.3,ml100k,als,quota_mmr,2,100,0.3601657735987651
196,0.0,0.9904136355537272,0.0,0.3,ml100k,als,quota_mmr,2,100,0.0693993102723757
200,0.0,0.9738744211108864,0.0,0.2,ml100k,als,quota_mmr,2,100,0.1906763718994722
203,0.0,0.9561605852328632,0.0,0.3,ml100k,als,quota_mmr,2,100,0.1898681879650107
221,0.0,0.9940268917209164,0.0,0.3,ml100k,als,quota_mmr,2,100,0.0868275610877728
225,0.0,0.9573253021711192,0.0,0.2,ml100k,als,quota_mmr,2,100,0.1680191139057395
236,0.0,0.9990759857803878,0.0,0.3,ml100k,als,quota_mmr,2,100,0.1136656657173523
243,0.0,0.999087327785116,0.0,0.2,ml100k,als,quota_mmr,2,100,0.1496405620667395
252,0.0,0.9899985762797984,0.0,0.3,ml100k,als,quota_mmr,2,100,0.191502542295894
264,0.0,0.9220503562445274,0.0,0.2,ml100k,als,quota_mmr,2,100,0.241328727410889
284,0.0,0.9457784180159128,0.0,0.3,ml100k,als,quota_mmr,2,100,0.1091449409920442
285,0.5,0.9662893589521409,1.0,0.2,ml100k,als,quota_mmr,2,100,0.1070189080931108
294,0.0,0.9358541172443654,0.0,0.3,ml100k,als,quota_mmr,2,100,0.1491063265144999
306,0.0,0.8715420629190866,0.0,0.3,ml100k,als,quota_mmr,2,100,0.1303376226444275
316,0.0,0.9803409977562982,0.0,0.3,ml100k,als,quota_mmr,2,100,0.1857245250012952
334,0.0,0.94239126075367,0.0,0.3,ml100k,als,quota_mmr,2,100,0.1668166925283661
345,0.0,0.9647746924264968,0.0,0.2,ml100k,als,quota_mmr,2,100,0.3476601944895278
350,0.0,0.925610157341653,0.0,0.2,ml100k,als,quota_mmr,2,100,0.1498277601650846
369,0.0,0.9035447639392324,0.0,0.3,ml100k,als,quota_mmr,2,100,0.2043432941478728
371,0.0,0.9372790162279772,0.0,0.3,ml100k,als,quota_mmr,2,100,0.184845875542698
375,0.0,0.993141816105356,0.0,0.2,ml100k,als,quota_mmr,2,100,0.1416957333198461
383,0.0,0.9160826296688158,0.0,0.2,ml100k,als,quota_mmr,2,100,0.1959006688161501
404,0.0,0.9645904662525946,0.0,0.2,ml100k,als,quota_mmr,2,100,0.1012335216017044
406,0.0,0.9793880745257536,0.0,0.2,ml100k,als,quota_mmr,2,100,0.1909662122692942
407,0.0,0.958368110958107,0.0,0.3,ml100k,als,quota_mmr,2,100,0.1304391432236117
413,0.0,0.8933220650959407,0.0,0.2,ml100k,als,quota_mmr,2,100,0.1560806356006782
414,0.0,0.9568396014174576,0.0,0.2,ml100k,als,quota_mmr,2,100,0.1126113963678874
422,0.0,0.9495815267518036,0.0,0.2,ml100k,als,quota_mmr,2,100,0.2201599072641538
430,0.0,0.979452119370392,0.0,0.2,ml100k,als,quota_mmr,2,100,0.124500593877165
433,0.0,0.9646551155458432,0.0,0.2,ml100k,als,quota_mmr,2,100,0.0876341738837611
449,0.0,0.9620295134515644,0.0,0.3,ml100k,als,quota_mmr,2,100,0.1058600890059861
453,0.0,0.9318031824915072,0.0,0.2,ml100k,als,quota_mmr,2,100,0.141175949229472
454,0.0,0.9645213907220164,0.0,0.3,ml100k,als,quota_mmr,2,100,0.2580088032419038
463,0.0,0.9799121192484151,0.0,0.2,ml100k,als,quota_mmr,2,100,0.2592842146983926
472,0.0,0.9956055141902004,0.0,0.2,ml100k,als,quota_mmr,2,100,0.0748220269007567
473,0.0,0.9787154779870229,0.0,0.2,ml100k,als,quota_mmr,2,100,0.1630283974434287
474,0.3868528072345416,0.9791212225945508,1.0,0.3,ml100k,als,quota_mmr,2,100,0.2099628264145188
480,0.3562071871080222,0.9998988900314838,1.0,0.3,ml100k,als,quota_mmr,2,100,0.221081575604681
486,0.0,0.9877300219463218,0.0,0.2,ml100k,als,quota_mmr,2,100,0.0520544695181707
489,0.6309297535714575,0.974497073439656,1.0,0.2,ml100k,als,quota_mmr,2,100,0.2536714865117903
511,0.0,0.9813204360501704,0.0,0.3,ml100k,als,quota_mmr,2,100,0.1664086559021113
513,0.0,0.9820697157983092,0.0,0.2,ml100k,als,quota_mmr,2,100,0.0908965534597095
541,0.0,0.9693919638518308,0.0,0.2,ml100k,als,quota_mmr,2,100,0.0501806115067152
543,0.0,0.9619592615292312,0.0,0.2,ml100k,als,quota_mmr,2,100,0.1174744342704015
545,0.3868528072345416,0.961547735470916,1.0,0.3,ml100k,als,quota_mmr,2,100,0.1776968050237095
554,0.0,0.9653153095561784,0.0,0.3,ml100k,als,quota_mmr,2,100,0.1436758524505594
567,0.0,0.9379487833434578,0.0,0.3,ml100k,als,quota_mmr,2,100,0.1995846626082426
568,0.0,0.9822206821143816,0.0,0.3,ml100k,als,quota_mmr,2,100,0.2760134222976372
582,0.0,0.9749576279272728,0.0,0.3,ml100k,als,quota_mmr,2,100,0.2834122227615485
588,0.0,0.9677376626426412,0.0,0.2,ml100k,als,quota_mmr,2,100,0.2056249425784067
590,0.0,0.96826649739071,0.0,0.2,ml100k,als,quota_mmr,2,100,0.1696175520928752
591,0.0,0.935798828595527,0.0,0.3,ml100k,als,quota_mmr,2,100,0.2341393843635641
600,0.0,0.9932489506616868,0.0,0.2,ml100k,als,quota_mmr,2,100,0.1637590199447808
614,0.0,0.91578268316816,0.0,0.2,ml100k,als,quota_mmr,2,100,0.2223050851372403
617,0.0,0.9829929376226256,0.0,0.3,ml100k,als,quota_mmr,2,100,0.0320651280144
622,0.0,0.956052044271131,0.0,0.3,ml100k,als,quota_mmr,2,100,0.2676093917946959
623,0.0,0.9699711867901252,0.0,0.3,ml100k,als,quota_mmr,2,100,0.1186379590819212
630,0.3562071871080222,0.9833902035699946,1.0,0.3,ml100k,als,quota_mmr,2,100,0.2267799405792872
646,0.0,0.9890050316600468,0.0,0.3,ml100k,als,quota_mmr,2,100,0.087568347011349
650,0.0,0.980093120397767,0.0,0.3,ml100k,als,quota_mmr,2,100,0.1875069027312217
691,0.0,0.991098463588122,0.0,0.3,ml100k,als,quota_mmr,2,100,0.1727122682086163
694,0.0,0.983688559558054,0.0,0.3,ml100k,als,quota_mmr,2,100,0.0556752713506998
706,0.0,0.9986646506770288,0.0,0.2,ml100k,als,quota_mmr,2,100,0.2173921331483946
719,0.0,0.957047833454552,0.0,0.3,ml100k,als,quota_mmr,2,100,0.0895427799911324
720,0.3333333333333333,0.9799960029861604,1.0,0.2,ml100k,als,quota_mmr,2,100,0.2765350203527142
755,0.0,0.9693151009773836,0.0,0.3,ml100k,als,quota_mmr,2,100,0.1692799502624752
762,0.0,0.974918763889591,0.0,0.3,ml100k,als,quota_mmr,2,100,0.2291103018932755
770,0.0,0.981400967630887,0.0,0.3,ml100k,als,quota_mmr,2,100,0.2267668887776929
773,0.0,0.9921243145214832,0.0,0.3,ml100k,als,quota_mmr,2,100,0.1018349526661522
780,0.0,0.9614281994226388,0.0,0.3,ml100k,als,quota_mmr,2,100,0.2183107986585407
792,0.0,0.9796978513360652,0.0,0.2,ml100k,als,quota_mmr,2,100,0.1875785899073583
794,0.0,0.8090256369567281,0.0,0.2,ml100k,als,quota_mmr,2,100,0.1655743099511933
802,0.0,0.967443777055186,0.0,0.3,ml100k,als,quota_mmr,2,100,0.2343904685489636
811,0.0,0.974992727430148,0.0,0.2,ml100k,als,quota_mmr,2,100,0.1475471006104997
819,0.0,0.9812679486177726,0.0,0.2,ml100k,als,quota_mmr,2,100,0.1597984929482801
824,0.0,0.965412008542893,0.0,0.3,ml100k,als,quota_mmr,2,100,0.1607450540199941
825,0.0,0.99987223767017,0.0,0.2,ml100k,als,quota_mmr,2,100,0.2014709031676874
827,0.0,0.9787589714053035,0.0,0.3,ml100k,als,quota_mmr,2,100,0.183887776145713
848,0.3868528072345416,0.9731517080257632,1.0,0.2,ml100k,als,quota_mmr,2,100,0.0396629298171786
849,0.0,0.9952902232875108,0.0,0.2,ml100k,als,quota_mmr,2,100,0.1120647059192578
865,0.3333333333333333,0.9505559998126258,1.0,0.3,ml100k,als,quota_mmr,2,100,0.2998082037551878
871,0.0,0.9843270573940688,0.0,0.2,ml100k,als,quota_mmr,2,100,0.1084926263408678
890,0.0,0.9694670594151344,0.0,0.3,ml100k,als,quota_mmr,2,100,0.1846443836049878
897,0.0,0.9918632224096884,0.0,0.2,ml100k,als,quota_mmr,2,100,0.0784103186788212
940,0.0,0.9722787497612448,0.0,0.2,ml100k,als,quota_mmr,2,100,0.3380006763465425
35,0.0,0.971864090859896,0.0,0.2,ml100k,als,balanced_quota,2,100,0.0788308082479685
36,0.0,0.9968584376206656,0.0,0.2,ml100k,als,balanced_quota,2,100,0.29598503529343
47,0.0,0.965221154850604,0.0,0.2,ml100k,als,balanced_quota,2,100,0.0901611067388754
53,0.5,0.9862692799531092,1.0,0.2,ml100k,als,balanced_quota,2,100,0.2019091946439203
71,0.0,0.9411524761051286,0.0,0.2,ml100k,als,balanced_quota,2,100,0.3118271761989638
78,0.0,0.9090040414776264,0.0,0.2,ml100k,als,balanced_quota,2,100,0.2005211818613432
90,0.0,0.9885893721939064,0.0,0.2,ml100k,als,balanced_quota,2,100,0.2604816579221183
92,0.0,0.9657145926126148,0.0,0.2,ml100k,als,balanced_quota,2,100,0.2619464929685443
94,0.0,0.9535663850003177,0.0,0.2,ml100k,als,balanced_quota,2,100,0.1832939675289147
96,0.0,0.9225137808684808,0.0,0.2,ml100k,als,balanced_quota,2,100,0.1669890921259723
130,0.0,0.979011814139915,0.0,0.2,ml100k,als,balanced_quota,2,100,0.1335789312921838
161,0.0,0.971755301656755,0.0,0.2,ml100k,als,balanced_quota,2,100,0.1272565427707609
165,0.0,0.9392638796532364,0.0,0.2,ml100k,als,balanced_quota,2,100,0.219481150309235
173,0.0,0.881543276402052,0.0,0.2,ml100k,als,balanced_quota,2,100,0.1638913201178347
182,0.0,0.9813221933188484,0.0,0.2,ml100k,als,balanced_quota,2,100,0.143633020564076
192,0.0,0.9544133832614256,0.0,0.2,ml100k,als,balanced_quota,2,100,0.3402506027514703
196,0.0,0.9840466123301864,0.0,0.2,ml100k,als,balanced_quota,2,100,0.0788716584701016
200,0.0,0.9629615050663096,0.0,0.2,ml100k,als,balanced_quota,2,100,0.1741547154783775
203,0.0,0.9520602214613736,0.0,0.2,ml100k,als,balanced_quota,2,100,0.2051225708070606
221,0.0,0.9926879605056368,0.0,0.2,ml100k,als,balanced_quota,2,100,0.093971412690041
225,0.0,0.9539890519489932,0.0,0.2,ml100k,als,balanced_quota,2,100,0.1769888432969275
236,0.0,1.0,0.0,0.2,ml100k,als,balanced_quota,2,100,0.1225389711869883
243,0.0,0.999087327785116,0.0,0.2,ml100k,als,balanced_quota,2,100,0.1496405620667395
252,0.0,0.9844636430132396,0.0,0.2,ml100k,als,balanced_quota,2,100,0.1772554366824548
264,0.0,0.918451094335085,0.0,0.2,ml100k,als,balanced_quota,2,100,0.2332373598704067
284,0.0,0.924992396133229,0.0,0.2,ml100k,als,balanced_quota,2,100,0.1000664914127502
285,0.5,0.9618249981087816,1.0,0.2,ml100k,als,balanced_quota,2,100,0.0968985082329851
294,0.0,0.9175161659731234,0.0,0.2,ml100k,als,balanced_quota,2,100,0.1289438678546746
306,0.0,0.8692221011767459,0.0,0.2,ml100k,als,balanced_quota,2,100,0.1260545376604034
316,0.0,0.9753437129896466,0.0,0.2,ml100k,als,balanced_quota,2,100,0.1799689991886908
334,0.0,0.915546637103628,0.0,0.2,ml100k,als,balanced_quota,2,100,0.1489508049644495
345,0.0,0.9647746924264968,0.0,0.2,ml100k,als,balanced_quota,2,100,0.3476601944895278
350,0.0,0.9236888517067046,0.0,0.2,ml100k,als,balanced_quota,2,100,0.151644418338227
369,0.0,0.8994349083892402,0.0,0.2,ml100k,als,balanced_quota,2,100,0.2061514678653786
371,0.0,0.9160119093835436,0.0,0.2,ml100k,als,balanced_quota,2,100,0.149678541706704
375,0.0,0.9929126323621534,0.0,0.2,ml100k,als,balanced_quota,2,100,0.1392783303345312
383,0.0,0.9270762617444454,0.0,0.2,ml100k,als,balanced_quota,2,100,0.2572669888064044
404,0.0,0.962279555994622,0.0,0.2,ml100k,als,balanced_quota,2,100,0.0932305179362746
406,0.0,0.9793880745257536,0.0,0.2,ml100k,als,balanced_quota,2,100,0.1909662122692942
407,0.0,0.9563941264670388,0.0,0.2,ml100k,als,balanced_quota,2,100,0.1341969565966796
413,0.0,0.8933220650959407,0.0,0.2,ml100k,als,balanced_quota,2,100,0.1560806356006782
414,0.0,0.9568396014174576,0.0,0.2,ml100k,als,balanced_quota,2,100,0.1126113963678874
422,0.0,0.9422281447706152,0.0,0.2,ml100k,als,balanced_quota,2,100,0.1762589145508223
430,0.0,0.9802491853188448,0.0,0.2,ml100k,als,balanced_quota,2,100,0.1334933737483126
433,0.0,0.9580397901312274,0.0,0.2,ml100k,als,balanced_quota,2,100,0.0852475540978624
449,0.0,0.9527238789639813,0.0,0.2,ml100k,als,balanced_quota,2,100,0.1046912689632052
453,0.0,0.9318031824915072,0.0,0.2,ml100k,als,balanced_quota,2,100,0.141175949229472
454,0.0,0.9574074800106857,0.0,0.2,ml100k,als,balanced_quota,2,100,0.2183098683521206
463,0.0,0.973446151694256,0.0,0.2,ml100k,als,balanced_quota,2,100,0.248436064437163
472,0.0,0.9898160495497356,0.0,0.2,ml100k,als,balanced_quota,2,100,0.0817358704234103
473,0.0,0.9787154779870229,0.0,0.2,ml100k,als,balanced_quota,2,100,0.1630283974434287
474,0.3868528072345416,0.96352743079097,1.0,0.2,ml100k,als,balanced_quota,2,100,0.1739691709698291
480,0.3562071871080222,0.9911112183908968,1.0,0.2,ml100k,als,balanced_quota,2,100,0.2098765316797274
486,0.0,0.9759344162572148,0.0,0.2,ml100k,als,balanced_quota,2,100,0.0721165558806927
489,0.6309297535714575,0.974557393746187,1.0,0.2,ml100k,als,balanced_quota,2,100,0.2516793214236822
511,0.0,0.9795273338458446,0.0,0.2,ml100k,als,balanced_quota,2,100,0.1809214717728103
513,0.0,0.98247474403802,0.0,0.2,ml100k,als,balanced_quota,2,100,0.0942387897569978
541,0.0,0.96329398124645,0.0,0.2,ml100k,als,balanced_quota,2,100,0.0538966643720824
543,0.0,0.9455948259786292,0.0,0.2,ml100k,als,balanced_quota,2,100,0.1053300355312512
545,0.3868528072345416,0.9614290482244584,1.0,0.2,ml100k,als,balanced_quota,2,100,0.2106488129372835
554,0.0,0.9701001759262488,0.0,0.2,ml100k,als,balanced_quota,2,100,0.1779002381892477
567,0.0,0.936046602170243,0.0,0.2,ml100k,als,balanced_quota,2,100,0.2027410278779902
568,0.0,0.9762109326809442,0.0,0.2,ml100k,als,balanced_quota,2,100,0.2861154393684462
582,0.0,0.9631248632582174,0.0,0.2,ml100k,als,balanced_quota,2,100,0.2965776630466209
588,0.0,0.9677376626426412,0.0,0.2,ml100k,als,balanced_quota,2,100,0.2056249425784067
590,0.0,0.96826649739071,0.0,0.2,ml100k,als,balanced_quota,2,100,0.1696175520928752
591,0.0,0.9140726301843318,0.0,0.2,ml100k,als,balanced_quota,2,100,0.2398938516540894
600,0.0,0.9957768919739162,0.0,0.2,ml100k,als,balanced_quota,2,100,0.1647507470584354
614,0.0,0.902625325794526,0.0,0.2,ml100k,als,balanced_quota,2,100,0.2130659176427533
617,0.0,0.971518291551438,0.0,0.2,ml100k,als,balanced_quota,2,100,0.0413070568061539
622,0.0,0.9385216618254412,0.0,0.2,ml100k,als,balanced_quota,2,100,0.2305931931324474
623,0.0,0.9638229239792396,0.0,0.2,ml100k,als,balanced_quota,2,100,0.1188873554296675
630,0.3868528072345416,0.9629877772690438,1.0,0.2,ml100k,als,balanced_quota,2,100,0.1997470815130725
646,0.0,0.9867693409726692,0.0,0.2,ml100k,als,balanced_quota,2,100,0.1084802049284557
650,0.0,0.9846387994458216,0.0,0.2,ml100k,als,balanced_quota,2,100,0.2205593674449628
691,0.0,0.9871050876627344,0.0,0.2,ml100k,als,balanced_quota,2,100,0.1752118677775394
694,0.0,0.9849963149748802,0.0,0.2,ml100k,als,balanced_quota,2,100,0.0629552521772081
706,0.0,0.989853695428685,0.0,0.2,ml100k,als,balanced_quota,2,100,0.209757296055557
719,0.0,0.9581987657682391,0.0,0.2,ml100k,als,balanced_quota,2,100,0.0976805328215147
720,0.3333333333333333,0.9862146347360496,1.0,0.2,ml100k,als,balanced_quota,2,100,0.3352417477443156
755,0.0,0.9591906739138348,0.0,0.2,ml100k,als,balanced_quota,2,100,0.1636486661327533
762,0.0,0.9733211010401628,0.0,0.2,ml100k,als,balanced_quota,2,100,0.243871295634675
770,0.0,0.971117349662593,0.0,0.2,ml100k,als,balanced_quota,2,100,0.2085997350489785
773,0.0,0.9835213036009968,0.0,0.2,ml100k,als,balanced_quota,2,100,0.1064719400848817
780,0.0,0.9626383226496584,0.0,0.2,ml100k,als,balanced_quota,2,100,0.2165149652463154
792,0.0,0.9796978513360652,0.0,0.2,ml100k,als,balanced_quota,2,100,0.1875785899073583
794,0.0,0.8090256369567281,0.0,0.2,ml100k,als,balanced_quota,2,100,0.1655743099511933
802,0.0,0.96038457361516,0.0,0.2,ml100k,als,balanced_quota,2,100,0.2257349266810806
811,0.0,0.974992727430148,0.0,0.2,ml100k,als,balanced_quota,2,100,0.1475471006104997
819,0.0,0.9730024627752693,0.0,0.2,ml100k,als,balanced_quota,2,100,0.1477774517352848
824,0.0,0.963492572260833,0.0,0.2,ml100k,als,balanced_quota,2,100,0.1707215556654576
825,0.0,0.9899345097698358,0.0,0.2,ml100k,als,balanced_quota,2,100,0.1974104357462259
827,0.0,0.976765327625859,0.0,0.2,ml100k,als,balanced_quota,2,100,0.2071494484555494
848,0.3562071871080222,0.9758183989292858,1.0,0.2,ml100k,als,balanced_quota,2,100,0.0421207649010276
849,0.0,0.9952902232875108,0.0,0.2,ml100k,als,balanced_quota,2,100,0.1120647059192578
865,0.3333333333333333,0.9478099461458688,1.0,0.2,ml100k,als,balanced_quota,2,100,0.3144367998668363
871,0.0,0.957144788517334,0.0,0.2,ml100k,als,balanced_quota,2,100,0.1080070540624377
890,0.0,0.9658403924170476,0.0,0.2,ml100k,als,balanced_quota,2,100,0.1974252129431131
897,0.0,0.9891782323775544,0.0,0.2,ml100k,als,balanced_quota,2,100,0.0943115961996728
940,0.0,0.9754442712796376,0.0,0.2,ml100k,als,balanced_quota,2,100,0.3499783495993868
35,0.0,0.944672809752983,0.0,0.2,ml100k,als,qubo_feasible,2,100,0.0739421061765738
36,0.0,0.8892537267750902,0.0,0.2,ml100k,als,qubo_feasible,2,100,0.118566424331351
47,0.0,0.93009356500275,0.0,0.2,ml100k,als,qubo_feasible,2,100,0.0538950596195531
53,1.0,0.865284199661969,1.0,0.2,ml100k,als,qubo_feasible,2,100,0.1009296305294755
71,0.0,0.8751163652054667,0.0,0.2,ml100k,als,qubo_feasible,2,100,0.1539724202192819
78,0.0,0.8315088692832131,0.0,0.2,ml100k,als,qubo_feasible,2,100,0.1395754700417237
90,0.0,0.9470079512452008,0.0,0.2,ml100k,als,qubo_feasible,2,100,0.1712846163489236
92,0.0,0.8852370512415776,0.0,0.2,ml100k,als,qubo_feasible,2,100,0.1533204494424201
94,0.0,0.9003915090531946,0.0,0.2,ml100k,als,qubo_feasible,2,100,0.0869240307481452
96,0.0,0.868537273319046,0.0,0.2,ml100k,als,qubo_feasible,2,100,0.0776554485805606
130,0.0,0.954616132878988,0.0,0.2,ml100k,als,qubo_feasible,2,100,0.1241352655546164
161,0.0,0.9243662286123004,0.0,0.2,ml100k,als,qubo_feasible,2,100,0.0679278073522357
165,0.0,0.8386372140402151,0.0,0.2,ml100k,als,qubo_feasible,2,100,0.1205297534589309
173,0.0,0.8457288707111246,0.0,0.2,ml100k,als,qubo_feasible,2,100,0.1259849439096653
182,0.0,0.9266409822226244,0.0,0.2,ml100k,als,qubo_feasible,2,100,0.1189660233505694
192,0.0,0.8455132862406057,0.0,0.2,ml100k,als,qubo_feasible,2,100,0.1807386056060776
196,0.0,0.9452025273703832,0.0,0.2,ml100k,als,qubo_feasible,2,100,0.0377208171815171
200,0.0,0.938282566189636,0.0,0.2,ml100k,als,qubo_feasible,2,100,0.1453861420948796
203,0.0,0.8557235294444944,0.0,0.2,ml100k,als,qubo_feasible,2,100,0.1266764005137866
221,0.0,0.9534530190940834,0.0,0.2,ml100k,als,qubo_feasible,2,100,0.0788021074974443
225,0.0,0.9122397943627196,0.0,0.2,ml100k,als,qubo_feasible,2,100,0.1108614373655216
236,0.0,0.9626962106593916,0.0,0.2,ml100k,als,qubo_feasible,2,100,0.0600891577401209
243,0.0,0.9452353145559228,0.0,0.2,ml100k,als,qubo_feasible,2,100,0.0802593295698418
252,0.0,0.9390231557397856,0.0,0.2,ml100k,als,qubo_feasible,2,100,0.1031102961297313
264,0.0,0.7913181569732732,0.0,0.2,ml100k,als,qubo_feasible,2,100,0.1149995517322048
284,0.0,0.8838017381761187,0.0,0.2,ml100k,als,qubo_feasible,2,100,0.063042243645201
285,0.0,0.812003669787958,0.0,0.2,ml100k,als,qubo_feasible,2,100,0.0457368568517198
294,0.0,0.8753374762749829,0.0,0.2,ml100k,als,qubo_feasible,2,100,0.1029247699899292
306,0.430676558073393,0.8411889382190434,1.0,0.2,ml100k,als,qubo_feasible,2,100,0.1074053370304802
316,0.0,0.8907241278905185,0.0,0.2,ml100k,als,qubo_feasible,2,100,0.1111520257335299
334,0.0,0.8357913729832016,0.0,0.2,ml100k,als,qubo_feasible,2,100,0.083385786267557
345,0.0,0.864239876833005,0.0,0.2,ml100k,als,qubo_feasible,2,100,0.1719031450320156
350,0.0,0.8797833677884235,0.0,0.2,ml100k,als,qubo_feasible,2,100,0.1264006874375121
369,0.0,0.8117116558231487,0.0,0.2,ml100k,als,qubo_feasible,2,100,0.124279075078144
371,0.0,0.889877950805146,0.0,0.2,ml100k,als,qubo_feasible,2,100,0.1344270093242317
375,0.0,0.9567727405151052,0.0,0.2,ml100k,als,qubo_feasible,2,100,0.09775958080349
383,0.0,0.7940388088503978,0.0,0.2,ml100k,als,qubo_feasible,2,100,0.0920350441482477
404,0.0,0.8847179508244992,0.0,0.2,ml100k,als,qubo_feasible,2,100,0.0422256329361873
406,0.0,0.9418346215139454,0.0,0.2,ml100k,als,qubo_feasible,2,100,0.1489309547611399
407,0.0,0.8692200487714894,0.0,0.2,ml100k,als,qubo_feasible,2,100,0.037249960603086
413,0.0,0.8516196729727127,0.0,0.2,ml100k,als,qubo_feasible,2,100,0.1369576439242867
414,0.0,0.919745969041918,0.0,0.2,ml100k,als,qubo_feasible,2,100,0.0780172499930191
422,0.0,0.8953455510908619,0.0,0.2,ml100k,als,qubo_feasible,2,100,0.1027741829303179
430,0.0,0.9475066265862936,0.0,0.2,ml100k,als,qubo_feasible,2,100,0.1124823990786844
433,0.0,0.9441322218948888,0.0,0.2,ml100k,als,qubo_feasible,2,100,0.0610429424525491
449,0.0,0.9255659786228366,0.0,0.2,ml100k,als,qubo_feasible,2,100,0.1007817534750177
453,0.0,0.8455731285111933,0.0,0.2,ml100k,als,qubo_feasible,2,100,0.0779493804795634
454,0.0,0.8512175679214828,0.0,0.2,ml100k,als,qubo_feasible,2,100,0.0890733755823101
463,0.0,0.919984138231578,0.0,0.2,ml100k,als,qubo_feasible,2,100,0.1804137281663488
472,0.0,0.975703895573084,0.0,0.2,ml100k,als,qubo_feasible,2,100,0.0728417675232375
473,0.0,0.9292225639651316,0.0,0.2,ml100k,als,qubo_feasible,2,100,0.1274405789098328
474,0.5,0.8891483217536084,1.0,0.2,ml100k,als,qubo_feasible,2,100,0.1255611224111818
480,0.6309297535714575,0.9078271744444544,1.0,0.2,ml100k,als,qubo_feasible,2,100,0.1141924698076282
486,0.0,0.9801983537789396,0.0,0.2,ml100k,als,qubo_feasible,2,100,0.0547739228113052
489,1.0,0.8093340505298002,1.0,0.2,ml100k,als,qubo_feasible,2,100,0.0981688152638697
511,0.0,0.9374448311733072,0.0,0.2,ml100k,als,qubo_feasible,2,100,0.1184737729451452
513,0.0,0.954028556310042,0.0,0.2,ml100k,als,qubo_feasible,2,100,0.0832985696535414
541,0.3154648767857287,0.9218306681390044,1.0,0.2,ml100k,als,qubo_feasible,2,100,0.0404864176195022
543,0.0,0.8233784666926091,0.0,0.2,ml100k,als,qubo_feasible,2,100,0.0531440107734253
545,0.430676558073393,0.8406230975526244,1.0,0.2,ml100k,als,qubo_feasible,2,100,0.0795847100923837
554,0.0,0.9129896276629672,0.0,0.2,ml100k,als,qubo_feasible,2,100,0.0972829776507845
567,0.3562071871080222,0.8411442209844717,1.0,0.2,ml100k,als,qubo_feasible,2,100,0.1063636340249138
568,0.0,0.9265905051418378,0.0,0.2,ml100k,als,qubo_feasible,2,100,0.134509410713726
582,0.0,0.8564824944410139,0.0,0.2,ml100k,als,qubo_feasible,2,100,0.1795688129839393
588,0.0,0.9127946253948576,0.0,0.2,ml100k,als,qubo_feasible,2,100,0.1197638897823118
590,0.0,0.8989412277564013,0.0,0.2,ml100k,als,qubo_feasible,2,100,0.0925709607117169
591,0.0,0.8054400347517949,0.0,0.2,ml100k,als,qubo_feasible,2,100,0.1289788292497626
600,0.0,0.9471248100237702,0.0,0.2,ml100k,als,qubo_feasible,2,100,0.1331082885536947
614,0.0,0.8627994017735915,0.0,0.2,ml100k,als,qubo_feasible,2,100,0.1519245088681187
617,0.0,0.962369837057508,0.0,0.2,ml100k,als,qubo_feasible,2,100,0.0412050418993339
622,0.0,0.7908911750318875,0.0,0.2,ml100k,als,qubo_feasible,2,100,0.1064290216086787
623,0.0,0.8780145471151708,0.0,0.2,ml100k,als,qubo_feasible,2,100,0.0759441648852507
630,0.0,0.8861867182812745,0.0,0.2,ml100k,als,qubo_feasible,2,100,0.1266371651832472
646,0.0,0.9251995122388644,0.0,0.2,ml100k,als,qubo_feasible,2,100,0.0701448192223699
650,0.0,0.8266755495074105,0.0,0.2,ml100k,als,qubo_feasible,2,100,0.0685724214949013
691,0.0,0.9061950713599712,0.0,0.2,ml100k,als,qubo_feasible,2,100,0.1060924845417224
694,0.0,0.9413880705322966,0.0,0.2,ml100k,als,qubo_feasible,2,100,0.0332710283732568
706,0.0,0.978536318230111,0.0,0.2,ml100k,als,qubo_feasible,2,100,0.186774270839942
719,0.0,0.9320163575900436,0.0,0.2,ml100k,als,qubo_feasible,2,100,0.0904186307788481
720,0.0,0.9260412878861852,0.0,0.2,ml100k,als,qubo_feasible,2,100,0.1690431453776013
755,0.0,0.880248898756398,0.0,0.2,ml100k,als,qubo_feasible,2,100,0.1139576832247347
762,0.0,0.9220742239541706,0.0,0.2,ml100k,als,qubo_feasible,2,100,0.1694585144775419
770,0.0,0.8380697609852223,0.0,0.2,ml100k,als,qubo_feasible,2,100,0.0912821800063663
773,0.0,0.9265724259677024,0.0,0.2,ml100k,als,qubo_feasible,2,100,0.0510188026771128
780,0.0,0.8384845807853794,0.0,0.2,ml100k,als,qubo_feasible,2,100,0.0939159292693322
792,0.0,0.8309580131539126,0.0,0.2,ml100k,als,qubo_feasible,2,100,0.0840122416117936
794,0.0,0.7597420659275533,0.0,0.2,ml100k,als,qubo_feasible,2,100,0.1381363521058511
802,0.0,0.9065723523624956,0.0,0.2,ml100k,als,qubo_feasible,2,100,0.140837239896388
811,0.0,0.9381249885643004,0.0,0.2,ml100k,als,qubo_feasible,2,100,0.1153533588985309
819,0.0,0.8793793031725803,0.0,0.2,ml100k,als,qubo_feasible,2,100,0.0730366031126953
824,0.0,0.8428116146433647,0.0,0.2,ml100k,als,qubo_feasible,2,100,0.0708575505062372
825,0.0,0.8640866453751997,0.0,0.2,ml100k,als,qubo_feasible,2,100,0.0645429733073462
827,0.0,0.8859644917770652,0.0,0.2,ml100k,als,qubo_feasible,2,100,0.1060801793426389
848,0.430676558073393,0.9350265724450796,1.0,0.2,ml100k,als,qubo_feasible,2,100,0.0282920490338036
849,0.0,0.9472544604255442,0.0,0.2,ml100k,als,qubo_feasible,2,100,0.0745916074035005
865,0.0,0.784122660211546,0.0,0.2,ml100k,als,qubo_feasible,2,100,0.1151779863530646
871,0.0,0.9315294709177122,0.0,0.2,ml100k,als,qubo_feasible,2,100,0.0752777733170289
890,0.0,0.9364474086306256,0.0,0.2,ml100k,als,qubo_feasible,2,100,0.1681088021074759
897,0.0,0.9407677799022036,0.0,0.2,ml100k,als,qubo_feasible,2,100,0.0766332019880657
940,0.0,0.8434069285982524,0.0,0.2,ml100k,als,qubo_feasible,2,100,0.1613499711367619
35,0.0,0.9718640908598959,0.0,0.2,ml100k,als,qubo_tabu,2,100,0.07883080824796856
36,0.0,0.9028908002415295,0.0,0.2,ml100k,als,qubo_tabu,2,100,0.1164203524150307
47,0.0,0.9147022313117062,0.0,0.2,ml100k,als,qubo_tabu,2,100,0.03750412988627978
53,0.5,0.9572666352055719,1.0,0.2,ml100k,als,qubo_tabu,2,100,0.13025149717119927
71,0.0,0.8597837037094752,0.0,0.2,ml100k,als,qubo_tabu,2,100,0.12488131701550816
78,0.0,0.8611696197390211,0.0,0.2,ml100k,als,qubo_tabu,2,100,0.13198294099949784
90,0.0,0.9441657772605502,0.0,0.2,ml100k,als,qubo_tabu,2,100,0.14418611229858705
92,0.0,0.8994830487775647,0.0,0.2,ml100k,als,qubo_tabu,2,100,0.16096933812723171
94,0.0,0.92258293549413,0.0,0.2,ml100k,als,qubo_tabu,2,100,0.08966163362591448
96,0.0,0.8905148962769704,0.0,0.2,ml100k,als,qubo_tabu,2,100,0.08926869768752296
130,0.0,0.9538384545514155,0.0,0.2,ml100k,als,qubo_tabu,2,100,0.09050414635183648
161,0.0,0.9576139210946651,0.0,0.2,ml100k,als,qubo_tabu,2,100,0.08886898991977185
165,0.0,0.8763693606213598,0.0,0.2,ml100k,als,qubo_tabu,2,100,0.1306000710468694
173,0.0,0.7733233202381411,0.0,0.2,ml100k,als,qubo_tabu,2,100,0.08353826048625862
182,0.0,0.9676597416617236,0.0,0.2,ml100k,als,qubo_tabu,2,100,0.12052189336764453
192,0.0,0.8137885768582209,0.0,0.2,ml100k,als,qubo_tabu,2,100,0.13553130178943876
196,0.0,0.9811655257323834,0.0,0.2,ml100k,als,qubo_tabu,2,100,0.04901790649984236
200,0.0,0.9663615244524927,0.0,0.2,ml100k,als,qubo_tabu,2,100,0.16438108952583674
203,0.0,0.882975430684714,0.0,0.2,ml100k,als,qubo_tabu,2,100,0.11382343560857047
221,0.0,0.9826440596531271,0.0,0.2,ml100k,als,qubo_tabu,2,100,0.06514785375852614
225,0.0,0.9272062109362955,0.0,0.2,ml100k,als,qubo_tabu,2,100,0.11062079229370315
236,0.0,0.9684473616261258,0.0,0.2,ml100k,als,qubo_tabu,2,100,0.05763428456339691
243,0.0,0.9671064644576957,0.0,0.2,ml100k,als,qubo_tabu,2,100,0.08016477488235779
252,0.0,0.9341269297172553,0.0,0.2,ml100k,als,qubo_tabu,2,100,0.08784391505301639
264,0.0,0.8219027405135233,0.0,0.2,ml100k,als,qubo_tabu,2,100,0.1270091648198951
284,0.0,0.9014648497762499,0.0,0.2,ml100k,als,qubo_tabu,2,100,0.05669168138026324
285,0.0,0.8889633450436155,0.0,0.2,ml100k,als,qubo_tabu,2,100,0.05421308939313286
294,0.0,0.9131365656485059,0.0,0.2,ml100k,als,qubo_tabu,2,100,0.109800781792797
306,0.43067655807339306,0.8495318606652933,1.0,0.2,ml100k,als,qubo_tabu,2,100,0.10812591782586739
316,0.0,0.9259344669305848,0.0,0.2,ml100k,als,qubo_tabu,2,100,0.10577945748787759
334,0.0,0.8728691693449303,0.0,0.2,ml100k,als,qubo_tabu,2,100,0.09082205146044858
345,0.0,0.847397020192066,0.0,0.2,ml100k,als,qubo_tabu,2,100,0.14589839374993444
350,0.0,0.8965239517641056,0.0,0.2,ml100k,als,qubo_tabu,2,100,0.1065278436997695
369,0.0,0.8426592471620644,0.0,0.2,ml100k,als,qubo_tabu,2,100,0.12579769325114443
371,0.0,0.872440023175311,0.0,0.2,ml100k,als,qubo_tabu,2,100,0.09051812777225893
375,0.0,0.9778279130319338,0.0,0.2,ml100k,als,qubo_tabu,2,100,0.10255970601487337
383,0.0,0.8517495612437904,0.0,0.2,ml100k,als,qubo_tabu,2,100,0.10247068446987123
404,0.0,0.9460335547606205,0.0,0.2,ml100k,als,qubo_tabu,2,100,0.06315006088982211
406,0.0,0.9399281440865478,0.0,0.2,ml100k,als,qubo_tabu,2,100,0.1142482169515515
407,0.0,0.906689172320701,0.0,0.2,ml100k,als,qubo_tabu,2,100,0.047471469240826736
413,0.0,0.8519660615408403,0.0,0.2,ml100k,als,qubo_tabu,2,100,0.10853436883674973
414,0.0,0.9327957168506942,0.0,0.2,ml100k,als,qubo_tabu,2,100,0.08065876009532513
422,0.0,0.8530148826862051,0.0,0.2,ml100k,als,qubo_tabu,2,100,0.08153109905755189
430,0.0,0.9629480071830337,0.0,0.2,ml100k,als,qubo_tabu,2,100,0.10489289172288566
433,0.0,0.9456594030923244,0.0,0.2,ml100k,als,qubo_tabu,2,100,0.05071975999725689
449,0.0,0.9439506686125614,0.0,0.2,ml100k,als,qubo_tabu,2,100,0.08329147965592365
453,0.0,0.8753381332274915,0.0,0.2,ml100k,als,qubo_tabu,2,100,0.06538984430985906
454,0.0,0.9004273613944525,0.0,0.2,ml100k,als,qubo_tabu,2,100,0.09851192651862563
463,0.0,0.9149561821321465,0.0,0.2,ml100k,als,qubo_tabu,2,100,0.1577919345032852
472,0.0,0.9818843565568799,0.0,0.2,ml100k,als,qubo_tabu,2,100,0.05160430593694031
473,0.0,0.9381488489756333,0.0,0.2,ml100k,als,qubo_tabu,2,100,0.11660913175331981
474,0.0,0.896864500987049,0.0,0.2,ml100k,als,qubo_tabu,2,100,0.09726620477488193
480,0.5,0.9305454841461914,1.0,0.2,ml100k,als,qubo_tabu,2,100,0.09436668930043297
486,0.0,0.9793282853793371,0.0,0.2,ml100k,als,qubo_tabu,2,100,0.039874512121306264
489,0.6309297535714575,0.8638147122475259,1.0,0.2,ml100k,als,qubo_tabu,2,100,0.11214052875523123
511,0.0,0.9460602925948555,0.0,0.2,ml100k,als,qubo_tabu,2,100,0.10806431270147901
513,0.0,0.9730901726206646,0.0,0.2,ml100k,als,qubo_tabu,2,100,0.07415811485138621
541,0.31546487678572877,0.956243795133603,1.0,0.2,ml100k,als,qubo_tabu,2,100,0.04184897945318499
543,0.0,0.907390792585599,0.0,0.2,ml100k,als,qubo_tabu,2,100,0.06638772671986007
545,0.0,0.9073858825258679,0.0,0.2,ml100k,als,qubo_tabu,2,100,0.11944389774450062
554,0.0,0.947033421925057,0.0,0.2,ml100k,als,qubo_tabu,2,100,0.09203058328243
567,0.0,0.8566060161991783,0.0,0.2,ml100k,als,qubo_tabu,2,100,0.09934419450586894
568,0.0,0.9180834924512213,0.0,0.2,ml100k,als,qubo_tabu,2,100,0.11041144886223143
582,0.0,0.9166474567050803,0.0,0.2,ml100k,als,qubo_tabu,2,100,0.20031708300042628
588,0.0,0.9277425946536054,0.0,0.2,ml100k,als,qubo_tabu,2,100,0.11403118362083778
590,0.0,0.9291242212050588,0.0,0.2,ml100k,als,qubo_tabu,2,100,0.08642469725012748
591,0.0,0.8340407823502959,0.0,0.2,ml100k,als,qubo_tabu,2,100,0.1028553685579759
600,0.0,0.9764834513017091,0.0,0.2,ml100k,als,qubo_tabu,2,100,0.13485318675014876
614,0.0,0.8080456835369416,0.0,0.2,ml100k,als,qubo_tabu,2,100,0.08267701121644376
617,0.0,0.9679001046754687,0.0,0.2,ml100k,als,qubo_tabu,2,100,0.0255770539058624
622,0.0,0.8055075768037543,0.0,0.2,ml100k,als,qubo_tabu,2,100,0.09772506142652061
623,0.0,0.9525108685219791,0.0,0.2,ml100k,als,qubo_tabu,2,100,0.09952052727000572
630,0.43067655807339306,0.9398730024113487,1.0,0.2,ml100k,als,qubo_tabu,2,100,0.14415347309674748
646,0.0,0.9680858198013517,0.0,0.2,ml100k,als,qubo_tabu,2,100,0.07143873578717906
650,0.0,0.9125570310085358,0.0,0.2,ml100k,als,qubo_tabu,2,100,0.0997747772337951
691,0.0,0.9656377982925207,0.0,0.2,ml100k,als,qubo_tabu,2,100,0.11837905647834418
694,0.0,0.9557371869989556,0.0,0.2,ml100k,als,qubo_tabu,2,100,0.031132511478996087
706,0.0,0.979102821485282,0.0,0.2,ml100k,als,qubo_tabu,2,100,0.15741287479675112
719,0.0,0.9476788668545625,0.0,0.2,ml100k,als,qubo_tabu,2,100,0.07879483799480015
720,0.43067655807339306,0.8937108943497095,1.0,0.2,ml100k,als,qubo_tabu,2,100,0.10488010748661937
755,0.0,0.9407986023651542,0.0,0.2,ml100k,als,qubo_tabu,2,100,0.13931394931640192
762,0.0,0.9455160352262059,0.0,0.2,ml100k,als,qubo_tabu,2,100,0.17271149528919105
770,0.0,0.8782868862358709,0.0,0.2,ml100k,als,qubo_tabu,2,100,0.08777017439366112
773,0.0,0.9737743675248482,0.0,0.2,ml100k,als,qubo_tabu,2,100,0.07313383708079754
780,0.0,0.8656422921839767,0.0,0.2,ml100k,als,qubo_tabu,2,100,0.1075444671740052
792,0.0,0.8580150081467424,0.0,0.2,ml100k,als,qubo_tabu,2,100,0.07681665430601031
794,0.0,0.7462553592855018,0.0,0.2,ml100k,als,qubo_tabu,2,100,0.17499858223463755
802,0.0,0.9231951450313765,0.0,0.2,ml100k,als,qubo_tabu,2,100,0.12516607901151414
811,0.0,0.9404916664291859,0.0,0.2,ml100k,als,qubo_tabu,2,100,0.09688225409904352
819,0.0,0.9522600265660358,0.0,0.2,ml100k,als,qubo_tabu,2,100,0.10843780279321755
824,0.0,0.8505333433609107,0.0,0.2,ml100k,als,qubo_tabu,2,100,0.06481894566946825
825,0.0,0.9176251774729222,0.0,0.2,ml100k,als,qubo_tabu,2,100,0.07557391523297163
827,0.0,0.9547534663561569,0.0,0.2,ml100k,als,qubo_tabu,2,100,0.13603417905904538
848,0.38685280723454163,0.9614413532752074,1.0,0.2,ml100k,als,qubo_tabu,2,100,0.029334101726763765
849,0.0,0.9797427064778973,0.0,0.2,ml100k,als,qubo_tabu,2,100,0.09077243644707994
865,0.0,0.7758774405938242,0.0,0.2,ml100k,als,qubo_tabu,2,100,0.08585770459304606
871,0.0,0.9761567032668808,0.0,0.2,ml100k,als,qubo_tabu,2,100,0.08943282830251713
890,0.0,0.9497593914977198,0.0,0.2,ml100k,als,qubo_tabu,2,100,0.17342224354085267
897,0.0,0.9882241556415509,0.0,0.2,ml100k,als,qubo_tabu,2,100,0.07369199553853788
940,0.0,0.8709741012688698,0.0,0.2,ml100k,als,qubo_tabu,2,100,0.18031676785308445
