stage,label,wall_seconds,cpu_seconds,cpu_user_seconds,cpu_system_seconds,cpu_utilisation,peak_rss_bytes,repeats,cpu_seconds_each,meta.catalogue,meta.repeat,meta.meter,dataset,family,reranker,repeat
train,popularity,0.3120139000020572,0.3125,0.3125,0.0,1.0015579434055328,338853888,3695,8.457374830852504e-05,gift_cards,0,,gift_cards,popularity,none,0
retrieve_score,popularity,0.3189505999980611,0.3125,0.3125,0.0,0.9797755514549892,338853888,30,0.0104166666666666,gift_cards,0,,gift_cards,popularity,none,0
retrieve_select,popularity,0.308868899999652,0.3125,0.28125,0.03125,1.011756120478145,338853888,92,0.0033967391304347,gift_cards,0,,gift_cards,popularity,none,0
train,popularity,0.3065362999986973,0.3125,0.296875,0.015625,1.0194551183704117,338853888,3691,8.466540232999188e-05,gift_cards,0,,gift_cards,popularity,quota_mmr,0
rerank_setup,popularity,0.3118456000011065,0.3125,0.3125,0.0,1.0020984743696597,338853888,633,0.0004936808846761,gift_cards,0,,gift_cards,popularity,quota_mmr,0
retrieve_score,popularity,0.3219065999946906,0.3125,0.3125,0.0,0.9707784804820846,338853888,30,0.0104166666666666,gift_cards,0,,gift_cards,popularity,quota_mmr,0
retrieve_select,popularity,0.3035075000007055,0.3125,0.296875,0.015625,1.0296285923717654,338853888,106,0.0029481132075471,gift_cards,0,,gift_cards,popularity,quota_mmr,0
rerank,popularity,0.3588945000010426,0.359375,0.359375,0.0,1.0013388335540276,338853888,1,0.359375,gift_cards,0,,gift_cards,popularity,quota_mmr,0
train,itemknn,0.3001883000033558,0.3125,0.3125,0.0,1.041013257333835,338853888,141,0.0022163120567375,gift_cards,0,,gift_cards,itemknn,none,0
retrieve_score,itemknn,0.3178382000041893,0.3125,0.3125,0.0,0.9832046619817288,338853888,28,0.0111607142857142,gift_cards,0,,gift_cards,itemknn,none,0
retrieve_select,itemknn,0.3084371000004466,0.3125,0.3125,0.0,1.0131725398778144,338853888,117,0.0026709401709401,gift_cards,0,,gift_cards,itemknn,none,0
train,itemknn,0.3045037999982014,0.3125,0.3125,0.0,1.0262597708200876,338853888,149,0.0020973154362416,gift_cards,0,,gift_cards,itemknn,quota_mmr,0
rerank_setup,itemknn,0.3100362999975914,0.3125,0.3125,0.0,1.0079464888544591,338853888,615,0.0005081300813008,gift_cards,0,,gift_cards,itemknn,quota_mmr,0
retrieve_score,itemknn,0.3169065999973099,0.3125,0.3125,0.0,0.9860949566927688,338853888,29,0.0107758620689655,gift_cards,0,,gift_cards,itemknn,quota_mmr,0
retrieve_select,itemknn,0.3093630999937886,0.3125,0.3125,0.0,1.01013986479407,338853888,127,0.0024606299212598,gift_cards,0,,gift_cards,itemknn,quota_mmr,0
rerank,itemknn,0.3847081999992952,0.375,0.375,0.0,0.974764769767546,338853888,1,0.375,gift_cards,0,,gift_cards,itemknn,quota_mmr,0
train,als,0.6524306999999681,0.65625,0.640625,0.015625,1.0058539550637824,338853888,1,0.65625,gift_cards,0,,gift_cards,als,none,0
retrieve_score,als,0.3268518000040785,0.3125,0.3125,0.0,0.956090803220605,338853888,28,0.0111607142857142,gift_cards,0,,gift_cards,als,none,0
retrieve_select,als,0.3080688999980339,0.3125,0.3125,0.0,1.0143834707170845,338853888,122,0.002561475409836,gift_cards,0,,gift_cards,als,none,0
train,als,0.6341128999993089,0.640625,0.640625,0.0,1.010269622334916,338853888,1,0.640625,gift_cards,0,,gift_cards,als,quota_mmr,0
rerank_setup,als,0.3065610999983619,0.3125,0.3125,0.0,1.019372647089503,338853888,586,0.0005332764505119,gift_cards,0,,gift_cards,als,quota_mmr,0
retrieve_score,als,0.3186863000009907,0.3125,0.296875,0.015625,0.980588120666086,338853888,27,0.011574074074074,gift_cards,0,,gift_cards,als,quota_mmr,0
retrieve_select,als,0.307069100002991,0.3125,0.3125,0.0,1.0176862471572556,338853888,123,0.002540650406504,gift_cards,0,,gift_cards,als,quota_mmr,0
rerank,als,0.4405430999977398,0.4375,0.4375,0.0,0.9930923898302904,338853888,1,0.4375,gift_cards,0,,gift_cards,als,quota_mmr,0
train,popularity,0.3023161000019172,0.3125,0.296875,0.015625,1.033686264138821,338853888,2959,0.0001056100033795,software,0,,software,popularity,none,0
retrieve_score,popularity,0.3198271000001114,0.3125,0.296875,0.015625,0.977090434174875,338853888,29,0.0107758620689655,software,0,,software,popularity,none,0
retrieve_select,popularity,0.3092455000005429,0.3125,0.234375,0.078125,1.010524001155882,338853888,51,0.0061274509803921,software,0,,software,popularity,none,0
train,popularity,0.3064947000020765,0.3125,0.265625,0.046875,1.0195934872540462,338853888,3116,0.0001002888318356,software,0,,software,popularity,quota_mmr,0
rerank_setup,popularity,0.31395799999882,0.3125,0.171875,0.140625,0.995356066738782,338853888,34,0.0091911764705882,software,0,,software,popularity,quota_mmr,0
retrieve_score,popularity,0.3143803999992087,0.3125,0.3125,0.0,0.9940187110926334,338853888,29,0.0107758620689655,software,0,,software,popularity,quota_mmr,0
retrieve_select,popularity,0.3133962000065367,0.3125,0.203125,0.109375,0.9971403609663488,338853888,48,0.0065104166666666,software,0,,software,popularity,quota_mmr,0
rerank,popularity,0.4825868999978411,0.484375,0.46875,0.015625,1.0037052394131851,338853888,1,0.484375,software,0,,software,popularity,quota_mmr,0
train,itemknn,0.3183272999958717,0.3125,0.234375,0.078125,0.9816939986110292,338853888,14,0.0223214285714285,software,0,,software,itemknn,none,0
retrieve_score,itemknn,0.3081672999978764,0.3125,0.296875,0.015625,1.0140595708959177,338853888,25,0.0125,software,0,,software,itemknn,none,0
retrieve_select,itemknn,0.3129423999998835,0.3125,0.234375,0.078125,0.9985863213170102,338853888,44,0.0071022727272727,software,0,,software,itemknn,none,0
train,itemknn,0.3229004999957396,0.328125,0.28125,0.046875,1.0161799068268067,338853888,14,0.0234375,software,0,,software,itemknn,quota_mmr,0
rerank_setup,itemknn,0.3111787999951048,0.3125,0.125,0.1875,1.0042457905388027,338853888,34,0.0091911764705882,software,0,,software,itemknn,quota_mmr,0
retrieve_score,itemknn,0.3128419999993639,0.3125,0.296875,0.015625,0.9989067964040488,338853888,26,0.0120192307692307,software,0,,software,itemknn,quota_mmr,0
retrieve_select,itemknn,0.3267112000030465,0.3125,0.265625,0.046875,0.9565022564181638,338853888,44,0.0071022727272727,software,0,,software,itemknn,quota_mmr,0
rerank,itemknn,0.646382300001278,0.640625,0.625,0.015625,0.9910930419950134,338853888,1,0.640625,software,0,,software,itemknn,quota_mmr,0
train,als,2.868912199999613,2.859375,2.859375,0.0,0.9966756737973318,338853888,1,2.859375,software,0,,software,als,none,0
retrieve_score,als,0.3235801999981049,0.421875,0.328125,0.09375,1.3037726041410158,338853888,27,0.015625,software,0,,software,als,none,0
retrieve_select,als,0.3076351999989128,0.3125,0.265625,0.046875,1.0158135349956845,338853888,43,0.0072674418604651,software,0,,software,als,none,0
train,als,2.6816238000028534,2.765625,2.75,0.015625,1.0313247518153208,338853888,1,2.765625,software,0,,software,als,quota_mmr,0
rerank_setup,als,0.309219499999017,0.3125,0.203125,0.109375,1.010608968713142,338853888,34,0.0091911764705882,software,0,,software,als,quota_mmr,0
retrieve_score,als,0.271099999998114,0.3125,0.3125,0.0,1.152711176695588,338853888,22,0.0142045454545454,software,0,,software,als,quota_mmr,0
retrieve_select,als,0.3064515000005485,0.3125,0.265625,0.046875,1.019737217796097,338853888,42,0.0074404761904761,software,0,,software,als,quota_mmr,0
rerank,als,0.7017212999999174,0.703125,0.671875,0.03125,1.0020003668124122,338853888,1,0.703125,software,0,,software,als,quota_mmr,0
train,popularity,0.3066336999982013,0.3125,0.3125,0.0,1.0191312957507055,338853888,1862,0.0001678302900107,ml100k,0,,ml100k,popularity,none,0
retrieve_score,popularity,0.3213289000050281,0.3125,0.296875,0.015625,0.9725237910287872,338853888,28,0.0111607142857142,ml100k,0,,ml100k,popularity,none,0
retrieve_select,popularity,0.303803800001333,0.3125,0.1875,0.125,1.0286243950820524,338853888,30,0.0104166666666666,ml100k,0,,ml100k,popularity,none,0
train,popularity,0.3025451999928918,0.3125,0.3125,0.0,1.0329035132844349,338853888,1852,0.0001687365010799,ml100k,0,,ml100k,popularity,quota_mmr,0
rerank_setup,popularity,0.373053000002983,0.359375,0.3125,0.046875,0.9633349684820288,338853888,4,0.08984375,ml100k,0,,ml100k,popularity,quota_mmr,0
retrieve_score,popularity,0.3076519000023836,0.3125,0.296875,0.015625,1.015758394463284,338853888,26,0.0120192307692307,ml100k,0,,ml100k,popularity,quota_mmr,0
retrieve_select,popularity,0.3054917999979807,0.3125,0.234375,0.078125,1.022940713963732,338853888,29,0.0107758620689655,ml100k,0,,ml100k,popularity,quota_mmr,0
rerank,popularity,0.5291080999959377,0.53125,0.53125,0.0,1.0040481330829727,338853888,1,0.53125,ml100k,0,,ml100k,popularity,quota_mmr,0
train,itemknn,0.4097408000016003,0.421875,0.359375,0.0625,1.0296143317881752,338853888,2,0.2109375,ml100k,0,,ml100k,itemknn,none,0
retrieve_score,itemknn,0.3129590999960783,0.3125,0.296875,0.015625,0.9985330351599168,338853888,11,0.0284090909090909,ml100k,0,,ml100k,itemknn,none,0
retrieve_select,itemknn,0.3127426999999443,0.3125,0.25,0.0625,0.9992239627017854,338853888,30,0.0104166666666666,ml100k,0,,ml100k,itemknn,none,0
train,itemknn,0.3945517000029213,0.390625,0.359375,0.03125,0.9900476920948706,338853888,2,0.1953125,ml100k,0,,ml100k,itemknn,quota_mmr,0
rerank_setup,itemknn,0.3632847000044421,0.375,0.28125,0.09375,1.032248261474856,338853888,4,0.09375,ml100k,0,,ml100k,itemknn,quota_mmr,0
retrieve_score,itemknn,0.3282369000007747,0.328125,0.328125,0.0,0.99965908768705,338853888,12,0.02734375,ml100k,0,,ml100k,itemknn,quota_mmr,0
retrieve_select,itemknn,0.3128906999991159,0.3125,0.25,0.0625,0.9987513211510696,338853888,31,0.0100806451612903,ml100k,0,,ml100k,itemknn,quota_mmr,0
rerank,itemknn,0.5650529999984428,0.5625,0.53125,0.03125,0.995481839759368,338853888,1,0.5625,ml100k,0,,ml100k,itemknn,quota_mmr,0
train,als,4.822828299998946,5.890625,5.234375,0.65625,1.2214046682941806,338853888,1,5.890625,ml100k,0,,ml100k,als,none,0
retrieve_score,als,0.1263684000005014,0.3125,0.21875,0.09375,2.472928358662134,338853888,9,0.0347222222222222,ml100k,0,,ml100k,als,none,0
retrieve_select,als,0.3047422000017832,0.3125,0.25,0.0625,1.0254569271934488,338853888,30,0.0104166666666666,ml100k,0,,ml100k,als,none,0
train,als,4.887095599995519,5.796875,5.125,0.671875,1.1861595259166438,338853888,1,5.796875,ml100k,0,,ml100k,als,quota_mmr,0
rerank_setup,als,0.3619094000023324,0.359375,0.328125,0.03125,0.9929971423723284,338853888,4,0.08984375,ml100k,0,,ml100k,als,quota_mmr,0
retrieve_score,als,0.3089048999972874,0.3125,0.265625,0.046875,1.0116382096973668,338853888,22,0.0142045454545454,ml100k,0,,ml100k,als,quota_mmr,0
retrieve_select,als,0.3156197999996948,0.3125,0.234375,0.078125,0.9901153222969604,338853888,29,0.0107758620689655,ml100k,0,,ml100k,als,quota_mmr,0
rerank,als,0.639974900004745,0.640625,0.609375,0.03125,1.0010158210818114,338853888,1,0.640625,ml100k,0,,ml100k,als,quota_mmr,0
train,multvae,2.438895799998136,5.4375,4.53125,0.90625,2.2294925433075723,378892288,1,5.4375,ml100k,0,,ml100k,multvae,none,0
retrieve_score,multvae,0.0839552999968873,0.3125,0.265625,0.046875,3.722218847548469,387035136,5,0.0625,ml100k,0,,ml100k,multvae,none,0
retrieve_select,multvae,0.0752053999967756,0.3125,0.265625,0.046875,4.15528672161039,391979008,6,0.0520833333333333,ml100k,0,,ml100k,multvae,none,0
train,multvae,1.060394100000849,4.25,3.921875,0.328125,4.007943838990237,391979008,1,4.25,ml100k,0,,ml100k,multvae,quota_mmr,0
rerank_setup,multvae,0.1189643999969121,0.5,0.40625,0.09375,4.202938021903849,427642880,1,0.5,ml100k,0,,ml100k,multvae,quota_mmr,0
retrieve_score,multvae,0.0779771000015898,0.3125,0.28125,0.03125,4.007586842722139,427642880,4,0.078125,ml100k,0,,ml100k,multvae,quota_mmr,0
retrieve_select,multvae,0.0879619000043021,0.3125,0.25,0.0625,3.5526745100403225,427642880,7,0.0446428571428571,ml100k,0,,ml100k,multvae,quota_mmr,0
rerank,multvae,0.5995856000008644,0.890625,0.875,0.015625,1.4854009168977975,464977920,1,0.890625,ml100k,0,,ml100k,multvae,quota_mmr,0
train,gru4rec,120.5740334000002,478.0,412.625,65.375,3.964369329955576,464982016,1,478.0,ml100k,0,,ml100k,gru4rec,none,0
retrieve_score,gru4rec,0.1034345000007306,0.375,0.328125,0.046875,3.625482793433053,464982016,2,0.1875,ml100k,0,,ml100k,gru4rec,none,0
retrieve_select,gru4rec,0.0722602000023471,0.3125,0.28125,0.03125,4.324648976751373,464982016,6,0.0520833333333333,ml100k,0,,ml100k,gru4rec,none,0
train,gru4rec,107.9179074000058,430.6875,371.53125,59.15625,3.990880757200236,464982016,1,430.6875,ml100k,0,,ml100k,gru4rec,quota_mmr,0
rerank_setup,gru4rec,0.1130726000046706,0.4375,0.390625,0.046875,3.86919554323442,464982016,1,0.4375,ml100k,0,,ml100k,gru4rec,quota_mmr,0
retrieve_score,gru4rec,0.0779467999964254,0.3125,0.25,0.0625,4.009144698875786,464982016,2,0.15625,ml100k,0,,ml100k,gru4rec,quota_mmr,0
retrieve_select,gru4rec,0.0669347000002744,0.3125,0.265625,0.046875,4.668729373534484,464982016,5,0.0625,ml100k,0,,ml100k,gru4rec,quota_mmr,0
rerank,gru4rec,0.6450271000067005,0.96875,0.875,0.09375,1.5018748824505772,464982016,1,0.96875,ml100k,0,,ml100k,gru4rec,quota_mmr,0
train,popularity,0.2986349999991944,0.3125,0.3125,0.0,1.0464279136767056,464982016,2377,0.0001314682372738,luxury_beauty,0,,luxury_beauty,popularity,none,0
retrieve_score,popularity,0.315641000001051,0.3125,0.3125,0.0,0.9900488212841788,464982016,28,0.0111607142857142,luxury_beauty,0,,luxury_beauty,popularity,none,0
retrieve_select,popularity,0.3165771999993012,0.3125,0.265625,0.046875,0.987120992922705,464982016,36,0.0086805555555555,luxury_beauty,0,,luxury_beauty,popularity,none,0
train,popularity,0.2974649000025238,0.3125,0.3125,0.0,1.0505441146076349,464982016,2320,0.000134698275862,luxury_beauty,0,,luxury_beauty,popularity,quota_mmr,0
rerank_setup,popularity,0.3394738999995752,0.328125,0.15625,0.171875,0.9665691530347712,464982016,10,0.0328125,luxury_beauty,0,,luxury_beauty,popularity,quota_mmr,0
retrieve_score,popularity,0.3054634000000078,0.3125,0.3125,0.0,1.0230358203306582,464982016,27,0.011574074074074,luxury_beauty,0,,luxury_beauty,popularity,quota_mmr,0
retrieve_select,popularity,0.3116752000059932,0.3125,0.234375,0.078125,1.0026463446369518,464982016,33,0.0094696969696969,luxury_beauty,0,,luxury_beauty,popularity,quota_mmr,0
rerank,popularity,0.839529600001697,0.828125,0.828125,0.0,0.9864154879093318,464982016,1,0.828125,luxury_beauty,0,,luxury_beauty,popularity,quota_mmr,0
train,itemknn,0.3578358000013395,0.359375,0.25,0.109375,1.0043014142203064,464982016,5,0.071875,luxury_beauty,0,,luxury_beauty,itemknn,none,0
retrieve_score,itemknn,0.3062580000041635,0.3125,0.296875,0.015625,1.0203815083875414,464982016,23,0.0135869565217391,luxury_beauty,0,,luxury_beauty,itemknn,none,0
retrieve_select,itemknn,0.3164115000035963,0.3125,0.21875,0.09375,0.9876379335025692,464982016,29,0.0107758620689655,luxury_beauty,0,,luxury_beauty,itemknn,none,0
train,itemknn,0.3592021000004024,0.34375,0.25,0.09375,0.9569821557268592,464982016,5,0.06875,luxury_beauty,0,,luxury_beauty,itemknn,quota_mmr,0
rerank_setup,itemknn,0.3430787000033888,0.34375,0.171875,0.171875,1.0019566938915314,464982016,10,0.034375,luxury_beauty,0,,luxury_beauty,itemknn,quota_mmr,0
retrieve_score,itemknn,0.3156419000006281,0.3125,0.21875,0.09375,0.9900459983271492,464982016,24,0.0130208333333333,luxury_beauty,0,,luxury_beauty,itemknn,quota_mmr,0
retrieve_select,itemknn,0.3089812000034726,0.3125,0.296875,0.015625,1.0113883951401827,464982016,29,0.0107758620689655,luxury_beauty,0,,luxury_beauty,itemknn,quota_mmr,0
rerank,itemknn,0.6195542999994359,0.609375,0.59375,0.015625,0.98356996311793,464982016,1,0.609375,luxury_beauty,0,,luxury_beauty,itemknn,quota_mmr,0
train,als,5.39579650000087,5.453125,5.40625,0.046875,1.0106246593990564,464982016,1,5.453125,luxury_beauty,0,,luxury_beauty,als,none,0
retrieve_score,als,0.1954528999995091,0.3125,0.203125,0.109375,1.5988506693980231,464982016,16,0.01953125,luxury_beauty,0,,luxury_beauty,als,none,0
retrieve_select,als,0.30854669999826,0.3125,0.25,0.0625,1.0128126471673893,464982016,32,0.009765625,luxury_beauty,0,,luxury_beauty,als,none,0
train,als,5.395919499998854,5.5625,5.5,0.0625,1.030871568784742,464982016,1,5.5625,luxury_beauty,0,,luxury_beauty,als,quota_mmr,0
rerank_setup,als,0.3142305000001215,0.3125,0.1875,0.125,0.9944928961379595,464982016,9,0.0347222222222222,luxury_beauty,0,,luxury_beauty,als,quota_mmr,0
retrieve_score,als,0.2218656999975792,0.3125,0.1875,0.125,1.4085097426209174,464982016,16,0.01953125,luxury_beauty,0,,luxury_beauty,als,quota_mmr,0
retrieve_select,als,0.3090358000044944,0.3125,0.296875,0.015625,1.0112097044920207,464982016,32,0.009765625,luxury_beauty,0,,luxury_beauty,als,quota_mmr,0
rerank,als,0.6770830000023125,0.671875,0.640625,0.03125,0.9923081808252536,464982016,1,0.671875,luxury_beauty,0,,luxury_beauty,als,quota_mmr,0
train,popularity,0.3054611999978078,0.3125,0.3125,0.0,1.0230431884712123,464982016,991,0.0003153380423814,digital_music,0,,digital_music,popularity,none,0
retrieve_score,popularity,0.3207981000014115,0.3125,0.28125,0.03125,0.9741329515312748,464982016,21,0.0148809523809523,digital_music,0,,digital_music,popularity,none,0
retrieve_select,popularity,0.3074971999958507,0.3125,0.171875,0.140625,1.016269416450676,464982016,6,0.0520833333333333,digital_music,0,,digital_music,popularity,none,0
train,popularity,0.308228500005498,0.3125,0.3125,0.0,1.013858225292034,464982016,1000,0.0003125,digital_music,0,,digital_music,popularity,quota_mmr,0
rerank_setup,popularity,0.4224948999981279,0.421875,0.265625,0.15625,0.998532763358491,492011520,3,0.140625,digital_music,0,,digital_music,popularity,quota_mmr,0
retrieve_score,popularity,0.3244794999991427,0.3125,0.078125,0.234375,0.9630808726000428,492011520,21,0.0148809523809523,digital_music,0,,digital_music,popularity,quota_mmr,0
retrieve_select,popularity,0.3298749000023235,0.328125,0.171875,0.15625,0.9946952617422204,492011520,6,0.0546875,digital_music,0,,digital_music,popularity,quota_mmr,0
rerank,popularity,1.1509347000028356,1.15625,1.078125,0.078125,1.0046182463671929,492011520,1,1.15625,digital_music,0,,digital_music,popularity,quota_mmr,0
train,itemknn,0.332617800006119,0.328125,0.296875,0.03125,0.9864926050078004,492011520,1,0.328125,digital_music,0,,digital_music,itemknn,none,0
retrieve_score,itemknn,0.3066427000012481,0.3125,0.234375,0.078125,1.0191013841148933,492011520,12,0.0260416666666666,digital_music,0,,digital_music,itemknn,none,0
retrieve_select,itemknn,0.342643500000122,0.34375,0.234375,0.109375,1.0032293039263187,492011520,6,0.0572916666666666,digital_music,0,,digital_music,itemknn,none,0
train,itemknn,0.3378701000037836,0.34375,0.296875,0.046875,1.0174028420867978,492011520,1,0.34375,digital_music,0,,digital_music,itemknn,quota_mmr,0
rerank_setup,itemknn,0.4199421999946935,0.421875,0.28125,0.140625,1.0046025381715171,511488000,3,0.140625,digital_music,0,,digital_music,itemknn,quota_mmr,0
retrieve_score,itemknn,0.3371277000042028,0.328125,0.234375,0.09375,0.9732958757049908,511488000,13,0.0252403846153846,digital_music,0,,digital_music,itemknn,quota_mmr,0
retrieve_select,itemknn,0.3397623999990173,0.34375,0.203125,0.140625,1.0117364369953654,511488000,6,0.0572916666666666,digital_music,0,,digital_music,itemknn,quota_mmr,0
rerank,itemknn,0.6646649000031175,0.65625,0.609375,0.046875,0.9873396353514712,511488000,1,0.65625,digital_music,0,,digital_music,itemknn,quota_mmr,0
train,als,29.720237800000177,29.828125,29.734375,0.09375,1.0036300920849237,511488000,1,29.828125,digital_music,0,,digital_music,als,none,0
retrieve_score,als,0.1360892000011517,0.359375,0.234375,0.125,2.640731226261588,511488000,6,0.0598958333333333,digital_music,0,,digital_music,als,none,0
retrieve_select,als,0.3149793999982648,0.3125,0.15625,0.15625,0.9921283741150104,511488000,6,0.0520833333333333,digital_music,0,,digital_music,als,none,0
train,als,29.68503430000419,30.140625,30.0,0.140625,1.0153474877405058,511488000,1,30.140625,digital_music,0,,digital_music,als,quota_mmr,0
rerank_setup,als,0.4094463000001269,0.40625,0.296875,0.109375,0.992193603898421,518057984,3,0.1354166666666666,digital_music,0,,digital_music,als,quota_mmr,0
retrieve_score,als,0.1293961999981547,0.4375,0.25,0.1875,3.3810884709615805,518057984,6,0.0729166666666666,digital_music,0,,digital_music,als,quota_mmr,0
retrieve_select,als,0.3407185000032768,0.34375,0.234375,0.109375,1.0088973742156473,518057984,6,0.0572916666666666,digital_music,0,,digital_music,als,quota_mmr,0
rerank,als,0.5380036999995355,0.53125,0.515625,0.015625,0.9874467406087704,518057984,1,0.53125,digital_music,0,,digital_music,als,quota_mmr,0
train,popularity,0.30915559999994,0.3125,0.3125,0.0,1.0108178535341448,518057984,3747,8.340005337603416e-05,gift_cards,1,,gift_cards,popularity,none,1
retrieve_score,popularity,0.3183617999966373,0.3125,0.3125,0.0,0.9815876151074056,518057984,28,0.0111607142857142,gift_cards,1,,gift_cards,popularity,none,1
retrieve_select,popularity,0.3065675000034389,0.3125,0.3125,0.0,1.019351366327137,518057984,143,0.0021853146853146,gift_cards,1,,gift_cards,popularity,none,1
train,popularity,0.307242299997597,0.3125,0.3125,0.0,1.017112552543853,518057984,3773,8.282533792737874e-05,gift_cards,1,,gift_cards,popularity,quota_mmr,1
rerank_setup,popularity,0.3120455000025686,0.3125,0.3125,0.0,1.0014565183520598,518057984,638,0.0004898119122257,gift_cards,1,,gift_cards,popularity,quota_mmr,1
retrieve_score,popularity,0.3188505999933113,0.3125,0.3125,0.0,0.980082835053644,518057984,31,0.0100806451612903,gift_cards,1,,gift_cards,popularity,quota_mmr,1
retrieve_select,popularity,0.306333699998504,0.3125,0.3125,0.0,1.0201293556716944,518057984,142,0.0022007042253521,gift_cards,1,,gift_cards,popularity,quota_mmr,1
rerank,popularity,0.3470146000036038,0.34375,0.34375,0.0,0.9905923266526252,518057984,1,0.34375,gift_cards,1,,gift_cards,popularity,quota_mmr,1
train,itemknn,0.311717900003714,0.3125,0.3125,0.0,1.0025089993108405,518057984,167,0.0018712574850299,gift_cards,1,,gift_cards,itemknn,none,1
retrieve_score,itemknn,0.3159369000059087,0.3125,0.3125,0.0,0.9891215619136466,518057984,30,0.0104166666666666,gift_cards,1,,gift_cards,itemknn,none,1
retrieve_select,itemknn,0.3091257000050973,0.3125,0.3125,0.0,1.0109156242746786,518057984,132,0.0023674242424242,gift_cards,1,,gift_cards,itemknn,none,1
train,itemknn,0.3038693999988027,0.3125,0.3125,0.0,1.0284023333749015,518057984,164,0.001905487804878,gift_cards,1,,gift_cards,itemknn,quota_mmr,1
rerank_setup,itemknn,0.3127377999990131,0.3125,0.3125,0.0,0.9992396186229684,518057984,639,0.0004890453834115,gift_cards,1,,gift_cards,itemknn,quota_mmr,1
retrieve_score,itemknn,0.3170792000018991,0.3125,0.3125,0.0,0.9855581823031226,518057984,30,0.0104166666666666,gift_cards,1,,gift_cards,itemknn,quota_mmr,1
retrieve_select,itemknn,0.3095243999996455,0.3125,0.3125,0.0,1.009613458584712,518057984,133,0.0023496240601503,gift_cards,1,,gift_cards,itemknn,quota_mmr,1
rerank,itemknn,0.3515806999930646,0.328125,0.328125,0.0,0.9332850182233344,518057984,1,0.328125,gift_cards,1,,gift_cards,itemknn,quota_mmr,1
train,als,0.6446398999978555,0.65625,0.625,0.03125,1.0180102100446824,518057984,1,0.65625,gift_cards,1,,gift_cards,als,none,1
retrieve_score,als,0.2879683999999542,0.3125,0.3125,0.0,1.0851885137398742,518057984,26,0.0120192307692307,gift_cards,1,,gift_cards,als,none,1
retrieve_select,als,0.3093596999970032,0.3125,0.3125,0.0,1.0101509666676922,518057984,131,0.0023854961832061,gift_cards,1,,gift_cards,als,none,1
train,als,0.6333624999970198,0.71875,0.703125,0.015625,1.134816159787455,518057984,1,0.71875,gift_cards,1,,gift_cards,als,quota_mmr,1
rerank_setup,als,0.3111997000014526,0.3125,0.3125,0.0,1.0041783459255949,518057984,635,0.0004921259842519,gift_cards,1,,gift_cards,als,quota_mmr,1
retrieve_score,als,0.3208224999980302,0.3125,0.3125,0.0,0.9740588643312692,518057984,29,0.0107758620689655,gift_cards,1,,gift_cards,als,quota_mmr,1
retrieve_select,als,0.3057493000014801,0.3125,0.3125,0.0,1.022079200176377,518057984,130,0.0024038461538461,gift_cards,1,,gift_cards,als,quota_mmr,1
rerank,als,0.3933275999952457,0.390625,0.390625,0.0,0.9931288829075856,518057984,1,0.390625,gift_cards,1,,gift_cards,als,quota_mmr,1
train,popularity,0.3082400999992387,0.3125,0.296875,0.015625,1.013820070784988,518057984,2995,0.0001043405676126,software,1,,software,popularity,none,1
retrieve_score,popularity,0.3157479000001331,0.3125,0.3125,0.0,0.9897136291321916,518057984,29,0.0107758620689655,software,1,,software,popularity,none,1
retrieve_select,popularity,0.3093706999934511,0.3125,0.265625,0.046875,1.010115049701265,518057984,53,0.0058962264150943,software,1,,software,popularity,none,1
train,popularity,0.2998155000022962,0.3125,0.3125,0.0,1.0423076858855085,518057984,3014,0.0001036828135368,software,1,,software,popularity,quota_mmr,1
rerank_setup,popularity,0.3139663000038126,0.3125,0.203125,0.109375,0.995329753531526,518057984,35,0.0089285714285714,software,1,,software,popularity,quota_mmr,1
retrieve_score,popularity,0.3115778999999747,0.3125,0.296875,0.015625,1.0029594525158083,518057984,29,0.0107758620689655,software,1,,software,popularity,quota_mmr,1
retrieve_select,popularity,0.3177148000031593,0.3125,0.25,0.0625,0.9835865373501408,518057984,51,0.0061274509803921,software,1,,software,popularity,quota_mmr,1
rerank,popularity,0.4500761000017519,0.453125,0.4375,0.015625,1.0067741877389984,518057984,1,0.453125,software,1,,software,popularity,quota_mmr,1
train,itemknn,0.3141736999968998,0.3125,0.203125,0.109375,0.994672692217979,518057984,14,0.0223214285714285,software,1,,software,itemknn,none,1
retrieve_score,itemknn,0.3133882999973139,0.3125,0.28125,0.03125,0.9971654972527004,518057984,26,0.0120192307692307,software,1,,software,itemknn,none,1
retrieve_select,itemknn,0.3120797000010498,0.3125,0.234375,0.078125,1.001346771350231,518057984,45,0.0069444444444444,software,1,,software,itemknn,none,1
train,itemknn,0.3158222999991267,0.3125,0.265625,0.046875,0.989480476840502,518057984,14,0.0223214285714285,software,1,,software,itemknn,quota_mmr,1
rerank_setup,itemknn,0.3131778000024496,0.3125,0.21875,0.09375,0.9978357341981317,518057984,35,0.0089285714285714,software,1,,software,itemknn,quota_mmr,1
retrieve_score,itemknn,0.3105308000012883,0.3125,0.296875,0.015625,1.0063413999471342,518057984,26,0.0120192307692307,software,1,,software,itemknn,quota_mmr,1
retrieve_select,itemknn,0.3094677999979467,0.3125,0.296875,0.015625,1.0097981114741934,518057984,42,0.0074404761904761,software,1,,software,itemknn,quota_mmr,1
rerank,itemknn,0.613326100006816,0.609375,0.59375,0.015625,0.993557913144782,518057984,1,0.609375,software,1,,software,itemknn,quota_mmr,1
train,als,2.651258699996106,2.703125,2.671875,0.03125,1.0195628966739347,518057984,1,2.703125,software,1,,software,als,none,1
retrieve_score,als,0.2095755000045756,0.3125,0.265625,0.046875,1.4911094092256838,518057984,18,0.0173611111111111,software,1,,software,als,none,1
retrieve_select,als,0.316657600000326,0.3125,0.21875,0.09375,0.9868703609187912,518057984,47,0.0066489361702127,software,1,,software,als,none,1
train,als,2.657662300000084,2.71875,2.65625,0.0625,1.022985501205294,518057984,1,2.71875,software,1,,software,als,quota_mmr,1
rerank_setup,als,0.3075054000000818,0.3125,0.234375,0.078125,1.0162423163948238,518057984,34,0.0091911764705882,software,1,,software,als,quota_mmr,1
retrieve_score,als,0.2184041999935289,0.3125,0.3125,0.0,1.4308332898783955,518057984,19,0.0164473684210526,software,1,,software,als,quota_mmr,1
retrieve_select,als,0.3276430000041728,0.3125,0.21875,0.09375,0.9537820127273284,518057984,48,0.0065104166666666,software,1,,software,als,quota_mmr,1
rerank,als,0.6780496999999741,0.671875,0.671875,0.0,0.9908934404071348,518057984,1,0.671875,software,1,,software,als,quota_mmr,1
train,popularity,0.3119598000048427,0.3125,0.3125,0.0,1.0017316333551596,518057984,2075,0.0001506024096385,ml100k,1,,ml100k,popularity,none,1
retrieve_score,popularity,0.3236105999967549,0.3125,0.3125,0.0,0.9656667612344394,518057984,28,0.0111607142857142,ml100k,1,,ml100k,popularity,none,1
retrieve_select,popularity,0.3060734000027878,0.3125,0.28125,0.03125,1.020996924257886,518057984,32,0.009765625,ml100k,1,,ml100k,popularity,none,1
train,popularity,0.3039420999994036,0.3125,0.3125,0.0,1.0281563495172703,518057984,2034,0.0001536381514257,ml100k,1,,ml100k,popularity,quota_mmr,1
rerank_setup,popularity,0.3567363999973167,0.34375,0.25,0.09375,0.9635966500827656,518057984,4,0.0859375,ml100k,1,,ml100k,popularity,quota_mmr,1
retrieve_score,popularity,0.3032546000031288,0.3125,0.296875,0.015625,1.0304872539337433,518057984,26,0.0120192307692307,ml100k,1,,ml100k,popularity,quota_mmr,1
retrieve_select,popularity,0.3147080999988247,0.3125,0.25,0.0625,0.9929836569226116,518057984,33,0.0094696969696969,ml100k,1,,ml100k,popularity,quota_mmr,1
rerank,popularity,0.4987499000053503,0.5,0.484375,0.015625,1.0025064666572088,518057984,1,0.5,ml100k,1,,ml100k,popularity,quota_mmr,1
train,itemknn,0.3854924999977811,0.390625,0.34375,0.046875,1.0133141371161525,518057984,2,0.1953125,ml100k,1,,ml100k,itemknn,none,1
retrieve_score,itemknn,0.3180805000010878,0.3125,0.28125,0.03125,0.982455699104256,518057984,12,0.0260416666666666,ml100k,1,,ml100k,itemknn,none,1
retrieve_select,itemknn,0.3069490999987465,0.3125,0.21875,0.09375,1.0180841058054124,518057984,33,0.0094696969696969,ml100k,1,,ml100k,itemknn,none,1
train,itemknn,0.3860987999942153,0.375,0.34375,0.03125,0.971253989925942,518057984,2,0.1875,ml100k,1,,ml100k,itemknn,quota_mmr,1
rerank_setup,itemknn,0.361512199997378,0.375,0.328125,0.046875,1.03730939094924,518057984,4,0.09375,ml100k,1,,ml100k,itemknn,quota_mmr,1
retrieve_score,itemknn,0.3172481000001426,0.3125,0.3125,0.0,0.985033480105506,518057984,12,0.0260416666666666,ml100k,1,,ml100k,itemknn,quota_mmr,1
retrieve_select,itemknn,0.3069395999991684,0.3125,0.25,0.0625,1.018115616234747,518057984,31,0.0100806451612903,ml100k,1,,ml100k,itemknn,quota_mmr,1
rerank,itemknn,0.5233536000014283,0.515625,0.484375,0.03125,0.9852325464057052,518057984,1,0.515625,ml100k,1,,ml100k,itemknn,quota_mmr,1
train,als,4.783876200002851,5.765625,5.109375,0.65625,1.2052203608439038,518057984,1,5.765625,ml100k,1,,ml100k,als,none,1
retrieve_score,als,0.177941699999792,0.359375,0.28125,0.078125,2.0196221571470883,518057984,14,0.0256696428571428,ml100k,1,,ml100k,als,none,1
retrieve_select,als,0.307470400002785,0.3125,0.21875,0.09375,1.01635799737851,518057984,32,0.009765625,ml100k,1,,ml100k,als,none,1
train,als,4.755368600002839,5.84375,5.0625,0.78125,1.2288742454152788,518057984,1,5.84375,ml100k,1,,ml100k,als,quota_mmr,1
rerank_setup,als,0.3520291000022553,0.359375,0.28125,0.078125,1.0208673089744502,518057984,4,0.08984375,ml100k,1,,ml100k,als,quota_mmr,1
retrieve_score,als,0.2062086000005365,0.3125,0.3125,0.0,1.515455708438867,518057984,16,0.01953125,ml100k,1,,ml100k,als,quota_mmr,1
retrieve_select,als,0.3162615999972331,0.3125,0.25,0.0625,0.9881060489251112,518057984,33,0.0094696969696969,ml100k,1,,ml100k,als,quota_mmr,1
rerank,als,0.6209881999966456,0.625,0.609375,0.015625,1.0064603482052898,518057984,1,0.625,ml100k,1,,ml100k,als,quota_mmr,1
train,multvae,0.9125630000053206,3.6875,3.328125,0.359375,4.04081690795978,518057984,1,3.6875,ml100k,1,,ml100k,multvae,none,1
retrieve_score,multvae,0.0868073999954504,0.3125,0.265625,0.046875,3.5999235090139576,518057984,5,0.0625,ml100k,1,,ml100k,multvae,none,1
retrieve_select,multvae,0.0736021000047912,0.3125,0.28125,0.03125,4.245802768938076,518057984,7,0.0446428571428571,ml100k,1,,ml100k,multvae,none,1
train,multvae,0.9506801000025008,3.8125,3.515625,0.296875,4.010286951404549,518057984,1,3.8125,ml100k,1,,ml100k,multvae,quota_mmr,1
rerank_setup,multvae,0.0984756999969249,0.375,0.328125,0.046875,3.8080460459962193,518057984,1,0.375,ml100k,1,,ml100k,multvae,quota_mmr,1
retrieve_score,multvae,0.0744989999948302,0.3125,0.265625,0.046875,4.194687177300173,518057984,4,0.078125,ml100k,1,,ml100k,multvae,quota_mmr,1
retrieve_select,multvae,0.0757812000010744,0.3125,0.234375,0.078125,4.123714060948747,518057984,7,0.0446428571428571,ml100k,1,,ml100k,multvae,quota_mmr,1
rerank,multvae,0.5783375999963027,0.90625,0.859375,0.046875,1.5669913213420563,518057984,1,0.90625,ml100k,1,,ml100k,multvae,quota_mmr,1
train,gru4rec,103.77279350000026,414.625,360.671875,53.953125,3.995507743558999,518057984,1,414.625,ml100k,1,,ml100k,gru4rec,none,1
retrieve_score,gru4rec,0.0813245999961509,0.3125,0.28125,0.03125,3.8426257247473767,518057984,2,0.15625,ml100k,1,,ml100k,gru4rec,none,1
retrieve_select,gru4rec,0.0766137000027811,0.3125,0.28125,0.03125,4.078904947661529,518057984,6,0.0520833333333333,ml100k,1,,ml100k,gru4rec,none,1
train,gru4rec,106.0936170999994,423.453125,368.796875,54.65625,3.991315750888867,518057984,1,423.453125,ml100k,1,,ml100k,gru4rec,quota_mmr,1
rerank_setup,gru4rec,0.1261531999989529,0.5625,0.453125,0.109375,4.45886430153709,518057984,1,0.5625,ml100k,1,,ml100k,gru4rec,quota_mmr,1
retrieve_score,gru4rec,0.1056042000054731,0.375,0.34375,0.03125,3.5509951306914407,518057984,3,0.125,ml100k,1,,ml100k,gru4rec,quota_mmr,1
retrieve_select,gru4rec,0.0699441000033402,0.3125,0.21875,0.09375,4.467853614315948,518057984,6,0.0520833333333333,ml100k,1,,ml100k,gru4rec,quota_mmr,1
rerank,gru4rec,0.6306814999989001,0.953125,0.890625,0.0625,1.5112620237023953,518057984,1,0.953125,ml100k,1,,ml100k,gru4rec,quota_mmr,1
train,popularity,0.3087778000044636,0.3125,0.296875,0.015625,1.012054623083274,518057984,2465,0.0001267748478701,luxury_beauty,1,,luxury_beauty,popularity,none,1
retrieve_score,popularity,0.3127634999982547,0.3125,0.3125,0.0,0.999157510392817,518057984,28,0.0111607142857142,luxury_beauty,1,,luxury_beauty,popularity,none,1
retrieve_select,popularity,0.3197072000039043,0.3125,0.21875,0.09375,0.9774568730268938,518057984,36,0.0086805555555555,luxury_beauty,1,,luxury_beauty,popularity,none,1
train,popularity,0.3032009999951697,0.3125,0.3125,0.0,1.0306694239299292,518057984,2418,0.0001292390405293,luxury_beauty,1,,luxury_beauty,popularity,quota_mmr,1
rerank_setup,popularity,0.3243127999958233,0.3125,0.171875,0.140625,0.9635759057429264,518057984,10,0.03125,luxury_beauty,1,,luxury_beauty,popularity,quota_mmr,1
retrieve_score,popularity,0.3084032999977353,0.3125,0.296875,0.015625,1.013283580306355,518057984,27,0.011574074074074,luxury_beauty,1,,luxury_beauty,popularity,quota_mmr,1
retrieve_select,popularity,0.3113202000022284,0.3125,0.21875,0.09375,1.0037896673513738,518057984,35,0.0089285714285714,luxury_beauty,1,,luxury_beauty,popularity,quota_mmr,1
rerank,popularity,0.8350644000020111,0.828125,0.796875,0.03125,0.9916899822313172,518057984,1,0.828125,luxury_beauty,1,,luxury_beauty,popularity,quota_mmr,1
train,itemknn,0.3587038000041502,0.359375,0.296875,0.0625,1.0018711817266557,518057984,5,0.071875,luxury_beauty,1,,luxury_beauty,itemknn,none,1
retrieve_score,itemknn,0.3138082999939797,0.3125,0.265625,0.046875,0.9958308942306344,518057984,24,0.0130208333333333,luxury_beauty,1,,luxury_beauty,itemknn,none,1
retrieve_select,itemknn,0.3094663999945624,0.3125,0.3125,0.0,1.0098026797270752,518057984,29,0.0107758620689655,luxury_beauty,1,,luxury_beauty,itemknn,none,1
train,itemknn,0.3606218999993871,0.375,0.28125,0.09375,1.0398702907411816,518057984,5,0.075,luxury_beauty,1,,luxury_beauty,itemknn,quota_mmr,1
rerank_setup,itemknn,0.3200289999949746,0.3125,0.15625,0.15625,0.9764740070584452,518057984,10,0.03125,luxury_beauty,1,,luxury_beauty,itemknn,quota_mmr,1
retrieve_score,itemknn,0.30781659999775,0.3125,0.296875,0.015625,1.0152149039469742,518057984,23,0.0135869565217391,luxury_beauty,1,,luxury_beauty,itemknn,quota_mmr,1
retrieve_select,itemknn,0.3163343999985955,0.3125,0.265625,0.046875,0.9878786499393916,518057984,29,0.0107758620689655,luxury_beauty,1,,luxury_beauty,itemknn,quota_mmr,1
rerank,itemknn,0.6012805999998818,0.609375,0.609375,0.0,1.0134619344115203,518057984,1,0.609375,luxury_beauty,1,,luxury_beauty,itemknn,quota_mmr,1
train,als,5.438860599999316,5.59375,5.5,0.09375,1.0284782809106567,518057984,1,5.59375,luxury_beauty,1,,luxury_beauty,als,none,1
retrieve_score,als,0.1968592000048374,0.3125,0.234375,0.078125,1.5874289847379286,518057984,16,0.01953125,luxury_beauty,1,,luxury_beauty,als,none,1
retrieve_select,als,0.3077897999974084,0.3125,0.25,0.0625,1.0153033011575798,518057984,32,0.009765625,luxury_beauty,1,,luxury_beauty,als,none,1
train,als,5.4602680999960285,5.484375,5.453125,0.03125,1.0044149663647448,518057984,1,5.484375,luxury_beauty,1,,luxury_beauty,als,quota_mmr,1
rerank_setup,als,0.3184328000061214,0.3125,0.15625,0.15625,0.9813687534512544,518057984,10,0.03125,luxury_beauty,1,,luxury_beauty,als,quota_mmr,1
retrieve_score,als,0.1953619000050821,0.3125,0.296875,0.015625,1.599595417488623,518057984,16,0.01953125,luxury_beauty,1,,luxury_beauty,als,quota_mmr,1
retrieve_select,als,0.3298767000014777,0.3125,0.21875,0.09375,0.9473236515297992,518057984,34,0.0091911764705882,luxury_beauty,1,,luxury_beauty,als,quota_mmr,1
rerank,als,0.6570475000044098,0.65625,0.65625,0.0,0.9987862369091968,518057984,1,0.65625,luxury_beauty,1,,luxury_beauty,als,quota_mmr,1
train,popularity,0.3001917000001413,0.3125,0.296875,0.015625,1.041001466728937,518057984,976,0.0003201844262295,digital_music,1,,digital_music,popularity,none,1
retrieve_score,popularity,0.318395900001633,0.3125,0.296875,0.015625,0.9814824876777536,518057984,21,0.0148809523809523,digital_music,1,,digital_music,popularity,none,1
retrieve_select,popularity,0.3226847000041744,0.328125,0.1875,0.140625,1.0168594916206293,518057984,6,0.0546875,digital_music,1,,digital_music,popularity,none,1
train,popularity,0.2987767000013264,0.3125,0.3125,0.0,1.0459316271938632,518057984,958,0.0003262004175365,digital_music,1,,digital_music,popularity,quota_mmr,1
rerank_setup,popularity,0.41965650000202,0.40625,0.21875,0.1875,0.96805363433676,518057984,3,0.1354166666666666,digital_music,1,,digital_music,popularity,quota_mmr,1
retrieve_score,popularity,0.304930800004513,0.3125,0.3125,0.0,1.0248226810652612,518057984,20,0.015625,digital_music,1,,digital_music,popularity,quota_mmr,1
retrieve_select,popularity,0.3104292999996687,0.3125,0.25,0.0625,1.0066704399369952,518057984,6,0.0520833333333333,digital_music,1,,digital_music,popularity,quota_mmr,1
rerank,popularity,1.143363600000157,1.140625,1.03125,0.109375,0.9976047864387526,518057984,1,1.140625,digital_music,1,,digital_music,popularity,quota_mmr,1
train,itemknn,0.3305193999985931,0.328125,0.296875,0.03125,0.9927556446048148,518057984,1,0.328125,digital_music,1,,digital_music,itemknn,none,1
retrieve_score,itemknn,0.3100295000040205,0.3125,0.1875,0.125,1.0079685965237095,518057984,12,0.0260416666666666,digital_music,1,,digital_music,itemknn,none,1
retrieve_select,itemknn,0.313339200001792,0.3125,0.21875,0.09375,0.9973217522678706,518057984,6,0.0520833333333333,digital_music,1,,digital_music,itemknn,none,1
train,itemknn,0.3346154999962891,0.328125,0.296875,0.03125,0.9806031101477334,518057984,1,0.328125,digital_music,1,,digital_music,itemknn,quota_mmr,1
rerank_setup,itemknn,0.4234415999962948,0.4375,0.28125,0.15625,1.0332003279881528,518057984,3,0.1458333333333333,digital_music,1,,digital_music,itemknn,quota_mmr,1
retrieve_score,itemknn,0.3328015000006417,0.328125,0.203125,0.125,0.9859480801599972,518057984,13,0.0252403846153846,digital_music,1,,digital_music,itemknn,quota_mmr,1
retrieve_select,itemknn,0.3229671999943093,0.3125,0.234375,0.078125,0.9675905169487992,518057984,6,0.0520833333333333,digital_music,1,,digital_music,itemknn,quota_mmr,1
rerank,itemknn,0.6744097999981022,0.671875,0.625,0.046875,0.996241454382618,518057984,1,0.671875,digital_music,1,,digital_music,itemknn,quota_mmr,1
train,als,30.134504100002232,30.21875,30.203125,0.015625,1.0027956623981,518057984,1,30.21875,digital_music,1,,digital_music,als,none,1
retrieve_score,als,0.1523877999934484,0.375,0.203125,0.171875,2.460826916696233,518057984,7,0.0535714285714285,digital_music,1,,digital_music,als,none,1
retrieve_select,als,0.3178369000015664,0.3125,0.21875,0.09375,0.9832086834425452,518057984,6,0.0520833333333333,digital_music,1,,digital_music,als,none,1
train,als,29.96261410000443,30.25,30.140625,0.109375,1.0095914828738366,518057984,1,30.25,digital_music,1,,digital_music,als,quota_mmr,1
rerank_setup,als,0.4085326999993413,0.40625,0.296875,0.109375,0.9944124423838168,522252288,3,0.1354166666666666,digital_music,1,,digital_music,als,quota_mmr,1
retrieve_score,als,0.1085983000011765,0.3125,0.296875,0.015625,2.877577273277891,522252288,5,0.0625,digital_music,1,,digital_music,als,quota_mmr,1
retrieve_select,als,0.32119710000552,0.328125,0.203125,0.125,1.0215689992044166,522252288,6,0.0546875,digital_music,1,,digital_music,als,quota_mmr,1
rerank,als,0.5434709999972256,0.53125,0.5,0.03125,0.977513059579466,522252288,1,0.53125,digital_music,1,,digital_music,als,quota_mmr,1
train,popularity,0.2999018999980762,0.3125,0.3125,0.0,1.0420074030941604,522252288,3647,8.568686591719222e-05,gift_cards,2,,gift_cards,popularity,none,2
retrieve_score,popularity,0.3194576000023517,0.3125,0.3125,0.0,0.978220583882492,522252288,31,0.0100806451612903,gift_cards,2,,gift_cards,popularity,none,2
retrieve_select,popularity,0.3061811000006855,0.3125,0.3125,0.0,1.0206377859355142,522252288,142,0.0022007042253521,gift_cards,2,,gift_cards,popularity,none,2
train,popularity,0.3085573999996995,0.3125,0.3125,0.0,1.0127775253495923,522252288,3815,8.1913499344692e-05,gift_cards,2,,gift_cards,popularity,quota_mmr,2
rerank_setup,popularity,0.3124315000022761,0.3125,0.3125,0.0,1.0002192480518877,522252288,642,0.0004867601246105,gift_cards,2,,gift_cards,popularity,quota_mmr,2
retrieve_score,popularity,0.3169324999980745,0.3125,0.3125,0.0,0.9860143721514788,522252288,30,0.0104166666666666,gift_cards,2,,gift_cards,popularity,quota_mmr,2
retrieve_select,popularity,0.3097680000064429,0.3125,0.296875,0.015625,1.0088195036075396,522252288,143,0.0021853146853146,gift_cards,2,,gift_cards,popularity,quota_mmr,2
rerank,popularity,0.6270900000017718,0.625,0.609375,0.015625,0.9966671450640804,522252288,2,0.3125,gift_cards,2,,gift_cards,popularity,quota_mmr,2
train,itemknn,0.3098687000019708,0.3125,0.3125,0.0,1.0084916611390966,522252288,167,0.0018712574850299,gift_cards,2,,gift_cards,itemknn,none,2
retrieve_score,itemknn,0.319926399999531,0.3125,0.3125,0.0,0.9767871610484729,522252288,30,0.0104166666666666,gift_cards,2,,gift_cards,itemknn,none,2
retrieve_select,itemknn,0.304514499999641,0.3125,0.3125,0.0,1.026223710202202,522252288,129,0.002422480620155,gift_cards,2,,gift_cards,itemknn,none,2
train,itemknn,0.3048473000017111,0.3125,0.3125,0.0,1.0251033878215288,522252288,166,0.0018825301204819,gift_cards,2,,gift_cards,itemknn,quota_mmr,2
rerank_setup,itemknn,0.310969500002102,0.3125,0.3125,0.0,1.0049217045333632,522252288,644,0.0004852484472049,gift_cards,2,,gift_cards,itemknn,quota_mmr,2
retrieve_score,itemknn,0.3144049000038649,0.3125,0.3125,0.0,0.9939412521756452,522252288,30,0.0104166666666666,gift_cards,2,,gift_cards,itemknn,quota_mmr,2
retrieve_select,itemknn,0.3122523999991244,0.3125,0.3125,0.0,1.0007929482715785,522252288,134,0.0023320895522388,gift_cards,2,,gift_cards,itemknn,quota_mmr,2
rerank,itemknn,0.3397222000057809,0.328125,0.328125,0.0,0.9658626960334544,522252288,1,0.328125,gift_cards,2,,gift_cards,itemknn,quota_mmr,2
train,als,0.6443762999988394,0.640625,0.625,0.015625,0.9941784016593316,522252288,1,0.640625,gift_cards,2,,gift_cards,als,none,2
retrieve_score,als,0.3217634000029648,0.3125,0.3125,0.0,0.9712105230026802,522252288,29,0.0107758620689655,gift_cards,2,,gift_cards,als,none,2
retrieve_select,als,0.3053843000016059,0.3125,0.3125,0.0,1.0233008049148458,522252288,130,0.0024038461538461,gift_cards,2,,gift_cards,als,none,2
train,als,0.6478600999980699,0.65625,0.65625,0.0,1.012950172424502,522252288,1,0.65625,gift_cards,2,,gift_cards,als,quota_mmr,2
rerank_setup,als,0.3115081999931135,0.3125,0.3125,0.0,1.003183864844997,522252288,643,0.0004860031104199,gift_cards,2,,gift_cards,als,quota_mmr,2
retrieve_score,als,0.3300376000042888,0.3125,0.3125,0.0,0.9468618120963764,522252288,30,0.0104166666666666,gift_cards,2,,gift_cards,als,quota_mmr,2
retrieve_select,als,0.3099623000016436,0.3125,0.3125,0.0,1.008187124686915,522252288,132,0.0023674242424242,gift_cards,2,,gift_cards,als,quota_mmr,2
rerank,als,0.3917015000042738,0.390625,0.390625,0.0,0.9972517337710932,522252288,1,0.390625,gift_cards,2,,gift_cards,als,quota_mmr,2
train,popularity,0.3110263999988092,0.3125,0.3125,0.0,1.0047378614844156,522252288,3156,9.901774397972116e-05,software,2,,software,popularity,none,2
retrieve_score,popularity,0.3221539000005577,0.3125,0.296875,0.015625,0.9700332667071824,522252288,30,0.0104166666666666,software,2,,software,popularity,none,2
retrieve_select,popularity,0.3076433000023826,0.3125,0.265625,0.046875,1.0157867894330213,522252288,52,0.0060096153846153,software,2,,software,popularity,none,2
train,popularity,0.3103164999993169,0.3125,0.3125,0.0,1.007036364488153,522252288,3164,9.876738305941844e-05,software,2,,software,popularity,quota_mmr,2
rerank_setup,popularity,0.3130610000007436,0.3125,0.1875,0.125,0.998208016965568,522252288,35,0.0089285714285714,software,2,,software,popularity,quota_mmr,2
retrieve_score,popularity,0.3219398000001092,0.3125,0.296875,0.015625,0.9706783690612156,522252288,30,0.0104166666666666,software,2,,software,popularity,quota_mmr,2
retrieve_select,popularity,0.3036699000003864,0.3125,0.21875,0.09375,1.0290779560292356,522252288,52,0.0060096153846153,software,2,,software,popularity,quota_mmr,2
rerank,popularity,0.451285100003588,0.4375,0.421875,0.015625,0.9694536779444338,522252288,1,0.4375,software,2,,software,popularity,quota_mmr,2
train,itemknn,0.3080925000031129,0.3125,0.265625,0.046875,1.0143057685495185,522252288,14,0.0223214285714285,software,2,,software,itemknn,none,2
retrieve_score,itemknn,0.3071479999998701,0.3125,0.3125,0.0,1.0174248245149966,522252288,26,0.0120192307692307,software,2,,software,itemknn,none,2
retrieve_select,itemknn,0.3143589000028441,0.3125,0.25,0.0625,0.9940866951664884,522252288,46,0.0067934782608695,software,2,,software,itemknn,none,2
train,itemknn,0.3145108000026084,0.3125,0.234375,0.078125,0.9936065788437416,522252288,14,0.0223214285714285,software,2,,software,itemknn,quota_mmr,2
rerank_setup,itemknn,0.3075317999973777,0.3125,0.15625,0.15625,1.0161550773047363,522252288,34,0.0091911764705882,software,2,,software,itemknn,quota_mmr,2
retrieve_score,itemknn,0.3123016999961692,0.3125,0.296875,0.015625,1.000634962934346,522252288,26,0.0120192307692307,software,2,,software,itemknn,quota_mmr,2
retrieve_select,itemknn,0.3118829000013647,0.3125,0.296875,0.015625,1.0019786272303886,522252288,46,0.0067934782608695,software,2,,software,itemknn,quota_mmr,2
rerank,itemknn,0.6207155000010971,0.609375,0.609375,0.0,0.9817299551870752,522252288,1,0.609375,software,2,,software,itemknn,quota_mmr,2
train,als,2.702033600005961,2.703125,2.703125,0.0,1.0004039179949635,522252288,1,2.703125,software,2,,software,als,none,2
retrieve_score,als,0.3129937999983667,0.3125,0.296875,0.015625,0.9984223329715498,522252288,27,0.011574074074074,software,2,,software,als,none,2
retrieve_select,als,0.3074025000023539,0.3125,0.28125,0.03125,1.0165824936284091,522252288,46,0.0067934782608695,software,2,,software,als,none,2
train,als,2.700469499999599,2.734375,2.6875,0.046875,1.012555409346562,522252288,1,2.734375,software,2,,software,als,quota_mmr,2
rerank_setup,als,0.3199970999994548,0.3125,0.171875,0.140625,0.9765713501795248,522252288,36,0.0086805555555555,software,2,,software,als,quota_mmr,2
retrieve_score,als,0.3122842000011587,0.3125,0.296875,0.015625,1.0006910371989377,522252288,27,0.011574074074074,software,2,,software,als,quota_mmr,2
retrieve_select,als,0.3066976999980397,0.3125,0.296875,0.015625,1.0189186290017738,522252288,45,0.0069444444444444,software,2,,software,als,quota_mmr,2
rerank,als,0.6643347999997786,0.65625,0.625,0.03125,0.9878302325878738,522252288,1,0.65625,software,2,,software,als,quota_mmr,2
train,popularity,0.3037767999994685,0.3125,0.3125,0.0,1.028715820301441,522252288,2015,0.0001550868486352,ml100k,2,,ml100k,popularity,none,2
retrieve_score,popularity,0.3188585999960196,0.3125,0.28125,0.03125,0.980058245265773,522252288,28,0.0111607142857142,ml100k,2,,ml100k,popularity,none,2
retrieve_select,popularity,0.3069410999960382,0.3125,0.25,0.0625,1.0181106407842857,522252288,32,0.009765625,ml100k,2,,ml100k,popularity,none,2
train,popularity,0.2988828000015928,0.3125,0.3125,0.0,1.0455603333424828,522252288,1969,0.0001587100050787,ml100k,2,,ml100k,popularity,quota_mmr,2
rerank_setup,popularity,0.354682999997749,0.34375,0.28125,0.0625,0.9691752917455352,522252288,4,0.0859375,ml100k,2,,ml100k,popularity,quota_mmr,2
retrieve_score,popularity,0.3039521000027889,0.3125,0.296875,0.015625,1.028122523243408,522252288,27,0.011574074074074,ml100k,2,,ml100k,popularity,quota_mmr,2
retrieve_select,popularity,0.3290092999959597,0.3125,0.265625,0.046875,0.9498211752793538,522252288,34,0.0091911764705882,ml100k,2,,ml100k,popularity,quota_mmr,2
rerank,popularity,0.50203980000515,0.5,0.5,0.0,0.9959369755044738,522252288,1,0.5,ml100k,2,,ml100k,popularity,quota_mmr,2
train,itemknn,0.3892211999991559,0.375,0.328125,0.046875,0.9634624218845562,522252288,2,0.1875,ml100k,2,,ml100k,itemknn,none,2
retrieve_score,itemknn,0.3170376999987638,0.3125,0.296875,0.015625,0.9856871911486188,522252288,12,0.0260416666666666,ml100k,2,,ml100k,itemknn,none,2
retrieve_select,itemknn,0.3078055000005406,0.3125,0.265625,0.046875,1.0152515143473757,522252288,33,0.0094696969696969,ml100k,2,,ml100k,itemknn,none,2
train,itemknn,0.382771499993396,0.390625,0.375,0.015625,1.0205174627858644,522252288,2,0.1953125,ml100k,2,,ml100k,itemknn,quota_mmr,2
rerank_setup,itemknn,0.3537280000018654,0.359375,0.28125,0.078125,1.0159642437073253,522252288,4,0.08984375,ml100k,2,,ml100k,itemknn,quota_mmr,2
retrieve_score,itemknn,0.3212476999979117,0.3125,0.296875,0.015625,0.97276961049692,522252288,12,0.0260416666666666,ml100k,2,,ml100k,itemknn,quota_mmr,2
retrieve_select,itemknn,0.3049477000022307,0.3125,0.25,0.0625,1.0247658860772324,522252288,33,0.0094696969696969,ml100k,2,,ml100k,itemknn,quota_mmr,2
rerank,itemknn,0.5278641000040807,0.5,0.4375,0.0625,0.947213496799905,522252288,1,0.5,ml100k,2,,ml100k,itemknn,quota_mmr,2
train,als,4.780207700001483,5.46875,4.96875,0.5,1.1440402474558382,522252288,1,5.46875,ml100k,2,,ml100k,als,none,2
retrieve_score,als,0.2171956000020145,0.3125,0.21875,0.09375,1.4387952610324586,522252288,17,0.0183823529411764,ml100k,2,,ml100k,als,none,2
retrieve_select,als,0.3092040999981691,0.3125,0.25,0.0625,1.0106593023891028,522252288,32,0.009765625,ml100k,2,,ml100k,als,none,2
train,als,4.782381500001065,6.046875,5.203125,0.84375,1.2644066559722709,522252288,1,6.046875,ml100k,2,,ml100k,als,quota_mmr,2
rerank_setup,als,0.3521803000039654,0.34375,0.3125,0.03125,0.9760625452250724,522252288,4,0.0859375,ml100k,2,,ml100k,als,quota_mmr,2
retrieve_score,als,0.2679248999993433,0.375,0.34375,0.03125,1.3996459455650412,522252288,21,0.0178571428571428,ml100k,2,,ml100k,als,quota_mmr,2
retrieve_select,als,0.3072214999992866,0.3125,0.25,0.0625,1.0171814147145484,522252288,32,0.009765625,ml100k,2,,ml100k,als,quota_mmr,2
rerank,als,0.6207818999973824,0.609375,0.59375,0.015625,0.9816249475098572,522252288,1,0.609375,ml100k,2,,ml100k,als,quota_mmr,2
train,multvae,0.9305940000049304,3.6875,3.359375,0.328125,3.962522861721076,522252288,1,3.6875,ml100k,2,,ml100k,multvae,none,2
retrieve_score,multvae,0.0852888000008533,0.3125,0.28125,0.03125,3.664021536202564,522252288,4,0.078125,ml100k,2,,ml100k,multvae,none,2
retrieve_select,multvae,0.0737155000024358,0.3125,0.25,0.0625,4.239271252174558,522252288,6,0.0520833333333333,ml100k,2,,ml100k,multvae,none,2
train,multvae,0.913649100002658,3.6875,3.265625,0.421875,4.036013388498136,522252288,1,3.6875,ml100k,2,,ml100k,multvae,quota_mmr,2
rerank_setup,multvae,0.0880381999959354,0.3125,0.25,0.0625,3.549595516655584,522252288,1,0.3125,ml100k,2,,ml100k,multvae,quota_mmr,2
retrieve_score,multvae,0.0778599999975995,0.3125,0.296875,0.015625,4.013614179419916,522252288,4,0.078125,ml100k,2,,ml100k,multvae,quota_mmr,2
retrieve_select,multvae,0.0697562999994261,0.3125,0.25,0.0625,4.4798821038755055,522252288,7,0.0446428571428571,ml100k,2,,ml100k,multvae,quota_mmr,2
rerank,multvae,0.5653768999982276,0.890625,0.84375,0.046875,1.5752765986774344,522252288,1,0.890625,ml100k,2,,ml100k,multvae,quota_mmr,2
train,gru4rec,104.71645759999956,417.859375,361.90625,55.953125,3.990388756236935,522252288,1,417.859375,ml100k,2,,ml100k,gru4rec,none,2
retrieve_score,gru4rec,0.1211887000026763,0.421875,0.3125,0.109375,3.48114139346889,522252288,3,0.140625,ml100k,2,,ml100k,gru4rec,none,2
retrieve_select,gru4rec,0.0697749999962979,0.3125,0.265625,0.046875,4.478681476411037,522252288,6,0.0520833333333333,ml100k,2,,ml100k,gru4rec,none,2
train,gru4rec,110.43160910000006,439.875,379.390625,60.484375,3.983234542943917,522252288,1,439.875,ml100k,2,,ml100k,gru4rec,quota_mmr,2
rerank_setup,gru4rec,0.101703100001032,0.375,0.328125,0.046875,3.6872032415550247,522252288,1,0.375,ml100k,2,,ml100k,gru4rec,quota_mmr,2
retrieve_score,gru4rec,0.0777438000004622,0.3125,0.25,0.0625,4.019613139544788,522252288,2,0.15625,ml100k,2,,ml100k,gru4rec,quota_mmr,2
retrieve_select,gru4rec,0.0696337999979732,0.3125,0.28125,0.03125,4.487763126658255,522252288,5,0.0625,ml100k,2,,ml100k,gru4rec,quota_mmr,2
rerank,gru4rec,0.6439465000003111,0.96875,0.953125,0.015625,1.5043951632620598,522252288,1,0.96875,ml100k,2,,ml100k,gru4rec,quota_mmr,2
train,popularity,0.3006250999969779,0.3125,0.3125,0.0,1.039500693731633,522252288,2364,0.0001321912013536,luxury_beauty,2,,luxury_beauty,popularity,none,2
retrieve_score,popularity,0.3199344999957247,0.3125,0.296875,0.015625,0.97676243107316,522252288,28,0.0111607142857142,luxury_beauty,2,,luxury_beauty,popularity,none,2
retrieve_select,popularity,0.3060643000062555,0.3125,0.28125,0.03125,1.0210272808478904,522252288,33,0.0094696969696969,luxury_beauty,2,,luxury_beauty,popularity,none,2
train,popularity,0.3120481000005384,0.3125,0.296875,0.015625,1.0014481741739842,522252288,2475,0.0001262626262626,luxury_beauty,2,,luxury_beauty,popularity,quota_mmr,2
rerank_setup,popularity,0.3239108999987365,0.3125,0.1875,0.125,0.9647714850016438,522252288,10,0.03125,luxury_beauty,2,,luxury_beauty,popularity,quota_mmr,2
retrieve_score,popularity,0.3068402999997488,0.3125,0.28125,0.03125,1.018445099943703,522252288,27,0.011574074074074,luxury_beauty,2,,luxury_beauty,popularity,quota_mmr,2
retrieve_select,popularity,0.3140762999973958,0.3125,0.203125,0.109375,0.994981155861143,522252288,34,0.0091911764705882,luxury_beauty,2,,luxury_beauty,popularity,quota_mmr,2
rerank,popularity,0.8737080999999307,0.875,0.84375,0.03125,1.001478640291957,522252288,1,0.875,luxury_beauty,2,,luxury_beauty,popularity,quota_mmr,2
train,itemknn,0.3587585999994189,0.359375,0.296875,0.0625,1.001718146967298,522252288,5,0.071875,luxury_beauty,2,,luxury_beauty,itemknn,none,2
retrieve_score,itemknn,0.3139775000017835,0.3125,0.28125,0.03125,0.9952942487860592,522252288,23,0.0135869565217391,luxury_beauty,2,,luxury_beauty,itemknn,none,2
retrieve_select,itemknn,0.3136249000017415,0.3125,0.265625,0.046875,0.9964132312143096,522252288,29,0.0107758620689655,luxury_beauty,2,,luxury_beauty,itemknn,none,2
train,itemknn,0.3598600000041188,0.359375,0.265625,0.09375,0.9986522536427688,522252288,5,0.071875,luxury_beauty,2,,luxury_beauty,itemknn,quota_mmr,2
rerank_setup,itemknn,0.3039711000019451,0.3125,0.1875,0.125,1.0280582594792738,522252288,8,0.0390625,luxury_beauty,2,,luxury_beauty,itemknn,quota_mmr,2
retrieve_score,itemknn,0.3173685000001569,0.3125,0.265625,0.046875,0.9846597882267633,522252288,24,0.0130208333333333,luxury_beauty,2,,luxury_beauty,itemknn,quota_mmr,2
retrieve_select,itemknn,0.3083189000026323,0.3125,0.28125,0.03125,1.0135609591151629,522252288,29,0.0107758620689655,luxury_beauty,2,,luxury_beauty,itemknn,quota_mmr,2
rerank,itemknn,0.6106951000037952,0.609375,0.5625,0.046875,0.9978383648341258,522252288,1,0.609375,luxury_beauty,2,,luxury_beauty,itemknn,quota_mmr,2
train,als,5.495576499997696,5.671875,5.625,0.046875,1.0320800738561964,522252288,1,5.671875,luxury_beauty,2,,luxury_beauty,als,none,2
retrieve_score,als,0.3123500000001513,0.3125,0.265625,0.046875,1.0004802305101603,522252288,25,0.0125,luxury_beauty,2,,luxury_beauty,als,none,2
retrieve_select,als,0.3069660999972257,0.3125,0.28125,0.03125,1.0180277235917072,522252288,32,0.009765625,luxury_beauty,2,,luxury_beauty,als,none,2
train,als,5.538714399997843,5.46875,5.453125,0.015625,0.9873681156049732,522252288,1,5.46875,luxury_beauty,2,,luxury_beauty,als,quota_mmr,2
rerank_setup,als,0.3231538999971235,0.328125,0.125,0.203125,1.0153830729040272,522252288,10,0.0328125,luxury_beauty,2,,luxury_beauty,als,quota_mmr,2
retrieve_score,als,0.1619435000029625,0.375,0.25,0.125,2.3156224238276923,522252288,13,0.0288461538461538,luxury_beauty,2,,luxury_beauty,als,quota_mmr,2
retrieve_select,als,0.3017777000059141,0.3125,0.296875,0.015625,1.0355304583270262,522252288,31,0.0100806451612903,luxury_beauty,2,,luxury_beauty,als,quota_mmr,2
rerank,als,0.6623627000008128,0.65625,0.640625,0.015625,0.9907713704277048,522252288,1,0.65625,luxury_beauty,2,,luxury_beauty,als,quota_mmr,2
train,popularity,0.3077284000028157,0.3125,0.3125,0.0,1.015505881150848,522252288,995,0.0003140703517587,digital_music,2,,digital_music,popularity,none,2
retrieve_score,popularity,0.3204870999979903,0.3125,0.265625,0.046875,0.9750782480853664,522252288,21,0.0148809523809523,digital_music,2,,digital_music,popularity,none,2
retrieve_select,popularity,0.3279834999993909,0.328125,0.203125,0.125,1.0004314241436212,522252288,6,0.0546875,digital_music,2,,digital_music,popularity,none,2
train,popularity,0.3053551999983028,0.3125,0.3125,0.0,1.0233983243178333,522252288,984,0.000317581300813,digital_music,2,,digital_music,popularity,quota_mmr,2
rerank_setup,popularity,0.4241743000020506,0.421875,0.265625,0.15625,0.9945793509836888,522252288,3,0.140625,digital_music,2,,digital_music,popularity,quota_mmr,2
retrieve_score,popularity,0.3215943999966839,0.3125,0.15625,0.15625,0.971720900622717,522252288,21,0.0148809523809523,digital_music,2,,digital_music,popularity,quota_mmr,2
retrieve_select,popularity,0.3231940999976359,0.328125,0.234375,0.09375,1.01525677604387,522252288,6,0.0546875,digital_music,2,,digital_music,popularity,quota_mmr,2
rerank,popularity,1.1462422999975388,1.140625,1.03125,0.109375,0.9950993782051571,522252288,1,1.140625,digital_music,2,,digital_music,popularity,quota_mmr,2
train,itemknn,0.3288297000035527,0.328125,0.296875,0.03125,0.9978569453928732,522252288,1,0.328125,digital_music,2,,digital_music,itemknn,none,2
retrieve_score,itemknn,0.3169309000004432,0.328125,0.1875,0.140625,1.0353203174557644,522252288,12,0.02734375,digital_music,2,,digital_music,itemknn,none,2
retrieve_select,itemknn,0.3197452999957022,0.3125,0.25,0.0625,0.977340401889255,522252288,6,0.0520833333333333,digital_music,2,,digital_music,itemknn,none,2
train,itemknn,0.3460548000002745,0.34375,0.28125,0.0625,0.993339783178061,522252288,1,0.34375,digital_music,2,,digital_music,itemknn,quota_mmr,2
rerank_setup,itemknn,0.4276913000066997,0.4375,0.265625,0.171875,1.0229340648106393,522252288,3,0.1458333333333333,digital_music,2,,digital_music,itemknn,quota_mmr,2
retrieve_score,itemknn,0.3135087999980896,0.3125,0.203125,0.109375,0.9967822274905972,522252288,12,0.0260416666666666,digital_music,2,,digital_music,itemknn,quota_mmr,2
retrieve_select,itemknn,0.3556626999998116,0.359375,0.1875,0.171875,1.0104376984153536,522252288,6,0.0598958333333333,digital_music,2,,digital_music,itemknn,quota_mmr,2
rerank,itemknn,0.6859665000010864,0.6875,0.65625,0.03125,1.0022355319084988,522252288,1,0.6875,digital_music,2,,digital_music,itemknn,quota_mmr,2
train,als,30.19577500000014,30.3125,30.25,0.0625,1.0038656070261438,522252288,1,30.3125,digital_music,2,,digital_music,als,none,2
retrieve_score,als,0.1537867000006372,0.375,0.109375,0.265625,2.4384423360306595,522252288,7,0.0535714285714285,digital_music,2,,digital_music,als,none,2
retrieve_select,als,0.3147712999998475,0.3125,0.25,0.0625,0.9927842849718236,522252288,6,0.0520833333333333,digital_music,2,,digital_music,als,none,2
train,als,30.228024300005927,30.390625,30.265625,0.125,1.0053791375307992,522252288,1,30.390625,digital_music,2,,digital_music,als,quota_mmr,2
rerank_setup,als,0.4162212000010186,0.40625,0.328125,0.078125,0.976043507632494,527319040,3,0.1354166666666666,digital_music,2,,digital_music,als,quota_mmr,2
retrieve_score,als,0.1090431000047829,0.328125,0.21875,0.109375,3.0091312516391007,527319040,5,0.065625,digital_music,2,,digital_music,als,quota_mmr,2
retrieve_select,als,0.3299412000051234,0.328125,0.203125,0.125,0.9944953827982222,527319040,6,0.0546875,digital_music,2,,digital_music,als,quota_mmr,2
rerank,als,0.5442009000034886,0.546875,0.53125,0.015625,1.0049138103161797,527319040,1,0.546875,digital_music,2,,digital_music,als,quota_mmr,2
train,popularity,0.3061665000059292,0.3125,0.3125,0.0,1.0206864565324687,527319040,3737,8.362322718758363e-05,gift_cards,3,,gift_cards,popularity,none,3
retrieve_score,popularity,0.314216500002658,0.3125,0.3125,0.0,0.9945372060262796,527319040,30,0.0104166666666666,gift_cards,3,,gift_cards,popularity,none,3
retrieve_select,popularity,0.3115322000012384,0.3125,0.3125,0.0,1.003106580952973,527319040,144,0.0021701388888888,gift_cards,3,,gift_cards,popularity,none,3
train,popularity,0.3176758000045083,0.3125,0.3125,0.0,0.9837072889894828,527319040,3868,8.079110651499483e-05,gift_cards,3,,gift_cards,popularity,quota_mmr,3
rerank_setup,popularity,0.3123309999937191,0.3125,0.3125,0.0,1.000541092643011,527319040,641,0.00048751950078,gift_cards,3,,gift_cards,popularity,quota_mmr,3
retrieve_score,popularity,0.3194175000026007,0.3125,0.3125,0.0,0.978343390695424,527319040,31,0.0100806451612903,gift_cards,3,,gift_cards,popularity,quota_mmr,3
retrieve_select,popularity,0.3072085000021616,0.3125,0.3125,0.0,1.017224458300474,527319040,137,0.0022810218978102,gift_cards,3,,gift_cards,popularity,quota_mmr,3
rerank,popularity,0.62268849999964,0.609375,0.609375,0.0,0.9786193257147872,527319040,2,0.3046875,gift_cards,3,,gift_cards,popularity,quota_mmr,3
train,itemknn,0.3086121999949682,0.3125,0.3125,0.0,1.0125976873406013,527319040,167,0.0018712574850299,gift_cards,3,,gift_cards,itemknn,none,3
retrieve_score,itemknn,0.3179417999999714,0.3125,0.3125,0.0,0.9828842888856644,527319040,30,0.0104166666666666,gift_cards,3,,gift_cards,itemknn,none,3
retrieve_select,itemknn,0.3075499999977182,0.3125,0.3125,0.0,1.0160949439190976,527319040,132,0.0023674242424242,gift_cards,3,,gift_cards,itemknn,none,3
train,itemknn,0.3062093000044115,0.3125,0.3125,0.0,1.0205437914377449,527319040,165,0.0018939393939393,gift_cards,3,,gift_cards,itemknn,quota_mmr,3
rerank_setup,itemknn,0.3121489000041038,0.3125,0.296875,0.015625,1.0011247837038402,527319040,646,0.0004837461300309,gift_cards,3,,gift_cards,itemknn,quota_mmr,3
retrieve_score,itemknn,0.3154987000016263,0.3125,0.3125,0.0,0.9904953649520242,527319040,30,0.0104166666666666,gift_cards,3,,gift_cards,itemknn,quota_mmr,3
retrieve_select,itemknn,0.3102319000026909,0.3125,0.3125,0.0,1.00731098251756,527319040,133,0.0023496240601503,gift_cards,3,,gift_cards,itemknn,quota_mmr,3
rerank,itemknn,0.3403293000010308,0.328125,0.328125,0.0,0.9641397317216184,527319040,1,0.328125,gift_cards,3,,gift_cards,itemknn,quota_mmr,3
train,als,0.6453651000047103,0.703125,0.6875,0.015625,1.08949957162987,527319040,1,0.703125,gift_cards,3,,gift_cards,als,none,3
retrieve_score,als,0.3187491999997291,0.3125,0.3125,0.0,0.9803946174618337,527319040,29,0.0107758620689655,gift_cards,3,,gift_cards,als,none,3
retrieve_select,als,0.3196748000045772,0.3125,0.3125,0.0,0.9775559412112732,527319040,135,0.0023148148148148,gift_cards,3,,gift_cards,als,none,3
train,als,0.6453005000003031,0.671875,0.671875,0.0,1.0411815890421352,527319040,1,0.671875,gift_cards,3,,gift_cards,als,quota_mmr,3
rerank_setup,als,0.3010552000050666,0.3125,0.3125,0.0,1.0380156197094117,527319040,624,0.0005008012820512,gift_cards,3,,gift_cards,als,quota_mmr,3
retrieve_score,als,0.3178144999983487,0.3125,0.3125,0.0,0.9832779813432792,527319040,29,0.0107758620689655,gift_cards,3,,gift_cards,als,quota_mmr,3
retrieve_select,als,0.3245298000038019,0.3125,0.3125,0.0,0.96293160133935,527319040,138,0.0022644927536231,gift_cards,3,,gift_cards,als,quota_mmr,3
rerank,als,0.3896382000020821,0.390625,0.390625,0.0,1.002532605883901,527319040,1,0.390625,gift_cards,3,,gift_cards,als,quota_mmr,3
train,popularity,0.3038197999994736,0.3125,0.3125,0.0,1.0285702248521704,527319040,3123,0.0001000640409862,software,3,,software,popularity,none,3
retrieve_score,popularity,0.3481796999985818,0.3125,0.3125,0.0,0.8975250423883784,527319040,32,0.009765625,software,3,,software,popularity,none,3
retrieve_select,popularity,0.3102959000025294,0.3125,0.265625,0.046875,1.007103219853864,527319040,52,0.0060096153846153,software,3,,software,popularity,none,3
train,popularity,0.2971965999968233,0.3125,0.3125,0.0,1.0514925137210192,527319040,3023,0.0001033741316572,software,3,,software,popularity,quota_mmr,3
rerank_setup,popularity,0.3181554999973741,0.3125,0.28125,0.03125,0.9822241011158984,527319040,35,0.0089285714285714,software,3,,software,popularity,quota_mmr,3
retrieve_score,popularity,0.3174616999967838,0.3125,0.296875,0.015625,0.984370713075517,527319040,28,0.0111607142857142,software,3,,software,popularity,quota_mmr,3
retrieve_select,popularity,0.3030260000014095,0.3125,0.265625,0.046875,1.0312646439531472,527319040,51,0.0061274509803921,software,3,,software,popularity,quota_mmr,3
rerank,popularity,0.4565619000059087,0.4375,0.4375,0.0,0.9582490347844136,527319040,1,0.4375,software,3,,software,popularity,quota_mmr,3
train,itemknn,0.3138080999997328,0.3125,0.21875,0.09375,0.9958315288874507,527319040,14,0.0223214285714285,software,3,,software,itemknn,none,3
retrieve_score,itemknn,0.3118151000016951,0.3125,0.3125,0.0,1.002196494006548,527319040,26,0.0120192307692307,software,3,,software,itemknn,none,3
retrieve_select,itemknn,0.3027349000039976,0.3125,0.234375,0.078125,1.0322562743703267,527319040,42,0.0074404761904761,software,3,,software,itemknn,none,3
train,itemknn,0.3282675000009476,0.3125,0.25,0.0625,0.9519675264809884,527319040,15,0.0208333333333333,software,3,,software,itemknn,quota_mmr,3
rerank_setup,itemknn,0.3139961999986553,0.3125,0.171875,0.140625,0.995234974185478,527319040,33,0.0094696969696969,software,3,,software,itemknn,quota_mmr,3
retrieve_score,itemknn,0.3181872999994084,0.3125,0.3125,0.0,0.982125936517834,527319040,27,0.011574074074074,software,3,,software,itemknn,quota_mmr,3
retrieve_select,itemknn,0.3084321000060299,0.3125,0.265625,0.046875,1.0131889644232572,527319040,45,0.0069444444444444,software,3,,software,itemknn,quota_mmr,3
rerank,itemknn,0.6196246999970754,0.625,0.625,0.0,1.0086750899422667,527319040,1,0.625,software,3,,software,itemknn,quota_mmr,3
train,als,2.6803856999977143,2.6875,2.6875,0.0,1.0026542075650873,527319040,1,2.6875,software,3,,software,als,none,3
retrieve_score,als,0.3127482999989297,0.3125,0.28125,0.03125,0.9992060708277852,527319040,27,0.011574074074074,software,3,,software,als,none,3
retrieve_select,als,0.306181199994171,0.3125,0.25,0.0625,1.020637452612862,527319040,46,0.0067934782608695,software,3,,software,als,none,3
train,als,2.688775399998121,2.6875,2.6875,0.0,0.999525657666266,527319040,1,2.6875,software,3,,software,als,quota_mmr,3
rerank_setup,als,0.3153566000037244,0.3125,0.171875,0.140625,0.990941683149518,527319040,35,0.0089285714285714,software,3,,software,als,quota_mmr,3
retrieve_score,als,0.3097158999953535,0.3125,0.296875,0.015625,1.0089892059293315,527319040,27,0.011574074074074,software,3,,software,als,quota_mmr,3
retrieve_select,als,0.3092598999937763,0.3125,0.234375,0.078125,1.010476948373484,527319040,46,0.0067934782608695,software,3,,software,als,quota_mmr,3
rerank,als,0.6755355999994208,0.671875,0.65625,0.015625,0.9945811886162268,527319040,1,0.671875,software,3,,software,als,quota_mmr,3
train,popularity,0.3012132000003475,0.3125,0.3125,0.0,1.037471133401987,527319040,1976,0.0001581477732793,ml100k,3,,ml100k,popularity,none,3
retrieve_score,popularity,0.3171419999998761,0.3125,0.28125,0.03125,0.985363023504052,527319040,28,0.0111607142857142,ml100k,3,,ml100k,popularity,none,3
retrieve_select,popularity,0.3161837999941781,0.3125,0.21875,0.09375,0.9883491817283304,527319040,33,0.0094696969696969,ml100k,3,,ml100k,popularity,none,3
train,popularity,0.2986231000031694,0.3125,0.3125,0.0,1.0464696133577185,527319040,1979,0.0001579080343607,ml100k,3,,ml100k,popularity,quota_mmr,3
rerank_setup,popularity,0.3530570000002626,0.328125,0.296875,0.03125,0.929382507639718,527319040,4,0.08203125,ml100k,3,,ml100k,popularity,quota_mmr,3
retrieve_score,popularity,0.3074624000000767,0.3125,0.296875,0.015625,1.016384442455149,527319040,27,0.011574074074074,ml100k,3,,ml100k,popularity,quota_mmr,3
retrieve_select,popularity,0.3091027999980724,0.3125,0.28125,0.03125,1.0109905183710686,527319040,32,0.009765625,ml100k,3,,ml100k,popularity,quota_mmr,3
rerank,popularity,0.4964594000048237,0.484375,0.453125,0.03125,0.9756588353353642,527319040,1,0.484375,ml100k,3,,ml100k,popularity,quota_mmr,3
train,itemknn,0.3858659999968949,0.390625,0.359375,0.03125,1.012333297059454,527319040,2,0.1953125,ml100k,3,,ml100k,itemknn,none,3
retrieve_score,itemknn,0.3358809999990626,0.328125,0.3125,0.015625,0.9769084884257097,527319040,12,0.02734375,ml100k,3,,ml100k,itemknn,none,3
retrieve_select,itemknn,0.3103636000014376,0.3125,0.21875,0.09375,1.0068835391732551,527319040,33,0.0094696969696969,ml100k,3,,ml100k,itemknn,none,3
train,itemknn,0.3877730999956839,0.390625,0.359375,0.03125,1.0073545586435673,527319040,2,0.1953125,ml100k,3,,ml100k,itemknn,quota_mmr,3
rerank_setup,itemknn,0.3616731000001891,0.359375,0.234375,0.125,0.9936459194775948,527319040,4,0.08984375,ml100k,3,,ml100k,itemknn,quota_mmr,3
retrieve_score,itemknn,0.3262179000012111,0.328125,0.3125,0.015625,1.0058460924393844,527319040,12,0.02734375,ml100k,3,,ml100k,itemknn,quota_mmr,3
retrieve_select,itemknn,0.3166043000019272,0.3125,0.21875,0.09375,0.9870364994982628,527319040,34,0.0091911764705882,ml100k,3,,ml100k,itemknn,quota_mmr,3
rerank,itemknn,0.5314012000017101,0.53125,0.515625,0.015625,0.9997154692128856,527319040,1,0.53125,ml100k,3,,ml100k,itemknn,quota_mmr,3
train,als,4.812541400002374,5.78125,5.21875,0.5625,1.2012883670979222,527319040,1,5.78125,ml100k,3,,ml100k,als,none,3
retrieve_score,als,0.1945575999998254,0.3125,0.296875,0.015625,1.6062081357925897,527319040,15,0.0208333333333333,ml100k,3,,ml100k,als,none,3
retrieve_select,als,0.3156403999964823,0.3125,0.265625,0.046875,0.99005070327969,527319040,33,0.0094696969696969,ml100k,3,,ml100k,als,none,3
train,als,4.792030899996462,5.765625,5.0625,0.703125,1.2031694119510492,527319040,1,5.765625,ml100k,3,,ml100k,als,quota_mmr,3
rerank_setup,als,0.3562106000026688,0.359375,0.28125,0.078125,1.0088835087931338,527319040,4,0.08984375,ml100k,3,,ml100k,als,quota_mmr,3
retrieve_score,als,0.3041498999955365,0.3125,0.3125,0.0,1.027453896925779,527319040,24,0.0130208333333333,ml100k,3,,ml100k,als,quota_mmr,3
retrieve_select,als,0.307998200005386,0.3125,0.21875,0.09375,1.0146163191685382,527319040,32,0.009765625,ml100k,3,,ml100k,als,quota_mmr,3
rerank,als,0.6145313999950304,0.609375,0.578125,0.03125,0.9916092163963108,527319040,1,0.609375,ml100k,3,,ml100k,als,quota_mmr,3
train,multvae,0.9115403999967384,3.59375,3.40625,0.1875,3.9425021644820775,527319040,1,3.59375,ml100k,3,,ml100k,multvae,none,3
retrieve_score,multvae,0.0642668000000412,0.3125,0.265625,0.046875,4.862541778955843,527319040,4,0.078125,ml100k,3,,ml100k,multvae,none,3
retrieve_select,multvae,0.0863234999997075,0.3125,0.21875,0.09375,3.620103448088396,527319040,7,0.0446428571428571,ml100k,3,,ml100k,multvae,none,3
train,multvae,0.9653155999985756,3.765625,3.40625,0.359375,3.900926287740047,527319040,1,3.765625,ml100k,3,,ml100k,multvae,quota_mmr,3
rerank_setup,multvae,0.0956098999959067,0.375,0.328125,0.046875,3.922187974425813,527319040,1,0.375,ml100k,3,,ml100k,multvae,quota_mmr,3
retrieve_score,multvae,0.0734012999964761,0.3125,0.203125,0.109375,4.2574177843580765,527319040,4,0.078125,ml100k,3,,ml100k,multvae,quota_mmr,3
retrieve_select,multvae,0.0702395999978762,0.3125,0.25,0.0625,4.449057227111898,527319040,7,0.0446428571428571,ml100k,3,,ml100k,multvae,quota_mmr,3
rerank,multvae,0.5562812999996822,0.875,0.859375,0.015625,1.5729451987699383,527319040,1,0.875,ml100k,3,,ml100k,multvae,quota_mmr,3
train,gru4rec,104.71720159999676,418.015625,361.65625,56.359375,3.9918525190995258,527319040,1,418.015625,ml100k,3,,ml100k,gru4rec,none,3
retrieve_score,gru4rec,0.0790667999972356,0.3125,0.28125,0.03125,3.952354212019782,527319040,2,0.15625,ml100k,3,,ml100k,gru4rec,none,3
retrieve_select,gru4rec,0.0811561000009533,0.3125,0.3125,0.0,3.850603959484613,527319040,7,0.0446428571428571,ml100k,3,,ml100k,gru4rec,none,3
train,gru4rec,109.08617760000196,434.796875,377.484375,57.3125,3.9858108934233294,527319040,1,434.796875,ml100k,3,,ml100k,gru4rec,quota_mmr,3
rerank_setup,gru4rec,0.1441113999972003,0.5625,0.453125,0.109375,3.9032304176555614,527319040,1,0.5625,ml100k,3,,ml100k,gru4rec,quota_mmr,3
retrieve_score,gru4rec,0.0886439000023529,0.359375,0.328125,0.03125,4.054142473316958,527319040,2,0.1796875,ml100k,3,,ml100k,gru4rec,quota_mmr,3
retrieve_select,gru4rec,0.0795884000035584,0.3125,0.234375,0.078125,3.926451593272735,527319040,6,0.0520833333333333,ml100k,3,,ml100k,gru4rec,quota_mmr,3
rerank,gru4rec,0.6456996000051731,0.96875,0.875,0.09375,1.5003106707704923,527319040,1,0.96875,ml100k,3,,ml100k,gru4rec,quota_mmr,3
train,popularity,0.2997564999968745,0.3125,0.3125,0.0,1.0425128395990024,527319040,2388,0.0001308626465661,luxury_beauty,3,,luxury_beauty,popularity,none,3
retrieve_score,popularity,0.3234284999998635,0.3125,0.296875,0.015625,0.9662104607359334,527319040,29,0.0107758620689655,luxury_beauty,3,,luxury_beauty,popularity,none,3
retrieve_select,popularity,0.3103383999987272,0.3125,0.203125,0.109375,1.0069652998187837,527319040,35,0.0089285714285714,luxury_beauty,3,,luxury_beauty,popularity,none,3
train,popularity,0.2991833999985829,0.3125,0.3125,0.0,1.0445098224081957,527319040,2367,0.0001320236586396,luxury_beauty,3,,luxury_beauty,popularity,quota_mmr,3
rerank_setup,popularity,0.3261528000002727,0.3125,0.15625,0.15625,0.9581398657308438,527319040,10,0.03125,luxury_beauty,3,,luxury_beauty,popularity,quota_mmr,3
retrieve_score,popularity,0.3039426999966963,0.3125,0.296875,0.015625,1.0281543198879153,527319040,27,0.011574074074074,luxury_beauty,3,,luxury_beauty,popularity,quota_mmr,3
retrieve_select,popularity,0.315420200000517,0.3125,0.234375,0.078125,0.9907418738542672,527319040,33,0.0094696969696969,luxury_beauty,3,,luxury_beauty,popularity,quota_mmr,3
rerank,popularity,0.831476899998961,0.828125,0.8125,0.015625,0.9959687394815596,527319040,1,0.828125,luxury_beauty,3,,luxury_beauty,popularity,quota_mmr,3
train,itemknn,0.3595377000019653,0.359375,0.328125,0.03125,0.9995474744318484,527319040,5,0.071875,luxury_beauty,3,,luxury_beauty,itemknn,none,3
retrieve_score,itemknn,0.3336055999970995,0.3125,0.265625,0.046875,0.9367348749622818,527319040,25,0.0125,luxury_beauty,3,,luxury_beauty,itemknn,none,3
retrieve_select,itemknn,0.3032945000013569,0.3125,0.21875,0.09375,1.0303516878763113,527319040,28,0.0111607142857142,luxury_beauty,3,,luxury_beauty,itemknn,none,3
train,itemknn,0.355403399997158,0.359375,0.28125,0.078125,1.0111749071699196,527319040,5,0.071875,luxury_beauty,3,,luxury_beauty,itemknn,quota_mmr,3
rerank_setup,itemknn,0.307713899994269,0.3125,0.125,0.1875,1.0155537335356646,527319040,9,0.0347222222222222,luxury_beauty,3,,luxury_beauty,itemknn,quota_mmr,3
retrieve_score,itemknn,0.3165785999954096,0.3125,0.28125,0.03125,0.9871166276069552,527319040,24,0.0130208333333333,luxury_beauty,3,,luxury_beauty,itemknn,quota_mmr,3
retrieve_select,itemknn,0.3092195999997784,0.3125,0.28125,0.03125,1.010608641885003,527319040,29,0.0107758620689655,luxury_beauty,3,,luxury_beauty,itemknn,quota_mmr,3
rerank,itemknn,0.6237785999983316,0.625,0.578125,0.046875,1.0019580665346193,527319040,1,0.625,luxury_beauty,3,,luxury_beauty,itemknn,quota_mmr,3
train,als,5.491619299995364,5.484375,5.453125,0.03125,0.9986808444650616,527319040,1,5.484375,luxury_beauty,3,,luxury_beauty,als,none,3
retrieve_score,als,0.3101317999971797,0.3125,0.3125,0.0,1.0076361082702314,527319040,25,0.0125,luxury_beauty,3,,luxury_beauty,als,none,3
retrieve_select,als,0.3324699999939184,0.3125,0.25,0.0625,0.9399344301913444,527319040,34,0.0091911764705882,luxury_beauty,3,,luxury_beauty,als,none,3
train,als,5.3658030000005965,5.484375,5.4375,0.046875,1.0220977177133397,527319040,1,5.484375,luxury_beauty,3,,luxury_beauty,als,quota_mmr,3
rerank_setup,als,0.3532493000020622,0.34375,0.234375,0.109375,0.9731087931327628,527319040,11,0.03125,luxury_beauty,3,,luxury_beauty,als,quota_mmr,3
retrieve_score,als,0.3204742000016267,0.3125,0.3125,0.0,0.97511749775306,527319040,25,0.0125,luxury_beauty,3,,luxury_beauty,als,quota_mmr,3
retrieve_select,als,0.3035758999976679,0.3125,0.25,0.0625,1.029396602307366,527319040,30,0.0104166666666666,luxury_beauty,3,,luxury_beauty,als,quota_mmr,3
rerank,als,0.6616149000037694,0.65625,0.640625,0.015625,0.9918912043792562,527319040,1,0.65625,luxury_beauty,3,,luxury_beauty,als,quota_mmr,3
train,popularity,0.3078384000036749,0.3125,0.3125,0.0,1.0151430100866865,527319040,1000,0.0003125,digital_music,3,,digital_music,popularity,none,3
retrieve_score,popularity,0.3188709000023664,0.3125,0.296875,0.015625,0.9800204408670746,527319040,21,0.0148809523809523,digital_music,3,,digital_music,popularity,none,3
retrieve_select,popularity,0.3201871999990544,0.3125,0.140625,0.171875,0.9759915449490888,527319040,6,0.0520833333333333,digital_music,3,,digital_music,popularity,none,3
train,popularity,0.2993002000002889,0.3125,0.3125,0.0,1.0441022090853878,527319040,978,0.0003195296523517,digital_music,3,,digital_music,popularity,quota_mmr,3
rerank_setup,popularity,0.4124162000007345,0.40625,0.296875,0.109375,0.9850485989621078,527319040,3,0.1354166666666666,digital_music,3,,digital_music,popularity,quota_mmr,3
retrieve_score,popularity,0.3086375999992015,0.3125,0.3125,0.0,1.0125143534060934,527319040,20,0.015625,digital_music,3,,digital_music,popularity,quota_mmr,3
retrieve_select,popularity,0.3268609000006108,0.328125,0.203125,0.125,1.003867394354561,527319040,6,0.0546875,digital_music,3,,digital_music,popularity,quota_mmr,3
rerank,popularity,1.1360024999958114,1.125,1.03125,0.09375,0.990314722022309,527319040,1,1.125,digital_music,3,,digital_music,popularity,quota_mmr,3
train,itemknn,0.3270335999986855,0.328125,0.265625,0.0625,1.0033372717706035,527319040,1,0.328125,digital_music,3,,digital_music,itemknn,none,3
retrieve_score,itemknn,0.3101900999972713,0.3125,0.234375,0.078125,1.0074467238082356,527319040,12,0.0260416666666666,digital_music,3,,digital_music,itemknn,none,3
retrieve_select,itemknn,0.3672671000022092,0.34375,0.15625,0.1875,0.9359673109786644,527319040,7,0.0491071428571428,digital_music,3,,digital_music,itemknn,none,3
train,itemknn,0.3523264000032213,0.359375,0.296875,0.0625,1.0200058809011026,527319040,1,0.359375,digital_music,3,,digital_music,itemknn,quota_mmr,3
rerank_setup,itemknn,0.4126293000008445,0.40625,0.296875,0.109375,0.984539876347047,527319040,3,0.1354166666666666,digital_music,3,,digital_music,itemknn,quota_mmr,3
retrieve_score,itemknn,0.3173463999992236,0.328125,0.25,0.078125,1.0339647779234389,527319040,12,0.02734375,digital_music,3,,digital_music,itemknn,quota_mmr,3
retrieve_select,itemknn,0.325745399997686,0.328125,0.234375,0.09375,1.0073050916523485,527319040,6,0.0546875,digital_music,3,,digital_music,itemknn,quota_mmr,3
rerank,itemknn,0.7273147000014433,0.71875,0.6875,0.03125,0.9882242171079092,527319040,1,0.71875,digital_music,3,,digital_music,itemknn,quota_mmr,3
train,als,30.3243220000004,30.609375,30.5625,0.046875,1.0094001442142582,527319040,1,30.609375,digital_music,3,,digital_music,als,none,3
retrieve_score,als,0.0868703000014647,0.3125,0.21875,0.09375,3.597316919530964,527319040,4,0.078125,digital_music,3,,digital_music,als,none,3
retrieve_select,als,0.3282767999990028,0.328125,0.21875,0.109375,0.9995375853578344,527319040,6,0.0546875,digital_music,3,,digital_music,als,none,3
train,als,30.32844049999403,30.5625,30.484375,0.078125,1.007717492101383,527319040,1,30.5625,digital_music,3,,digital_music,als,quota_mmr,3
rerank_setup,als,0.4082777000003261,0.40625,0.28125,0.125,0.9950335274242886,532291584,3,0.1354166666666666,digital_music,3,,digital_music,als,quota_mmr,3
retrieve_score,als,0.0865415000007487,0.3125,0.203125,0.109375,3.6109843254079967,532291584,4,0.078125,digital_music,3,,digital_music,als,quota_mmr,3
retrieve_select,als,0.331730999998399,0.328125,0.234375,0.09375,0.9891297466971236,532291584,6,0.0546875,digital_music,3,,digital_music,als,quota_mmr,3
rerank,als,0.5306329000013648,0.53125,0.515625,0.015625,1.0011629508811717,532291584,1,0.53125,digital_music,3,,digital_music,als,quota_mmr,3
train,popularity,0.2966973999937181,0.3125,0.296875,0.015625,1.0532616733635565,532291584,3634,8.599339570720969e-05,gift_cards,4,,gift_cards,popularity,none,4
retrieve_score,popularity,0.3214945999934571,0.3125,0.3125,0.0,0.9720225472103105,532291584,31,0.0100806451612903,gift_cards,4,,gift_cards,popularity,none,4
retrieve_select,popularity,0.3048831000050995,0.3125,0.3125,0.0,1.0249830180642123,532291584,143,0.0021853146853146,gift_cards,4,,gift_cards,popularity,none,4
train,popularity,0.3076259000008576,0.3125,0.3125,0.0,1.0158442445812552,532291584,3812,8.197796432318992e-05,gift_cards,4,,gift_cards,popularity,quota_mmr,4
rerank_setup,popularity,0.3133720999976503,0.3125,0.3125,0.0,0.9972170464516243,532291584,648,0.0004822530864197,gift_cards,4,,gift_cards,popularity,quota_mmr,4
retrieve_score,popularity,0.3206256000048597,0.3125,0.3125,0.0,0.9746570454613214,532291584,31,0.0100806451612903,gift_cards,4,,gift_cards,popularity,quota_mmr,4
retrieve_select,popularity,0.3039062000025296,0.3125,0.3125,0.0,1.0282778041296914,532291584,142,0.0022007042253521,gift_cards,4,,gift_cards,popularity,quota_mmr,4
rerank,popularity,0.6062325000020792,0.59375,0.59375,0.0,0.9794097149162468,532291584,2,0.296875,gift_cards,4,,gift_cards,popularity,quota_mmr,4
train,itemknn,0.3012712999989162,0.3125,0.3125,0.0,1.0372710576849642,532291584,163,0.0019171779141104,gift_cards,4,,gift_cards,itemknn,none,4
retrieve_score,itemknn,0.3125717000002623,0.3125,0.3125,0.0,0.9997706126297988,532291584,30,0.0104166666666666,gift_cards,4,,gift_cards,itemknn,none,4
retrieve_select,itemknn,0.3122449000002234,0.3125,0.3125,0.0,1.000816986922049,532291584,135,0.0023148148148148,gift_cards,4,,gift_cards,itemknn,none,4
train,itemknn,0.309051800002635,0.3125,0.3125,0.0,1.01115735290115,532291584,167,0.0018712574850299,gift_cards,4,,gift_cards,itemknn,quota_mmr,4
rerank_setup,itemknn,0.3115253999931155,0.3125,0.3125,0.0,1.003128476865469,532291584,637,0.0004905808477237,gift_cards,4,,gift_cards,itemknn,quota_mmr,4
retrieve_score,itemknn,0.3183191999996779,0.3125,0.3125,0.0,0.9817189789378592,532291584,30,0.0104166666666666,gift_cards,4,,gift_cards,itemknn,quota_mmr,4
retrieve_select,itemknn,0.306425599999784,0.3125,0.3125,0.0,1.019823409010932,532291584,133,0.0023496240601503,gift_cards,4,,gift_cards,itemknn,quota_mmr,4
rerank,itemknn,0.3261668999984977,0.3125,0.296875,0.015625,0.958098445922745,532291584,1,0.3125,gift_cards,4,,gift_cards,itemknn,quota_mmr,4
train,als,0.64977540000109,0.640625,0.640625,0.0,0.9859175955244308,532291584,1,0.640625,gift_cards,4,,gift_cards,als,none,4
retrieve_score,als,0.3079993999999715,0.3125,0.3125,0.0,1.01461236612808,532291584,28,0.0111607142857142,gift_cards,4,,gift_cards,als,none,4
retrieve_select,als,0.3064909000022453,0.3125,0.3125,0.0,1.0196061285921072,532291584,131,0.0023854961832061,gift_cards,4,,gift_cards,als,none,4
train,als,0.6528742000009515,0.75,0.6875,0.0625,1.1487664851803103,532291584,1,0.75,gift_cards,4,,gift_cards,als,quota_mmr,4
rerank_setup,als,0.3000373000031686,0.3125,0.3125,0.0,1.04153716886767,532291584,621,0.0005032206119162,gift_cards,4,,gift_cards,als,quota_mmr,4
retrieve_score,als,0.3070812000005389,0.390625,0.390625,0.0,1.2720576837634945,532291584,28,0.0139508928571428,gift_cards,4,,gift_cards,als,quota_mmr,4
retrieve_select,als,0.3037698999978602,0.3125,0.3125,0.0,1.0287391871353986,532291584,131,0.0023854961832061,gift_cards,4,,gift_cards,als,quota_mmr,4
rerank,als,0.3815113000018755,0.375,0.359375,0.015625,0.9829328777369282,532291584,1,0.375,gift_cards,4,,gift_cards,als,quota_mmr,4
train,popularity,0.3022368999954778,0.3125,0.3125,0.0,1.0339571376118393,532291584,3034,0.0001029993408042,software,4,,software,popularity,none,4
retrieve_score,popularity,0.3155573999974876,0.3125,0.3125,0.0,0.9903111129781396,532291584,29,0.0107758620689655,software,4,,software,popularity,none,4
retrieve_select,popularity,0.3124290999985533,0.3125,0.21875,0.09375,1.0002269314908472,532291584,53,0.0058962264150943,software,4,,software,popularity,none,4
train,popularity,0.2974994999967748,0.3125,0.3125,0.0,1.050421933493629,532291584,3009,0.0001038551013625,software,4,,software,popularity,quota_mmr,4
rerank_setup,popularity,0.3214345999949728,0.3125,0.15625,0.15625,0.9722039880115192,532291584,36,0.0086805555555555,software,4,,software,popularity,quota_mmr,4
retrieve_score,popularity,0.3031770000015967,0.3125,0.296875,0.015625,1.0307510134289677,532291584,28,0.0111607142857142,software,4,,software,popularity,quota_mmr,4
retrieve_select,popularity,0.3146766000063508,0.3125,0.234375,0.078125,0.9930830573156476,532291584,51,0.0061274509803921,software,4,,software,popularity,quota_mmr,4
rerank,popularity,0.4506387000001268,0.4375,0.421875,0.015625,0.9708442705872284,532291584,1,0.4375,software,4,,software,popularity,quota_mmr,4
train,itemknn,0.3152530000006663,0.3125,0.203125,0.109375,0.9912673313159256,532291584,14,0.0223214285714285,software,4,,software,itemknn,none,4
retrieve_score,itemknn,0.3133286999945994,0.3125,0.3125,0.0,0.9973551736734818,532291584,26,0.0120192307692307,software,4,,software,itemknn,none,4
retrieve_select,itemknn,0.3138251000054879,0.3125,0.265625,0.046875,0.995777584375932,532291584,46,0.0067934782608695,software,4,,software,itemknn,none,4
train,itemknn,0.3074447999970289,0.3125,0.234375,0.078125,1.016442626458538,532291584,14,0.0223214285714285,software,4,,software,itemknn,quota_mmr,4
rerank_setup,itemknn,0.3083258999977261,0.3125,0.15625,0.15625,1.0135379480034103,532291584,34,0.0091911764705882,software,4,,software,itemknn,quota_mmr,4
retrieve_score,itemknn,0.3106336999990162,0.3125,0.28125,0.03125,1.0060080409852172,532291584,26,0.0120192307692307,software,4,,software,itemknn,quota_mmr,4
retrieve_select,itemknn,0.3158295000030193,0.3125,0.1875,0.125,0.989457919532572,532291584,44,0.0071022727272727,software,4,,software,itemknn,quota_mmr,4
rerank,itemknn,0.6100100999974529,0.609375,0.59375,0.015625,0.9989588697015744,532291584,1,0.609375,software,4,,software,itemknn,quota_mmr,4
train,als,2.707717799996317,2.78125,2.734375,0.046875,1.0271565227379984,532291584,1,2.78125,software,4,,software,als,none,4
retrieve_score,als,0.3112677999961306,0.3125,0.296875,0.015625,1.003958649124274,532291584,27,0.011574074074074,software,4,,software,als,none,4
retrieve_select,als,0.3078066999951261,0.3125,0.28125,0.03125,1.0152475563558174,532291584,46,0.0067934782608695,software,4,,software,als,none,4
train,als,2.686071800002537,2.765625,2.765625,0.0,1.0296169298219755,532291584,1,2.765625,software,4,,software,als,quota_mmr,4
rerank_setup,als,0.3115991000013309,0.3125,0.203125,0.109375,1.0028912150216904,532291584,35,0.0089285714285714,software,4,,software,als,quota_mmr,4
retrieve_score,als,0.3150924000001396,0.3125,0.3125,0.0,0.9917725721085672,532291584,27,0.011574074074074,software,4,,software,als,quota_mmr,4
retrieve_select,als,0.3074704999962705,0.3125,0.296875,0.015625,1.0163576668454062,532291584,46,0.0067934782608695,software,4,,software,als,quota_mmr,4
rerank,als,0.682706200001121,0.671875,0.65625,0.015625,0.984134903123623,532291584,1,0.671875,software,4,,software,als,quota_mmr,4
train,popularity,0.3001473000040278,0.3125,0.3125,0.0,1.041155459322161,532291584,1948,0.0001604209445585,ml100k,4,,ml100k,popularity,none,4
retrieve_score,popularity,0.3212602999992668,0.3125,0.3125,0.0,0.9727314579508054,532291584,27,0.011574074074074,ml100k,4,,ml100k,popularity,none,4
retrieve_select,popularity,0.3042891999939456,0.3125,0.21875,0.09375,1.0269835406784655,532291584,32,0.009765625,ml100k,4,,ml100k,popularity,none,4
train,popularity,0.3042896000042674,0.3125,0.3125,0.0,1.0269821906355572,532291584,2026,0.0001542448173741,ml100k,4,,ml100k,popularity,quota_mmr,4
rerank_setup,popularity,0.3523076999990735,0.34375,0.265625,0.078125,0.9757095856857628,532291584,4,0.0859375,ml100k,4,,ml100k,popularity,quota_mmr,4
retrieve_score,popularity,0.3053369999979622,0.3125,0.28125,0.03125,1.0234593252769415,532291584,26,0.0120192307692307,ml100k,4,,ml100k,popularity,quota_mmr,4
retrieve_select,popularity,0.3149237999969045,0.3125,0.25,0.0625,0.9923035350236205,532291584,33,0.0094696969696969,ml100k,4,,ml100k,popularity,quota_mmr,4
rerank,popularity,0.5035900000002584,0.5,0.5,0.0,0.9928711848919624,532291584,1,0.5,ml100k,4,,ml100k,popularity,quota_mmr,4
train,itemknn,0.3858555999977398,0.390625,0.359375,0.03125,1.0123605825658308,532291584,2,0.1953125,ml100k,4,,ml100k,itemknn,none,4
retrieve_score,itemknn,0.3098389000006136,0.3125,0.28125,0.03125,1.0085886568774325,532291584,12,0.0260416666666666,ml100k,4,,ml100k,itemknn,none,4
retrieve_select,itemknn,0.3098148000062792,0.3125,0.28125,0.03125,1.0086671133647145,532291584,33,0.0094696969696969,ml100k,4,,ml100k,itemknn,none,4
train,itemknn,0.3870356999977957,0.390625,0.359375,0.03125,1.0092738215162702,532291584,2,0.1953125,ml100k,4,,ml100k,itemknn,quota_mmr,4
rerank_setup,itemknn,0.3563842000003205,0.359375,0.296875,0.0625,1.0083920667629955,532291584,4,0.08984375,ml100k,4,,ml100k,itemknn,quota_mmr,4
retrieve_score,itemknn,0.3144074000010732,0.3125,0.296875,0.015625,0.9939333488936116,532291584,12,0.0260416666666666,ml100k,4,,ml100k,itemknn,quota_mmr,4
retrieve_select,itemknn,0.3058248000015737,0.3125,0.25,0.0625,1.0218268760361875,532291584,33,0.0094696969696969,ml100k,4,,ml100k,itemknn,quota_mmr,4
rerank,itemknn,0.5166160000007949,0.5,0.5,0.0,0.9678368459343704,532291584,1,0.5,ml100k,4,,ml100k,itemknn,quota_mmr,4
train,als,4.822121099998185,5.90625,5.25,0.65625,1.2248240717144625,532291584,1,5.90625,ml100k,4,,ml100k,als,none,4
retrieve_score,als,0.2952758999963407,0.40625,0.390625,0.015625,1.3758318914785612,532291584,23,0.0176630434782608,ml100k,4,,ml100k,als,none,4
retrieve_select,als,0.3066173000042909,0.3125,0.265625,0.046875,1.019185805874707,532291584,31,0.0100806451612903,ml100k,4,,ml100k,als,none,4
train,als,4.775135700001556,5.75,5.125,0.625,1.2041542609978868,532291584,1,5.75,ml100k,4,,ml100k,als,quota_mmr,4
rerank_setup,als,0.3621033000017633,0.375,0.296875,0.078125,1.0356160797158545,532291584,4,0.09375,ml100k,4,,ml100k,als,quota_mmr,4
retrieve_score,als,0.2033903000046848,0.3125,0.171875,0.140625,1.5364547866481435,532291584,16,0.01953125,ml100k,4,,ml100k,als,quota_mmr,4
retrieve_select,als,0.3153437000000849,0.3125,0.203125,0.109375,0.9909822203516856,532291584,33,0.0094696969696969,ml100k,4,,ml100k,als,quota_mmr,4
rerank,als,0.6065407000060077,0.609375,0.59375,0.015625,1.004672893334222,532291584,1,0.609375,ml100k,4,,ml100k,als,quota_mmr,4
train,multvae,0.93233070000133,3.75,3.5625,0.1875,4.022177967533033,532291584,1,3.75,ml100k,4,,ml100k,multvae,none,4
retrieve_score,multvae,0.0867081000033067,0.3125,0.265625,0.046875,3.604046219304567,532291584,5,0.0625,ml100k,4,,ml100k,multvae,none,4
retrieve_select,multvae,0.0674347000021953,0.3125,0.265625,0.046875,4.634112704435946,532291584,7,0.0446428571428571,ml100k,4,,ml100k,multvae,none,4
train,multvae,0.8918627000020933,3.5625,3.34375,0.21875,3.994448921332441,532291584,1,3.5625,ml100k,4,,ml100k,multvae,quota_mmr,4
rerank_setup,multvae,0.0967147999981534,0.375,0.3125,0.0625,3.877379677227888,532291584,1,0.375,ml100k,4,,ml100k,multvae,quota_mmr,4
retrieve_score,multvae,0.0769374000010429,0.3125,0.28125,0.03125,4.061743703267379,532291584,4,0.078125,ml100k,4,,ml100k,multvae,quota_mmr,4
retrieve_select,multvae,0.0671824999953969,0.3125,0.25,0.0625,4.65150894982192,532291584,6,0.0520833333333333,ml100k,4,,ml100k,multvae,quota_mmr,4
rerank,multvae,0.5745093000004999,0.890625,0.84375,0.046875,1.5502360014001948,532291584,1,0.890625,ml100k,4,,ml100k,multvae,quota_mmr,4
train,gru4rec,104.0952041000055,415.921875,360.59375,55.328125,3.995591137901213,532291584,1,415.921875,ml100k,4,,ml100k,gru4rec,none,4
retrieve_score,gru4rec,0.0851978999999119,0.375,0.34375,0.03125,4.401516938802339,532291584,2,0.1875,ml100k,4,,ml100k,gru4rec,none,4
retrieve_select,gru4rec,0.0872012999971048,0.3125,0.25,0.0625,3.583662170293051,532291584,7,0.0446428571428571,ml100k,4,,ml100k,gru4rec,none,4
train,gru4rec,108.61577240000042,432.984375,374.859375,58.125,3.986385820702393,532291584,1,432.984375,ml100k,4,,ml100k,gru4rec,quota_mmr,4
rerank_setup,gru4rec,0.1098092999964137,0.4375,0.3125,0.125,3.984179846463717,532291584,1,0.4375,ml100k,4,,ml100k,gru4rec,quota_mmr,4
retrieve_score,gru4rec,0.073404800001299,0.3125,0.28125,0.03125,4.257214786968561,532291584,2,0.15625,ml100k,4,,ml100k,gru4rec,quota_mmr,4
retrieve_select,gru4rec,0.0708916999938082,0.3125,0.25,0.0625,4.408132405165822,532291584,6,0.0520833333333333,ml100k,4,,ml100k,gru4rec,quota_mmr,4
rerank,gru4rec,0.6397940000024391,0.96875,0.9375,0.03125,1.514159245001214,532291584,1,0.96875,ml100k,4,,ml100k,gru4rec,quota_mmr,4
train,popularity,0.2976348000011057,0.3125,0.3125,0.0,1.0499444285373856,532291584,2365,0.0001321353065539,luxury_beauty,4,,luxury_beauty,popularity,none,4
retrieve_score,popularity,0.3153240000028745,0.3125,0.28125,0.03125,0.9910441323754337,532291584,28,0.0111607142857142,luxury_beauty,4,,luxury_beauty,popularity,none,4
retrieve_select,popularity,0.3143223000006401,0.3125,0.234375,0.078125,0.9942024476130508,532291584,35,0.0089285714285714,luxury_beauty,4,,luxury_beauty,popularity,none,4
train,popularity,0.3023476000016671,0.3125,0.296875,0.015625,1.0335785698258455,532291584,2429,0.0001286537669822,luxury_beauty,4,,luxury_beauty,popularity,quota_mmr,4
rerank_setup,popularity,0.319729400005599,0.3125,0.203125,0.109375,0.9773890045598796,532291584,10,0.03125,luxury_beauty,4,,luxury_beauty,popularity,quota_mmr,4
retrieve_score,popularity,0.3136585999964154,0.3125,0.28125,0.03125,0.9963061749417084,532291584,28,0.0111607142857142,luxury_beauty,4,,luxury_beauty,popularity,quota_mmr,4
retrieve_select,popularity,0.3117015999960131,0.3125,0.234375,0.078125,1.002561424144108,532291584,34,0.0091911764705882,luxury_beauty,4,,luxury_beauty,popularity,quota_mmr,4
rerank,popularity,0.827465199996368,0.828125,0.796875,0.03125,1.0007973749272294,532291584,1,0.828125,luxury_beauty,4,,luxury_beauty,popularity,quota_mmr,4
train,itemknn,0.3552358000015374,0.359375,0.3125,0.046875,1.0116519787657794,532291584,5,0.071875,luxury_beauty,4,,luxury_beauty,itemknn,none,4
retrieve_score,itemknn,0.3240134000006947,0.3125,0.296875,0.015625,0.9644662844170334,532291584,24,0.0130208333333333,luxury_beauty,4,,luxury_beauty,itemknn,none,4
retrieve_select,itemknn,0.302031100000022,0.3125,0.25,0.0625,1.034661662325427,532291584,28,0.0111607142857142,luxury_beauty,4,,luxury_beauty,itemknn,none,4
train,itemknn,0.3599507999970228,0.359375,0.28125,0.078125,0.9984003369431944,532291584,5,0.071875,luxury_beauty,4,,luxury_beauty,itemknn,quota_mmr,4
rerank_setup,itemknn,0.3109665999945719,0.3125,0.15625,0.15625,1.0049310762167218,532291584,9,0.0347222222222222,luxury_beauty,4,,luxury_beauty,itemknn,quota_mmr,4
retrieve_score,itemknn,0.3034041999999317,0.3125,0.28125,0.03125,1.029979149926304,532291584,23,0.0135869565217391,luxury_beauty,4,,luxury_beauty,itemknn,quota_mmr,4
retrieve_select,itemknn,0.3175708999988273,0.3125,0.28125,0.03125,0.9840322271377948,532291584,30,0.0104166666666666,luxury_beauty,4,,luxury_beauty,itemknn,quota_mmr,4
rerank,itemknn,0.6133045999958995,0.609375,0.609375,0.0,0.9935927433188568,532291584,1,0.609375,luxury_beauty,4,,luxury_beauty,itemknn,quota_mmr,4
train,als,5.480771900001855,5.578125,5.515625,0.0625,1.0177626622261204,532291584,1,5.578125,luxury_beauty,4,,luxury_beauty,als,none,4
retrieve_score,als,0.2098846000008052,0.3125,0.28125,0.03125,1.4889134314704418,532291584,17,0.0183823529411764,luxury_beauty,4,,luxury_beauty,als,none,4
retrieve_select,als,0.3095804000040516,0.3125,0.234375,0.078125,1.0094308295871126,532291584,32,0.009765625,luxury_beauty,4,,luxury_beauty,als,none,4
train,als,5.486764799999946,5.484375,5.4375,0.046875,0.9995644427842166,532291584,1,5.484375,luxury_beauty,4,,luxury_beauty,als,quota_mmr,4
rerank_setup,als,0.3215817999953287,0.328125,0.171875,0.15625,1.020346922632955,532291584,10,0.0328125,luxury_beauty,4,,luxury_beauty,als,quota_mmr,4
retrieve_score,als,0.3184036999955424,0.3125,0.265625,0.046875,0.9814584441210166,532291584,26,0.0120192307692307,luxury_beauty,4,,luxury_beauty,als,quota_mmr,4
retrieve_select,als,0.307865100003255,0.3125,0.265625,0.046875,1.0150549704942065,532291584,32,0.009765625,luxury_beauty,4,,luxury_beauty,als,quota_mmr,4
rerank,als,0.6504054999968503,0.640625,0.640625,0.0,0.9849624580405644,532291584,1,0.640625,luxury_beauty,4,,luxury_beauty,als,quota_mmr,4
train,popularity,0.3059863999951631,0.3125,0.3125,0.0,1.0212872206246415,532291584,994,0.0003143863179074,digital_music,4,,digital_music,popularity,none,4
retrieve_score,popularity,0.3229716000059852,0.3125,0.21875,0.09375,0.9675773349551752,532291584,21,0.0148809523809523,digital_music,4,,digital_music,popularity,none,4
retrieve_select,popularity,0.3112494000015431,0.3125,0.21875,0.09375,1.0040179997084353,532291584,6,0.0520833333333333,digital_music,4,,digital_music,popularity,none,4
train,popularity,0.3052747000037925,0.3125,0.3125,0.0,1.0236681912917045,532291584,982,0.0003182281059063,digital_music,4,,digital_music,popularity,quota_mmr,4
rerank_setup,popularity,0.4134818000020459,0.40625,0.3125,0.09375,0.9825099919706016,532291584,3,0.1354166666666666,digital_music,4,,digital_music,popularity,quota_mmr,4
retrieve_score,popularity,0.3132342000026256,0.3125,0.3125,0.0,0.9976560669217492,532291584,20,0.015625,digital_music,4,,digital_music,popularity,quota_mmr,4
retrieve_select,popularity,0.3405251000003773,0.34375,0.171875,0.171875,1.009470373842102,532291584,6,0.0572916666666666,digital_music,4,,digital_music,popularity,quota_mmr,4
rerank,popularity,1.141795400006231,1.140625,1.046875,0.09375,0.9989749476953362,532291584,1,1.140625,digital_music,4,,digital_music,popularity,quota_mmr,4
train,itemknn,0.3500840000051539,0.359375,0.328125,0.03125,1.0265393448278393,532291584,1,0.359375,digital_music,4,,digital_music,itemknn,none,4
retrieve_score,itemknn,0.315525299993169,0.3125,0.203125,0.109375,0.9904118623982466,532291584,12,0.0260416666666666,digital_music,4,,digital_music,itemknn,none,4
retrieve_select,itemknn,0.3280553000004147,0.328125,0.21875,0.109375,1.0002124641777932,532291584,6,0.0546875,digital_music,4,,digital_music,itemknn,none,4
train,itemknn,0.3307824000003165,0.34375,0.296875,0.046875,1.039202811273124,532291584,1,0.34375,digital_music,4,,digital_music,itemknn,quota_mmr,4
rerank_setup,itemknn,0.4127391000001807,0.40625,0.3125,0.09375,0.9842779615496134,532291584,3,0.1354166666666666,digital_music,4,,digital_music,itemknn,quota_mmr,4
retrieve_score,itemknn,0.3175025999953504,0.3125,0.21875,0.09375,0.9842439085682332,532291584,12,0.0260416666666666,digital_music,4,,digital_music,itemknn,quota_mmr,4
retrieve_select,itemknn,0.3398018000007141,0.34375,0.203125,0.140625,1.0116191262061518,532291584,6,0.0572916666666666,digital_music,4,,digital_music,itemknn,quota_mmr,4
rerank,itemknn,0.6607163999942713,0.65625,0.640625,0.015625,0.9932400648836474,532291584,1,0.65625,digital_music,4,,digital_music,itemknn,quota_mmr,4
train,als,30.25669390000257,30.484375,30.390625,0.09375,1.0075249827608366,532291584,1,30.484375,digital_music,4,,digital_music,als,none,4
retrieve_score,als,0.1744977999987895,0.390625,0.21875,0.171875,2.2385669045839527,532291584,8,0.048828125,digital_music,4,,digital_music,als,none,4
retrieve_select,als,0.3238710000005085,0.3125,0.21875,0.09375,0.9648903421408812,532291584,6,0.0520833333333333,digital_music,4,,digital_music,als,none,4
train,als,30.032748699995864,30.46875,30.3125,0.15625,1.014517528993415,532291584,1,30.46875,digital_music,4,null,digital_music,als,quota_mmr,4
rerank_setup,als,0.4087982999990345,0.421875,0.25,0.171875,1.0319881467241825,536571904,3,0.140625,digital_music,4,null,digital_music,als,quota_mmr,4
retrieve_score,als,0.17504560000088532,0.375,0.25,0.125,2.1422989209560446,536571904,8,0.046875,digital_music,4,null,digital_music,als,quota_mmr,4
retrieve_select,als,0.33742609999899287,0.328125,0.1875,0.140625,0.9724351495067494,536571904,6,0.0546875,digital_music,4,null,digital_music,als,quota_mmr,4
rerank,als,0.5306516999989981,0.53125,0.53125,0.0,1.0011274815495796,536571904,1,0.53125,digital_music,4,null,digital_music,als,quota_mmr,4
